Major Category,Specific Category,Product ID,SKU ID,Product Brand,Product Desc,Product URL,Product Image Link,Product Ingredients,Rating,User Reviews
Skincare,Serums,'7628061868204,'42571100422316,Violette FR,Boum Boum Milk Moisturising Spray Cream,https://ohmycream.co.uk/collections/skincare-serums/products/violette-fr-boum-boum-milk-moisturising-spray-cream?variant=42571100422316,https://cdn.shopify.com/s/files/1/0555/4071/1596/files/Boum-BoumMilk_100ml_Violette.jpg?v=1687537021,"Complete list of ingredients

eau (aqua)(eua), sève de betula pendula (bouleau), glycérine, pentylène glycol, triglycéride caprylique/caprique, huile de graines d'helianthus annuus (tournesol), squalane, extrait de graines d'aesculus hippocastanum (marron d'inde), extrait d'arthrospira platensis, extrait de feuilles de camélia sinensis, extrait de feuilles d'olea europaea (olive), extrait de fleurs de calendula officinalis, gomme de guar (cyamopsis tetragonoloba), phosphate de cététh-20, alcool cétéarylique, phosphate de dicétyle, tocopherol, acide lévulinique, hydroxyde de sodium, lévulinate de sodium, gomme de xanthan, alcool benzylique, acide déhydroacétique, acide citrique

this list of ingredients is subject to change; please refer to the packaging of the purchased product.",'4.5,36
Skincare,Serums,'7628061868204,'42571100455084,Violette FR,Boum Boum Milk Moisturising Spray Cream,https://ohmycream.co.uk/collections/skincare-serums/products/violette-fr-boum-boum-milk-moisturising-spray-cream?variant=42571100455084,https://cdn.shopify.com/s/files/1/0555/4071/1596/files/Boum-BoumMilk_50ml_Violette.jpg?v=1687537021,"Complete list of ingredients

eau (aqua)(eua), sève de betula pendula (bouleau), glycérine, pentylène glycol, triglycéride caprylique/caprique, huile de graines d'helianthus annuus (tournesol), squalane, extrait de graines d'aesculus hippocastanum (marron d'inde), extrait d'arthrospira platensis, extrait de feuilles de camélia sinensis, extrait de feuilles d'olea europaea (olive), extrait de fleurs de calendula officinalis, gomme de guar (cyamopsis tetragonoloba), phosphate de cététh-20, alcool cétéarylique, phosphate de dicétyle, tocopherol, acide lévulinique, hydroxyde de sodium, lévulinate de sodium, gomme de xanthan, alcool benzylique, acide déhydroacétique, acide citrique

this list of ingredients is subject to change; please refer to the packaging of the purchased product.",'4.5,36
Skincare,Serums,'7628061868204,'42571100487852,Violette FR,Boum Boum Milk Moisturising Spray Cream,https://ohmycream.co.uk/collections/skincare-serums/products/violette-fr-boum-boum-milk-moisturising-spray-cream?variant=42571100487852,https://cdn.shopify.com/s/files/1/0555/4071/1596/files/Boum-BoumMilk_200ml_Violette.jpg?v=1688991509,"Complete list of ingredients

eau (aqua)(eua), sève de betula pendula (bouleau), glycérine, pentylène glycol, triglycéride caprylique/caprique, huile de graines d'helianthus annuus (tournesol), squalane, extrait de graines d'aesculus hippocastanum (marron d'inde), extrait d'arthrospira platensis, extrait de feuilles de camélia sinensis, extrait de feuilles d'olea europaea (olive), extrait de fleurs de calendula officinalis, gomme de guar (cyamopsis tetragonoloba), phosphate de cététh-20, alcool cétéarylique, phosphate de dicétyle, tocopherol, acide lévulinique, hydroxyde de sodium, lévulinate de sodium, gomme de xanthan, alcool benzylique, acide déhydroacétique, acide citrique

this list of ingredients is subject to change; please refer to the packaging of the purchased product.",'4.5,36
Skincare,Serums,'15195082162556,'55123901120892,Naturisimo,The Glowing Skin Starter Kit,https://ohmycream.co.uk/collections/skincare-serums/products/glowing-skin-starter-kit?variant=55123901120892,https://cdn.shopify.com/s/files/1/0555/4071/1596/files/TheGlowingSkinStarterKit1.jpg?v=1745580708,"Complete list of ingredients

indie lee brightening cleanser water (aqua/eau), decyl glucoside (veg. oils & sugar), disodium coco-glucoside citrate, coco glucoside (coconut and sunflower oil), glyceryl oleate, hydrolyzed wheat protein, xanthan gum, fragaria chiloensis (strawberry) seed oil, lycopene (tomato), propanediol, ethylhexylglycerin, potassium sorbate

oskia super c x super r capsules super c: simmondsia chinensis (jojoba) seed oil, octyldodecanol (natural fatty acid emollient), prunus amygdalus dulcis (sweet almond) oil, tocopheryl (vitamin e) acetate, ascorbyl (vitamin c) tetraisopalmitate, solanum lycopersicum (tomato) fruit extract, tocotrienols (vitamin e), phytosterols, tocopherol (vitamin e), squalane (plant source), squalene (plant source), elaeis guineensis oil, parfum (nature identical fragrance), limonene*, linalool*

super r: c13-15 alkane, dimethyl isosorbide, sorbitan isostearate, octyldodecanol, ascorbyl (vitamin c) tetraisopalmitate, echium plantagineum seed oil, curcuma longa (turmeric) root extract, alaria esculenta extract, ubiquinone (coenzyme q10), 7-dehydrocholesterol (provitamin d3), tocopherol (vitamin e), caprylic/capric triglyceride, hydroxypinacolone retinoate, coco glucoside, rosmarinus officinalis (rosemary) leaf extract, cardiospermum halicacabum flower/leaf/vine extract, helianthus annuus (sunflower) seed oil unsaponifiables, helianthus annuus (sunflower) seed oil, olus oil (vegetable oil), lecithin, glycerin, water, sodium benzoate, rosa damascena extract.

*natural components of essential oil. capsules are vegan and bio-degradable.

trilogy vitamin c brightening eye serum aqua (water), coco-caprylate, glycerin, ascorbyl glucoside, hamamelis virginiana (witch hazel) water, microcrystalline cellulose, candelilla/jojoba/rice bran polyglyceryl-3 esters, glyceryl stearate, caprylic/capric triglyceride, cetyl alcohol, methylpropanediol, sambucus nigra (elderberry) flower extract, hyaluronic acid, silanetriol, sodium hyaluronate crosspolymer, caffeine, squalane mica, titanium dioxide (ci 77891), tocopherol (vitamin e), aloe barbadensis (aloe vera) leaf juice powder,citrus aurantium dulcis (orange sweet) peel oil, citrus nobilis (mandarin red) peel oil, lavandula angustifolia (lavender) flower oil, litsea cubeba (may chang) fruit oil, cananga odorata (ylang ylang) flower oil, cellulose gum, xanthan gum, helianthus annuus (sunflower) seed oil, cetearyl alcohol, sodium stearoyl lactylate, propanediol, ethylhexyl stearate, polyglyceryl-4 diisostearate/polyhydroxystearate/sebacate, sodium isostearate, alcohol, citric acid, sodium hydroxide, dehydroacetic acid, benzyl alcohol, limonene, linalool, citral, benzyl benzoate, geraniol.

trilogy vital moisturiser aqua, glycerin, prunus amygdalus dulcis (sweet almond) oil, glyceryl stearate se, oenothera biennis (evening primrose) oilsimmondsia chinensis (jojoba) seed oil, rosa canina seed oil, cetearyl wheat straw glycosides, cetearyl alcohol, sclerocarya birrea seed oil, aloe barbadensis leaf extract, sodium stearoyl glutamate, chamomilla recutita (matricaria) flower extract, solanum lycopersicum (tomato) seed oil, vaccinium macrocarpon (cranberry) seed oil, lycopene, euterpe oleracea fruit oil, avena sativa (oat) kernel extract, daucus carota sativa (carrot) seed oil, helianthus annuus (sunflower) seed oil, tocopheryl acetate, citrus aurantium amara (bitter orange) flower oil, rosmarinus officinalis (rosemary) leaf extract, caprylic/capric triglyceride, tocopherol, citric acid, parfum, benzyl alcohol**, dehydroacetic acid**, citral*, geraniol*, citronellol*, limonene*, linalool* *components of natural essential oils **preserved with dehydroacetic acid (and) benzyl alcohol

evolve bio-retinol gold mask helianthus annuus (sunflower) seed oil*, glycerin**, kaolin, prunus amygdalus dulcis (sweet almond) oil*, argania spinosa (argan) kernel oil*, mica, titanium dioxide (ci77891), silica, iron oxide (ci77491), sucrose laurate, rosa canina (rosehip) fruit oil*, parfum (naturally derived fragrance), bidens pilosa extract, astrocaryum murumuru seed butter, gossypium herbaceum (cotton) seed oil, linum usitatissimum (linseed) seed oil, citrus aurantium dulcis (orange) fruit water*, vanilla planifolia fruit oil, tocopherol, sucrose stearate, sucrose palmitate, tin oxide. *ingredients from organic farming **made using organic ingredients

this list of ingredients is subject to change; please refer to the packaging of the purchased product.",'4.9,209
Skincare,Serums,'15195112276348,'55123928973692,Naturisimo,The Menopause Relief Kit,https://ohmycream.co.uk/collections/skincare-serums/products/menopause-relief-kit?variant=55123928973692,https://cdn.shopify.com/s/files/1/0555/4071/1596/files/TheMenopauseReliefStarterKit1.jpg?v=1745580558,"Complete list of ingredients

wild nutrition food-grown® perimenopause complex shatavari powder, brown rice flour, vegetable cellulose (capsule shell), purified seawater (providing magnesium), n-acetyl l-cysteine vegan, vitamin and mineral enhanced yeast providing; iron, vitamin b6 and molybdenum, saffron extract (safr’inside™), lactobacillus bulgaricus combined with pantothenic acid.

wild nutrition food-grown® menopause complex purified seawater (providing magnesium), vegetable cellulose (capsule shell), ashwagandha powder, dong quai powder, milk thistle powder, alfalfa powder, green tea powder and turmeric root powder.

evolve hydrate and protect moisturiser aqua (water), glycerin, squalane, cetearyl olivate, helianthus annuus (sunflower seed oil), sorbitan olivate, gluconolactone, hedychium coronarium root extract, bentonite, aloe barbadensis leaf juice powder*, sodium hyaluronate, microcrystalline cellulose, sodium stearoyl glutamate , parfum (natural origin fragrance), brassica campestris (rapeseed) seed oil*, polygonum tinctorium leaf extract, xanthan gum, rosmarinus officinalis leaf extract*, phytic acid, tocopherol, sodium benzoate, gum cellulose, calcium gluconate, limonene.

innersense i create volume water/aqua/eau, aloe barbadensis gel*, hydroxyethylcellulose, maltodextrin copolymer, potassium hydroxide, gluconolactone, sodium benzoate, calcium gluconate, alkyl acrylate crosspolymer, citrus aurantium dulcis peel oil, caprylic/capric triglyceride, potassium sorbate, sodium phytate, glycerin*, chamomilla recutita (matricaria) flower extract*, eucalyptus globulus leaf extract*, ginkgo biloba leaf extract*, aspalathus linearis leaf extract*, honey extract*, limonene†. *certified organic a natural component of essential oils

odylique creamy coconut cleanser aqua, cocos nucifera oil*, olea europaea fruit oil*, rosa centifolia flower water*, glycerine**, cetearyl alcohol, cetearyl glucoside, rosmarinus officinalis leaf extract*, citrus limon peel oil*, eucalyptus globulus leaf oil*, salvia sclarea oil*, lactic acid, sodium anisate, sodium levulinate, sodium lauroyl lactylate, xanthan gum, limonene* (in the lemon oil) plain english: coconut oil*, extra virgin olive oil*, rose flower water*, non-palm plant glycerine**, rosemary extract*, essential oils of clary sage*, eucalyptus* and lemon*, plant origin moisturisers & emulsifiers

* organically grown & produced ** organic origin (total 87%)

antipodes divine face oil persea americana (avocado pear) oil*, simmondsia chinensis (jojoba) seed oil*, macadamia integrifolia (macadamia) nut oil*, rosa rubiginosa (rosehip) seed oil*, tocopherol (vitamin e), helianthus annuus (sunflower) seed oil. fragrance of sweet orange, ylang ylang and jasmine: benzyl alcohol, benzyl benzoate, benzyl salicylate, citral, citronellol, d-limonene, eugenol, farnesol, geraniol, isoeugenol, linalool.

neal's yard women's balance remedies to roll helianthus annuus (sunflower) seed oil, copaifera officinalis (balsam copaiba) resin*, pogostemon cablin leaf oil*, pelargonium graveolens flower oil*, citrus sinensis peel oil expressed*, rosa damascena extract, tocopherol, boswellia sacra resin oil*, citrus aurantium bergamia (bergamot) peel oil*, thymus mastichina flower oil*, salvia sclarea (clary) oil*, limonene, linalool, citronellol, geraniol, citral, eugenol, farnesol. *organic. from essential oils. of total 100% natural origin, 98.0% organic

this list of ingredients is subject to change; please refer to the packaging of the purchased product.",'5.0,27
Skincare,Serums,'15176717107580,'55105424130428,Evolve Organic Beauty,Hyaluronic Serum 200,https://ohmycream.co.uk/collections/skincare-serums/products/evolve-hyaluronic-serum-200?variant=55105424130428,https://cdn.shopify.com/s/files/1/0555/4071/1596/files/202503_Evolve_Hyaluronic_Serum_200_Packshot.png?v=1744902479,"Complete list of ingredients

aqua (water), aloe barbadensis leaf juice*, rosa damascena flower water*, glycerin**, pentylene glycol (from sugar cane), sodium hyaluronate, punica granatum (pomegranate) fruit extract*, cellulose gum, algin, phytic acid, citric acid. *ingredients from organic farming **made using organic ingredients

this list of ingredients is subject to change; please refer to the packaging of the purchased product.",'4.7,146
Skincare,Serums,'15162350240124,'55087091614076,Madara,H2O Tint Hyaluron Tinted Serum,https://ohmycream.co.uk/collections/skincare-serums/products/madara-h2o-tint-hyaluron-tinted-serum?variant=55087091614076,https://cdn.shopify.com/s/files/1/0555/4071/1596/files/H2oTintHyaluronTintedSerum-MayFlower_Madara.jpg?v=1751467551,"Complete list of ingredients

#1 may flower aloe barbadensis (aloe) leaf juice; dicaprylyl carbonate; simmondsia chinensis (jojoba) seed oil; lauroyl lysine; glycerin; pentylene glycol; sodium pca; polyglyceryl-6 stearate; aqua; silica; xylitylglucoside; lactic acid; anhydroxylitol; polyglyceryl-6 behenate; hydrolyzed rhodophyceae extract; xylitol; squalane; xanthan gum; pullulan; aroma; octyldodecanol; ascorbyl palmitate; tocopherol; irvingia gabonensis kernel butter; sorbitol; hydrolyzed hyaluronic acid; sodium hyaluronate; sodium phytate; hydrogenated coco-glycerides; spirodela polyrhiza extract; acacia senegal gum; trehalose; oryza sativa (rice) bran oil; vegetable oil; helianthus annuus (sunflower) seed wax; oryza sativa (rice) bran wax; rhus succedanea fruit wax; citronellol; limonene; linalool; terpineol; linalyl acetate; mica (ci 77019); ci 77861 (tin oxide); ci 77891 (titanium dioxide) ; ci 77163 (bismuth chloride oxide); ci 77491 (iron oxides); ci 77492 (iron oxides); ci 77499 (iron oxides)

#2 moon flower aloe barbadensis (aloe) leaf juice; dicaprylyl carbonate; simmondsia chinensis (jojoba) seed oil; lauroyl lysine; glycerin; pentylene glycol; sodium pca; polyglyceryl-6 stearate; aqua; silica; xylitylglucoside; lactic acid; anhydroxylitol; polyglyceryl-6 behenate; hydrolyzed rhodophyceae extract; xylitol; squalane; xanthan gum; pullulan; aroma; octyldodecanol; ascorbyl palmitate; tocopherol; irvingia gabonensis kernel butter; sorbitol; hydrolyzed hyaluronic acid; sodium hyaluronate; sodium phytate; hydrogenated coco-glycerides; spirodela polyrhiza extract; acacia senegal gum; trehalose; oryza sativa (rice) bran oil; vegetable oil; helianthus annuus (sunflower) seed wax; oryza sativa (rice) bran wax; rhus succedanea fruit wax; citronellol; limonene; linalool; terpineol; linalyl acetate; mica (ci 77019); ci 77861 (tin oxide); ci 77891 (titanium dioxide) ; ci 77163 (bismuth chloride oxide); ci 77491 (iron oxides); ci 77492 (iron oxides); ci 77499 (iron oxides)

#3 sun flower aloe barbadensis (aloe) leaf juice; dicaprylyl carbonate; simmondsia chinensis (jojoba) seed oil; lauroyl lysine; glycerin; pentylene glycol; sodium pca; polyglyceryl-6 stearate; aqua; silica; xylitylglucoside; lactic acid; anhydroxylitol; polyglyceryl-6 behenate; hydrolyzed rhodophyceae extract; xylitol; squalane; xanthan gum; pullulan; aroma; octyldodecanol; ascorbyl palmitate; tocopherol; irvingia gabonensis kernel butter; sorbitol; hydrolyzed hyaluronic acid; sodium hyaluronate; sodium phytate; hydrogenated coco-glycerides; spirodela polyrhiza extract; acacia senegal gum; trehalose; oryza sativa (rice) bran oil; vegetable oil; helianthus annuus (sunflower) seed wax; oryza sativa (rice) bran wax; rhus succedanea fruit wax; citronellol; limonene; linalool; terpineol; linalyl acetate; mica (ci 77019); ci 77861 (tin oxide); ci 77891 (titanium dioxide) ; ci 77163 (bismuth chloride oxide); ci 77491 (iron oxides); ci 77492 (iron oxides); ci 77499 (iron oxides)r

#4 wild flower aloe barbadensis (aloe) leaf juice; dicaprylyl carbonate; simmondsia chinensis (jojoba) seed oil; lauroyl lysine; glycerin; pentylene glycol; sodium pca; polyglyceryl-6 stearate; aqua; silica; xylitylglucoside; lactic acid; anhydroxylitol; polyglyceryl-6 behenate; hydrolyzed rhodophyceae extract; xylitol; squalane; xanthan gum; pullulan; aroma; octyldodecanol; ascorbyl palmitate; tocopherol; irvingia gabonensis kernel butter; sorbitol; hydrolyzed hyaluronic acid; sodium hyaluronate; sodium phytate; hydrogenated coco-glycerides; spirodela polyrhiza extract; acacia senegal gum; trehalose; oryza sativa (rice) bran oil; vegetable oil; helianthus annuus (sunflower) seed wax; oryza sativa (rice) bran wax; rhus succedanea fruit wax; citronellol; limonene; linalool; terpineol; linalyl acetate; mica (ci 77019); ci 77861 (tin oxide); ci 77891 (titanium dioxide) ; ci 77163 (bismuth chloride oxide); ci 77491 (iron oxides); ci 77492 (iron oxides); ci 77499 (iron oxides)

#5 dream flower aloe barbadensis (aloe) leaf juice; dicaprylyl carbonate; simmondsia chinensis (jojoba) seed oil; lauroyl lysine; glycerin; pentylene glycol; sodium pca; polyglyceryl-6 stearate; aqua; silica; xylitylglucoside; lactic acid; anhydroxylitol; polyglyceryl-6 behenate; hydrolyzed rhodophyceae extract; xylitol; squalane; xanthan gum; pullulan; aroma; octyldodecanol; ascorbyl palmitate; tocopherol; irvingia gabonensis kernel butter; sorbitol; hydrolyzed hyaluronic acid; sodium hyaluronate; sodium phytate; hydrogenated coco-glycerides; spirodela polyrhiza extract; acacia senegal gum; trehalose; oryza sativa (rice) bran oil; vegetable oil; helianthus annuus (sunflower) seed wax; oryza sativa (rice) bran wax; rhus succedanea fruit wax; citronellol; limonene; linalool; terpineol; linalyl acetate; mica (ci 77019); ci 77861 (tin oxide); ci 77891 (titanium dioxide) ; ci 77163 (bismuth chloride oxide); ci 77491 (iron oxides); ci 77492 (iron oxides); ci 77499 (iron oxides)

this list of ingredients is subject to change; please refer to the packaging of the purchased product.",'3.5,2
Skincare,Serums,'15162350240124,'55087091646844,Madara,H2O Tint Hyaluron Tinted Serum,https://ohmycream.co.uk/collections/skincare-serums/products/madara-h2o-tint-hyaluron-tinted-serum?variant=55087091646844,https://cdn.shopify.com/s/files/1/0555/4071/1596/files/H2o_Tint_Hyaluron_Tinted_Serum_Moon_Flower_Madara_Packshot_1.jpg?v=1751467551,"Complete list of ingredients

#1 may flower aloe barbadensis (aloe) leaf juice; dicaprylyl carbonate; simmondsia chinensis (jojoba) seed oil; lauroyl lysine; glycerin; pentylene glycol; sodium pca; polyglyceryl-6 stearate; aqua; silica; xylitylglucoside; lactic acid; anhydroxylitol; polyglyceryl-6 behenate; hydrolyzed rhodophyceae extract; xylitol; squalane; xanthan gum; pullulan; aroma; octyldodecanol; ascorbyl palmitate; tocopherol; irvingia gabonensis kernel butter; sorbitol; hydrolyzed hyaluronic acid; sodium hyaluronate; sodium phytate; hydrogenated coco-glycerides; spirodela polyrhiza extract; acacia senegal gum; trehalose; oryza sativa (rice) bran oil; vegetable oil; helianthus annuus (sunflower) seed wax; oryza sativa (rice) bran wax; rhus succedanea fruit wax; citronellol; limonene; linalool; terpineol; linalyl acetate; mica (ci 77019); ci 77861 (tin oxide); ci 77891 (titanium dioxide) ; ci 77163 (bismuth chloride oxide); ci 77491 (iron oxides); ci 77492 (iron oxides); ci 77499 (iron oxides)

#2 moon flower aloe barbadensis (aloe) leaf juice; dicaprylyl carbonate; simmondsia chinensis (jojoba) seed oil; lauroyl lysine; glycerin; pentylene glycol; sodium pca; polyglyceryl-6 stearate; aqua; silica; xylitylglucoside; lactic acid; anhydroxylitol; polyglyceryl-6 behenate; hydrolyzed rhodophyceae extract; xylitol; squalane; xanthan gum; pullulan; aroma; octyldodecanol; ascorbyl palmitate; tocopherol; irvingia gabonensis kernel butter; sorbitol; hydrolyzed hyaluronic acid; sodium hyaluronate; sodium phytate; hydrogenated coco-glycerides; spirodela polyrhiza extract; acacia senegal gum; trehalose; oryza sativa (rice) bran oil; vegetable oil; helianthus annuus (sunflower) seed wax; oryza sativa (rice) bran wax; rhus succedanea fruit wax; citronellol; limonene; linalool; terpineol; linalyl acetate; mica (ci 77019); ci 77861 (tin oxide); ci 77891 (titanium dioxide) ; ci 77163 (bismuth chloride oxide); ci 77491 (iron oxides); ci 77492 (iron oxides); ci 77499 (iron oxides)

#3 sun flower aloe barbadensis (aloe) leaf juice; dicaprylyl carbonate; simmondsia chinensis (jojoba) seed oil; lauroyl lysine; glycerin; pentylene glycol; sodium pca; polyglyceryl-6 stearate; aqua; silica; xylitylglucoside; lactic acid; anhydroxylitol; polyglyceryl-6 behenate; hydrolyzed rhodophyceae extract; xylitol; squalane; xanthan gum; pullulan; aroma; octyldodecanol; ascorbyl palmitate; tocopherol; irvingia gabonensis kernel butter; sorbitol; hydrolyzed hyaluronic acid; sodium hyaluronate; sodium phytate; hydrogenated coco-glycerides; spirodela polyrhiza extract; acacia senegal gum; trehalose; oryza sativa (rice) bran oil; vegetable oil; helianthus annuus (sunflower) seed wax; oryza sativa (rice) bran wax; rhus succedanea fruit wax; citronellol; limonene; linalool; terpineol; linalyl acetate; mica (ci 77019); ci 77861 (tin oxide); ci 77891 (titanium dioxide) ; ci 77163 (bismuth chloride oxide); ci 77491 (iron oxides); ci 77492 (iron oxides); ci 77499 (iron oxides)r

#4 wild flower aloe barbadensis (aloe) leaf juice; dicaprylyl carbonate; simmondsia chinensis (jojoba) seed oil; lauroyl lysine; glycerin; pentylene glycol; sodium pca; polyglyceryl-6 stearate; aqua; silica; xylitylglucoside; lactic acid; anhydroxylitol; polyglyceryl-6 behenate; hydrolyzed rhodophyceae extract; xylitol; squalane; xanthan gum; pullulan; aroma; octyldodecanol; ascorbyl palmitate; tocopherol; irvingia gabonensis kernel butter; sorbitol; hydrolyzed hyaluronic acid; sodium hyaluronate; sodium phytate; hydrogenated coco-glycerides; spirodela polyrhiza extract; acacia senegal gum; trehalose; oryza sativa (rice) bran oil; vegetable oil; helianthus annuus (sunflower) seed wax; oryza sativa (rice) bran wax; rhus succedanea fruit wax; citronellol; limonene; linalool; terpineol; linalyl acetate; mica (ci 77019); ci 77861 (tin oxide); ci 77891 (titanium dioxide) ; ci 77163 (bismuth chloride oxide); ci 77491 (iron oxides); ci 77492 (iron oxides); ci 77499 (iron oxides)

#5 dream flower aloe barbadensis (aloe) leaf juice; dicaprylyl carbonate; simmondsia chinensis (jojoba) seed oil; lauroyl lysine; glycerin; pentylene glycol; sodium pca; polyglyceryl-6 stearate; aqua; silica; xylitylglucoside; lactic acid; anhydroxylitol; polyglyceryl-6 behenate; hydrolyzed rhodophyceae extract; xylitol; squalane; xanthan gum; pullulan; aroma; octyldodecanol; ascorbyl palmitate; tocopherol; irvingia gabonensis kernel butter; sorbitol; hydrolyzed hyaluronic acid; sodium hyaluronate; sodium phytate; hydrogenated coco-glycerides; spirodela polyrhiza extract; acacia senegal gum; trehalose; oryza sativa (rice) bran oil; vegetable oil; helianthus annuus (sunflower) seed wax; oryza sativa (rice) bran wax; rhus succedanea fruit wax; citronellol; limonene; linalool; terpineol; linalyl acetate; mica (ci 77019); ci 77861 (tin oxide); ci 77891 (titanium dioxide) ; ci 77163 (bismuth chloride oxide); ci 77491 (iron oxides); ci 77492 (iron oxides); ci 77499 (iron oxides)

this list of ingredients is subject to change; please refer to the packaging of the purchased product.",'3.5,2
Skincare,Serums,'15162350240124,'55087091679612,Madara,H2O Tint Hyaluron Tinted Serum,https://ohmycream.co.uk/collections/skincare-serums/products/madara-h2o-tint-hyaluron-tinted-serum?variant=55087091679612,https://cdn.shopify.com/s/files/1/0555/4071/1596/files/H2oTintHyaluronTintedSerum-SunFlower_Madara.jpg?v=1751467551,"Complete list of ingredients

#1 may flower aloe barbadensis (aloe) leaf juice; dicaprylyl carbonate; simmondsia chinensis (jojoba) seed oil; lauroyl lysine; glycerin; pentylene glycol; sodium pca; polyglyceryl-6 stearate; aqua; silica; xylitylglucoside; lactic acid; anhydroxylitol; polyglyceryl-6 behenate; hydrolyzed rhodophyceae extract; xylitol; squalane; xanthan gum; pullulan; aroma; octyldodecanol; ascorbyl palmitate; tocopherol; irvingia gabonensis kernel butter; sorbitol; hydrolyzed hyaluronic acid; sodium hyaluronate; sodium phytate; hydrogenated coco-glycerides; spirodela polyrhiza extract; acacia senegal gum; trehalose; oryza sativa (rice) bran oil; vegetable oil; helianthus annuus (sunflower) seed wax; oryza sativa (rice) bran wax; rhus succedanea fruit wax; citronellol; limonene; linalool; terpineol; linalyl acetate; mica (ci 77019); ci 77861 (tin oxide); ci 77891 (titanium dioxide) ; ci 77163 (bismuth chloride oxide); ci 77491 (iron oxides); ci 77492 (iron oxides); ci 77499 (iron oxides)

#2 moon flower aloe barbadensis (aloe) leaf juice; dicaprylyl carbonate; simmondsia chinensis (jojoba) seed oil; lauroyl lysine; glycerin; pentylene glycol; sodium pca; polyglyceryl-6 stearate; aqua; silica; xylitylglucoside; lactic acid; anhydroxylitol; polyglyceryl-6 behenate; hydrolyzed rhodophyceae extract; xylitol; squalane; xanthan gum; pullulan; aroma; octyldodecanol; ascorbyl palmitate; tocopherol; irvingia gabonensis kernel butter; sorbitol; hydrolyzed hyaluronic acid; sodium hyaluronate; sodium phytate; hydrogenated coco-glycerides; spirodela polyrhiza extract; acacia senegal gum; trehalose; oryza sativa (rice) bran oil; vegetable oil; helianthus annuus (sunflower) seed wax; oryza sativa (rice) bran wax; rhus succedanea fruit wax; citronellol; limonene; linalool; terpineol; linalyl acetate; mica (ci 77019); ci 77861 (tin oxide); ci 77891 (titanium dioxide) ; ci 77163 (bismuth chloride oxide); ci 77491 (iron oxides); ci 77492 (iron oxides); ci 77499 (iron oxides)

#3 sun flower aloe barbadensis (aloe) leaf juice; dicaprylyl carbonate; simmondsia chinensis (jojoba) seed oil; lauroyl lysine; glycerin; pentylene glycol; sodium pca; polyglyceryl-6 stearate; aqua; silica; xylitylglucoside; lactic acid; anhydroxylitol; polyglyceryl-6 behenate; hydrolyzed rhodophyceae extract; xylitol; squalane; xanthan gum; pullulan; aroma; octyldodecanol; ascorbyl palmitate; tocopherol; irvingia gabonensis kernel butter; sorbitol; hydrolyzed hyaluronic acid; sodium hyaluronate; sodium phytate; hydrogenated coco-glycerides; spirodela polyrhiza extract; acacia senegal gum; trehalose; oryza sativa (rice) bran oil; vegetable oil; helianthus annuus (sunflower) seed wax; oryza sativa (rice) bran wax; rhus succedanea fruit wax; citronellol; limonene; linalool; terpineol; linalyl acetate; mica (ci 77019); ci 77861 (tin oxide); ci 77891 (titanium dioxide) ; ci 77163 (bismuth chloride oxide); ci 77491 (iron oxides); ci 77492 (iron oxides); ci 77499 (iron oxides)r

#4 wild flower aloe barbadensis (aloe) leaf juice; dicaprylyl carbonate; simmondsia chinensis (jojoba) seed oil; lauroyl lysine; glycerin; pentylene glycol; sodium pca; polyglyceryl-6 stearate; aqua; silica; xylitylglucoside; lactic acid; anhydroxylitol; polyglyceryl-6 behenate; hydrolyzed rhodophyceae extract; xylitol; squalane; xanthan gum; pullulan; aroma; octyldodecanol; ascorbyl palmitate; tocopherol; irvingia gabonensis kernel butter; sorbitol; hydrolyzed hyaluronic acid; sodium hyaluronate; sodium phytate; hydrogenated coco-glycerides; spirodela polyrhiza extract; acacia senegal gum; trehalose; oryza sativa (rice) bran oil; vegetable oil; helianthus annuus (sunflower) seed wax; oryza sativa (rice) bran wax; rhus succedanea fruit wax; citronellol; limonene; linalool; terpineol; linalyl acetate; mica (ci 77019); ci 77861 (tin oxide); ci 77891 (titanium dioxide) ; ci 77163 (bismuth chloride oxide); ci 77491 (iron oxides); ci 77492 (iron oxides); ci 77499 (iron oxides)

#5 dream flower aloe barbadensis (aloe) leaf juice; dicaprylyl carbonate; simmondsia chinensis (jojoba) seed oil; lauroyl lysine; glycerin; pentylene glycol; sodium pca; polyglyceryl-6 stearate; aqua; silica; xylitylglucoside; lactic acid; anhydroxylitol; polyglyceryl-6 behenate; hydrolyzed rhodophyceae extract; xylitol; squalane; xanthan gum; pullulan; aroma; octyldodecanol; ascorbyl palmitate; tocopherol; irvingia gabonensis kernel butter; sorbitol; hydrolyzed hyaluronic acid; sodium hyaluronate; sodium phytate; hydrogenated coco-glycerides; spirodela polyrhiza extract; acacia senegal gum; trehalose; oryza sativa (rice) bran oil; vegetable oil; helianthus annuus (sunflower) seed wax; oryza sativa (rice) bran wax; rhus succedanea fruit wax; citronellol; limonene; linalool; terpineol; linalyl acetate; mica (ci 77019); ci 77861 (tin oxide); ci 77891 (titanium dioxide) ; ci 77163 (bismuth chloride oxide); ci 77491 (iron oxides); ci 77492 (iron oxides); ci 77499 (iron oxides)

this list of ingredients is subject to change; please refer to the packaging of the purchased product.",'3.5,2
Skincare,Serums,'15162350240124,'55087091712380,Madara,H2O Tint Hyaluron Tinted Serum,https://ohmycream.co.uk/collections/skincare-serums/products/madara-h2o-tint-hyaluron-tinted-serum?variant=55087091712380,https://cdn.shopify.com/s/files/1/0555/4071/1596/files/H2o_Tint_Hyaluron_Tinted_Serum_-_Wild_Flower_Madara.jpg?v=1751467551,"Complete list of ingredients

#1 may flower aloe barbadensis (aloe) leaf juice; dicaprylyl carbonate; simmondsia chinensis (jojoba) seed oil; lauroyl lysine; glycerin; pentylene glycol; sodium pca; polyglyceryl-6 stearate; aqua; silica; xylitylglucoside; lactic acid; anhydroxylitol; polyglyceryl-6 behenate; hydrolyzed rhodophyceae extract; xylitol; squalane; xanthan gum; pullulan; aroma; octyldodecanol; ascorbyl palmitate; tocopherol; irvingia gabonensis kernel butter; sorbitol; hydrolyzed hyaluronic acid; sodium hyaluronate; sodium phytate; hydrogenated coco-glycerides; spirodela polyrhiza extract; acacia senegal gum; trehalose; oryza sativa (rice) bran oil; vegetable oil; helianthus annuus (sunflower) seed wax; oryza sativa (rice) bran wax; rhus succedanea fruit wax; citronellol; limonene; linalool; terpineol; linalyl acetate; mica (ci 77019); ci 77861 (tin oxide); ci 77891 (titanium dioxide) ; ci 77163 (bismuth chloride oxide); ci 77491 (iron oxides); ci 77492 (iron oxides); ci 77499 (iron oxides)

#2 moon flower aloe barbadensis (aloe) leaf juice; dicaprylyl carbonate; simmondsia chinensis (jojoba) seed oil; lauroyl lysine; glycerin; pentylene glycol; sodium pca; polyglyceryl-6 stearate; aqua; silica; xylitylglucoside; lactic acid; anhydroxylitol; polyglyceryl-6 behenate; hydrolyzed rhodophyceae extract; xylitol; squalane; xanthan gum; pullulan; aroma; octyldodecanol; ascorbyl palmitate; tocopherol; irvingia gabonensis kernel butter; sorbitol; hydrolyzed hyaluronic acid; sodium hyaluronate; sodium phytate; hydrogenated coco-glycerides; spirodela polyrhiza extract; acacia senegal gum; trehalose; oryza sativa (rice) bran oil; vegetable oil; helianthus annuus (sunflower) seed wax; oryza sativa (rice) bran wax; rhus succedanea fruit wax; citronellol; limonene; linalool; terpineol; linalyl acetate; mica (ci 77019); ci 77861 (tin oxide); ci 77891 (titanium dioxide) ; ci 77163 (bismuth chloride oxide); ci 77491 (iron oxides); ci 77492 (iron oxides); ci 77499 (iron oxides)

#3 sun flower aloe barbadensis (aloe) leaf juice; dicaprylyl carbonate; simmondsia chinensis (jojoba) seed oil; lauroyl lysine; glycerin; pentylene glycol; sodium pca; polyglyceryl-6 stearate; aqua; silica; xylitylglucoside; lactic acid; anhydroxylitol; polyglyceryl-6 behenate; hydrolyzed rhodophyceae extract; xylitol; squalane; xanthan gum; pullulan; aroma; octyldodecanol; ascorbyl palmitate; tocopherol; irvingia gabonensis kernel butter; sorbitol; hydrolyzed hyaluronic acid; sodium hyaluronate; sodium phytate; hydrogenated coco-glycerides; spirodela polyrhiza extract; acacia senegal gum; trehalose; oryza sativa (rice) bran oil; vegetable oil; helianthus annuus (sunflower) seed wax; oryza sativa (rice) bran wax; rhus succedanea fruit wax; citronellol; limonene; linalool; terpineol; linalyl acetate; mica (ci 77019); ci 77861 (tin oxide); ci 77891 (titanium dioxide) ; ci 77163 (bismuth chloride oxide); ci 77491 (iron oxides); ci 77492 (iron oxides); ci 77499 (iron oxides)r

#4 wild flower aloe barbadensis (aloe) leaf juice; dicaprylyl carbonate; simmondsia chinensis (jojoba) seed oil; lauroyl lysine; glycerin; pentylene glycol; sodium pca; polyglyceryl-6 stearate; aqua; silica; xylitylglucoside; lactic acid; anhydroxylitol; polyglyceryl-6 behenate; hydrolyzed rhodophyceae extract; xylitol; squalane; xanthan gum; pullulan; aroma; octyldodecanol; ascorbyl palmitate; tocopherol; irvingia gabonensis kernel butter; sorbitol; hydrolyzed hyaluronic acid; sodium hyaluronate; sodium phytate; hydrogenated coco-glycerides; spirodela polyrhiza extract; acacia senegal gum; trehalose; oryza sativa (rice) bran oil; vegetable oil; helianthus annuus (sunflower) seed wax; oryza sativa (rice) bran wax; rhus succedanea fruit wax; citronellol; limonene; linalool; terpineol; linalyl acetate; mica (ci 77019); ci 77861 (tin oxide); ci 77891 (titanium dioxide) ; ci 77163 (bismuth chloride oxide); ci 77491 (iron oxides); ci 77492 (iron oxides); ci 77499 (iron oxides)

#5 dream flower aloe barbadensis (aloe) leaf juice; dicaprylyl carbonate; simmondsia chinensis (jojoba) seed oil; lauroyl lysine; glycerin; pentylene glycol; sodium pca; polyglyceryl-6 stearate; aqua; silica; xylitylglucoside; lactic acid; anhydroxylitol; polyglyceryl-6 behenate; hydrolyzed rhodophyceae extract; xylitol; squalane; xanthan gum; pullulan; aroma; octyldodecanol; ascorbyl palmitate; tocopherol; irvingia gabonensis kernel butter; sorbitol; hydrolyzed hyaluronic acid; sodium hyaluronate; sodium phytate; hydrogenated coco-glycerides; spirodela polyrhiza extract; acacia senegal gum; trehalose; oryza sativa (rice) bran oil; vegetable oil; helianthus annuus (sunflower) seed wax; oryza sativa (rice) bran wax; rhus succedanea fruit wax; citronellol; limonene; linalool; terpineol; linalyl acetate; mica (ci 77019); ci 77861 (tin oxide); ci 77891 (titanium dioxide) ; ci 77163 (bismuth chloride oxide); ci 77491 (iron oxides); ci 77492 (iron oxides); ci 77499 (iron oxides)

this list of ingredients is subject to change; please refer to the packaging of the purchased product.",'3.5,2
Skincare,Serums,'15162350240124,'55087091745148,Madara,H2O Tint Hyaluron Tinted Serum,https://ohmycream.co.uk/collections/skincare-serums/products/madara-h2o-tint-hyaluron-tinted-serum?variant=55087091745148,https://cdn.shopify.com/s/files/1/0555/4071/1596/files/H2oTintHyaluronTintedSerum-DreamFlower_Madara.jpg?v=1751467551,"Complete list of ingredients

#1 may flower aloe barbadensis (aloe) leaf juice; dicaprylyl carbonate; simmondsia chinensis (jojoba) seed oil; lauroyl lysine; glycerin; pentylene glycol; sodium pca; polyglyceryl-6 stearate; aqua; silica; xylitylglucoside; lactic acid; anhydroxylitol; polyglyceryl-6 behenate; hydrolyzed rhodophyceae extract; xylitol; squalane; xanthan gum; pullulan; aroma; octyldodecanol; ascorbyl palmitate; tocopherol; irvingia gabonensis kernel butter; sorbitol; hydrolyzed hyaluronic acid; sodium hyaluronate; sodium phytate; hydrogenated coco-glycerides; spirodela polyrhiza extract; acacia senegal gum; trehalose; oryza sativa (rice) bran oil; vegetable oil; helianthus annuus (sunflower) seed wax; oryza sativa (rice) bran wax; rhus succedanea fruit wax; citronellol; limonene; linalool; terpineol; linalyl acetate; mica (ci 77019); ci 77861 (tin oxide); ci 77891 (titanium dioxide) ; ci 77163 (bismuth chloride oxide); ci 77491 (iron oxides); ci 77492 (iron oxides); ci 77499 (iron oxides)

#2 moon flower aloe barbadensis (aloe) leaf juice; dicaprylyl carbonate; simmondsia chinensis (jojoba) seed oil; lauroyl lysine; glycerin; pentylene glycol; sodium pca; polyglyceryl-6 stearate; aqua; silica; xylitylglucoside; lactic acid; anhydroxylitol; polyglyceryl-6 behenate; hydrolyzed rhodophyceae extract; xylitol; squalane; xanthan gum; pullulan; aroma; octyldodecanol; ascorbyl palmitate; tocopherol; irvingia gabonensis kernel butter; sorbitol; hydrolyzed hyaluronic acid; sodium hyaluronate; sodium phytate; hydrogenated coco-glycerides; spirodela polyrhiza extract; acacia senegal gum; trehalose; oryza sativa (rice) bran oil; vegetable oil; helianthus annuus (sunflower) seed wax; oryza sativa (rice) bran wax; rhus succedanea fruit wax; citronellol; limonene; linalool; terpineol; linalyl acetate; mica (ci 77019); ci 77861 (tin oxide); ci 77891 (titanium dioxide) ; ci 77163 (bismuth chloride oxide); ci 77491 (iron oxides); ci 77492 (iron oxides); ci 77499 (iron oxides)

#3 sun flower aloe barbadensis (aloe) leaf juice; dicaprylyl carbonate; simmondsia chinensis (jojoba) seed oil; lauroyl lysine; glycerin; pentylene glycol; sodium pca; polyglyceryl-6 stearate; aqua; silica; xylitylglucoside; lactic acid; anhydroxylitol; polyglyceryl-6 behenate; hydrolyzed rhodophyceae extract; xylitol; squalane; xanthan gum; pullulan; aroma; octyldodecanol; ascorbyl palmitate; tocopherol; irvingia gabonensis kernel butter; sorbitol; hydrolyzed hyaluronic acid; sodium hyaluronate; sodium phytate; hydrogenated coco-glycerides; spirodela polyrhiza extract; acacia senegal gum; trehalose; oryza sativa (rice) bran oil; vegetable oil; helianthus annuus (sunflower) seed wax; oryza sativa (rice) bran wax; rhus succedanea fruit wax; citronellol; limonene; linalool; terpineol; linalyl acetate; mica (ci 77019); ci 77861 (tin oxide); ci 77891 (titanium dioxide) ; ci 77163 (bismuth chloride oxide); ci 77491 (iron oxides); ci 77492 (iron oxides); ci 77499 (iron oxides)r

#4 wild flower aloe barbadensis (aloe) leaf juice; dicaprylyl carbonate; simmondsia chinensis (jojoba) seed oil; lauroyl lysine; glycerin; pentylene glycol; sodium pca; polyglyceryl-6 stearate; aqua; silica; xylitylglucoside; lactic acid; anhydroxylitol; polyglyceryl-6 behenate; hydrolyzed rhodophyceae extract; xylitol; squalane; xanthan gum; pullulan; aroma; octyldodecanol; ascorbyl palmitate; tocopherol; irvingia gabonensis kernel butter; sorbitol; hydrolyzed hyaluronic acid; sodium hyaluronate; sodium phytate; hydrogenated coco-glycerides; spirodela polyrhiza extract; acacia senegal gum; trehalose; oryza sativa (rice) bran oil; vegetable oil; helianthus annuus (sunflower) seed wax; oryza sativa (rice) bran wax; rhus succedanea fruit wax; citronellol; limonene; linalool; terpineol; linalyl acetate; mica (ci 77019); ci 77861 (tin oxide); ci 77891 (titanium dioxide) ; ci 77163 (bismuth chloride oxide); ci 77491 (iron oxides); ci 77492 (iron oxides); ci 77499 (iron oxides)

#5 dream flower aloe barbadensis (aloe) leaf juice; dicaprylyl carbonate; simmondsia chinensis (jojoba) seed oil; lauroyl lysine; glycerin; pentylene glycol; sodium pca; polyglyceryl-6 stearate; aqua; silica; xylitylglucoside; lactic acid; anhydroxylitol; polyglyceryl-6 behenate; hydrolyzed rhodophyceae extract; xylitol; squalane; xanthan gum; pullulan; aroma; octyldodecanol; ascorbyl palmitate; tocopherol; irvingia gabonensis kernel butter; sorbitol; hydrolyzed hyaluronic acid; sodium hyaluronate; sodium phytate; hydrogenated coco-glycerides; spirodela polyrhiza extract; acacia senegal gum; trehalose; oryza sativa (rice) bran oil; vegetable oil; helianthus annuus (sunflower) seed wax; oryza sativa (rice) bran wax; rhus succedanea fruit wax; citronellol; limonene; linalool; terpineol; linalyl acetate; mica (ci 77019); ci 77861 (tin oxide); ci 77891 (titanium dioxide) ; ci 77163 (bismuth chloride oxide); ci 77491 (iron oxides); ci 77492 (iron oxides); ci 77499 (iron oxides)

this list of ingredients is subject to change; please refer to the packaging of the purchased product.",'3.5,2
Skincare,Serums,'15014917374332,'54925618119036,Innisfree,Green Tea Enzyme Vitamin C Brightening Serum,https://ohmycream.co.uk/collections/skincare-serums/products/innisfree-green-tea-enzyme-vitamin-c-brightening-serum?variant=54925618119036,https://cdn.shopify.com/s/files/1/0555/4071/1596/files/SerumEclatal_EnzymedeTheVertetalaVitamineC_Innisfree.jpg?v=1743167747,"Complete list of ingredients

water / aqua / eau, propanediol, 1,2-hexanediol, glycerin, 3-o-ethyl ascorbic acid, butylene glycol, lactobacillus ferment lysate, squalane, helianthus annuus (sunflower) seed oil, dextrin, acrylates/c10-30 alkyl acrylate crosspolymer, caprylic/capric triglyceride, tromethamine, xanthan gum, gluconolactone, citrus reticulata (tangerine) peel extract, panthenol, niacinamide, allantoin, daucus carota sativa (carrot) root extract, hyaluronic acid, pentylene glycol, sodium metaphosphate, silica dimethyl silylate, cyclodextrin, tocopherol, ethylhexylglycerin, madecassoside, hydrogenated poly(c6-20 olefin), protease, ascorbyl tetraisopalmitate, glutathione, achillea millefolium extract, hdi/trimethylol hexyllactone crosspolymer, beta-carotene, ferulic acid

this list of ingredients is subject to change; please refer to the packaging of the purchased product.",'5.0,1
Skincare,Serums,'15207458210172,'55201292845436,Oh My Cream Skincare,Hydrating Serum,https://ohmycream.co.uk/collections/skincare-serums/products/oh-my-cream-skincare-hydrating-serum?variant=55201292845436,https://cdn.shopify.com/s/files/1/0555/4071/1596/files/202504_Serum_Hydratant_OMC.jpg?v=1751643057,"Complete list of ingredients

aqua, aloe barbadensis leaf juice, cocos nucifera (coconut) oil, squalane, diglycerin, butyrospermum parkii (shea) butter, heliantus annuus (sunflower) seed oil, glycerin, glyceryl stearate citrate, propanediol, panthenol, 1,2-hexanediol, sodium hyaluronate, ficus carica (fig) fruit extract, sucrose stearate, carbomer, xanthan gum, sodium hydroxide, caprylhydroxamic acid, tocopherol, ceramide np, potassium sorbate, citric acid, sodium benzoate, polyglyceryl-10 stearate, glycine soja (soybean) oil, hydrogenated lecithin

* this formula is suitable for vegans

this list of ingredients is subject to change; please refer to the packaging of the purchased product.",'4.2,13
Skincare,Serums,'15207458210172,'55135894307196,Oh My Cream Skincare,Hydrating Serum,https://ohmycream.co.uk/collections/skincare-serums/products/oh-my-cream-skincare-hydrating-serum?variant=55135894307196,https://cdn.shopify.com/s/files/1/0555/4071/1596/files/3664529131859_OH_MY_CREAM_SKINCARE_SERUM-HYDRATANT_30ML.jpg?v=1751643057,"Complete list of ingredients

aqua, aloe barbadensis leaf juice, cocos nucifera (coconut) oil, squalane, diglycerin, butyrospermum parkii (shea) butter, heliantus annuus (sunflower) seed oil, glycerin, glyceryl stearate citrate, propanediol, panthenol, 1,2-hexanediol, sodium hyaluronate, ficus carica (fig) fruit extract, sucrose stearate, carbomer, xanthan gum, sodium hydroxide, caprylhydroxamic acid, tocopherol, ceramide np, potassium sorbate, citric acid, sodium benzoate, polyglyceryl-10 stearate, glycine soja (soybean) oil, hydrogenated lecithin

* this formula is suitable for vegans

this list of ingredients is subject to change; please refer to the packaging of the purchased product.",'4.2,13
Skincare,Serums,'15195082326396,'55123901219196,Naturisimo,The Purified Skin Starter Kit,https://ohmycream.co.uk/collections/skincare-serums/products/purified-skin-starter-kit?variant=55123901219196,https://cdn.shopify.com/s/files/1/0555/4071/1596/files/PurrifiedSkinStarterKit.jpg?v=1745584564,"Complete list of ingredients

odacite blue aura micellar water aloe barbadensis [aloe*] leaf juice, hamamelis virginiana [witch hazel] water, decyl glucoside, glucono delta lactone, medium chain triglycerides [caprylic/ capric] oil, glycerin*, ricinus communis [red turkey castor] oil, citrus paradisi [grapefruit*] essential oil, melia azadirachta [neem] extract, coccinia indica [ivy gourd] extract, solanum melongena [eggplant] extract, aloe barbadensis [aloe] extract, ocimum sanctum [holy basil] extract, curcuma longa [turmeric], benzyl alcohol, ethanol, salicylic acid, sorbic acid, natural components in essential oils limonene, myrcene | *organic

odylique lemon & tea tree purifying wash aqua, coco glucoside, olea europaea fruit oil*, sodium olivate*, glycerine**, aloe barbadensis leaf juice powder*, citrus limon peel oil*, cymbopogon citratus leaf oil*, melaleuca alternifolia leaf oil*, lactic acid, levulinic acid, p-anisic acid, sodium levulinate, xanthan gum, citral* & limonene* (in the essential oils) plain english: aloe vera juice*, gentle cleanser from coconut & corn glucose, extra virgin olive oil*, saponified extra virgin olive oil*, non-palm plant glycerine**, essential oils of lemon*, lemongrass* and tea tree*, plant origin stabilisers

* organically grown & produced ** organic origin (total 70%)

balance me bha exfoliating concentrate aqua (water), polyglyceryl-4 caprate, glycerin, salicylic acid, salix nigra (willow) bark extract sodium hyaluronate, centella asiatica extract (tiger grass), squalane / olea europaea (olive) fruit oil, caffeine, tilia cordata (linden) flower extract, litsea cubeba (may chang) fruit oil, citrus nobilis (mandarin) peel oil, citrus grandis (grapefruit) peel oil, cananga odorata (ylang ylang) flower oil, lavandula angustifolia (lavender) flower oil, tocopherol (vitamin e), potassium sorbate, sodium benzoate, sodium hydroxide, dehydroacetic acid, benzyl alcohol, farnesol, limonene, linalool, citral, benzyl benzoate, geraniol, benzyl salicylate.

upcircle face moisturiser with vitamin e + aloe vera aqua, helianthus annuus seed oil*, butyrospermum parkii (shea) butter*, theobroma cacao (cocoa) butter*, glyceryl stearate, cetearyl alcohol, glycerin, argania spinosa (argan) kernel extract, citrus aurantium dulcis (blood orange) peel oil, linum usitatissimum (linseed) oil, olea europaea (olive) fruit oil*, aloe barbadensis leaf extract*, citrus limonum peel oil, tocopherol, boswellia carterii (frankincense) oil, salvia sclarea oil, citrus aurantium amara leaf oil, coconut alcohol, sodium stearoyl glutamate, sucrose stearate, coco glucoside, xanthan gum, salicylic acid, sorbic acid, benzyl alcohol, ^limonene, ^linalool, ^geraniol. *organically-grown ingredients; ^natural constituent of essential oils listed.

antipodes aura manuka honey mask aqua (water), leptospermum scoparium (mel) manuka honey, persea gratissima (avocado pear) oil, glycerine, cetearyl glucoside, cetearyl alcohol, stearic acid, glyceryl stearate. tocopherol (vitamin e), helianthus annuus (sunflower) seed oil, dehydroacetic acid, benzyl alcohol, metrosideros excels (pohutukawa) flower extract, daucus carota (carrot) seed oil, vitis vinifera (vinanza® grape) seed extract. fragrance of vanilla & mandarin: coumarin, d-limonene, linalool.

this list of ingredients is subject to change; please refer to the packaging of the purchased product.",'4.9,191
Skincare,Serums,'7632186966188,'42621391044780,Violette FR,Dullness Serum,https://ohmycream.co.uk/collections/skincare-serums/products/violette-fr-dullness-serum?variant=42621391044780,https://cdn.shopify.com/s/files/1/0555/4071/1596/files/SerumDullnessRescue_Violette.jpg?v=1687698250,"Complete list of ingredients

aqua (eau), propanediol, panthenol, glycerin, niacinamide, maltodextrine, alpha-glucan oligosaccharide, sodium chloride, caesalpinia spinosa gum, levulinic acid, sodium levulinate, punica granatum seed cell culture lysate, hyaluronate de sodium, extrait de tige de ganoderma lucidum (champignon), hydroxyde de sodium, glucoside d'ascorbyle, extrait de feuille d'olea europaea (olive), zinc pca, acide citrique, acide ascorbique, acide succinique.

this list of ingredients is subject to change; please refer to the packaging of the purchased product.",',0
Skincare,Serums,'7566733934764,'42429160718508,Pai Skincare,Stabilised Vitamin C Brightening Booster,https://ohmycream.co.uk/collections/skincare-serums/products/stabilised-vitamin-c-brightening-booster-pai-skincare?variant=42429160718508,https://cdn.shopify.com/s/files/1/0555/4071/1596/products/Booster-E_clat_PAI.jpg?v=1677148532,"Complete list of ingredients

helianthus annuus seed oil* (sunflower oil), ascorbyl tetraisopalmitate, coconut alkanes, opuntia ficus-indica seed oil (prickly pear seed oil), heptyl undecylenate, vaccinium myrtillus seed oil (blueberry seed oil),tocopherol (vitamin e)

this list of ingredients is subject to change; please refer to the packaging of the purchased product.",'5.0,2
Skincare,Serums,'7383235100844,'41811436994732,Agent Nateur,Holi(Oil) refining ageless face serum,https://ohmycream.co.uk/collections/skincare-serums/products/agent-nateur-holioil-refining-ageless-face-serum?variant=41811436994732,https://cdn.shopify.com/s/files/1/0555/4071/1596/products/Agent_Nateur_Youth_Serum_Holi_Oil__Repack.jpg?v=1658162490,"Complete list of ingredients

organic oryza sativa, organic rosa mosqueta, calcium ketogluconate, wild crafted rosa damascena, sodium ascorbyl phosphate, organic helichrysum gymnocephalum, wild crafted santalum album oil.

this list of ingredients is subject to change; please refer to the packaging of the purchased product.",'5.0,1
Skincare,Serums,'15432556904828,'55529347481980,Augustinus Bader,The Cream Mini Routine,https://ohmycream.co.uk/collections/skincare-serums/products/augustinus-bader-the-cream-mini-routine?variant=55529347481980,https://cdn.shopify.com/s/files/1/0555/4071/1596/files/The_Cream_Mini_Routine_Augustinus_Bader.png?v=1753272996,"Complete list of ingredients

the face cream mask aqua/water/eau, glycerin, pentylene glycol, hydrogenated vegetable glycerides, coco-caprylate/caprate, cetearyl alcohol, 1,2-hexanediol, squalane, astragalus membranaceus root extract, atractylodes macrocephala root extract, bupleurum falcatum root extract, c12-16 alcohols, ascorbyl tetraisopalmitate, ethylhexyl polyhydroxystearate, caesalpinia spinosa gum, sodium stearoyl glutamate, cetearyl glucoside, palmitic acid, citric acid, polyacrylate crosspolymer-6, hydrogenated lecithin, sodium hyaluronate, maltodextrin, o-cymen-5-ol, hydrolyzed rice protein, panax ginseng root extract, camellia sinensis leaf extract, tocopheryl acetate, xanthan gum, punica granatum (pomegranate) fruit extract, wine, potassium sorbate, sodium benzoate, alanyl glutamine, arginine, oligopeptide-177, phenylalanine, sisymbrium irio seed oil, sodium chloride, tocopherol.

the eye cream aqua/water/eau, glycerin, coco-caprylate/caprate, panthenol, ethyl oleate, ethylhexyl polyhydroxystearate,squalane, glyceryl stearate citrate, hydrogenated vegetable glycerides, niacinamide, ascorbyl tetraisopalmitate, sodium stearoyl glutamate, polyglyceryl-3 stearate, oleic acid, cocos nucifera (coconut) oil, silica, simmondsia chinensis (jojoba) seed oil, hydrogenated lecithin, undaria pinnatifida extract, xanthan gum, potassium sorbate, citric acid, sodium benzoate, terminalia arjuna extract, centella asiatica flower/leaf/stem extract, hydrolyzed riceprotein, maltodextrin, sodium phytate, lecithin, corallina officinalis extract, camellia sinensis leaf extract, tocopheryl acetate, tocopherol, alanyl glutamine, arginine, oligopeptide-177, sodium chloride, phenylalanine, sisymbrium irio seed oil.

the serum aqua/water/eau, glycerin, 1,2-hexanediol, cellulose, ethylhexyl polyhydroxystearate, resveratrol, squalane, sodium acrylates copolymer, ascorbyl tetraisopalmitate, oryza sativa (rice) bran oil, maltitol, leontopodium alpinum callus culture extract, xylitylglucoside, lecithin, anhydroxylitol, citric acid, xylitol, hydrolyzed rice protein, maltodextrin, sodium hyaluronate, sodium hydroxide, o-cymen-5-ol, punica granatum extract, sodium phytate, glucose, xanthan gum, camellia sinensis leaf extract, hydrogenated lecithin, tocopheryl acetate, alanyl glutamine, arginine, oligopeptide-177, potassium sorbate, sodium chloride, phenylalanine, sisymbrium irio seed oil.

the cream aqua (water), caprylic/capric triglyceride, pentylene glycol, propylene glycol, hydrogenated phosphatidylcholine, glycerin, sorbitol, butyrospermum parkii (shea) butter, tocopheryl acetate, butylene glycol, xanthan gum, panthenol, sodium carbomer, aloe barbadensis leaf juice, retinyl palmitate, hydrolyzed rice protein, squalane, helianthus annuus (sunflower) seed oil, phenoxyethanol, ascorbyl palmitate, lecithin, alcohol, carbomer, ceramide np, tfc-8, sodium benzoate, glycine soja (soybean) protein, superoxide dismutase, citric acid, sodium hydroxide, dextran, palmitoyl tripeptide-8, ascorbic acid, ethylhexylglycerin, tocopherol, potassium sorbate, sodium dextran sulfate

this list of ingredients is subject to change; please refer to the packaging of the purchased product.",',0
Skincare,Serums,'7383281926316,'41811524223148,Pai Skincare,Back to Life Hydrating Serum,https://ohmycream.co.uk/collections/skincare-serums/products/pai-skincare-back-to-life-hydrating-serum?variant=41811524223148,https://cdn.shopify.com/s/files/1/0555/4071/1596/products/5060139724678_PAI-SKINCARE_Back-To-Life-Serum-Hydratant_TINY.jpg?v=1658165503,"Complete list of ingredients

aqua (water), glycerin**, lactobacillus ferment, cocos nucifera fruit extract (coconut fruit extract), simmondsia chinensis seed oil* (jojoba oil), hyaluronic acid, kunzea pomifera fruit extract (muntriesberry extract), syzygium luehmannii fruit extract (riberry extract), tasmannia lanceolata fruit extract (pepperberry extract), sodium levulinate, lysolecithin, sclerotium gum, sodium anisate, xanthan gum, pullulan, helianthus annuus seed oil* (sunflower oil), jasminum grandiflorum flower extract* (jasmine oil), litsea cubeba fruit oil* (may chang oil), pelargonium graveolens flower oil* (rose geranium oil), tocopherol* (vitamin e),  lactic acid, silica

citral, citronellol, geraniol, linalool, limonene (naturally occurring in essential oils / naturellement présent dans les huiles essentielles)

of total: 100% natural origin / sur total: 100% d'origine naturelle *organic ingredient / ingrédient biologique **mixed organic and non-organic ingredients / formulé à partir d'ingrédients biologiques et non-biologiques

this list of ingredients is subject to change; please refer to the packaging of the purchased product.",'4.2,16
Skincare,Serums,'7383245914284,'41811447578796,Sunday Riley,C.E.O. 15% Vitamin C Brightening Serum,https://ohmycream.co.uk/collections/skincare-serums/products/sunday-riley-c-e-o-15-vitamin-c-brightening-serum?variant=41811447578796,https://cdn.shopify.com/s/files/1/0555/4071/1596/files/817494011661_CEO_Serum_Sunday_Riley1.jpg?v=1730209492,"Complete list of ingredients

water/eau/aqua, tetrahexyldecyl ascorbate, squalane, polyglyceryl-6 distearate, peg-8 beeswax, limonene, citrus sinesis (sweet orange) oil, citrus tangerina peel oil, glycine soja sterols, ppg-12/smdi copolymer, sodium phytate, tocopherol, phenoxyethanol, acetamidoethoxyethanol, hydroxyethyl acrylate/sodium acryloyldimethyl taurate copolymer, sodium acrylate/sodium acryloyldimethyl taurate copolymer, jojoba esters, glycolic acid, caprylyl glycol, cetyl alcohol, polyglyceryl-3 beeswax, chlorphenesin glycerin, polysorbate 60, sorbitan isostearate, saccharide isomerate, linalool.

this list of ingredients is subject to change; please refer to the packaging of the purchased product.",'5.0,17
Skincare,Serums,'7383245914284,'53623288693116,Sunday Riley,C.E.O. 15% Vitamin C Brightening Serum,https://ohmycream.co.uk/collections/skincare-serums/products/sunday-riley-c-e-o-15-vitamin-c-brightening-serum?variant=53623288693116,https://cdn.shopify.com/s/files/1/0555/4071/1596/files/2024_10_SundayRiley_CEO15VitamineCS_erum_Eclaircissant50mL_Packshot.jpg?v=1730209648,"Complete list of ingredients

water/eau/aqua, tetrahexyldecyl ascorbate, squalane, polyglyceryl-6 distearate, peg-8 beeswax, limonene, citrus sinesis (sweet orange) oil, citrus tangerina peel oil, glycine soja sterols, ppg-12/smdi copolymer, sodium phytate, tocopherol, phenoxyethanol, acetamidoethoxyethanol, hydroxyethyl acrylate/sodium acryloyldimethyl taurate copolymer, sodium acrylate/sodium acryloyldimethyl taurate copolymer, jojoba esters, glycolic acid, caprylyl glycol, cetyl alcohol, polyglyceryl-3 beeswax, chlorphenesin glycerin, polysorbate 60, sorbitan isostearate, saccharide isomerate, linalool.

this list of ingredients is subject to change; please refer to the packaging of the purchased product.",'5.0,17
Skincare,Serums,'15176717533564,'55105424425340,Evolve Organic Beauty,Resveratrol + Niacinamide Serum,https://ohmycream.co.uk/collections/skincare-serums/products/evolve-resveratrol-niacinamide-serum?variant=55105424425340,https://cdn.shopify.com/s/files/1/0555/4071/1596/files/202506_ResveratrolNiacinamideserum_Evolve_Packshot.jpg?v=1749023462,"Complete list of ingredients

aqua (water), glycerin**, niacinamide, pentylene glycol, brassica campestris (rapeseed) seed oil*, isoamyl laurate, coco-caprylate, cetearyl alcohol, bentonite, parfum (fragrance), ectoin, hydroxyresveratrol, sodium hyaluronate, aloe barbadensis leaf juice powder*, glyceryl stearate, jojoba esters, sodium gluconate, helianthus annuus (sunflower) seed oil, helianthus annuus (sunflower) seed wax, polyglycerin-3, rosmarinus officinalis (rosemary) leaf extract*, sodium stearoyl glutamate, polyglyceryl-10 oleate, polyglyceryl-6 laurate, sorbitan palmitate, polygonum tinctorium leaf extract, citric acid, xanthan gum, tocopherol. *ingredients from organic farming **made using organic ingredients

this list of ingredients is subject to change; please refer to the packaging of the purchased product.",',0
Skincare,Serums,'15012328472956,'54923179852156,Torriden,Dive in Serum with Hyaluronic Acid,https://ohmycream.co.uk/collections/skincare-serums/products/torriden-dive-in-serum-with-hyaluronic-acid?variant=54923179852156,https://cdn.shopify.com/s/files/1/0555/4071/1596/files/SERUMAL_ACIDEHYALURONIQUE_Torriden.jpg?v=1743174927,"Complete list of ingredients

aqua, butylene glycol, glycerin, dipropylene glycol, 1,2-hexanediol, pentylene glycol, sodium hyaluronate, ethylhexylglycerin, allantoin, betaine, hydrolyzed hyaluronic acid, panthenol, tromethamine, carbomer, malachite extract, polyglyceryl-10 laurate, propanediol, sodium hyaluronate crosspolymer, glyceryl acrylate/acrylic acid copolymer, hydrolyzed sodium hyaluronate, pvm/ma copolymer, sodium acetylated hyaluronate, cholesterol, madecassic acid, madecassoside, trehalose, xanthan gum, ceramide 3, portulaca oleracea extract, paeonia suffruticosa root extract, scutellaria baicalensis root extract, beta-glucan, hamamelis virginiana leaf extract

this list of ingredients is subject to change; please refer to the packaging of the purchased product.",'5.0,2
Skincare,Serums,'7791493447852,'43101294330028,Goop Beauty,Dark Spot Exfoliating Sleep Milk Serum,https://ohmycream.co.uk/collections/skincare-serums/products/goop-beauty-dark-spot-exfoliating-sleep-milk-serum?variant=43101294330028,https://cdn.shopify.com/s/files/1/0555/4071/1596/files/goopbeauty_GLW09-30ml_new_1_2.png?v=1753279124,"Complete list of ingredients

aqua/water/eau, caprylic/capric triglyceride, glycolic acid, squalane, sodium hydroxide, behenyl alcohol, gluconolactone, lactic acid, glycerin, polyglyceryl-10 dioleate, pentylene glycol, propanediol, magnesium aluminum silicate, sodium hyaluronate, aloe barbadensis leaf juice, salicornia herbacea extract, hydrogenated lecithin, hibiscus sabdariffa flower extract, piperonyl glucoside, polyglutamic acid, avena sativa (oat) bran extract, tamarindus indica seed polysaccharide, simmondsia chinensis (jojoba) seed oil, adansonia digitata seed oil, citrullus lanatus (watermelon) seed oil, phospholipids, adansonia digitata fruit extract, cyclodextrin, xanthan gum, glyceryl undecylenate, glyceryl caprylate, tetrasodium glutamate diacetate, caprylyl glycol, ethylhexylglycerin, sclerotium gum, 1,2-hexanediol, polyglyceryl-10 dipalmitate, sodium benzoate, potassium sorbate, citric acid.

this list of ingredients is subject to change; please refer to the packaging of the purchased product.",',0
Skincare,Serums,'7903870419116,'43387622260908,Talm,The Pregnancy & Post-Partum Face Pouch,https://ohmycream.co.uk/collections/skincare-serums/products/talm-the-pregnancy-post-partum-face-pouch?variant=43387622260908,https://cdn.shopify.com/s/files/1/0555/4071/1596/files/TROUSSE-TALM.jpg?v=1715086707,"Complete list of ingredients

mega oil : helianthus annuus hybrid oil (helianthus annuus (sunflower) seed oil)*, prunus amygdalus dulcis (sweet almond) oil*, sesamum indicum (sesame) seed oil*, argania spinosa kernel oil*, helianthus annuus (sunflower) seed oil unsaponifiables*, undaria pinnatifida extract*, helianthus annuus (sunflower) seed oil, parfum (fragrance)**, caprylic/capric triglyceride, tocopherol.

mega plump : aqua (water), propanediol, triethyl citrate, diglycerin, glycerin, fructooligosaccharides, sodium hyaluronate, beta vulgaris (beet) root extract, aloe barbadensis leaf juice powder*, citric acid, carrageenan, sodium phytate, potassium lactate, potassium sorbate, glucose, lactic acid, parfum (fragrance)**.

*ingrédients issus de l'agriculture biologique **parfum 100% naturel

these lists of ingredients are subject to change; please refer to the packagings of the purchased products.",'5.0,4
Skincare,Serums,'15226032718204,'55165375807868,Lightinderm,REPAIR Capsules Renewing Treatment,https://ohmycream.co.uk/collections/skincare-serums/products/lightinderm-repair-capsules-renewing-treatment?variant=55165375807868,https://cdn.shopify.com/s/files/1/0555/4071/1596/files/202505_LightInDerm_CapsulesREPAIR_Packshot.jpg?v=1749732275,"Complete list of ingredients

aqua (water), niacinamide, dicaprylyl carbonate, glycerin, heptyl undecylenate, propanediol, c12-16 alcohols, cellulose, hydrogenated lecithin, palmitic acid, sodium acrylates copolymer, caprylyl glycol,1,2-hexanediol, ethylhexylglycerin, ascorbyl tetraisopalmitate, caffeine, tocopheryl acetate, lecithin,sodium hyaluronate, xanthan gum, caesalpinia spinosa fruit extract, padina pavonica thallus extract,kappaphycus alvarezii extract, laminaria saccharina extract, plankton extract, hydroxyacetophenone,phenethyl alcohol, tocopherol, acetyl hexapeptide-8.

this list of ingredients is subject to change; please refer to the packaging of the purchased product.",',0
Skincare,Serums,'15176716910972,'55105424064892,Evolve Organic Beauty,Age Defying Lifting Serum,https://ohmycream.co.uk/collections/skincare-serums/products/evolve-age-defying-lifting-serum?variant=55105424064892,https://cdn.shopify.com/s/files/1/0555/4071/1596/files/202506_AgeDefyingLiftingSerum_Evolve_Packshot.jpg?v=1748964484,"Complete list of ingredients

aqua (water), glycerin, pentylene glycol (from sugar cane), isoamyl laurate, coco-caprylate, cetearyl alcohol, pseudoalteromonas ferment extract, parfum (naturally derived fragrance), bentonite, acetyl hexapeptide-8, sodium hyaluronate, bacillus ferment, salicylic acid, aloe barbadensis leaf juice powder*, glyceryl stearate, jojoba esters, helianthus annuus (sunflower) seed wax, sodium stearoyl glutamate, polyglycerin-3, xanthan gum, sodium gluconate, sodium benzoate, tocopherol, helianthus annuus (sunflower) seed oil, sodium hydroxide, citric acid

this list of ingredients is subject to change; please refer to the packaging of the purchased product.",'4.7,3
Skincare,Serums,'15179629363580,'55108812996988,Oskia,Super R Retinoid Sleep Serum Capsules 0.5%,https://ohmycream.co.uk/collections/skincare-serums/products/oskia-super-r-retinoid-sleep-serum-capsules?variant=55108812996988,https://cdn.shopify.com/s/files/1/0555/4071/1596/files/202504_Super-RRetinoidSleepSerumCapsules_Oskia.jpg?v=1745846600,"Complete list of ingredients

c13-15 alkane, dimethyl isosorbide, sorbitan isostearate, octyldodecanol, ascorbyl (vitamin c) tetraisopalmitate, echium plantagineum seed oil, curcuma longa (turmeric) root extract, alaria esculenta extract, ubiquinone (coenzyme q10), 7-dehydrocholesterol (provitamin d3), tocopherol (vitamin e), caprylic/capric triglyceride, hydroxypinacolone retinoate, coco glucoside, rosmarinus officinalis (rosemary) leaf extract, cardiospermum halicacabum flower/leaf/vine extract, helianthus annuus (sunflower) seed oil unsaponifiables, helianthus annuus (sunflower) seed oil, olus oil (vegetable oil), lecithin, glycerin, water, sodium benzoate, rosa damascena extract

cette liste d'ingrédients peut faire l'objet de modifications, veuillez consulter l'emballage du produit acheté.",',0
Skincare,Serums,'7769553502380,'42990827372716,Talm,Mega Plump Hydrating Serum,https://ohmycream.co.uk/collections/skincare-serums/products/talm-mega-plump-hydrating-serum?variant=42990827372716,https://cdn.shopify.com/s/files/1/0555/4071/1596/files/MegaPlumpSerumhydratantrepulpantvisage_Talm.jpg?v=1706623497,"Complete list of ingredients

aqua (water), propanediol, triethyl citrate, diglycerin, glycerin, fructooligosaccharides, sodium hyaluronate, beta vulgaris (beet) root extract, aloe barbadensis leaf juice powder*, citric acid, carrageenan, sodium phytate, potassium lactate, potassium sorbate, glucose, lactic acid, parfum (fragrance)**.

*ingredients from organic farming. **100% natural perfume.

this list of ingredients is subject to change; please refer to the packaging of the purchased product.",'5.0,1
Skincare,Serums,'14996665663868,'54909158293884,Susanne Kaufmann,Nutrient Serum,https://ohmycream.co.uk/collections/skincare-serums/products/susanne-kaufmann-serum-nutrient?variant=54909158293884,https://cdn.shopify.com/s/files/1/0555/4071/1596/products/Packshot_Nutrient_Serum_SF.jpg?v=1664781180,"Complete list of ingredients

aqua/water/eau, glycerin, pentylene glycol, saccharide isomerate, polyglyceryl-4 caprate, galactoarabinan, sodium hyaluronate, acacia senegal gum, sempervivum tectorum extract, pistacia lentiscus (mastic) gum, hydrolyzed pinus sibirica seedcake extract, cellulose gum, lecithin, caprylic/capric triglyceride, algin, acanthopanax senticosus (eleuthero) root extract, gentiana lutea root extract, leontopodium alpinum extract, rhododendron ferrugineum extract, punica granatum extract, citric acid, bisabolol, potassium phosphate, sodium citrate, glyceryl caprylate/caprate, tocopherol, sodium hydroxide, alcohol, parfum (fragrance).

this list of ingredients is subject to change; please refer to the packaging of the purchased product.",',0
Skincare,Serums,'7383224287404,'41811421921452,Pai Skincare,Instant Kalmer Soothing Serum with Ceramides,https://ohmycream.co.uk/collections/skincare-serums/products/pai-skincare-instant-kalmer-soothing-serum-with-ceramides?variant=41811421921452,https://cdn.shopify.com/s/files/1/0555/4071/1596/products/5060139721677_Pai-Skincare_Instant-Kalmer_TINY.jpg?v=1658162366,"Complete list of ingredients

aqua (water), citrus aurantium dulcis fruit water* (orange fruit water), lactobacillus ferment, glycerin**, carthamus tinctorius seed oil* (safflower oil), avena sativa kernel oil*ᶜ (oat oil), caprylic/capric triglyceride, sodium levulinate, lysolecithin, ophiopogon japonicus root extract (mondo grass), sclerotium gum, schizandra sphenanthera fruit extractc (schisandra extract), sodium anisate, xanthan gum, pullulan, maltodextrin, sodium dehydroacetate, glycosphingolipids, glycolipids, sodium hyaluronate, tocopherol (vitamin e), lactic acid, aster tripolium extract (sea aster extract), silica

of total: 63.1% (minus water & minerals) / 20% organic, 100% natural origin sur total: 63.1% (moins eau et minéraux) / 20% bio, 100% d'origine naturelle *organic ingredient / ingrédient biologique **made using organic ingredients / formulé à partir d'ingrédients biologiques ᶜco₂ extracted / extrait au co₂

this list of ingredients is subject to change; please refer to the packaging of the purchased product.",'4.6,13
Skincare,Serums,'7383239196844,'41811441877164,Aurelia London,Resurfacing Serum,https://ohmycream.co.uk/collections/skincare-serums/products/aurelia-london-resurfacing-face-serum?variant=41811441877164,https://cdn.shopify.com/s/files/1/0555/4071/1596/products/5060560750680_Aurelia_Resurfacing_Serum_TINY.jpg?v=1658162535,"Complete list of ingredients

aqua (water), bifida ferment lysate, citrus aurantium amara (bitter orange) flower water, niacinamide (vitamin b3), rosa damascena flower water, bakuchiol, milk protein, lactis proteinum (whey protein), lactose, citrus limon (lemon) peel powder, sclerotium gum, salicylic acid, tocopherol, glycerin, lactic acid, sorbic acid, benzyl alcohol.

this list of ingredients is subject to change; please refer to the packaging of the purchased product.",',0
Skincare,Serums,'8018255577260,'43694102315180,Goop Beauty,Youth Boost Peptide Serum,https://ohmycream.co.uk/collections/skincare-serums/products/goop-beauty-youth-boost-peptide-serum?variant=43694102315180,https://cdn.shopify.com/s/files/1/0555/4071/1596/files/202507_Youth-Boost_Peptide_Serum_Goop_Beauty_packshot.jpg?v=1752133141,"Complete list of ingredients

aqua/water/eau, bifida ferment lysate, carthamus tinctorius (safflower) oleosomes, glycerin, niacinamide, saccharomyces/xylinum/black tea ferment, capryloyl glycerin/sebacic acid copolymer, propanediol, daemonorops draco (dragon’s blood) extract, aloe barbadensis (aloe) leaf juice, squalane, haematococcus pluvialis extract, acmella oleracea (spilanthes) extract, xanthan gum, triethyl citrate, sodium benzoate, sodium levulinate, potassium sorbate, salicylic acid, tocopherol, carnosine, gluconolactone, ceramide np, saccharomyces ferment filtrate, sodium hyaluronate, sodium phytate, citrus limon (lemon) fruit extract, coriandrum sativum (coriander) fruit oil, maltodextrin, tetrasodium glutamate diacetate, 3-hexanol, canarium luzonicum (elemi) gum nonvolatiles, piper nigrum (pepper) fruit oil, citric acid, heptapeptide-7, lecithin, boswellia carterii (frankincense) oil, citrus aurantium dulcis (orange) peel oil, commiphora myrrha (myrrh) oil, vetiveria zizanoides (vetiver) root oil, zingiber officinale (ginger) root oil, calcium gluconate, ferula galbaniflua (galbanum) resin oil, limonene, linalool

this list of ingredients is subject to change; please refer to the packaging of the purchased product.",'5.0,1
Skincare,Serums,'7383237394604,'41811440042156,Odacité,CaR Vital Glow Serum Concentrate,https://ohmycream.co.uk/collections/skincare-serums/products/odacite-vital-glow-serum-concentrate?variant=41811440042156,https://cdn.shopify.com/s/files/1/0555/4071/1596/products/sansref_Odacite_CaR-Vital-Glow-Booster-_Wild-Carrot__2000x2000_TINY.jpg?v=1658162515,"Complete list of ingredients

highest-grade cold-pressed certified wild carrot (daucus carota) oil, certified gmo-free vitamin e (tocopherols) oil.

this list of ingredients is subject to change; please refer to the packaging of the purchased product.",',0
Skincare,Serums,'7383282221228,'41811525271724,Oh My Cream Skincare,Anti Blemish Serum,https://ohmycream.co.uk/collections/skincare-serums/products/oh-my-cream-skincare-anti-blemish-serum?variant=41811525271724,https://cdn.shopify.com/s/files/1/0555/4071/1596/files/Serum_Anti-imperfections__OMCS_couleur_09_2023.jpg?v=1755864468,"Complete list of ingredients

aqua (water), isodecyl neopentanoate, glycerin, propanediol, niacinamide, zinc gluconate, xanthan gum, lauryl glucoside, polyglyceryl-6 laurate, laurate, sclerotium gum, lecithin, myristyl glucoside, pullulan, sodium benzoate, arnica montana flower extract, maltodextrin, aloe barbadensis leaf juice powder, ci 77820 (silver), potassium sorbate, silica.

this list of ingredients is subject to change; please refer to the packaging of the purchased product.",'3.7,3
Skincare,Serums,'7663155609772,'42707504529580,Sunday Riley,B3 Nice 10% Niacinamide Rebalancing Serum,https://ohmycream.co.uk/collections/skincare-serums/products/sunday-riley-b3-nice-10-niacinamide-rebalancing-serum?variant=42707504529580,https://cdn.shopify.com/s/files/1/0555/4071/1596/files/B3Nice_SundayRiley.jpg?v=1692802643,"Complete list of ingredients

water/eau/aqua, niacinamide, glycerin, phenyl trimethicone, dimethyl isosorbide, octyldodecanol, resveratrol, diglucosyl gallic acid, asiaticoside, madecassoside, epigallocatechin gallatyl glucoside, boswellia serrata resin extract, curcuma longa (turmeric) root extract, ocimum basilicum (basil) flower/leaf extract, ocimum sanctum leaf extract, aloe barbadensis flower extract, solanum melongena (eggplant) fruit extract, coccinia indica fruit extract, betaine, corallina officinalis extract, melia azadirachta flower extract, melia azadirachta leaf extract, benzotriazolyl dodecyl p-cresol, peg-8, tetrahydrodiferuloylmethane, tetrahydrodemethoxydiferuloylmethane, tetrahydrobisdemethoxydiferuloylmethane, punica granatum fruit extract, argania spinosa kernel oil, citrus aurantium dulcis (orange) peel extract, citrus grandis (grapefruit) peel extract, citrus tangerina (tangerine) peel oil, calendula officinalis flower extract, citrus limon (lemon) peel oil, sodium phytate, hydroxyethyl acrylate/sodium acryloyldimethyl taurate copolymer, polysorbate 60, sorbitan isostearate, pentaerythrityl tetra-di-t-butyl hydroxyhydrocinnamate, polyglyceryl-10 stearate, sodium acrylate/sodium acryloyldimethyl taurate copolymer, dimethicone, trideceth-6, peg/ppg-18/18 dimethicone, tocopherol, phenoxyethanol, caprylyl glycol, chlorphenesin, triethyl citrate.

this list of ingredients is subject to change; please refer to the packaging of the purchased product.",'4.5,2
Skincare,Serums,'7672915034284,'42750004592812,Herbivore Botanicals,Milky Way Exfoliating Milk Serum 10% Lactic Acid,https://ohmycream.co.uk/collections/skincare-serums/products/herbivore-milky-way-exfoliating-serum?variant=42750004592812,https://cdn.shopify.com/s/files/1/0555/4071/1596/files/MilkyWay-SerumExfoliantApaisant_Herbivore.jpg?v=1695731445,"Complete list of ingredients

aqua/water/eau, propanediol, simmondsia chinensis (jojoba) seed oil, sodium hydroxide, lactic acid, glycolic acid, gluconolactone, cetearyl olivate, sorbitan olivate, octyldodecanol,glycerin, malic acid, tartaric acid, citric acid, squalane, avena sativa (oat) kernel extract, ceramide np, ceramide ap, microcitrus australasica fruit extract, tremella fuciformis, sporocarp extract, hyaluronic acid, 1,2-hexanediol, xanthan gum, diheptyl succinate, capryloyl glycerin/sebacic acid copolymer,oryza sativa (rice) bran extract, sclerotium gum, lecithin, pullulan, caprylhydroxamic acid, trisodium ethylenediamine disuccinate, helianthus annuus (sunflower) seed oil, triethyl citrate, rosmarinus officinalis (rosemary) leaf extract, tocopherol, silica, 2,3-butanediol, glyceryl stearate, prunus amygdalus dulcis (sweet almond) oil, sodium lactate, hydrogenated lecithin, gamma octalactone, vanillin, glyceryl caprylate, lsoamyl acetate, benzaldehyde, anisaldehyde, maltol, phytosphingosine, ethylhexylglycerin, dimethylhydroxy furanone

this list of ingredients is subject to change; please refer to the packaging of the purchased product.",',0
Skincare,Serums,'14858264805756,'54823038091644,Goop Beauty,3x Retinol Regenerative Serum,https://ohmycream.co.uk/collections/skincare-serums/products/goop-beauty-3x-retinol-regenerative-serum?variant=54823038091644,https://cdn.shopify.com/s/files/1/0555/4071/1596/files/2024_10_GoopBeauty_3xRetinolRegenerativeSerum_Packshot.jpg?v=1732721772,"Complete list of ingredients

aqua/water/eau, glycerin, butyrospermum parkii (shea) butter, simmondsia chinensis (jojoba) seed oil, glyceryl stearate se, niacinamide, triheptanoin, coconut alkanes, butylene glycol, oleic/linoleic/linolenic polyglycerides, squalane, bentonite, propanediol, cetyl alcohol, dilinoleic acid/propanediol copolymer, pentylene glycol, beta vulgaris (beet) root extract, cellulose acetate butyrate, cetyl palmitate, retinol, hydroxypinacolone retinoate, retinal, ceramide np, nicotiana benthamiana hexapeptide-40 sh-polypeptide-76, phaseolus angularis (adzuki) seed extract, dipotassium glycyrrhizate, pentaerythrityl tetra-di-t-butyl hydroxyhydrocinnamate, silica silylate, silica, magnesium stearate, sodium hydroxide, tricaprylin, tocopherol, bisabolol, dicaprylyl ether, dimethyl isosorbide, cetyl esters, caprylyl glycol, behenyl alcohol, xanthan gum, ethylhexylglycerin, citric acid, sodium stearoyl glutamate, coco-caprylate/caprate, cellulose, tocopheryl acetate

this list of ingredients is subject to change; please refer to the packaging of the purchased product.",',0
Skincare,Serums,'15226032456060,'55165375283580,Lightinderm,PURITY Capsules Blemishes Treatment,https://ohmycream.co.uk/collections/skincare-serums/products/lightinderm-purity-capsules-blemishes-treatment?variant=55165375283580,https://cdn.shopify.com/s/files/1/0555/4071/1596/files/202505_LightInDerm_CapsulesPURITY_Packshot.jpg?v=1749733412,"Complete list of ingredients

aqua (water), glycerin, niacinamide, coco-caprylate/caprate, maltooligosyl glucoside, hexylene glycol, capryloyl glycine, caprylic/capric triglyceride, sodium polyacrylate starch, hydrogenated starch hydrolysate, butylene glycol, acacia senegal gum, salicylic acid, sodium polyacrylate, caesalpinia spinosa fruit extract, xanthan gum, 3-o-ethyl ascorbic acid, caffeine, sodium tocopheryl phosphate, xylitylglucoside, sodium hyaluronate, citric acid, epilobium fleischeri flower/leaf/stem extract, kappaphycus alvarezii extract, phenethyl alcohol, saccharide isomerate, marsdenia cundurango bark extract, potassium sorbate, tocopherol, cynara scolymus (artichoke) leaf extract, helianthus annuus (sunflower) seed oil

this list of ingredients is subject to change; please refer to the packaging of the purchased product.",',0
Skincare,Serums,'15382980755836,'55451475640700,Augustinus Bader,The Elixir,https://ohmycream.co.uk/collections/skincare-serums/products/augustinus-bader-the-elixir?variant=55451475640700,https://cdn.shopify.com/s/files/1/0555/4071/1596/files/202506_L_Elixir_Augustinus_Bader_Packshot.jpg?v=1750927076,"Complete list of ingredients

centella asiatica leaf extract, galactomyces ferment filtrate, glycerin, triethylhexanoin, pentylene glycol, propanediol, niacinamide, aqua/water/eau, cetearyl alcohol, lauroyl lysine, sucrose polystearate, chlorella vulgaris extract, triolein, glyceryl caprylate, tocopherol, tocopheryl acetate, hydroxyacetophenone, xanthan gum, behenyl alcohol, potassium cetyl phosphate, collagen amino acids, ceramide np, glyceryl dioleate, haematococcus pluvialis extract, hippophae rhamnoides oil, levulinic acid, caprylhydroxamic acid, sodium phytate, sodium levulinate, maltodextrin, trehalose, elastin, olea europaea (olive) oil unsaponifiables, theobroma cacao (cocoa) extract, helianthus annuus (sunflower) seed oil, adenosine, cyclodextrin, hydrolyzed rice bran protein, olea europaea (olive) fruit extract, lecithin, citric acid, lactic acid, ananas sativus (pineapple) fruit extract, arginine, brassica alba seed extract, camellia sinensis leaf extract, oligopeptide-6, oligopeptide-195, oligopeptide-196, oligopeptide-197, oligopeptide-198, oligopeptide-199, brassica oleracea acephala leaf extract, sodium hydroxide, rosmarinus officinalis (rosemary) leaf extract.

this list of ingredients is subject to change; please refer to the packaging of the purchased product.",',0
Skincare,Serums,'7383220846764,'41811417432236,Aurelia London,Revitalise & Glow Serum,https://ohmycream.co.uk/collections/skincare-serums/products/aurelia-london-revitalise-glow-serum?variant=41811417432236,https://cdn.shopify.com/s/files/1/0555/4071/1596/products/5060318434510_Aurelia_LONDON_Revitalize___Glow_Serum_Repack_TINY.jpg?v=1658162331,"Complete list of ingredients

*suitable for vegetarians

aqua/ water, aloe barbadensis leaf extract, bifida ferment lysate, cocoglycerides, glycerin, lactose, lactis proteinum/ milk protein, coco-caprylate, cetearyl glucoside, cetearyl alcohol, kigelia africana fruit extract, hibiscus sabdariffa flower extract, adansonia digitata fruit extract, tocopherol, citrus nobilis(mandarin orange)peel oil, helianthus annuus (sunflower) seed oil, jasminum officinale (jasmine) flower extract, plumeria acutifolia flower extract, polianthes tuberosa extract, xanthan gum, sodium stearoyl glutamate, sodium magnesium fluorosilicate, sodium phytate, glyceryl caprylate, benzyl alcohol,dehydroacteic acid, citric acid, limonene*, linalool*, benzyl benzoate*

* naturally occuring in essential oils.

this list of ingredients is subject to change; please refer to the packaging of the purchased product.",',0
Skincare,Serums,'7383226122412,'41811423985836,Susanne Kaufmann,Hyaluron Serum,https://ohmycream.co.uk/collections/skincare-serums/products/susanne-kaufmann-hyaluron-serum-moisturising?variant=41811423985836,https://cdn.shopify.com/s/files/1/0555/4071/1596/files/HyaluronSerum_SusanneKaufmann_Carre.jpg?v=1728045800,"Complete list of ingredients

aqua purificata (water),  pentylene glycol, sodium hyaluronate, citric acid, parfum (fragrance from natural scents).

this list of ingredients is subject to change; please refer to the packaging of the purchased product.",'5.0,3
Skincare,Serums,'7383228317868,'41811427360940,Oskia,Renaissance BrightLight Serum,https://ohmycream.co.uk/collections/skincare-serums/products/oskia-renaissance-brightlight-serum?variant=41811427360940,https://cdn.shopify.com/s/files/1/0555/4071/1596/products/5032410042429_OSKIA_Renaissance_Bright_Light_16287.jpg?v=1658162413,"Complete list of ingredients

aqua (water), sodium ascorbyl phosphate (vitamin c phosphate), niacinamide (vitamin b3), dimethyl sulfone (msm), zinc glycinate, arbutin, glutathione, lepidium sativum (cress) sprout extract, lactobacillus/pumpkin fruit ferment filtrate, ascorbyl palmitate (vitamin c palmitate), sodium hyaluronate, tocopheryl acetate (vitamin e acetate), leuconostoc/radish root ferment filtrate, glycerin, citrus limon (lemon) fruit extract, maltodextrin, lecithin, passiflora edulis (passion) fruit extract, ananas sativus (pineapple) fruit extract, vitis vinifera (grape) fruit extract, carica papaya fruit extract, rhodinols (natural rhodinol), inulin, alpha-glucan oligosaccharide, cymbopogon martini (organic palmarosa) oil, anthemis nobilis (organic roman chamomile) flower oil, rosa damascena (organic rose) flower oil, linolenic/linoleic acid, cinnamomum camphora linalooliferum (ho) wood oil, saccharomyces/magnesium ferment, pelargonium graveolens (organic bourbon geranium) oil, saccharomyces/copper ferment, saccharomyces/silicon ferment, saccharomyces/zinc ferment, saccharomyces/iron ferment, jojoba esters, juniperus mexicana (cedar) wood oil, eugenia caryophyllus (organic clove) bud oil, phenethyl alcohol, potassium sorbate, ethylhexylglycerin,
sodium bisulfite, disodium edta, alcohol, alcohol denat., phenoxyethanol*, citronellol**, geraniol**,
linalool**, eugenol**, ci 77491 (iron oxides)

* we do not use phenoxyethanol as a seperate preservative. it is found as a component of one of our actives. 
** natural component of essential oils

this list of ingredients is subject to change; please refer to the packaging of the purchased product.",',0
Skincare,Serums,'7383228383404,'41811427426476,Oskia,Super 16 Anti-ageing Serum,https://ohmycream.co.uk/collections/skincare-serums/products/oskia-super-16-anti-ageing-serum?variant=41811427426476,https://cdn.shopify.com/s/files/1/0555/4071/1596/products/5032410042016_OSKIA_Super_16_16281.jpg?v=1658162413,"Complete list of ingredients

aqua; helianthus annuus seed oil; glycerin; caprylic/capric triglyceride; bakuchiol; butylene glycol; dimethyl sulfone; boerhavia diffusa root extract; lupinus albus seed extract; chondrus crispus extract; crithmum maritimum callus culture filtrate; crithmum maritimum extract; malus domestica fruit cell culture extract; sodium hyaluronate; opuntia ficus-indica stem dry matter; retinyl palmitate; rosa damascena flower oil; disodium edta; glucose; glyceryl linoleate; glyceryl linolenate; inulin lauryl carbamate; lecithin; sodium ascorbyl phosphate; sodium lactate; sodium pca; sorbitol; tocopherol; tocopheryl acetate; xanthan gum; caprylyl glycol; ethylhexylglycerin; phenethyl alcohol; phenoxyethanol; citronellol**; geraniol**; linalool**

** component of natural essential oils. fragrance free natural ingredients, store in a cool, dry place.

this list of ingredients is subject to change; please refer to the packaging of the purchased product.",',0
Skincare,Serums,'7383231529132,'41811432341676,Dermalogica,Age Bright Clearing Serum,https://ohmycream.co.uk/collections/skincare-serums/products/dermalogica-age-bright-clearing-serum?variant=41811432341676,https://cdn.shopify.com/s/files/1/0555/4071/1596/files/BrightClearingSerum30mlDermalogica-Packshot2.jpg?v=1693467372,"Complete list of ingredients

water/aqua/eau, niacinamide, butylene glycol, peg-40 hydrogenated castor oil, salicylic acid, lentinus edodes mycelium extract, glyceryl glucoside, salvia sclarea (clary) oil, phytic acid, terpineol, thymol, citrus aurantium dulcis (orange) peel oil, rosmarinus officinalis (rosemary) leaf oil, lavandula hybrida oil, pelargonium graveolens flower oil, lavandula angustifolia (lavender) oil, citrus limon (lemon) peel oi, polydextrose, glycerin, dextrin, amylopectin, caprylyl glycol, ethylhexylglycerin, xanthan gum, pentyleneglycol, sodium hydroxide, isoamyl laurate, limonene, linalool, geraniol, citronellol, phenoxyethanol

this list of ingredients is subject to change; please refer to the packaging of the purchased product.",',0
Skincare,Serums,'7383236182188,'41811438698668,Oskia,Isotonic Hydra Serum,https://ohmycream.co.uk/collections/skincare-serums/products/oskia-isotonic-hydra-serum?variant=41811438698668,https://cdn.shopify.com/s/files/1/0555/4071/1596/files/2024_09_Oskia_Isotonic_Hydra-Serum_Packshot.jpg?v=1725872080,"Complete list of ingredients

lavandula angustifolia flower water, aqua (water), glycerin, dimethyl sulphone (msm), niacinamide (vitamin b3), panthenol (provitamin b5), acetyl glucosamine, leuconostoc/radish root ferment filtrate, gluconolactone, sodium hyaluronate, avena sativa (oat) kernel extract (oat ceramides), calcium ketogluconate, betaine, sodium gluconate, sodium chloride (himalayan salt), sodium pca, bisabolol, aesculus hippocastanum (horse chestnut) seed extract, butyrospermum parkii (shea) butter, potassium chloride, pentapeptide-59, polyglutamic acid, pca, sodium lactate, serine, alanine, glycine, glutamic acid, lysine hcl, threonine, arginine, proline, inulin carbamate, sclerotium gum, hydrogenated lecithin, pullulan, silica, maltodextrin, citric acid, sodium benzoate, xanthan gum, lecithin, sodium hydroxide, ethylhexylglycerin, potassium sorbate, alcohol, phenethyl alcohol.

this list of ingredients is subject to change; please refer to the packaging of the purchased product.",'4.5,11
Skincare,Serums,'7383237427372,'41811440074924,Odacité,All Embracing Serum Crystal Infused Hydration,https://ohmycream.co.uk/collections/skincare-serums/products/odacite-all-embracing-serum?variant=41811440074924,https://cdn.shopify.com/s/files/1/0555/4071/1596/products/sansref_Odacite_all_embracing_serum_2000x2000-TINY.jpg?v=1658162516,"Complete list of ingredients

citrullus lanatus [watermelon] seed oil, prunus armeniaca [apricot*] kernel oil, butyrospermum parkii [shea*] butter extract, salvia hispanica [chia] seed oil, tocopherols [vitamin e], hippophae rhamnoides [sea buckthorn] fruit extract, rosmarinus officinalis [rosemary] leaf extract, avena sativa [oatmeal*] powder, citrus aurantium amara [neroli*] flower oil, cupressus sempervirens [cypress] leaf oil, bisabolol, cananga odorata [ylang ylang*] flower oil, citrus paradisi [pink grapefruit] peel oil, lavandula angustifolia [lavender*] flower oil, backhousia citriodora [lemon myrtle] leaf oil, citrus aurantium [petitgrain bigarade] leaf/bud oil, rosa damascena [rose*] flower oil, hibiscus rosa sinensis [hibiscus] flower, helichrysum angustifolium [immortelle] flower, calendula officinalis [calendula] flower extract *organic origin

this list of ingredients is subject to change; please refer to the packaging of the purchased product.",',0
Skincare,Serums,'7383237525676,'41811440173228,Odacité,Ac+R Youthful Glow Serum Concentrate,https://ohmycream.co.uk/collections/skincare-serums/products/odacite-youthful-glow-serum-concentrate?variant=41811440173228,https://cdn.shopify.com/s/files/1/0555/4071/1596/products/sansref_Odacite_Ac_R-Youthful-Glow-Booster-_Acai-_-Rose__2000x2000-TINY.jpg?v=1658162518,"Complete list of ingredients

highest grade cold-pressed acai (euterpe oleracea) fruit oil, rosa damascena (rose) flower oil, citrus aurantium amara (neroli) flower/leaf oil, jasminum sambac (jasmine) flower oil, jasminum grandiflorum (jasmine) flower oil, cananga odorata (ylang ylang) flower oil, litsea cubeba fruit oil, vanillosmopsis erythropappa (bisabolol) wood oil, canarium lozonicum (elemi) gum oil, cedrus atlantica (cedar) wood oil , certified gmo-free vitamin e (tocopherols) oil.

this list of ingredients is subject to change; please refer to the packaging of the purchased product.",',0
Skincare,Serums,'7383237558444,'41811440205996,Odacité,Ma+N Elasticity Serum Concentrate,https://ohmycream.co.uk/collections/skincare-serums/products/odacite-elasticity-serum-concentrate?variant=41811440205996,https://cdn.shopify.com/s/files/1/0555/4071/1596/products/sansref_Odacite_Ma_N-Elasticity-Booster-_Marula-_-Neroli__2000x2000_TINY.jpg?v=1658162518,"Complete list of ingredients

highest-grade cold-pressed wild-crafted certified virgin marula (sclerocarya birrea) oil, neroli, lemon-myrtle, petitgrain, rose (citrus aurantiu, backhousia citriodora, pinus sylvestris, rosa damascena) essential oils, certified gmo- free vitamin e (tocopherols) oil.

this list of ingredients is subject to change; please refer to the packaging of the purchased product.",',0
Skincare,Serums,'7383237689516,'41811440337068,Odacité,Pa+G Hyperpigmentation Serum Concentrate,https://ohmycream.co.uk/collections/skincare-serums/products/odacite-hyperpigmentation-serum-concentrate?variant=41811440337068,https://cdn.shopify.com/s/files/1/0555/4071/1596/products/sansref_Odacite_Pa_G-Hyperpigmentation-Booster-_Papaya-_-Geranium__2000x2000_TINY.jpg?v=1658162520,"Complete list of ingredients

highest-grade cold-pressed certified virgin papaya (carica papaya) oil, certified organic geranium, lemon (pelargonium graveolens, citrus limon) essential oils, certified gmo-free vitamin e (tocopherols) oil.

this list of ingredients is subject to change; please refer to the packaging of the purchased product.",',0
Skincare,Serums,'7383242473644,'41811444695212,Tata Harper,Superkind Bio-Barrier Serum,https://ohmycream.co.uk/collections/skincare-serums/products/tata-harper-bio-barrier-serum?variant=41811444695212,https://cdn.shopify.com/s/files/1/0555/4071/1596/files/Tata_Harper_Serum_bio-barriee_Action_anti-age_intensive_Superkind_Packshot.jpg?v=1732896615,"Complete list of ingredients

calendula officinalis flower/leaf/stem juice*, propanediol, aqua/water/eau, helianthus annuus (sunflower) seed oil*, glycerin, butylene glycol, lactobacillus ferment, lauryl laurate, leuconostoc ferment filtrate, punica granatum sterols, caprylic/capric triglyceride, glyceryl stearate citrate, shea butter ethyl esters, squalane, ceramide np, ophiopogon japonicus root extract, centella asiatica extract, oenothera biennis (evening primrose) oil*, pyrus malus (apple) seed oil, ricinus communis (castor) seed oil, vitis vinifera (grape) seed oil*, salvia miltorrhiza root extract, avena sativa (oat) kernel oil, sodium hyaluronate, alaria esculenta extract, rhododendron ferrugineum extract, borago officinalis (borage) leaf extract*, calendula officinalis (calendula) flower extract*, chamomilla recutita (matricaria) flower extract*, lavandula angustifolia (lavender) extract*, medicago sativa (alfalfa) extract*, bacillus ferment, chlorella vulgaris extract, algae extract, laminaria digitata extract, glycyrrhiza glabra (licorice) root extract, butyrospermum parkii (shea) butter*, glyceryl glucoside, saccharide isomerate, stevioside, magnolia officinalis bark extract, simmondsia chinensis (jojoba) seed oil, hydrogenated lecithin, polyglyceryl-3 stearate, xanthan gum, maltodextrin, phenethyl alcohol, phytic acid, citric acid, sodium citrate *ingredients from organic farming this list of ingredients is subject to change; please refer to the packaging of the purchased product.",',0
Skincare,Serums,'7383255253164,'41811463700652,Bioeffect,EGF serum 15 ml,https://ohmycream.co.uk/collections/skincare-serums/products/bioeffect-egf-serum?variant=41811463700652,https://cdn.shopify.com/s/files/1/0555/4071/1596/files/Serum-EGF-resiee_1.jpg?v=1694422298,"Complete list of ingredients

glycerin, water (aqua), sodium hyaluronate, tromethamine, sodium chloride, barley (hordeum vulgare) seed extract, egf (barley sh-oligopeptide-1)

this list of ingredients is subject to change; please refer to the packaging of the purchased product.",'4.8,19
Skincare,Serums,'7476380041388,'42091904172204,Odacité,Clean-ical Renewing Serum,https://ohmycream.co.uk/collections/skincare-serums/products/clean-ical-renewing-serum?variant=42091904172204,https://cdn.shopify.com/s/files/1/0555/4071/1596/products/serum_renovant_odacite.jpg?v=1664473326,"Complete list of ingredients

rosa damascena [rose] water, squalane, glycerin, bakuchiol, lauryl glucoside, polyglyceryl-2 dipolyhydroxystearate, lonicera caprifolium flower extract, sodium hyaluronate, amorphophallus konjac, retinol, cellulose acetate butyrate, tricaprylin, pentaerythrityl tetra-di-tbutyl hydroxyhydrocinnamate, lonicera japonica flower extract, aqua, pelargonium roseum leaf oil, aloe barbadensis [aloe] leaf/flower extract, phospholipids, tocopheryl acetate [vitamin e], retinyl palmitate [vitamin a], pantothenic acid [vitamin b5], ascorbyl palmitate [vitamin c], cholecalciferol [vitamin d3], melia azadirachta [neem] leaf/flower extract, corallina officinalis [seaweed] extract, curcuma longa [turmeric] root extract, ocimum basilicum [basil] flower/leaf extract, ocimum sanctum leaf extract,sodium benzoate

this list of ingredients is subject to change; please refer to the packaging of the purchased product.",'5.0,1
Skincare,Serums,'7476380106924,'42250500047020,Antipodes,Credo Revitalising Serum with Probiotics,https://ohmycream.co.uk/collections/skincare-serums/products/credo-revitalising-serum-with-probiotics?variant=42250500047020,https://cdn.shopify.com/s/files/1/0555/4071/1596/products/CredoS_rumrevitalisantFerment_auxProbiotiques_Antipodes.jpg?v=1664473327,"Complete list of ingredients

aqua (water), aloe barbadensis (aloe vera) leaf juice, glycerin, lactobacillus ferment, bambusa vulgaris (bamboo) leaf extract, bakuchiol, sodium hyaluronate, leuconostoc/radish root ferment filtrate, saccharomyces/xyli- num/black tea ferment, persea gratissima (avocado pear) oil, tocopherol, glycine soja (soybean) seed extract, helianthus annuus (sunflower) seed oil, citric acid, mannitol, maltodextrin, xanthan gum, sclerotium gum, potassium sorbate, sodium benzoate, propanediol, dehydroacetic acid, benzyl alcohol, ci77163 (bismuth oxychloride), ci77891 (titanium dioxide), ci77491 (red iron oxide), ci77492 (yellow iron oxide), ci77499 (black iron oxide), ci77019 (mica), parfum: limonene†, linalool†, geraniol

this list of ingredients is subject to change; please refer to the packaging of the purchased product.",',0
Skincare,Serums,'7476380336300,'42091904401580,Odacité,Clean-ical Brightening Serum,https://ohmycream.co.uk/collections/skincare-serums/products/clean-ical-brightening-serum?variant=42091904401580,https://cdn.shopify.com/s/files/1/0555/4071/1596/products/packshot_serum_eclaircissant_odacite.jpg?v=1664473326,"Complete list of ingredients

citrus aurantium amara [orange blossom] water, squalane, glycerin, lauryl glucoside, polyglyceryl-2, dipolyhydroxystearate, ascorbyl tetraisopalmitate [vitamin c], cellulose acetate butyrate, pentaerythrityl tetra-di-tbutyl, hydroxyhydrocinnamate, lonicera caprifolium flower extract, lonicera japonica flower extract, sodium hyaluronate, amorphophallus konjac, aqua, aloe barbadensis, [aloe] leaf/ flower extract, phospholipids, tocopheryl acetate [vitamin e], retiny palmitate [vitamin a], pantothenic acid [vitamin b5], ascorbyl palmitate [vitamin c], cholecalciferol [vitamin d3], citrus aurantium amara [neroli] flower/leaf oil, pogostemon cablin [patchouli] oil, cupressus sempervirens [cypress] leaf oil, cananga odorata [ylang ylang]flower oil, citrus paradisi [pink grapefruit] peel oil, backhousia citriodora [lemon myrtle] leaf oil, citrus aurantium [petitgrain] leaf oil, rosa damascena [rose] flower oil, benzyl alcohol, benzoic acid, dehydroacetic acid, tocopherol [vitamin e], melia azadirachta flower/leaf extract, curcuma longa [turmeric] root, extract, ocimum sanctum leaf extract, ocimum basilicum [basil] flower/leaf extract, corallina officinalis extract, sodium benzoate

this list of ingredients is subject to change; please refer to the packaging of the purchased product.",',0
Skincare,Serums,'7539718422700,'42756774789292,Ulé,Oh la Plump Hydrating Serum,https://ohmycream.co.uk/collections/skincare-serums/products/ule-oh-la-plump-hydrating-serum?variant=42756774789292,https://cdn.shopify.com/s/files/1/0555/4071/1596/files/Oh-La-Plump_Ule.jpg?v=1695976523,"Complete list of ingredients

aqua (water), centella asiatica juice, coleus forskohlii juice, ocimum tenuiflorum juice, propanediol, glycerin, alcohol, betaine, hydrolyzed hyaluronic acid, polyacrylate crosspolymer-6, xanthan gum, phenethyl alcohol, 1,2-hexanediol, sodium benzoate, panthenol, diglycerin, sodium hyaluronate, castanea sativa (chestnut) seed extract, parfum (fragrance), limonene, citric acid, t-butyl alcohol, olea europaea (olive) leaf extract, ocimum tenuiflorum extract, linalool, ethylene brassylate, centella asiatica extract, coleus forskohlii extract, citral, tocopherol

this list of ingredients is subject to change; please refer to the packaging of the purchased product.",',0
Skincare,Serums,'7539718586540,'42756772954284,Ulé,Joie de Youth Revitalising Serum,https://ohmycream.co.uk/collections/skincare-serums/products/ule-joie-de-youth-revitalising-serum?variant=42756772954284,https://cdn.shopify.com/s/files/1/0555/4071/1596/files/Joie-de-Youth_Ule.jpg?v=1695975835,"Complete list of ingredients

aqua (water), centella asiatica juice, coleus forskohlii juice, ocimum tenuiflorum juice, propanediol, alcohol, glycerin, betaine, xanthan gum, phenethyl alcohol, polyacrylate crosspolymer-6, 1,2-hexanediol, pentylene glycol, sodium benzoate, helianthus annuus (sunflower) seed extract, panthenol, sodium hyaluronate, vitis vinifera (grape) seed extract, verbena officinalis extract, parfum (fragrance), diglycerin, pinus pinaster bark extract, limonene, caprylyl glycol, linalool, citric acid, coleus forskohlii extract, t-butyl alcohol, ethylene brassylate, centella asiatica extract, ocimum tenuiflorum extract, tocopherol

this list of ingredients is subject to change; please refer to the packaging of the purchased product.",',0
Skincare,Serums,'7539718783148,'42756789731500,Ulé,Envie de Calm Soothing Serum,https://ohmycream.co.uk/collections/skincare-serums/products/ule-envie-de-calm-soothing-serum?variant=42756789731500,https://cdn.shopify.com/s/files/1/0555/4071/1596/files/Envie-de-Calm_Ule.jpg?v=1695977042,"Complete list of ingredients

aqua (water), centella asiatica juice, coleus forskohlii juice, ocimum tenuiflorum juice, propanediol, alcohol, squalane, glycerin, prunus domestica seed oil, olive oil polyglyceryl-6 esters, polyacrylate crosspolymer-6, phenethyl alcohol, 1,2-hexanediol, triticum vulgare (wheat) gluten extract, sodium benzoate, xanthan gum, pentaerythrityl tetraisostearate, sclerotium gum, glyceryl stearate, citric acid, prunus amygdalus dulcis (sweet almond) fruit extract, tocopherol, parfum (fragrance), avena sativa (oat) kernel extract, helianthus annuus (sunflower) seed oil, benzyl alcohol, t-butyl alcohol, centella asiatica extract, linalool, coleus forskohlii extract, ethylene brassylate, limonene, ocimum tenuiflorum extract, dehydroacetic acid

this list of ingredients is subject to change; please refer to the packaging of the purchased product.",',0
Skincare,Serums,'7554431516844,'42542039826604,Rudolph Care,Firming Perfector Serum,https://ohmycream.co.uk/collections/skincare-serums/products/rudolph-care-firming-perfector-serum?variant=42542039826604,https://cdn.shopify.com/s/files/1/0555/4071/1596/files/Firming-Perfector-Serum_RudolphCare.jpg?v=1682498380,"Complete list of ingredients

aloe barbadensis leaf extract* (aloe vera), capryloyl glycerin/sebacic acid copolymer, coco-caprylate, glycerin**, aqua, plukenetia volubilis seed oil*(sacha inchi oil), zea mays starch*(corn), brassica oleracea italica seed oil* (broccoli oil), euterpe oleracea fruit extract (acai), vaccinium macrocarpon fruit water* (cranberry), saccharide isomerate, sodium pca, persea gratissima fruit extract* (avocado extract), euterpe oleracea fruit oil* (acai oil), pentylene glycol, alcohol, sodium levulinate, sodium hyaluronate, isomalt, spinacia oleracea leaf extract*(spinach extract), xanthan gum, hydrolyzed lemon protein, hydrolyzed kale protein, hydrolyzed carrot protein, acmella oleracea extract (para cress), tocopherol (vitamin e), glycine soja oil, malus domestica fruit cell culture extract (apple cell extract), parfum (natural), citric acid, sodium citrate, potassium sorbate, sodium benzoate

this list of ingredients is subject to change; please refer to the packaging of the purchased product.",',0
Skincare,Serums,'7596363808940,'42510862123180,Pai Skincare,Hyaluronic Acid Hydrating Booster,https://ohmycream.co.uk/collections/skincare-serums/products/pai-skincare-hyaluronic-acid-hydrating-booster?variant=42510862123180,https://cdn.shopify.com/s/files/1/0555/4071/1596/products/BoosterHydratant-HyaluronicAcid_PAI.jpg?v=1680509717,"Complete list of ingredients

aqua (water), glycerin, hydrolyzed glycosaminoglycans, pentylene glycol, persea gratissima oil* (avocado oil), coconut alkanes, xanthan gum, vaccinium myrtillus seed oil (blueberry seed oil), inulin, sodium stearoyl lactylate, caprylyl glycol, sodium hyaluronate, tapioca starch, fructose, tocopherol (vitamin e), algin, hyaluronic acid, lactic acid

of total: 100% natural origin / sur total: 100% d'origine naturelle *organic ingredient / ingrédient biologique **mixed organic and non-organic ingredients / formulé à partir d'ingrédients biologiques et non-biologiques

this list of ingredients is subject to change; please refer to the packaging of the purchased product.",',0
Skincare,Serums,'7604158759084,'42542134853804,Augustinus Bader,The Anti-Ageing Retinol Serum,https://ohmycream.co.uk/collections/skincare-serums/products/augustinus-bader-the-anti-ageing-retinol-serum?variant=42542134853804,https://cdn.shopify.com/s/files/1/0555/4071/1596/files/LeSerumauRetinol_AugustinusBader.jpg?v=1682496212,"Complete list of ingredients

aqua/water/eau, caprylic/capric triglyceride, glycerin, octyldodecanol, c12-16 alcohols, squalane, propanediol, glycine soja (soybean) oil, butyrospermum parkii (shea) butter, ectoin, helianthus annuus (sunflower) hybrid oil, palmitic acid, myristyl alcohol, pca, hydrogenated lecithin, xanthan gum, potassium sorbate, carbomer, sodium stearoyl glutamate, sodium benzoate, helianthus annuus (sunflower) seed oil, tocopherol, citric acid, zinc pca, maltodextrin, retinol, hydrolyzed rice protein, panthenol, totarol, leptospermum scoparium branch/leaf oil, niacinamide, sodium hydroxide, calcium pantothenate, sodium starch octenylsuccinate, magnolia officinalis bark extract, piper nigrum (pepper) seed extract, tocopheryl acetate, camellia sinensis leaf extract, polygonum cuspidatum root extract, sodium ascorbyl phosphate, pyridoxine hcl, alanyl glutamine, arginine, oligopeptide-177, phenylalanine, sisymbrium irio seed oil, sodium chloride, silica.

this list of ingredients is subject to change; please refer to the packaging of the purchased product.",'5.0,3
Skincare,Serums,'7676401090732,'42706292310188,Antipodes,Eve Bio-Retinol Line Reduction Serum,https://ohmycream.co.uk/collections/skincare-serums/products/eve-bio-retinol-line-reduction-serum?variant=42706292310188,https://cdn.shopify.com/s/files/1/0555/4071/1596/files/EveBio-RetinolLineReductionSerum_Antipodes_1.jpg?v=1694102731,"Complete list of ingredients

helianthus annuus (sunflower) seed oil, organic, simmondsia chinensis (jojoba) seed oil, organic, caryodendron orinocense (cacay) seed oil, organic, jojoba oil/macadamia seed oil esters, carthamus tinctorius (safflower) seed oil, squalane, limnanthes alba (meadowfoam) seed oil, bakuchiol, opuntia ficus-indica (prickly pear) seed oil, organic, camellia oleifera (camellia) seed oil, organic, terminalia ferdinandiana (kakadu plum) seed extract, oenothera biennis (evening primrose) oil, organic, tocopherol (vitamin e), squalene, aqua (water), phytosteryl macadamiate, phytosterols, parfum (geraniol, linalool, limonene, citronellol, citral)

this list of ingredients is subject to change; please refer to the packaging of the purchased product.",',0
Skincare,Serums,'7738741194924,'42959297380524,Dermalogica,Pro-collagen Banking Serum,https://ohmycream.co.uk/collections/skincare-serums/products/dermalogica-pro-collagen-banking-serum?variant=42959297380524,https://cdn.shopify.com/s/files/1/0555/4071/1596/files/Pro-CollagenBankingSerumserumrepulpantpreservant_Dermalogica_1.jpg?v=1704464406,"Complete list of ingredients

water/aqua/eau, pentylene glycol, coco-caprylate/caprate, glycerin, propanediol, simmondsia chinensis (jojoba) seed oil, trehalose, oryza sativa (rice) bran water, butylene glycol, ethoxydiglycol, triheptanoin, arginine pca, diglycerin, dipotassium glycyrrhizate, sodium hyaluronate, collagen amino acids, glycine soja (soybean) oil, helianthus annuus (sunflower) seed oil, citrus aurantium dulcis (orange) peel oil, citrus aurantium bergamia (bergamot) fruit oil, citrus paradisi (grapefruit) peel oil, rosmarinus officinalis (rosemary) leaf extract, cupressus sempervirens leaf/nut/stem oil, santalum album (sandalwood) oil, citrus limon (lemon) peel oil, rosa damascena flower oil, jasminum sambac (jasmine) flower extract, hydrolyzed jojoba esters, oryza sativa (rice) bran extract, aloe barbadensis leaf extract, tephrosia purpurea seed extract, helianthus annuus (sunflower) extract, juniperus virginiana oil, tagetes minuta flower oil, rosmarinus officinalis (rosemary) leaf oil, cistus ladaniferus leaf/stem extract, hydrolyzed rice protein, tocopheryl acetate, tocopherol, phospholipids, carnosine, glyceryl stearate citrate, caprylyl glycol, polyglutamic acid, glycolipids, glycine soja (soybean) sterols, acrylates/c10-30 alkyl acrylate crosspolymer, glyceryl caprylate, sclerotium gum, polyquaternium-80, didecyldimonium chloride, dianthus caryophyllus flower extract, xanthan gum, methylpropanediol, cetearyl alcohol, peg-40 hydrogenated castor oil, ammonium acryloyldimethyltaurate/beheneth-25 methacrylate crosspolymer, phytic acid, polysorbate 20, tetrasodium glutamate diacetate, citric acid, sodium hydroxide, sodium polyacryloyldimethyl taurate, sodium benzoate, potassium sorbate, limonene, linalool.

this list of ingredients is subject to change; please refer to the packaging of the purchased product.",',0
Skincare,Serums,'7754584457388,'42924250497196,Dr. Barbara Sturm,The Good C Vitamin C Serum,https://ohmycream.co.uk/collections/skincare-serums/products/dr-barbara-sturm-the-good-c-vitamin-c-serum?variant=42924250497196,https://cdn.shopify.com/s/files/1/0555/4071/1596/files/TheGoodCVitaminCSerum_BarbaraSturm.jpg?v=1706117764,Complete list of ingredients,',0
Skincare,Serums,'7754584490156,'42924250529964,Dr. Barbara Sturm,Super Anti-Aging Serum,https://ohmycream.co.uk/collections/skincare-serums/products/dr-barbara-sturm-super-anti-aging-serum?variant=42924250529964,https://cdn.shopify.com/s/files/1/0555/4071/1596/files/SuperAnti-AgingSerum_BarbaraSturm.jpg?v=1706196918,Complete list of ingredients,',0
Skincare,Serums,'7791465758892,'43061499822252,Pai Skincare,Tri Mushroom 10% Soothing Booster,https://ohmycream.co.uk/collections/skincare-serums/products/pai-skincare-tri-mushroom-soothing-booster?variant=43061499822252,https://cdn.shopify.com/s/files/1/0555/4071/1596/files/BoosterSuper-ApaisantTri-Mushroom_PAI.jpg?v=1713878400,"Complete list of ingredients

of total: 100% natural origin
sur total: 100% d'origine naturelle *organic ingredient / ingrédient biologique 
**mixed organic and non-organic ingredients / formulé à partir d'ingrédients biologiques et non-biologiques this list of ingredients is subject to change; please refer to the packaging of the purchased product.

*organic ingredient / ingrédient biologique 
**mixed organic and non-organic ingredients / formulé à partir d'ingrédients biologiques et non-biologiques this list of ingredients is subject to change; please refer to the packaging of the purchased product.

this list of ingredients is subject to change; please refer to the packaging of the purchased product.",'2.0,1
Skincare,Serums,'7877193007276,'43328276857004,Odacité,Edelweiss Extrême® Derm-Restore Super Serum,https://ohmycream.co.uk/collections/skincare-serums/products/odacite-edelweiss-extreme-r-derm-restore-super-serum?variant=43328276857004,https://cdn.shopify.com/s/files/1/0555/4071/1596/files/SuperSerumEderweissExtreme_Odacite.jpg?v=1714729757,"Complete list of ingredients

aloe barbadensis leaf juice, glycerin, propanediol, ricinus communis (castor) seed oil, isoamyl laurate, water, carthamus tinctorius (safflower) seed oil, leontopodium alpinum (edelweiss) flower extract, butyrospermum parkii (shea) butter, diheptyl succinate , sodium levulinate, candelilla/jojoba/rice bran polyglyceryl-3 esters, glyceryl stearate, capryloyl glycerin/sebacic acid copolymer, polyglyceryl-10 stearate, sodium stearoyl glutamate, sodium anisate, cetearyl alcohol, sodium stearoyl lactylate, helianthus annuus (sunflower) seed oil, tocopherol, ocimum basilicum (basil) oil, pisum sativum (pea) peptide, carnosine, acacia senegal gum, xanthan gum, hyaluronic acid, calendula officinalis flower extract, camellia sinensis leaf extract, chamomilla recutita (matricaria) flower extract, curcuma longa (turmeric) root extract, ubiquinone, benzoic acid, citric acid, potassium sorbate, sodium benzoate this list of ingredients is subject to change; please refer to the packaging of the purchased product.",'3.0,1
Skincare,Serums,'7948737183916,'43506268766380,Herbivore Botanicals,Blue Wave Pore perfecting Serum,https://ohmycream.co.uk/collections/skincare-serums/products/herbivore-botanicals-blue-wave-pore-perfecting-serum?variant=43506268766380,https://cdn.shopify.com/s/files/1/0555/4071/1596/files/BlueWavePoreperfectingSerum_Herbivore.jpg?v=1719319369,"Complete list of ingredients

aqua/water/eau, propanediol, pentylene glycol, caprylic/capric triglyceride, cetearyl alcohol, coco-glucoside, hydrogenated ethylhexyl olivate, polyacrylate crosspolymer-6, salix alba (willow) bark extract, tanacetum annuum flower oil, sodium pca, bisabolol, simmondsia chinensis (jojoba) seed oil, vitis vinifera (grape) seed oil, diheptyl succinate, hydrogenated olive oil unsaponifiables, capryloyl glycerin/sebacic acid copolymer, melia azadirachta leaf extract, melia azadirachta flower extract, citric acid, caprylhydroxamic acid, corallina officinalis extract, trisodium ethylenediamine disuccinate, xanthan gum, coccinia indica fruit extract, oryza sativa (rice) extract, betaine, aloe barbadensis flower extract, solanum melongena (eggplant) fruit extract, jasminum sambac (jasmine) flower extract, galactoarabinan, curcuma longa (turmeric) root extract, ocimum basilicum (basil) flower/leaf extract, ocimum sanctum leaf extract, 1,2-hexanediol, leuconostoc ferment filtrate, soybean peroxidase, superoxide dismutase, sodium hydroxide, titanium dioxide, linalool, benzyl alcohol

this list of ingredients is subject to change; please refer to the packaging of the purchased product.",',0
Skincare,Serums,'7994020888748,'43623235027116,Oh My Cream Skincare,Plumping Serum,https://ohmycream.co.uk/collections/skincare-serums/products/oh-my-cream-skincare-plumping-serum?variant=43623235027116,https://cdn.shopify.com/s/files/1/0555/4071/1596/files/202504_Serum_Repulpant_OMC.jpg?v=1751742579,"Complete list of ingredients

ingredients : aqua (water), propanediol, niacinamide, lactobacillus/pumpkin ferment extract, coco-caprylate/caprate, pentylene glycol, tetrahexyldecyl ascorbate, ethylhexyl polyhydroxystearate, polyglyceryl-6 distearate, alpha arbutin, sodium hyaluronate, bakuchiol, acetyl hexapeptide-1, lactobacillus ferment, lauroyl lysine, candelilla/jojoba/rice bran polyglyceryl-3 esters, 1,2 hexanediol, sucrose stearate, caprylhydroxamic acid, sclerotium gum, citric acid, tetrasodium glutamate diacetate, sorbitan isostearate, hydroxyethylcellulose, hydroxyethyl acrylate/sodium acryloyldimethyl taurate copolymer.

this list of ingredients is subject to change; please refer to the packaging of the purchased product.",'4.0,4
Skincare,Serums,'7994020888748,'55116727714172,Oh My Cream Skincare,Plumping Serum,https://ohmycream.co.uk/collections/skincare-serums/products/oh-my-cream-skincare-plumping-serum?variant=55116727714172,https://cdn.shopify.com/s/files/1/0555/4071/1596/files/2024_07_OMCS_Serum_repulpant_Packshot_2.jpg?v=1751742579,"Complete list of ingredients

ingredients : aqua (water), propanediol, niacinamide, lactobacillus/pumpkin ferment extract, coco-caprylate/caprate, pentylene glycol, tetrahexyldecyl ascorbate, ethylhexyl polyhydroxystearate, polyglyceryl-6 distearate, alpha arbutin, sodium hyaluronate, bakuchiol, acetyl hexapeptide-1, lactobacillus ferment, lauroyl lysine, candelilla/jojoba/rice bran polyglyceryl-3 esters, 1,2 hexanediol, sucrose stearate, caprylhydroxamic acid, sclerotium gum, citric acid, tetrasodium glutamate diacetate, sorbitan isostearate, hydroxyethylcellulose, hydroxyethyl acrylate/sodium acryloyldimethyl taurate copolymer.

this list of ingredients is subject to change; please refer to the packaging of the purchased product.",'4.0,4
Skincare,Serums,'8013715013804,'43680981647532,Dermalogica,Biolumin-C Night Restore,https://ohmycream.co.uk/collections/skincare-serums/products/dermalogica-biolumin-c-night-restore?variant=43680981647532,https://cdn.shopify.com/s/files/1/0555/4071/1596/files/2024_07_Dermalogica_Biolumin-c_Serum_Packshot.jpg?v=1722501095,"Complete list of ingredients

water/aqua/eau, glycerin, propanediol, tranexamic acid, butylene glycol, peg-40 hydrogenated castor oil, aminopropyl ascorbyl phosphate, hydroxyacetophenone, dipotassium glycyrrhizate, lactic acid, ergothioneine, glycine soja (soybean) oil, helianthus annuus (sunflower) seed oil, citrus nobilis (mandarin orange) peel oil, ricinus communis (castor) seed oil, chlorella vulgaris extract, daucus carota sativa (carrot) root extract, hydrolyzed jojoba esters, cichorium intybus (chicory) root extract, opuntia ficus-indica stem extract, citrus aurantium dulcis (orange) fruit extract, citrus paradisi (grapefruit) fruit extract, citrus aurantifolia (lime) oil, cyamopsis tetragonoloba (guar) gum, tocopherol, sodium pca, fructooligosaccharides, bioflavonoids, glycoproteins, glycine, squalane, ascorbyl methylsilanol pectinate, caprylyl glycol, beta-carotene, cystine, pentylene glycol, mannitol, ergosterol, xanthan gum, methylpropanediol, 1,2-hexanediol, tetrasodium glutamate diacetate, carbomer/papain crosspolymer, phytic acid, citric acid, sodium hydroxide, acacia senegal gum, polyacrylate crosspolymer-6, algin, disodium phosphate, limonene, citrus species peel extract.

this list of ingredients is subject to change; please refer to the packaging of the purchased product.",',0
Skincare,Serums,'8024763302060,'43855622701228,Ulé,Renewing Night Serum,https://ohmycream.co.uk/collections/skincare-serums/products/ule-renewing-night-serum?variant=43855622701228,https://cdn.shopify.com/s/files/1/0555/4071/1596/files/2024_09_Ule_Serum_Nuit_Renovateur_Packshot_1.jpg?v=1726733701,Complete list of ingredients,',0
Skincare,Serums,'8026529235116,'43718489997484,Susanne Kaufmann,Ectoin Repair Serum,https://ohmycream.co.uk/collections/skincare-serums/products/susanne-kaufmann-ectoin-repair-serum?variant=43718489997484,https://cdn.shopify.com/s/files/1/0555/4071/1596/files/2024_09_SusanneKaufmann_EctoinRepairSerum_Packshot.jpg?v=1725441761,"Complete list of ingredients

aqua/water/eau, pentylene glycol, alcohol, ectoin, glycerin, ribes nigrum (black currant) bud extract, plankton extract, ubiquinone, althaea rosea (hollyhock) flower extract, leontopodium alpinum extract, rhododendron ferrugineum (alpine rose) extract, gentiana lutea (gentian) root extract, galactoarabinan, lecithin, propanediol, sodium polyphosphate, xanthan gum, lactic acid, citric acid, tocopherol, levulinic acid, glyceryl caprylate, sodium benzoate, potassium sorbate, camphor, parfum (fragrance).

this list of ingredients is subject to change; please refer to the packaging of the purchased product.",'5.0,1
Skincare,Serums,'8059660435628,'43804029878444,Verso Skincare,Verso Super Facial Serum,https://ohmycream.co.uk/collections/skincare-serums/products/verso-skincare-super-facial-serum?variant=43804029878444,https://cdn.shopify.com/s/files/1/0555/4071/1596/files/2024_09_Verso_SuperFacialSerum_Packshot.jpg?v=1727339721,"Complete list of ingredients

aqua, caprylic/capric triglyceride, hydrogenated lecithin, butyrospermum parkii butter, pentylene glycol, palmitic acid, glycerin, c12-16 alcohols, squalane, palmitoyl glycine, retinyl retinoate, curcuma longa root extract, ceramide np, tocopheryl acetate, magnesium palmitoyl glutamate, tetrahydrodiferuloylmethane, tetrahydropiperine, canola oil, palmitoyl proline, ascorbyl palmitate, sodium palmitoyl sarcosinate, xanthan gum, acrylates/c10-30 alkyl acrylate crosspolymer, parfum, phenoxyethanol, caprylyl glycol, sodium hydroxide

this list of ingredients is subject to change; please refer to the packaging of the purchased product.",'5.0,1
Skincare,Serums,'7383232479404,'41811433357484,Oskia,Super-C Beauty Nutrient Capsules,https://ohmycream.co.uk/collections/skincare-serums/products/oskia-super-c-beauty-nutrient-capsules?variant=41811433357484,https://cdn.shopify.com/s/files/1/0555/4071/1596/products/5032410042061_Oskia_Super-C-smart-nutrient-beauty-capsule_60-capsules.jpg?v=1658162462,"Complete list of ingredients

simmondsia chinensis (jojoba) seed oil, octyldodecanol, prunus amygdalus dulcis (sweet almond) oil, tocopheryl (vitamin e) acetate, ascorbyl (vitamin c) tetraisopalmitate, solanum lycopersicum (tomato) fruit extract, tocotrienols, phytosterols, tocopherol (vitamin e), squalane, squalene, elaeis guineensis oil, parfum (fragrance), limonene, linalool

this list of ingredients is subject to change; please refer to the packaging of the purchased product.",',0
Skincare,Serums,'7476380958892,'42091905941676,Patyka,Firming Serum Pro-Structure,https://ohmycream.co.uk/collections/skincare-serums/products/firming-serum-pro-structure?variant=42091905941676,https://cdn.shopify.com/s/files/1/0555/4071/1596/products/Serumefermet_prostructureliftessentiel_PATIKA.jpg?v=1664473332,"Complete list of ingredients

ingredients: rosa damascena flower water*, aqua(water), caprylic/capric triglyceride, pentylene glycol, glycerin, coco-caprylate/caprate, cetearyl alcohol, diglycerin, dipalmitoyl hydroxyproline, glyceryl behenate, parfum (fragrance), propanediol, behenyl alcohol, levulinic acid, sodium hyaluronate, lecithin, limonene**, sodium levulinate, xanthan gum, vigna aconitifolia seed extract, sodium hydroxide, hydrolyzed lupine protein, hexapeptide-11, sclerotium gum, maltodextrin, angelica archangelica callus extract, panax ginseng root extract, sodium phytate, leuconostoc/radish root ferment filtrate, helianthus annuus (sunflower) seed oil, tocopherol, linalool

***ingredients from organic agriculture. **natural constituents of the aromatic composition. 100% of the total is of natural origin. 40% of the total ingredients are from organic agriculture.

this list of ingredients is subject to change; please refer to the packaging of the purchased product.",',0
Skincare,Serums,'7623548502188,'42553969246380,Patyka,Hyperpigmentation Set,https://ohmycream.co.uk/collections/skincare-serums/products/patyka-hyperpigmentation-set?variant=42553969246380,https://cdn.shopify.com/s/files/1/0555/4071/1596/files/CoffretAnti-Taches_Patyka.jpg?v=1684751995,"Complete list of ingredients

dark spot correcting serum : 99.7% du total des ingrédients sont d’origine naturelle 51% du total des ingrédients sont issus de l’agriculture biologique

ingrédients : aqua (water), glycerin, alcohol** denat., coco caprylate/caprate, microcrystalline cellulose, apricot kernel oil polyglyceryl-4 esters, parfum (fragrance), xanthan gum, sodium levulinate, polyglyceryl-10 oleate, avena sativa (oat) kernel extract*, lysolecithin, sclerotium gum, polyglyceryl-6 laurate, hexapeptide-11, limonene, vaccinium myrtillus fruit/leaf extract, pullulan, sodium anisate, sorbitan palmitate, sodium stearoyl lactylate, cellulose gum, citric acid, saccharum officinarum (sugar cane) extract, sodium benzoate, sodium hyaluronate, potassium sorbate, tocopherol, sodium hydroxide, tetrasodium glutamate diacetate, citrus aurantium dulcis (orange) fruit extract, citrus medica limonum (lemon) fruit extract, hydroxyresveratrol, benzyl alcohol, hydrolyzed algae extract, acer saccharum (sugar maple) extract, linalool, salicylic acid, lycium barbarum fruit extract*

*ingrédients issus de l’agriculture biologique *transformé à partir d’ingrédients biologiques

anti-spot fluid high protection spf30 : aqua (water), caprylic/capric triglyceride, coco-caprylate/caprate, pentylene glycol, zinc oxide, glycerin, polyglyceryl-6 stearate, titanium dioxide, parfum (fragrance), microcrystalline cellulose, silica, dictyopteris polypodioides extract, sodium hyaluronate, aloe barbadensis leaf juice powder*, tocopherol, pongamol, sodium stearoyl glutamate, polyglyceryl-6 behenate, polyglyceryl-3 polyricinoleate, alumina, stearic acid, cetearyl alcohol, glyceryl stearate, xanthan gum, cellulose gum, polyhydroxystearic acid, citric acid, isostearic acid, sodium phytate, limonene**, linalool**, alcohol

*ingrédients issus de l’agriculture biologique *transformé à partir d’ingrédients biologiques

99.9% du total des ingrédients sont d’origine naturelle

40% du total des ingrédients sont issus de l’agriculture biologique

this list of ingredients is subject to change; please refer to the packaging of the purchased product.",'5.0,1
Skincare,Serums,'7383229464748,'41811429916844,Tata Harper,Resurfacing Serum,https://ohmycream.co.uk/collections/skincare-serums/products/tata-harper-resurfacing-serum?variant=41811429916844,https://cdn.shopify.com/s/files/1/0555/4071/1596/files/Tata_Harper_Serum_Resurfacant_Packshot_5a811935-269b-4dde-a4fe-97f7e002b6a5.jpg?v=1732887804,"Complete list of ingredients

hordeum vulgare leaf juice*, propanediol, silybum marianum ethyl ester, glycerin, galactoarabinan, aqua/water/eau, leuconostoc ferment filtrate, salix alba (willow) bark extract, cetearyl olivate, simmondsia chinensis (jojoba) seed oil, squalane, sorbitan olivate, isopropyl shea butterate, lactobacillus ferment, shea butter glycerides, solanum lycopersicum (tomato) fruit extract, l (+) lactic acid, vaccinium myrtillus fruit/leaf extract, saccharum officinarum (sugar cane) extract, citrus aurantium dulcis (orange) fruit extract, citrus limon (lemon) fruit extract, acer saccharum (sugar maple) extract, citric acid, terminalia ferdinandiana fruit extract, lithospermum erythrorhizon root extract, hippophae rhamnoides seed oil*, plukenetia volubilis seed oil*, saccharide isomerate, tasmannia lanceolata fruit/leaf extract, arnica montana (arnica) extract*, borago officinalis (borage) leaf extract*, calendula officinalis (calendula) flower extract*, medicago sativa (alfalfa) extract*, spiraea ulmaria (meadowsweet) extract*, sambucus nigra fruit extract, olea europaea (olive) oil*, tocopherol, **jasminum grandiflorum (jasmine) co2 extract, caprylic/capric triglyceride, **citrus aurantium (bergamot) peel oil, **cymbopogon flexuosus (lemongrass) oil, cetyl palmitate, sorbitan palmitate, sclerotium gum, sodium phytate, sodium citrate, phenethyl alcohol, mica, alcohol, ci 77891, ci 77491, citral, limonene, linalool, geraniol, benzyl benzoate, coumarin *ingredients from organic farming **aroma this list of ingredients is subject to change; please refer to the packaging of the purchased product.",',0
Skincare,Serums,'15025841406332,'54937151504764,Innisfree,Green Tea Seed Hyaluronic Serum,https://ohmycream.co.uk/collections/skincare-serums/products/innisfree-green-tea-seed-hyaluronic-serum?variant=54937151504764,https://cdn.shopify.com/s/files/1/0555/4071/1596/files/2025_01_Serum_hyaluronique_aux_graines_de_the_vert_Innisfree_Carre.jpg?v=1743086543,"Complete list of ingredients

water / aqua / eau, propanediol, glycerin, dibutyl adipate, butylene glycol dicaprylate/dicaprate, squalane, pentaerythrityl tetraethylhexanoate, glyceryl polymethacrylate, 1,2-hexanediol, hydrogenated castor oil isostearate, hydroxyethyl acrylate/sodium acryloyldimethyl taurate copolymer, polyglyceryl-3 methylglucose distearate, carbomer, hydrogenated lecithin, cholesterol, glyceryl stearate, tromethamine, triethyl citrate, lactobacillus ferment lysate, hyaluronic acid, panthenol, allantoin, sodium metaphosphate, camellia sinensis seed oil, cetearyl alcohol, xanthan gum, sodium stearoyl glutamate, limonene, butylene glycol, ethylhexylglycerin, sorbitan isostearate, citrus limon (lemon) peel oil, camellia sinensis leaf extract, sodium hyaluronate, madecassoside, lactic acid, ilex paraguariensis leaf extract, dextrin, theobroma cacao (cocoa) extract, citral, elettaria cardamomum seed oil, mentha viridis (spearmint) leaf oil, linalool, hydrolyzed hyaluronic acid, cymbopogon nardus (citronella) oil, ferula galbaniflua (galbanum) resin oil, sodium hyaluronate crosspolymer, camellia sinensis seed extract, ceramide np, tocopherol, phytosphingosine, sodium acetylated hyaluronate

this list of ingredients is subject to change; please refer to the packaging of the purchased product.",'4.5,2
Skincare,Serums,'15025676059004,'54936995463548,Innisfree,Gentle Retinol Salicylic Anti-Blemish Serum,https://ohmycream.co.uk/collections/skincare-serums/products/innisfree-gentle-retinol-salicylic-anti-blemish-serum?variant=54936995463548,https://cdn.shopify.com/s/files/1/0555/4071/1596/files/202502_SerumDouxAnti-ImperfectionsauRetinoletAcideSalicylique_Innisfree_1.jpg?v=1743169569,"Complete list of ingredients

water / aqua / eau, glycerin, butylene glycol, niacinamide, salicylic acid, dicaprylyl carbonate, tromethamine, betaine, 1,2-hexanediol, hydrogenated lecithin, ammonium acryloyldimethyltaurate/vp copolymer, caprylic/capric triglyceride, hydroxyethyl acrylate/sodium acryloyldimethyl taurate copolymer, cholesterol, helianthus annuus (sunflower) seed oil, allantoin, lactobacillus ferment lysate, glycine soja (soybean) oil, tocopherol, tocopheryl acetate, sodium methyl stearoyl taurate, propanediol, daucus carota sativa (carrot) root extract, ethylhexylglycerin, adenosine, sorbitan isostearate, camellia sinensis seed extract, asiaticoside, madecassic acid, retinol, asiatic acid, phytosphingosine, stearyl glycyrrhetinate, hyaluronic acid, ceramide np, beta-glucan, beta-carotene

this list of ingredients is subject to change; please refer to the packaging of the purchased product.",'5.0,1
Skincare,Serums,'14825892577660,'53624533680508,Victoria Beckham Beauty,Cell Rejuvenating Power Serum,https://ohmycream.co.uk/collections/skincare-serums/products/victoria-beckham-beauty-cell-rejuvenating-power-serum?variant=53624533680508,https://cdn.shopify.com/s/files/1/0555/4071/1596/files/2024_12_VictoriaBeckhamBeauty_CellRejuvenatingPowerSerumClear_Packshot.jpg?v=1735029391,Complete list of ingredients,'5.0,1
Skincare,Serums,'15138497134972,'55056529424764,Dermalogica,Dynamic Skin Strenghtening Serum,https://ohmycream.co.uk/collections/skincare-serums/products/dermalogica-dynamic-skin-strenghtening-serum?variant=55056529424764,https://cdn.shopify.com/s/files/1/0555/4071/1596/files/DynamicSkinStrengtheningSerum_Dermalogica__1_1.jpg?v=1744276150,"Complete list of ingredients

water/aqua/eau, propanediol, squalane, glycerin, butylene glycol, ethylhexyl olivate, neopentyl glycol diheptanoate, trimethylolpropane tricaprylate/tricaprate, hydroxyacetophenone, dipotassium glycyrrhizate, helianthus annuus (sunflower) seed oil, pelargonium graveolens flower oil, aniba rosodora (rosewood) wood oil, eucalyptus globulus leaf oil, santalum album (sandalwood) oil, hydrolyzed jojoba esters, brassica oleracea italica (broccoli) extract, ceratonia siliqua (carob) fruit extract, boerhavia diffusa root extract, onopordum acanthium flower/leaf/stem extract, tasmannia lanceolata leaf extract, anetholea anisata leaf extract, hydrolyzed rhodophyceae extract, zingiber officinale (ginger) root extract, cupressus sempervirens oil, juniperus virginiana oil, abies sibirica oil, sea water (maris aqua), acrylates/c10-30 alkyl acrylate crosspolymer, carnosine, polyglutamic acid, caprylyl glycol, glyceryl caprylate/caprate, caprylic/capric triglyceride, citrus reticulata (tangerine) extract, bisabolol, pentylene glycol, lecithin, xanthan gum, cetearyl alcohol, 1,2-hexanediol, tetrasodium glutamate diacetate, coco-glucoside, pistacia lentiscus (mastic) gum, citric acid, sodium hydroxide, pullulan, polyacrylate crosspolymer-6.

this list of ingredients is subject to change; please refer to the packaging of the purchased product.",',0
Skincare,Serums,'15432505590140,'55529268806012,Augustinus Bader,The Rich Cream Mini Routine,https://ohmycream.co.uk/collections/skincare-serums/products/augustinus-bader-the-rich-cream-mini-routine?variant=55529268806012,https://cdn.shopify.com/s/files/1/0555/4071/1596/files/202507_The_Rich_Cream_Mini_Routine_Augustinus_Bader__1.jpg?v=1753343274,"Complete list of ingredients

the face cream mask aqua/water/eau, glycerin, pentylene glycol, hydrogenated vegetable glycerides, coco-caprylate/caprate, cetearyl alcohol, 1,2-hexanediol, squalane, astragalus membranaceus root extract, atractylodes macrocephala root extract, bupleurum falcatum root extract, c12-16 alcohols, ascorbyl tetraisopalmitate, ethylhexyl polyhydroxystearate, caesalpinia spinosa gum, sodium stearoyl glutamate, cetearyl glucoside, palmitic acid, citric acid, polyacrylate crosspolymer-6, hydrogenated lecithin, sodium hyaluronate, maltodextrin, o-cymen-5-ol, hydrolyzed rice protein, panax ginseng root extract, camellia sinensis leaf extract, tocopheryl acetate, xanthan gum, punica granatum (pomegranate) fruit extract, wine, potassium sorbate, sodium benzoate, alanyl glutamine, arginine, oligopeptide-177, phenylalanine, sisymbrium irio seed oil, sodium chloride, tocopherol.

the eye cream aqua/water/eau, glycerin, coco-caprylate/caprate, panthenol, ethyl oleate, ethylhexyl polyhydroxystearate,squalane, glyceryl stearate citrate, hydrogenated vegetable glycerides, niacinamide, ascorbyl tetraisopalmitate, sodium stearoyl glutamate, polyglyceryl-3 stearate, oleic acid, cocos nucifera (coconut) oil, silica, simmondsia chinensis (jojoba) seed oil, hydrogenated lecithin, undaria pinnatifida extract, xanthan gum, potassium sorbate, citric acid, sodium benzoate, terminalia arjuna extract, centella asiatica flower/leaf/stem extract, hydrolyzed riceprotein, maltodextrin, sodium phytate, lecithin, corallina officinalis extract, camellia sinensis leaf extract, tocopheryl acetate, tocopherol, alanyl glutamine, arginine, oligopeptide-177, sodium chloride, phenylalanine, sisymbrium irio seed oil.

the serum aqua/water/eau, glycerin, 1,2-hexanediol, cellulose, ethylhexyl polyhydroxystearate, resveratrol, squalane, sodium acrylates copolymer, ascorbyl tetraisopalmitate, oryza sativa (rice) bran oil, maltitol, leontopodium alpinum callus culture extract, xylitylglucoside, lecithin, anhydroxylitol, citric acid, xylitol, hydrolyzed rice protein, maltodextrin, sodium hyaluronate, sodium hydroxide, o-cymen-5-ol, punica granatum extract, sodium phytate, glucose, xanthan gum, camellia sinensis leaf extract, hydrogenated lecithin, tocopheryl acetate, alanyl glutamine, arginine, oligopeptide-177, potassium sorbate, sodium chloride, phenylalanine, sisymbrium irio seed oil.

the rich cream aqua (water), coco-caprylate/caprate, helianthus annuus (sunflower) seed oil, squalane, glycerin, argania spinosa kernel oil, ethyl oleate, persea gratissima (avocado) oil, polyglyceryl-4 oleate, magnesium sulfate, oenothera biennis (evening primrose) oil, panthenol, polyglyceryl-6 oleate, zinc pca, polyhydroxystearic acid, butylene glycol, butyrospermum parkii (shea) butter, potassium sorbate, sodium benzoate, tocopherol, sodium hyaluronate, hydrolyzed rice protein, maltodextrin, citric acid, camellia sinensis leaf extract, hydrogenated lecithin, tocopheryl acetate, xanthan gum, alanyl glutamine, arginine, oligopeptide-177, phenylalanine, sisymbrium irio seed oil, sodium chloride, dextran, palmitoyl tripeptide-8

this list of ingredients is subject to change; please refer to the packaging of the purchased product.",',0
Skincare,Serums,'7383242768556,'41811444957356,Herbivore Botanicals,Cloud Jelly Serum,https://ohmycream.co.uk/collections/skincare-serums/products/herbivore-cloud-jelly-serum?variant=41811444957356,https://cdn.shopify.com/s/files/1/0555/4071/1596/products/Packshot_Cloud_Jelly_Serum_Hydratant_Herbivore_TINY.jpg?v=1658162570,"Complete list of ingredients

aqua/water/eau, aloe barbadensis leaf juice, glycerin, hydrolyzed corn starch hydroxyethyl ether, rosa damascena (rose) flower water, tremella fuciformis sporocarp extract, vegetable collagen, fragaria vesca (strawberry) fruit extract, prunus persica (peach) fruit extract, hibiscus sabdariffa (hibiscus) flower extract, leuconostoc/radish root ferment filtrate, microcrystalline cellulose, sodium phytate, cellulose gum gluconolactone, glyceryl caprylate, arginine, caprylhydroxamic acid, eclipta prostrata (false daisy) extract, melia azadirachta (neem) leaf extract, moringa oleifera (moringa) seed oil

this list of ingredients is subject to change; please refer to the packaging of the purchased product.",',0
Skincare,Serums,'7770207715500,'42992449519788,Ulé,Le C-Bright Vitamin C Serum,https://ohmycream.co.uk/collections/skincare-serums/products/ule-vitamin-c-bright-serum?variant=42992449519788,https://cdn.shopify.com/s/files/1/0555/4071/1596/files/LeCBrightS_rumd_activateurd_clat_Ul.jpg?v=1707227153,"Complete list of ingredients

aqua (water), propanediol, centella asiatica juice, coleus forskohlii juice, ocimum tenuiflorum juice, alcohol, glycerin, betaine, squalane, triheptanoin, ascorbyl tetraisopalmitate, polyacrylate crosspolymer-6, olive oil polyglyceryl-6 esters, palmaria palmata extract, xanthan gum, phenethyl alcohol, maltodextrin, 1,2-hexanediol, panthenol, pentaerythrityl tetraisostearate, sodium benzoate, tocopheryl acetate, hydroxyethyl acrylate/sodium acryloyldimethyl taurate copolymer, diglycerin, solanum lycopersicum (tomato) fruit lipids, zinc gluconate, tropaeolum majus flower/leaf/stem extract, sodium metabisulfite, tocopherol, simmondsia chinensis (jojoba) seed oil, parfum (fragrance), haematococcus pluvialis extract, helianthus annuus (sunflower) seed oil, caprylyl glycol, sorbitan isostearate, coleus forskohlii extract, limonene, ocimum tenuiflorum extract, linalool, ethylene brassylate, centella asiatica extract this list of ingredients is subject to change; please refer to the packaging of the purchased product.",'5.0,3
Skincare,Serums,'7383242866860,'41811445055660,Augustinus Bader,The Anti-Ageing Serum,https://ohmycream.co.uk/collections/skincare-serums/products/augustinus-bader-the-anti-ageing-serum?variant=41811445055660,https://cdn.shopify.com/s/files/1/0555/4071/1596/products/packshot_the_serum_augustinus_bader.jpg?v=1664781278,"Complete list of ingredients

aqua/water/eau, glycerin, 1,2-hexanediol, cellulose, ethylhexyl polyhydroxystearate, resveratrol, squalane, sodium acrylates copolymer, ascorbyl tetraisopalmitate, oryza sativa (rice) bran oil, maltitol, leontopodium alpinum callus culture extract, xylitylglucoside, lecithin, anhydroxylitol, citric acid, xylitol, hydrolyzed rice protein, maltodextrin, sodium hyaluronate, sodium hydroxide, o-cymen-5-ol, punica granatum extract, sodium phytate, glucose, xanthan gum, camellia sinensis leaf extract, hydrogenated lecithin, tocopheryl acetate, alanyl glutamine, arginine, oligopeptide-177, potassium sorbate, sodium chloride, phenylalanine, sisymbrium irio seed oil.

this list of ingredients is subject to change; please refer to the packaging of the purchased product.",'4.5,4
Skincare,Serums,'7383229104300,'41811429163180,Patyka,Anti-Dark Spot Correcting Serum,https://ohmycream.co.uk/collections/skincare-serums/products/patyka-dark-spot-correcting-serum?variant=41811429163180,https://cdn.shopify.com/s/files/1/0555/4071/1596/products/3700591900099_Patyka_Serum_Correcteur_TINY.jpg?v=1658162423,"Complete list of ingredients

99.7% du total des ingrédients sont d’origine naturelle 51% du total des ingrédients sont issus de l’agriculture biologique

ingrédients : aqua (water), glycerin, alcohol** denat., coco caprylate/caprate, microcrystalline cellulose, apricot kernel oil polyglyceryl-4 esters, parfum (fragrance), xanthan gum, sodium levulinate, polyglyceryl-10 oleate, avena sativa (oat) kernel extract*, lysolecithin, sclerotium gum, polyglyceryl-6 laurate, hexapeptide-11, limonene, vaccinium myrtillus fruit/leaf extract, pullulan, sodium anisate, sorbitan palmitate, sodium stearoyl lactylate, cellulose gum, citric acid, saccharum officinarum (sugar cane) extract, sodium benzoate, sodium hyaluronate, potassium sorbate, tocopherol, sodium hydroxide, tetrasodium glutamate diacetate, citrus aurantium dulcis (orange) fruit extract, citrus medica limonum (lemon) fruit extract, hydroxyresveratrol, benzyl alcohol, hydrolyzed algae extract, acer saccharum (sugar maple) extract, linalool, salicylic acid, lycium barbarum fruit extract*

*ingrédients issus de l’agriculture biologique **transformé à partir d’ingrédients biologiques

this list of ingredients is subject to change; please refer to the packaging of the purchased product.",',0
Skincare,Serums,'7383239622828,'41811442335916,Dermalogica,PowerBright Dark Spot Serum,https://ohmycream.co.uk/collections/skincare-serums/products/dermalogica-powerbright-dark-spot-serum?variant=41811442335916,https://cdn.shopify.com/s/files/1/0555/4071/1596/products/Sansref_Dermalogica_Power_Bright_darkspot_Serum_30ml_TINY.jpg?v=1658162540,"Complete list of ingredients

water/aqua/eau, ethylhexyl isononanoate, triolein, niacinamide, c12-16 alcohols, 1,2-hexanediol, coco-caprylate/caprate, lentinus edodes mycelium extract, c18-36 acid triglyceride, acrylates copolymer, butylene glycol, ectoin, paeonia suffruticosa root extract, jojoba esters, hydroxyacetophenone, hexylresorcinol, phytosteryl macadamiate, sodium hyaluronate crosspolymer, withania somnifera root extract, phytosterols, sodium levulinate, c12-18 acid triglyceride, raspberry ketone, mimosa tenuiflora bark extract, vanilla planifolia fruit, ilex paraguariensis leaf extract, helianthus annuus (sunflower) seed oil, prunus amygdalus dulcis (sweet almond) oil, citrus aurantium dulcis (orange) peel oil, citrus aurantium bergamia (bergamot) fruit oil, citrus medica limonum (lemon) peel oil, citrus paradisi (grapefruit) peel oil, ricinus communis (castor) seed oil, rosmarinus officinalis (rosemary) leaf extract, cistus ladaniferus resin, zingiber officinale (ginger) root oil, lavandula angustifolia (lavender) oil, ribes nigrum (black currant) seed oil, jasminum sambac (jasmine) flower extract, cucumis sativus (cucumber) seed oil, dipteryx odorata seed extract, styrax benzoin resin extract, viola odorata leaf extract, juniperus virginiana oil, titanium dioxide, tocopherol, ethylhexylglycerin, xanthan gum, sclerotium gum, hydrogenated lecithin, lecithin, palmitic acid, octyldecanol, glycerin, octyldodecyl oleate, squalene, octyldodecyl stearoyl stearate, tetrasodium glutamate diacetate, caprylyl glycol, benzyl glycol, laureth-21, pullulan, silica, alumina, sodium hydroxide, sodium glycolate, sodium dehydroacetate, sodium benzoate, sodium formate, citral, limonene, linalool.

this list of ingredients is subject to change; please refer to the packaging of the purchased product.",',0
Skincare,Serums,'7383246471340,'41811448201388,Dermalogica,Circular Hydration Serum,https://ohmycream.co.uk/collections/skincare-serums/products/dermalogica-circular-hydration-serum?variant=41811448201388,https://cdn.shopify.com/s/files/1/0555/4071/1596/files/Circular-Hydration-Serum-Dermalogica_repack_2023.jpg?v=1725877377,"Complete list of ingredients

water/aqua/eau, peg-8, glycerin, methylpropanediol, propanediol, ppg-24-glycereth-24, 1,2-hexanediol, xylitylglucoside, butylene glycol, hydroxyethyl urea, panthenol, hydroxyacetophenone, lactic acid, hyaluronic acid, sodium hyaluronate, dunaliella salina extract, avena sativa (oat) kernel extract, citrus aurantium bergamia (bergamot) fruit oil, citrus paradisi (grapefruit) peel oil, citrus limon (lemon) peel oil, santalum album (sandalwood) oil, laminaria digitata extract, jasminum sambac (jasmine) flower extract, chondrus crispus extract, gigartina stellata extract, macrocystis pyrifera (kelp) extract, prunus amygdalus dulcis (sweet almond) oil, lithothamnion calcareum extract, citrus aurantium dulcis (orange) oil, cupressus sempervirens oil, cistus ladaniferus leaf/stem extract, juniperus virginiana oil, rosmarinus officinalis (rosemary) flower/leaf/stem extract, tagetes minuta flower oil, rosa damascena flower, hydrolyzed rice protein, pentylene glycol, sodium pca, anhydroxylitol, xylitol, polyglutamic acid, lactobacillus ferment, lysine hcl, betaine, sclerotium gum, sodium lactate, pca, glucose, serine, alanine, glycine, silanetriol, pantolactone, glutamic acid, threonine, arginine, proline, xanthan gum, tetrasodium glutamate diacetate, polysorbate 20, sorbitan isostearate, citric acid, sodium hydroxide, hydroxyethyl acrylate/sodium acryloyldimethyl taurate copolymer, amylopectin, hydroxyethylcellulose, sodium benzoate, potassium sorbate, limonene, linalool.

this list of ingredients is subject to change; please refer to the packaging of the purchased product.",'5.0,1
Skincare,Serums,'7754584555692,'42924250595500,Dr. Barbara Sturm,The Better B Niacinamide Serum,https://ohmycream.co.uk/collections/skincare-serums/products/dr-barbara-sturm-the-better-b-niacinamide-serum?variant=42924250595500,https://cdn.shopify.com/s/files/1/0555/4071/1596/files/TheBetterBNiacinamideSerum_BarbaraSturm.jpg?v=1706182630,"Complete list of ingredients

aqua/water/eau, niacinamide, ectoin, glycerin, lactobacillus/portulaca oleracea ferment extract, dicaprylyl carbonate, prunus armeniaca (apricot) kernel oil, leuconostoc/radish root ferment filtrate, saccharide isomerate, panthenol, helianthus annuus (sunflower) seed oil, hydrogenated palm glycerides, hydrogenated vegetable glycerides, cetearyl alcohol, potassium cetyl phosphate, sclerotium gum, xanthan gum, ethylhexylglycerin, tocopherol, citric acid, pantolactone, phenoxyethanol, alcohol, sodium phytate this list of ingredients is subject to change; please refer to the packaging of the purchased product.",'5.0,1
Skincare,Serums,'7768948965548,'42988634898604,Pai Skincare,Fade Forward Dark Spot Serum,https://ohmycream.co.uk/collections/skincare-serums/products/pai-skincare-fade-forward-dark-spots-serum?variant=42988634898604,https://cdn.shopify.com/s/files/1/0555/4071/1596/files/FadeFowardS_rumAnti-Taches_PAI.jpg?v=1708617099,"Complete list of ingredients

aqua (water), pentylene glycol, citrus limon fruit water* (lemon fruit water), glycerin, heptyl undecylenate, hydrogenated lecithin, ascorbyl tetraisopalmitate (vitamin c), himanthalia elongata extract (algae), xanthan gum, tocopherol* (vitamin e), arginine, sodium hyaluronate, magnolia officinalis bark extract (magnolia extract), sodium phytate, ascorbic acid (vitamin c), backhousia citriodora leaf extract* (lemon myrtle), lactic acid

citral (naturally occurring in essential oils / naturellement présent dans les huiles essentielles)

of total: 100% natural origin / sur total: 100% d'origine naturelle *organic ingredient / ingrédient biologique

this list of ingredients is subject to change; please refer to the packaging of the purchased product.",',0
Skincare,Serums,'7383229628588,'41811430047916,Dermalogica,Biolumin-C Serum,https://ohmycream.co.uk/collections/skincare-serums/products/dermalogica-biolumin-c-serum?variant=41811430047916,https://cdn.shopify.com/s/files/1/0555/4071/1596/products/Sansref_Dermalogica_Biolumin_C_Serum_TINY.jpg?v=1658162429,"Complete list of ingredients

water/aqua/eau, glycerin, butylene glycol, ethoxydiglycol, lactic acid, salvia hispanica (chia) seed extract, sodium pca, palmitoyl tripeptide-5, sophora japonica flower extract, ascorbyl methylsilanol pectinate, sodium hyaluronate, tocopherol, dipotassium glycyrrhizate, aminopropyl ascorbyl phosphate, trehalose, polyacrylate-13, propanediol, citrus grandis (grapefruit) peel oil, helianthus annuus (sunflower) seed oil, polyisobutene, methylpropanediol, carrageenan, pentylene glycol, glyceryl polyacrylate, caprylyl glycol, ethylhexylglycerin, tetrasodium glutamate diacetate, xanthan gum, polysorbate 20, limonene, sodium hydroxide, phenoxyethanol

*vegan

this list of ingredients is subject to change; please refer to the packaging of the purchased product.",',0
Skincare,Serums,'7383241359532,'41811443613868,Dermalogica,Smart Response Serum,https://ohmycream.co.uk/collections/skincare-serums/products/dermalogica-smart-response-serum?variant=41811443613868,https://cdn.shopify.com/s/files/1/0555/4071/1596/products/6661511121148_Dermalogica_Smart_Response_Serum_30ml_8a86369b-f31c-4bc7-9c13-5a5062c7a380.jpg?v=1658162556,"Complete list of ingredients

water/aqua/eau, glycerin, coco-caprylate/caprate, ppg-24-glycereth-24, niacinamide, butylene glycol, 1,2-hexanediol, sodium acrylates crosspolymer-2, c18-36 acid triglyceride, sodium polyacryloyldimethyl taurate, hydroxyacetophenone, jojoba esters, olive oil decyl esters, phytosterols, cornus officinalis fruit extract, hydrolyzed wheat flour, sodium mannose phosphate, phytosteryl macadamiate, hydrolyzed beta-glucan, mimosa tenuiflora bark extract, ilex paraguariensis leaf extract, sea salt, ferula galbaniflua (galbanum) resin oil, helianthus annuus (sunflower) seed oil, citrus aurantium bergamia (bergamot) fruit extract, citrus aurantium dulcis (orange) peel oil, juniperus virginiana oil, pelargonium graveolens flower oil, vetiveria zizanoides root oil, prunus amygdalus amara (bitter almond) kernel oil, chlorella vulgaris extract, dipteryx odorata seed extract, lactic acid, bentonite, c12-18 acid triglyceride, squalene, tocopherol, sodium acetylated hyaluronate, mannose, citric acid, hydrated silica, sodium benzoate, potassium sorbate, citronellol, geraniol, coumarin, linalool, limonene.

this list of ingredients is subject to change; please refer to the packaging of the purchased product.",',0
Skincare,Serums,'7632186835116,'42621380231340,Violette FR,Blemish Rescue Serum,https://ohmycream.co.uk/collections/skincare-serums/products/violette-fr-blemish-rescue-serum?variant=42621380231340,https://cdn.shopify.com/s/files/1/0555/4071/1596/files/SerumBlemishRescue_Violette.jpg?v=1687696448,"Complete list of ingredients

aqua (eau), propanediol, niacinamide, zinc gluconate, panthenol, glycerin, sodium chloride, caesalpinia spinosa gum, sodium benzoate, albatrellus confuens (mushroom) extract, citric acid, rhodomyrtus tomentosa fruit extract, sodium hyaluronate, bioflavonoids.

this list of ingredients is subject to change; please refer to the packaging of the purchased product.",'5.0,1
Skincare,Serums,'7383242801324,'41811444990124,Antipodes,Glow Vitamin C Brightening Serum,https://ohmycream.co.uk/collections/skincare-serums/products/antipodes-glow-vitamin-c-brightening-serum?variant=41811444990124,https://cdn.shopify.com/s/files/1/0555/4071/1596/files/2024_09_Antipodes_Glow_Vitamin_C_Serum_eclat_Packshot.jpg?v=1733322434,"Complete list of ingredients

aqua, glycerin, terminalia ferdinandiana (kakadu plum) fruit extract, sodium acrylates copolymer & lecithin, benzyl alcohol; dehydroacetic acid, mica,iron oxide, titanium dioxide, sodium hyaluronate, potassium sorbate, sodium phytate;alcohol, vitis vinifera (grape) seed extract, (vinanza® grape), actinidia deliciosa (kiwi) fruit extract, (vinanza® kiwi), bakuchiol, persea gratissima (avocado pear) oil, fragrance of vanilla pod and mandarin: coumarin†, d-limonene†, linalool†.

this list of ingredients is subject to change; please refer to the packaging of the purchased product.",',0
Skincare,Serums,'15162559857020,'55087333147004,Madara,Retinol Alternative Plant-Powered Serum,https://ohmycream.co.uk/collections/skincare-serums/products/madara-retinol-alternative-plant-powered-serum?variant=55087333147004,https://cdn.shopify.com/s/files/1/0555/4071/1596/files/Retinol_Alternative_Plant-Powered_Serum_Madara_9cdd79db-edb6-426d-98da-b022a1b62f1b.jpg?v=1755787810,"Complete list of ingredients

betula alba (birch) juice; glycerin; simmondsia chinensis (jojoba) seed oil; pentylene glycol; polyglyceryl-6 stearate; cetearyl alcohol; propanediol; dicaprylyl carbonate; astrocaryum murumuru seed butter; gossypium herbaceum seed oil; isoamyl laurate; bidens pilosa extract; aroma; polyglyceryl-6 behenate; linum usitatissimum (linseed) seed oil; cellulose; aqua; hippophae rhamnoides (sea buckthorn) fruit extract; lactic acid; xanthan gum; rhodomyrtus tomentosa (rose myrtle) fruit extract; caprylic/capric triglyceride; rosa canina (rose hip) fruit oil; hydrolyzed hyaluronic acid; octyldodecanol; sodium hyaluronate; ci 77007 (ultramarines); sodium phytate; irvingia gabonensis kernel butter; hydrogenated coco-glycerides; silica; kaolin; tocopherol; limonene; linalool; terpineol; vanillin; pinene

this list of ingredients is subject to change; please refer to the packaging of the purchased product.",',0
Skincare,Serums,'15179629658492,'55108813357436,Oskia,Midnight Elixir Regenerative EGF & Multi-Peptide Night Serum,https://ohmycream.co.uk/collections/skincare-serums/products/oskia-midnight-elixir-regenerative-egf-multi-peptide-night-serum?variant=55108813357436,https://cdn.shopify.com/s/files/1/0555/4071/1596/files/202504_MidnightElixirRegenerativeEGFMulti-PeptideNightSerum_Oskia.jpg?v=1745834894,"Complete list of ingredients

aqua (water), glycerin, caprylic/capric triglyceride, lactobacillus, dimethyl sulfone (msm), niacinamide (vitamin b3), leuconostoc/radish root ferment filtrate, sodium lactate, propanediol, vitis vinifera (grape) seed oil, opuntia ficus-indica (prickly pear) stem extract, cetearyl olivate, sorbitan olivate, betaine, 7-dehydrocholesterol (provitamin d3), avena sativa (oat) kernel extract, acetyl glutamine, folic acid (vitamin b9), lentinus edodes (shiitake mushroom) extract, trametes versicolor (turkey tail mushroom) extract, crithmum maritimum (rock samphire) extract, gluconolactone, sodium pca, cocos nucifera (coconut) fruit extract, cetearyl alcohol, cetyl palmitate, xanthan gum, sorbitan palmitate, glyceryl behenate, pca, polyglutamic acid, melatonin, bacillus/folic acid ferment extract, sodium hyaluronate, ubiquinone (coenzyme q10), serine, alanine, glycine, tocopheryl acetate (vitamin e), resveratrol, saccharomyces/zinc ferment, saccharomyces/copper ferment, saccharomyces/magnesium ferment, saccharomyces/iron ferment, saccharomyces/silicon ferment, glutamic acid, glyceryl linoleate, glyceryl linolenate, glyceryl caprylate, lysine, threonine, arginine, retinyl palmitate (vitamin a), sodium ascorbyl phosphate (vitamin c), tocopherol (vitamin e), olus oil (vegetable oil), glyceryl undecylenate, acetyl octapeptide-3, sh-oligopeptide-1, sh-oligopeptide-2, sh-polypeptide-1, sh-polypeptide-9, sh-polypeptide-11, ascorbyl tetraisopalmitate (vitamin c), proline, lecithin, pentylene glycol, parfum (natural), octyldodecanol, hydrogenated phosphatidylcholine, caprylyl glycol, sorbitol, butylene glycol, 1,2-hexanediol, benzyl alcohol, disodium phosphate, sodium benzoate

this list of ingredients is subject to change; please refer to the packaging of the purchased product.",',0
Skincare,Serums,'15226032914812,'55165378593148,Lightinderm,SPOTLESS Capsules Hyperpigmentation Treatment,https://ohmycream.co.uk/collections/skincare-serums/products/lightinderm-spotless-capsules-hyperpigmentation-treatment?variant=55165378593148,https://cdn.shopify.com/s/files/1/0555/4071/1596/files/202505_LightInDerm_CapsulesSpotless_Packshot.jpg?v=1749731212,"Complete list of ingredients

aqua (water), propanediol, heptyl undecylenate, coco-caprylate/caprate, niacinamide, squalane, lentinus edodes mycelium extract, myristyl alcohol, sodium acrylates copolymer, glyceryl stearate, peg-100 stearate, glycerin, hydroxyethyl acrylate/sodium acryloyldimethyl taurate copolymer, c12-16 alcohols, 3-o-ethyl ascorbic acid, myristyl glucoside, lecithin, caprylyl glycol, 1,2-hexanediol, ethylhexylglycerin, hydrogenated lecithin, andrographis paniculata leaf extract, sodium tocopheryl phosphate, palmitic acid, sodium hyaluronate, glycyrrhiza glabra (licorice) root extract, polysorbate 60, sorbitan isostearate, citric acid, cystoseira tamariscifolia extract, sodium benzoate, sodium levulinate, tocopherol

this list of ingredients is subject to change; please refer to the packaging of the purchased product.",',0
Skincare,Serums,'7383225434284,'41811423264940,Patyka,Advanced Plumping Serum,https://ohmycream.co.uk/collections/skincare-serums/products/patyka-advanced-plumping-serum?variant=41811423264940,https://cdn.shopify.com/s/files/1/0555/4071/1596/products/01_22_Packshot_Serum_Repulpant_Patika_TINY_REPUSH.jpg?v=1658162380,"Complete list of ingredients

99,9% du total des ingrédients sont d'origine naturelle
61,8% du total des ingrédients sont issus de l'agriculture biologique

ingrédients :

rosa damascena flower water*, aqua (water), citrus aurantium amara (bitter orange) flower water*, pentylene glycol, sodium hyaluronate, glycerin, levulinic acid, hyaluronic acid, sodium levulinate, sodium polyglutamate, xanthan gum, chondrus crispus (carrageenan) powder, avena sativa (oat) kernel extract**, sodium phytate, hexapeptide-11, alteromonas ferment extract, phenethyl alcohol, undaria pinnatifida extract, glucose, linalool, leuconostoc/radish root ferment filtrate, sodium benzoate, saccharide isomerate, citronellol, geraniol, alcohol, citric acid

*ingrédients issus de l'agriculture biologique
**transformé à partir d'ingrédients biologiques

this list of ingredients is subject to change; please refer to the packaging of the purchased product.",'4.7,18
Skincare,Serums,'15226001817980,'55165153640828,Lightinderm,LIFT Capsules Lifting & Redensifying Treatment,https://ohmycream.co.uk/collections/skincare-serums/products/lightinderm-lift-capsules-lifting-redensifying-treatment?variant=55165153640828,https://cdn.shopify.com/s/files/1/0555/4071/1596/files/202505_LightInDerm_CapsulesLIFT_Packshot.jpg?v=1749734296,"Complete list of ingredients

aqua (water), glycerin, heptyl undecylenate, coco-caprylate/caprate, butylene glycol, niacinamide, squalane, glyceryl stearate, myristyl alcohol, peg-100 stearate, sodium acrylates copolymer, 3-o-ethyl ascorbic acid, myristyl glucoside, 1,2-hexanediol, caprylyl glycol, lecithin, ethylhexylglycerin, hydroxyethyl acrylate/sodium acryloyldimethyl taurate copolymer, sodium tocopheryl phosphate, sodium hyaluronate, sorbitan laurate, citric acid, simmondsia chinensis (jojoba) seed extract , hydroxyethylcellulose, sodium lactate, acetyl dipeptide-1 cetyl ester, carbomer, polysorbate 60, sorbitan isostearate, coco-glucoside, bacillus ferment, glucose, tocopherol, palmitoyl tripeptide-1, palmitoyl tetrapeptide-7.

this list of ingredients is subject to change; please refer to the packaging of the purchased product.",',0
Skincare,Serums,'7785785131180,'43045428986028,Antipodes,Maya Hyaluronic 72 Hour Hydration Serum,https://ohmycream.co.uk/collections/skincare-serums/products/antipodes-maya-hyaluronic-72-hour-hydration-serum?variant=43045428986028,https://cdn.shopify.com/s/files/1/0555/4071/1596/files/MayaHyaluronicSerumHydratant72h_Antipodes.jpg?v=1708616861,"Complete list of ingredients

aqua (water), glycerin, polyglyceryl-6 stearate,bisabolol, parfum, pentylene glycol, sodium hyaluronate (hyaluronic acid), chlorella vulgaris (green marine algae) extract, hydrolyzed algin (brown marine algae), anigozanthos flavidus (kangaroo paw flower) extract, bambusa vulgaris (bamboo) leaf extract, phormium tenax (harakeke) extract, cucumis sativus (cucumber) fruit extract, aloe barbadensis (aloe vera) leaf juice powder, terminalia ferdinandiana (kakadu plum) fruit extract, tocopherol (vitamin e), mel (nz manuka honey), leuconostoc/radish root ferment filtrate, lactobacillus ferment, maris aqua (sea water), helianthus annuus (sunflower) seed oil, maltodextrin, polyglyceryl-6 behenate, xanthan gum, sclerotium gum, sodium phytate, potassium sorbate, gluconolactone, alcohol, sodium benzoate, calcium gluconate, benzyl alcohol, dehydroacetic acid, citronellol, geraniol, linalool, citral, limonene

this list of ingredients is subject to change; please refer to the packaging of the purchased product.",'5.0,1
Skincare,Serums,'7643352137900,'42664281833644,Pai Skincare,Salicylic Acid Clarifying Booster,https://ohmycream.co.uk/collections/skincare-serums/products/pai-skincare-salicylic-acid-clarifying-booster?variant=42664281833644,https://cdn.shopify.com/s/files/1/0555/4071/1596/files/BoosterAcideSalicyliquePurifiant_Pai.jpg?v=1690468789,"Complete list of ingredients

aqua (water), chamomilla recutita flower water*, pentylene glycol, alcohol denat*., salix alba bark extract (willow), glycerin**, salicylic acid, inulin, xanthan gum, fructose, sodium hydroxide.",',0
Skincare,Serums,'7383220584620,'41811417170092,Antipodes,Hosanna H2O Intensive Skin Plumping Serum,https://ohmycream.co.uk/collections/skincare-serums/products/antipodes-hosanna-h2o-intensive-skin-plumping-serum?variant=41811417170092,https://cdn.shopify.com/s/files/1/0555/4071/1596/products/9421900569786_Antipodes_Hosanna_Repack_TINY.jpg?v=1658162329,"Complete list of ingredients

lavandula angustifolia (lavender) hydrosol*, aqua (waiwera®®) water, naticide® (parfum), cyathea medullaris (mamaku black fern) leaf extract, xanthan gum, caprylyl/capryl glucoside, vitis vinifera (vinanza® grape) seed extract. fragrance of french rose & cardamon: citral, citronellol, limonene, farnesol, geraniol, linalool. *organic certified

this list of ingredients is subject to change; please refer to the packaging of the purchased product.",',0
Skincare,Serums,'7383237623980,'41811440271532,Odacité,Bu+L Sagging Skin Serum Concentrate,https://ohmycream.co.uk/collections/skincare-serums/products/odacite-sagging-skin-serum-concentrate?variant=41811440271532,https://cdn.shopify.com/s/files/1/0555/4071/1596/products/sansref_Odacite_Bu_L-Sagging-Skin-Booster-_Buriti-_-Lime__2000x2000_TINY.jpg?v=1658162518,"Complete list of ingredients

highest-grade cold-pressed buriti (mauritia flexuosa) fruit oil, pequi (caryocar braziliensis) seed oil lime (citrus aurantifolia) essential oil, certified gmo-free vitamin e (tocopherols) oil.

this list of ingredients is subject to change; please refer to the packaging of the purchased product.",',0
Skincare,Serums,'7539719078060,'42756798513324,Ulé,Tout est clear Anti-Blemishes Serum,https://ohmycream.co.uk/collections/skincare-serums/products/ule-tout-est-clear-anti-blemishes-serum?variant=42756798513324,https://cdn.shopify.com/s/files/1/0555/4071/1596/files/Tout-est-Clear_Ule.jpg?v=1695978722,"Complete list of ingredients

aqua (water), centella asiatica juice, coleus forskohlii juice, ocimum tenuiflorum juice, propanediol, alcohol, glycerin, oryza sativa (rice) starch, polyacrylate crosspolymer-6, gluconolactone, succinic acid, xanthan gum, sodium hydroxide, phenethyl alcohol, 1,2-hexanediol, sodium benzoate, zinc gluconate, parfum (fragrance), lavandula angustifolia (lavender) flower extract, linalool, t-butyl alcohol, ocimum tenuiflorum extract, centella asiatica extract, limonene, potassium sorbate, ethylene brassylate, coumarin, citric acid, coleus forskohlii extract, oryza sativa (rice) extract, geraniol, tocopherol

this list of ingredients is subject to change; please refer to the packaging of the purchased product.",',0
Skincare,Serums,'7680485621932,'42801493541036,Agent Nateur,Holi (Lift) Ageless Lifting and Firming Serum,https://ohmycream.co.uk/collections/skincare-serums/products/agent-nateur-holi-lift-ageless-serum?variant=42801493541036,https://cdn.shopify.com/s/files/1/0555/4071/1596/files/holi_lift_-agelessliftingandfirmingserum_AgentNateur.jpg?v=1697709289,"Complete list of ingredients

aqua, aloe barbadensis leaf juice, glycerin, manuka honey, squalane, olus oil, oryza sativa, olus oil, rosa mosqueta (rosehip) fruit oil, sodium acrylate/sodium acryloyldimethyl taurate copolymer, polyisobutene (and) caprylyl/capryl glucoside, cetearyl alcohol, cetearyl glucoside, lactic acid, cucumis sativus fruit extract, caprylic/capric triglyceride, leucojum aestivum bulb extract, nannochloropsis oceanica extract, simmondsia chinensis seed oil, solanum lycopersicum fruit extract, cistus incanus flower/leaf/stem extract, hylocereus undatus fruit extract, algae extract, cyathea medullaris extract, centella asiatica, glycyrrhiza glabra, gluconolactone, sodium benzoate, calcium gluconate, potassium sorbate, new zealand native red seaweed, cyathea medullaris leaf extract, new zealand native black fern gluconolactone, caprylic/capric triglyceride, calcium ketogluconate, hydrolyzed silk, sodium ascorbyl phosphate, glycogen, sodium hyaluronate, dehydroacetic acid, benzyl alcohol

this list of ingredients is subject to change; please refer to the packaging of the purchased product.",',0
Skincare,Serums,'8013715112108,'43680981745836,Pai Skincare,Phytofill 1% Firming Booster,https://ohmycream.co.uk/collections/skincare-serums/products/pai-skincare-phytofill-booster-fermete?variant=43680981745836,https://cdn.shopify.com/s/files/1/0555/4071/1596/files/2024_07_Pai_skincare_Phytofill_Booster_fermete_Packshot.jpg?v=1721730296,"Complete list of ingredients

aqua (water), pentylene glycol, triisostearin, caprylic/capric triglyceride, inulin, caprylyl glycol, xanthan gum, caesalpinia spinosa fruit extract, kappaphycus alvarezii extract, lavandula stoechas extract, glycerin, tocopherol* (vitamin e), fructose, lactic acid, camphor

of total: 100% natural origin / sur total: 100% d'origine naturelle *organic / biologique

this list of ingredients is subject to change; please refer to the packaging of the purchased product.",',0
Skincare,Serums,'7476380434604,'42091904532652,Odacité,Clean-ical Clarifying Serum,https://ohmycream.co.uk/collections/skincare-serums/products/clean-ical-clarifying-serum?variant=42091904532652,https://cdn.shopify.com/s/files/1/0555/4071/1596/products/packshot_serum_clarifiant_odacite.jpg?v=1664473328,"Complete list of ingredients

cananga odorata [ylang ylang] flower distillate water, glycerin, salicylic acid, sodium polyacrylate, lonicera japonica flower extract, sodium hyaluronate, amorphophallus konjac, aqua, aloe barbadensis [aloe] leaf/flower extract, phospholipids, tocopheryl acetate [vitamin e], retinyl palmitate [vitamin a], pantothenic acid [vitamin b5], ascorbyl palmitate [vitamin c], cholecalciferol [vitamin d3], cananga odorata oil, benzyl alcohol, benzoic acid, dehydroacetic acid, tocopherol, melia azadirachta [neem] leaf/flower extract, corallina officinalis [red seaweed] extract, coccinia indica [ivy gourd] fruit extract, solanum melongena [eggplant] fruit extract, ocimum sanctum leaf extract, ocimum basilicum [basil] flower/leaf extract, curcuma longa [turmeric] root extract

this list of ingredients is subject to change; please refer to the packaging of the purchased product.",',0
Skincare,Serums,'15169887764860,'55096009589116,Madara,Derma Collagen Hydra-Fill Firming Serum,https://ohmycream.co.uk/collections/skincare-serums/products/madara-derma-collagen-hydra-fill-firming-serum?variant=55096009589116,https://cdn.shopify.com/s/files/1/0555/4071/1596/files/202503_Madara_Derma_Collagen_Hydra-Fill_Firming_Serum_30ml_Packshot.png?v=1744985353,"Complete list of ingredients

aloe barbadensis (aloe) leaf juice; aqua; glycerin; glyceryl stearate citrate; pentylene glycol; cetearyl alcohol; caprylic/capric triglyceride; coco-caprylate/caprate; simmondsia chinensis (jojoba) seed oil; triheptanoin; alcohol; aroma; palmitic acid; stearic acid; xanthan gum; hexapeptide-11; ascorbyl palmitate; tocopherol; hydrolyzed hyaluronic acid; sodium hyaluronate; sodium phytate; leuconostoc/radish root ferment filtrate; spirulina platensis extract; alteromonas ferment extract; phenethyl alcohol; potassium hydroxide; linalool; limonene

this list of ingredients is subject to change; please refer to the packaging of the purchased product.",',0
Skincare,Serums,'7383223959724,'41811421561004,Pai Skincare,All Becomes Clear Anti-Blemish Serum,https://ohmycream.co.uk/collections/skincare-serums/products/pai-skincare-all-becomes-clear-anti-blemish-serum?variant=41811421561004,https://cdn.shopify.com/s/files/1/0555/4071/1596/products/5060139721684_Pai_All_Becomes_Clear_Serum_TINY.jpg?v=1658162362,"Complete list of ingredients

aqua (water), citrus limon fruit water* (lemon fruit water), lactobacillus ferment, glycerin**, glyceryl stearate citrate, cetearyl alcohol, copaifera officinalis resin* (copaiba balsam), aleurites moluccanus seed oil* (kukui oil), zinc pca, euterpe oleracea fruit oil* (açai fruit oil), sodium hyaluronate, carapa guaianensis seed oil* (andiroba oil), sodium levulinate, acacia senegal gum (gum arabic), sodium anisate, xanthan gum, glyceryl caprylate, crithmum maritimum extract* (sea fennel oil), citrus aurantium dulcis peel oil* (orange peel oil), tocopherol (vitamin e), lactic acid

limonene (naturally occurring in essential oils / naturellement présent dans les huiles essentielles)

of total: 66.8% (minus water and minerals) / 20% organic, 100% natural origin sur total: 66.8% (moins eau et minéraux) / 20% bio, 100% d'origine naturelle *organic ingredient / ingrédient biologique **made using organic ingredients / formulé à partir d'ingrédients biologiques

this list of ingredients is subject to change; please refer to the packaging of the purchased product.",',0
Skincare,Serums,'15176717402492,'55105424359804,Evolve Organic Beauty,Salicylic Rescue Serum,https://ohmycream.co.uk/collections/skincare-serums/products/evolve-salicylic-rescue-serum?variant=55105424359804,https://cdn.shopify.com/s/files/1/0555/4071/1596/files/202506_SalicylicRescueSerum_Evolve_Packshot.jpg?v=1748964260,"Complete list of ingredients

aqua (water), distarch phosphate, salix alba bark extract, glycerin, copaifera officinalis resin*, sodium stearoyl glutamate, aloe barbadensis leaf juice powder*, euterpe oleracea fruit oil*, carapa guaianensis seed oil*, acacia senegal gum, salicylic acid, xanthan gum, levulinic acid, sodium dehydroacetate, parfum (fragrance), sodium levulinate, sodium gluconate, linalool, citral, eugenol, benzyl benzoate

*ingredients from organic farming **made using organic ingredients

this list of ingredients is subject to change; please refer to the packaging of the purchased product.",',0
Skincare,Serums,'7383245947052,'41811447611564,Sunday Riley,A+ High Dose Retinoïd Serum,https://ohmycream.co.uk/collections/skincare-serums/products/sunday-riley-a-high-dose-retinoid-serum?variant=41811447611564,https://cdn.shopify.com/s/files/1/0555/4071/1596/products/817494013252_A_High_Dose_Rettinoid_Serum_Sunday_Riley.jpg?v=1658162602,"Complete list of ingredients

a+: water/eau/aqua, propanediol, dimethyl isosorbide, triheptanoin, dimethicone, glycerin, pentylene glycol, hexyldecanol, disiloxane, cetyl peg/ppg-10/1 dimethicone, diheptyl succinate, propylene carbonate, hydroxypinacolone retinoate, ppg-24-glycereth-24, phenyl trimethicone, retinol, ubiquinone (coq10), honey extract, sodium hyaluronate crosspolymer, algae extract, zingiber officinale (ginger) extract, opuntia ficus-indica fruit extract, bisabolol, butyrospermum parkii (shea) butter, phospholipids, saccharomyces cerevisiae extract, lecithin, sodium acrylates copolymer, hydrogenated polyisobutene, 1,2-hexanediol, 4-t- butylcyclohexanol, polyglyceryl-10 stearate, caprylyl glycol, helianthus annuss (sunflower) seed oil, sorbitol, cetylhydroxyproline palmitamide, polysilicone-11, benzoic acid, dehydroacetic acid, sodium phytate, glyceryl polyacrylate, polysorbate, hydroxyphenyl propamidobenzoic acid, stearic acid, brassica campestris sterols, pvp, capryloyl glycerin/sebacic acid copolymer, sodium benzoate, alcohol, potassium phosphate, decyl glucoside, phenoxyethanol, hexylene glycol, potassium sorbate, tocopherol.

this list of ingredients is subject to change; please refer to the packaging of the purchased product.",'5.0,1
Skincare,Serums,'7383241457836,'41811443646636,Ren Clean Skincare,Evercalm Anti-Redness Soothing Serum,https://ohmycream.co.uk/collections/skincare-serums/products/ren-skincare-evercalm-anti-redness-soothing-serum?variant=41811443646636,https://cdn.shopify.com/s/files/1/0555/4071/1596/products/Packshot_Serum_Anti_Rougeurs_Ren_Skincare_Repack_68e47d11-7845-4d01-9db6-3fa4a25be3ad.jpg?v=1658162557,"Complete list of ingredients

aqua (water), glycerin, caprylic/capric triglyceride, cetearyl olivate, glycine soja (soybean) oil, phospholipids, alcohol, sorbitan olivate, lactose, inulin, vaccinium vitis-idaea seed oil, lactic acid, arnica montana flower extract, algae extract, sodium citrate, sodium hyaluronate, tocopherol, xanthan gum, lactis proteinum (milk protein), alpha-glucan oligosaccharide, phenoxyethanol, aster maritima/tripolium extract, sodium hydroxymethylglycinate, sodium carboxymethyl betaglucan, rumex occidentalis extract, citrus aurantium amara (bitter orange) flower water extract, laminaria ochroleuca extract, helianthus annuus (sunflower) seed oil, rosmarinus officinalis (rosemary) leaf extract, geraniol, linalool

this list of ingredients is subject to change; please refer to the packaging of the purchased product.",'5.0,1
Skincare,Serums,'15160693850492,'55085633503612,Madara,SOS HYDRA Star Collection Set,https://ohmycream.co.uk/collections/skincare-serums/products/madara-sos-hydra-star-collection-set?variant=55085633503612,https://cdn.shopify.com/s/files/1/0555/4071/1596/files/Madara_HydraStar.png?v=1745318317,"Complete list of ingredients

micellar water aloe barbadensis (aloe) leaf juice, aqua, glycerin, hamamelis virginiana (witch-hazel) leaf water, rosa damascena (rosa) flower water, paeonia lactiflora (peonia) root extract, sodium levulinate, caprylyl/capryl glucoside, sodium pca, sodium benzoate, propanediol, xylitylglucoside, anhydroxylitol, lactic acid, aroma, sodium hyaluronate, xylitol, phragmites communis (reed) extract, poria cocos extract, rhamnose, glucose, glucuronic acid

sos hydra repair intensive serum aloe barbadensis (aloe) leaf juice, helianthus annuus (sunflower) seed oil, glycerin, glyceryl stearate citrate, pentylene glycol, cetearyl alcohol, simmondsia chinensis (jojoba) seed oil, rosa damascena (rose) flower water, dicaprylyl carbonate, isoamyl laurate, cellulose, hippophae rhamnoides (sea buckthorn) fruit extract, sodium pca, aroma, xanthan gum, sodium hyaluronate, ascorbyl palmitate, linum usitatissimum (linseed) seed extract, paeonia lactiflora (peony) root extract, tocopherol, urtica dioica (nettle) leaf extract, mica (ci 77019), ci 77891 (titanium dioxide), aqua, hydrolyzed hyaluronic acid, sodium phytate, ci 77491 (iron oxides), ci 77492 (iron oxides), benzyl alcohol, potassium hydroxide, sodium benzoate, potassium sorbate, citronellol, geraniol, benzyl salicylate, eugenol

sos hydra recharge cream aqua, simmondsia chinensis (jojoba) seed oil, glycerin, caprylic/capric triglyceride, glyceryl stearate, behenyl alcohol, isoamyl laurate, rosa damascena (rose) flower water, hippophae rhamnoides (sea buckthorn) fruit extract, sodium pca, sodium levulinate, aroma, cetearyl alcohol, lecithin, cellulose, sodium anisate, palmitic acid, stearic acid, lactic acid, glycine soja sterols, linum usitatissimum (flax) seed extract, urtica dioica (nettle) leaf extract, xanthan gum, paeonia lactiflora (peony) root extract, sodium hyaluronate, sodium phytate, ascorbyl palmitate, hydrolyzed hyaluronic acid, tocopherol, ci 77491 (iron oxides), benzyl alcohol, sodium benzoate, potassium sorbate, citronellol, geraniol, benzyl salicylate, eugenol

this list of ingredients is subject to change; please refer to the packaging of the purchased product.",',0
Skincare,Serums,'14857408151932,'54822217089404,Patyka,Intense Revolumising Bi-Serum,https://ohmycream.co.uk/collections/skincare-serums/products/patyka-intense-revolumising-bi-serum?variant=54822217089404,https://cdn.shopify.com/s/files/1/0555/4071/1596/files/2024_12_Patyka_Bi-SerumRevolumisantIntense_Packshot.jpg?v=1733934227,"Complete list of ingredients

ingredients : rosa damascena flower water*, helianthus annuus (sunflower) seed oil, 2,3-butanediol, caprylic/capric triglyceride, coco-caprylate/caprate, sesamum indicum (sesame) seed oil*, glycerin, magnesium sulfate, pentylene glycol, ricinus communis (castor) seed oil*, aqua (water), olea europaea (olive) fruit oil*, prunus domestica seed oil*, brassica campestris (rapeseed) seed oil*, diglycerin, hydrolyzed hyaluronic acid, vigna aconitifolia seed extract, polygonum tinctorium leaf extract, ascorbyl glucoside, iris pallida leaf cell extract, acacia senegal gum*, vetiveria zizanioides root extract, primula veris extract, rosmarinus officinalis (rosemary) leaf extract*, propanediol, parfum (fragrance), levulinic acid, tocopherol, sodium benzoate, sodium levulinate, sodium phytate, xanthan gum, maltodextrin, lecithin, sodium hydroxide, rose flower oil/extract**, benzaldehyde**, citronellol** [01-003-2.14] *ingredients from organic farming. **natural constituents of the aromatic composition.

99.8% of all ingredients are of natural origin. 67% of all ingredients are organically grown.

cosmos organic certified by ecocert greenlife according to the cosmos standard.

this list of ingredients is subject to change; please refer to the packaging of the purchased product.",',0
Skincare,Serums,'7792610508972,'43179582062764,Goop Beauty,20% Vitamin C + Hyaluronic Acid Glow Serum,https://ohmycream.co.uk/collections/skincare-serums/products/goop-beauty-vitamin-c-hyaluronic-acid-glow-serum?variant=43179582062764,https://cdn.shopify.com/s/files/1/0555/4071/1596/files/Super_clats_rumcoffret_GoopGlow.jpg?v=1711544729,"Complete list of ingredients

aqua, ascorbic acid, glycerin, dimethyl isosorbide, pentylene glycol, propanediol, terminalia ferdinandiana fruit extract, sodium hyaluronate, ferulic acid, olea europaea (olive) leaf extract, zizyphus jujuba seed extract, levan, decyl glucoside, galactoarabinan, sodium citrate, xylitol, caprylic acid, sodium hydroxide, citric acid, phenethyl alcohol, ethylhexylglycerin, potassium sorbate, caprylyl glycol.",'5.0,1
Skincare,Serums,'15169137017212,'55095173808508,Susanne Kaufmann,The Bestsellers Discovery Collection,https://ohmycream.co.uk/collections/skincare-serums/products/susanne-kaufmann-the-bestsellers-discovery-collection?variant=55095173808508,https://cdn.shopify.com/s/files/1/0555/4071/1596/files/packshot_coffret_SK.jpg?v=1746174013,"Complete list of ingredients

enzyme exoliator : aqua/water/eau, alcohol denat., pentylene glycol, glycerin, polyglyceryl-4 caprate, carbomer, alcohol, saccharide isomerate, hamamelis virginiana (witch hazel) leaf water, pyrus malus (apple) fruit extract, carica papaya (papaya) leaf extract, actinidia deliciosa (kiwi) fruit extract, ectoin, trigonella foenum-graecum seed extract, maltodextrin, menthol, chlorella vulgaris/lupinus albus protein ferment, aloe barbadensis leaf powder, pectin, cucumis melo (melon) fruit extract, terpineol, sodium hydroxide, levulinic acid, sodium levulinate, bisabolol, dipotassium glycyrrhizate, citric acid, sodium citrate.

hyaluron serum : aqua/water/eau, pentylene glycol, sodium hyaluronate, citric acid, parfum (fragrance).

body butter : aqua (water), olea europaea (olive) fruit oil, pentylene glycol, butyrospermum parkii (shea) butter, cetearyl alcohol, glyceryl stearate citrate, glycerin, sucrose stearate, cera alba, whey powder, helianthus annuus (sunflower) seed oil, mel, pollen, tocopherol, tocopheryl acetate, sodium stearoyl glutamate, xanthan gum, parfum.

this list of ingredients is subject to change; please refer to the packaging of the purchased product.",',0
Skincare,Serums,'7383226941612,'41811425132716,Tata Harper,Rejuvenating Serum,https://ohmycream.co.uk/collections/skincare-serums/products/tata-harper-rejuvenating-serum?variant=41811425132716,https://cdn.shopify.com/s/files/1/0555/4071/1596/products/851371002038_Tata_Harper_Rejuvenating_Serum_50ml_TINY.jpg?v=1707996757,"Complete list of ingredients

ordeum vulgare leaf juice*, aqua/water/eau, mangifera indica (mango) seed butter, rosa damascena flower water*, glycerin, caprylic/capric triglyceride, cetearyl alcohol, propanediol, galactoarabinan, carthamus tinctorius (safflower) oleosomes, simmondsia chinensis (jojoba) seed oil, cetearyl olivate, alaria esculenta extract, hyaluronic acid, sodium hyaluronate, phoenix dactylifera (date) seed extract, lavandula stoechas extract, narcissus tazetta bulb extract*, algae extract, arnica montana (arnica) extract*, borago officinalis (borage) leaf extract*, calendula officinalis (calendula) flower extract*, medicago sativa (alfalfa) extract*, spiraea ulmaria (meadowsweet) extract*, olea europaea (olive) oil*, menyanthes trifoliata leaf extract, santalum spicatum (sandalwood) wood oil, sambucus nigra fruit extract, helichrysum italicum flower oil*, hydrolyzed algae extract, anthemis nobilis (chamomile) flower oil, boswellia carterii oil*, dunaliella salina extract, salix alba (willow) bark extract, saccharide isomerate, squalane, citrus aurantium (neroli) oil, pogostemon cablin (patchouli) leaf oil, glyceryl caprylate, cetearyl glucoside, cetyl palmitate, sorbitan olivate, sorbitan palmitate, sodium levulinate, jasminum grandiflorum (jasmine) co2 extract, sclerotium gum, sodium phytate, leuconostoc ferment filtrate, sodium anisate, citric acid, sodium citrate, phenethyl alcohol, alcohol, linalool, limonene, benzyl benzoate, farnesol, geraniol, eugenol

*ingredients from organic farming



this list of ingredients is subject to change; please refer to the packaging of the purchased product.",'4.9,11
Skincare,Serums,'7383226941612,'41811425165484,Tata Harper,Rejuvenating Serum,https://ohmycream.co.uk/collections/skincare-serums/products/tata-harper-rejuvenating-serum?variant=41811425165484,https://cdn.shopify.com/s/files/1/0555/4071/1596/files/Tata_Harper_Rejuvenating_Serum_30ml.jpg?v=1732524322,"Complete list of ingredients

ordeum vulgare leaf juice*, aqua/water/eau, mangifera indica (mango) seed butter, rosa damascena flower water*, glycerin, caprylic/capric triglyceride, cetearyl alcohol, propanediol, galactoarabinan, carthamus tinctorius (safflower) oleosomes, simmondsia chinensis (jojoba) seed oil, cetearyl olivate, alaria esculenta extract, hyaluronic acid, sodium hyaluronate, phoenix dactylifera (date) seed extract, lavandula stoechas extract, narcissus tazetta bulb extract*, algae extract, arnica montana (arnica) extract*, borago officinalis (borage) leaf extract*, calendula officinalis (calendula) flower extract*, medicago sativa (alfalfa) extract*, spiraea ulmaria (meadowsweet) extract*, olea europaea (olive) oil*, menyanthes trifoliata leaf extract, santalum spicatum (sandalwood) wood oil, sambucus nigra fruit extract, helichrysum italicum flower oil*, hydrolyzed algae extract, anthemis nobilis (chamomile) flower oil, boswellia carterii oil*, dunaliella salina extract, salix alba (willow) bark extract, saccharide isomerate, squalane, citrus aurantium (neroli) oil, pogostemon cablin (patchouli) leaf oil, glyceryl caprylate, cetearyl glucoside, cetyl palmitate, sorbitan olivate, sorbitan palmitate, sodium levulinate, jasminum grandiflorum (jasmine) co2 extract, sclerotium gum, sodium phytate, leuconostoc ferment filtrate, sodium anisate, citric acid, sodium citrate, phenethyl alcohol, alcohol, linalool, limonene, benzyl benzoate, farnesol, geraniol, eugenol

*ingredients from organic farming



this list of ingredients is subject to change; please refer to the packaging of the purchased product.",'4.9,11
Skincare,Serums,'14865033593212,'54826168091004,Bioeffect,EGF serum 30 ml,https://ohmycream.co.uk/collections/skincare-serums/products/bioeffect-egf-serum-30ml?variant=54826168091004,https://cdn.shopify.com/s/files/1/0555/4071/1596/files/2024_12_BioEffect_SerumEGF30ml_Packshot.jpg?v=1734965424,"Complete list of ingredients

glycerin, water (aqua), sodium hyaluronate, tromethamine, sodium chloride, barley (hordeum vulgare) seed extract, egf (barley sh-oligopeptide-1)

this list of ingredients is subject to change; please refer to the packaging of the purchased product.",',0
Skincare,Serums,'15176634990972,'55105319469436,Evolve Organic Beauty,Bio Retinol + C Booster,https://ohmycream.co.uk/collections/skincare-serums/products/evolve-bio-retinol-c-booster?variant=55105319469436,https://cdn.shopify.com/s/files/1/0555/4071/1596/files/202506_BioRetinolCBooster_Evolve_202506_Packshot.jpg?v=1749023858,"Complete list of ingredients

caprylic/ capric triglyceride*, hippophae rhamnoides (sea buckthorn) fruit oil*, ascorbyl tetraisopalmitate, rosa canina (rosehip) fruit oil*, bakuchiol, tocopherol, parfum (naturally derived fragrance), helianthus annuus seed oil. *ingredients from organic farming

this list of ingredients is subject to change; please refer to the packaging of the purchased product.",'5.0,1
Skincare,Serums,'15437032194428,'55534666154364,Bioeffect,EGF Power Anti-ageing Serum,https://ohmycream.co.uk/collections/skincare-serums/products/egf-power-anti-agein-init?variant=55534666154364,https://cdn.shopify.com/s/files/1/0555/4071/1596/files/EGFPowerSerum-Serumanti-ageregenerant_BioEffect_a75eb5a5-debe-4b59-b502-f7cc08682958.jpg?v=1753187226,"Complete list of ingredients

glycerin, water (aqua), sodium citrate, acetyl glucosamine (nag), isopentyldiol, phenoxyethanol, sodium chloride, sodium hyaluronate, citric acid, barley (hordeum vulgare) seed extract, egf (barley sh-oligopeptide-1), kgf (barley sh-polypeptide-3)

this list of ingredients is subject to change; please refer to the packaging of the purchased product.",',0
Skincare,Serums,'15437032194428,'55550909841788,Bioeffect,EGF Power Anti-ageing Serum,https://ohmycream.co.uk/collections/skincare-serums/products/egf-power-anti-agein-init?variant=55550909841788,https://cdn.shopify.com/s/files/1/0555/4071/1596/files/Power-Serum-EGF---Bioeffect_81766bda-d9de-4d2a-bde8-98978d88acdd.jpg?v=1753187226,"Complete list of ingredients

glycerin, water (aqua), sodium citrate, acetyl glucosamine (nag), isopentyldiol, phenoxyethanol, sodium chloride, sodium hyaluronate, citric acid, barley (hordeum vulgare) seed extract, egf (barley sh-oligopeptide-1), kgf (barley sh-polypeptide-3)

this list of ingredients is subject to change; please refer to the packaging of the purchased product.",',0
Skincare,Serums,'7383226646700,'41811424641196,Tata Harper,Elixir Vitae Serum Ultimate Wrinkle Solution,https://ohmycream.co.uk/collections/skincare-serums/products/tata-harper-elixir-vitae-serum-ultimate-wrinkle-solution?variant=41811424641196,https://cdn.shopify.com/s/files/1/0555/4071/1596/files/Tata-Harper_Elixir-Vitae-Serum-Ultime-Anti-Rides_Packshot.jpg?v=1732897168,"Complete list of ingredients

hordeum vulgare leaf juice*, aqua/water/eau, glycerin, propanediol, caprylic/capric triglyceride, simmondsia chinensis seed oil, rosa damascena flower water*, cocos nucifera (coconut) fruit extract, glyceryl stearate se, silybum marianum ethyl ester, alcohol, arachidyl alcohol, cetyl alcohol, helianthus annuus (sunflower) seed wax, cetearyl olivate, aroma**, glyceryl undecylenate, leucojum aestivum (summer snowflake) bulb extract, acmella oleracea (spilanthes) extract, voandzeia subterranea seed extract, sodium hyaluronate, hyaluronic acid, carthamus tinctorius (safflower) oleosomes*, cassia alata leaf extract, citrus aurantium dulcis (orange) flower extract, punica granatum extract, dunaliella salina extract, lavandula stoechas (spanish lavender) extract, ascophyllum nodosum extract, anogeissus leiocarpus bark extract, sambucus nigra fruit extract, glyceryl caprylate, saccharide isomerate, arachidyl glucoside, pistacia lentiscus gum, narcissus tazetta (daffodil) bulb extract*, menyanthes trifoliata leaf extract, hydrolyzed algae extract, centella asiatica extract, diglucosyl gallic acid, camellia oleifera seed oil*, camellia sinensis (green tea) seed oil*, hippophae rhamnoides (sea buckthorn) oil*, oenothera biennis (evening primrose) oil*, opuntia ficus indica*, santalum spicatum seed oil, plukenetia volubilis seed oil*, helianthus annuus (sunflower) seed oil, argania spinosa fruit extract, rosa rubiginosa seed oil*, salix alba (willow) bark extract, stevioside, euterpe oleracea (acai) fruit oil*, olea europaea (olive) oil*, hydrolyzed algin, rosmarinyl glucoside, caffeyl glucoside, gallyl glucoside, algae extract, squalane, vitis vinifera (grape) juice extract, pancratium maritimum extract, phoenix dactylifera (date) seed extract, yeast extract, arnica montana (arnica) extract*, borago officinalis (borage) leaf extract*, calendula officinalis (calendula) flower extract*, medicago sativa (alfalfa) extract*, spiraea ulmaria (meadowsweet) extract*, tocopherol, leuconostoc/radish root ferment filtrate, xanthan gum, acacia senegal gum, lauryl glucoside, sorbitol, dicaprylyl ether, polyglyceryl-2 dipolyhydroxystearate, sorbitan olivate, maltodextrin, behenyl alcohol, citric acid, sodium citrate, benzyl alcohol, benzyl benzoate, citral, citronellol, eugenol, geraniol, limonene, linalool

*ingredients from organic farming / ingrédients issus de l’agriculture biologique
**essential oils blend / mélange d'huiles essentielles

",'4.7,9
Skincare,Serums,'7383226646700,'41811424608428,Tata Harper,Elixir Vitae Serum Ultimate Wrinkle Solution,https://ohmycream.co.uk/collections/skincare-serums/products/tata-harper-elixir-vitae-serum-ultimate-wrinkle-solution?variant=41811424608428,https://cdn.shopify.com/s/files/1/0555/4071/1596/files/Tata_Harper_Elixir_Vitae_Serum_Packshot.jpg?v=1732897639,"Complete list of ingredients

hordeum vulgare leaf juice*, aqua/water/eau, glycerin, propanediol, caprylic/capric triglyceride, simmondsia chinensis seed oil, rosa damascena flower water*, cocos nucifera (coconut) fruit extract, glyceryl stearate se, silybum marianum ethyl ester, alcohol, arachidyl alcohol, cetyl alcohol, helianthus annuus (sunflower) seed wax, cetearyl olivate, aroma**, glyceryl undecylenate, leucojum aestivum (summer snowflake) bulb extract, acmella oleracea (spilanthes) extract, voandzeia subterranea seed extract, sodium hyaluronate, hyaluronic acid, carthamus tinctorius (safflower) oleosomes*, cassia alata leaf extract, citrus aurantium dulcis (orange) flower extract, punica granatum extract, dunaliella salina extract, lavandula stoechas (spanish lavender) extract, ascophyllum nodosum extract, anogeissus leiocarpus bark extract, sambucus nigra fruit extract, glyceryl caprylate, saccharide isomerate, arachidyl glucoside, pistacia lentiscus gum, narcissus tazetta (daffodil) bulb extract*, menyanthes trifoliata leaf extract, hydrolyzed algae extract, centella asiatica extract, diglucosyl gallic acid, camellia oleifera seed oil*, camellia sinensis (green tea) seed oil*, hippophae rhamnoides (sea buckthorn) oil*, oenothera biennis (evening primrose) oil*, opuntia ficus indica*, santalum spicatum seed oil, plukenetia volubilis seed oil*, helianthus annuus (sunflower) seed oil, argania spinosa fruit extract, rosa rubiginosa seed oil*, salix alba (willow) bark extract, stevioside, euterpe oleracea (acai) fruit oil*, olea europaea (olive) oil*, hydrolyzed algin, rosmarinyl glucoside, caffeyl glucoside, gallyl glucoside, algae extract, squalane, vitis vinifera (grape) juice extract, pancratium maritimum extract, phoenix dactylifera (date) seed extract, yeast extract, arnica montana (arnica) extract*, borago officinalis (borage) leaf extract*, calendula officinalis (calendula) flower extract*, medicago sativa (alfalfa) extract*, spiraea ulmaria (meadowsweet) extract*, tocopherol, leuconostoc/radish root ferment filtrate, xanthan gum, acacia senegal gum, lauryl glucoside, sorbitol, dicaprylyl ether, polyglyceryl-2 dipolyhydroxystearate, sorbitan olivate, maltodextrin, behenyl alcohol, citric acid, sodium citrate, benzyl alcohol, benzyl benzoate, citral, citronellol, eugenol, geraniol, limonene, linalool

*ingredients from organic farming / ingrédients issus de l’agriculture biologique
**essential oils blend / mélange d'huiles essentielles

",'4.7,9
Skincare,Serums,'7383230349484,'41811431063724,Patyka,Hydra Booster Serum,https://ohmycream.co.uk/collections/skincare-serums/products/patyka-hydra-booster-serum?variant=41811431063724,https://cdn.shopify.com/s/files/1/0555/4071/1596/products/Patyka_Hydra_Serum-Hydra-Booster_30ml.jpg?v=1658162437,"Complete list of ingredients

99.9% of the total ingredients are of natural origin 20.8% of the total ingredients are from organic farming

ingredients: aqua (water), alcohol * * denat., butylene glycol, coco-caprylate/caprate, sodium stearoyl lactylate, tremella fuciformis (mushroom) extract, sodium hyaluronate, aloe barbadensis leaf juice powder *, bisabolol, microcrystalline cellulose, glyceryl caprylate, lauroyl lysine, fragrance (fragrance), lysolecithin, sclerotium gum, pullulan, xanthan gum, glycerin, propanediol, cellulose gum, gluconolactone, citric acid, silica, sodium hydroxide, levulinic acid, sodium levulinate, sodium phytate, sodium benzoate, potassium sorbate, alcohol, calcium gluconate, ci 77007 (ultramarines), limonen * * *

* ingredients from organic farming **made using organic ingredients *** natural constituents of the aromatic composition

this list of ingredients is subject to change; please refer to the packaging of the purchased product.",'5.0,1
Skincare,Serums,'7383237820588,'41811440435372,Odacité,Jo+L Clogged Pores Serum Concentrate,https://ohmycream.co.uk/collections/skincare-serums/products/odacite-clogged-pores-serum-concentrate?variant=41811440435372,https://cdn.shopify.com/s/files/1/0555/4071/1596/products/sansref_Odacite_Jo_L-Clogged-Pores-Booster-_Jojoba-_-Lavender__2000x2000_TINY.jpg?v=1658162520,"Complete list of ingredients

highest-grade cold-pressed certified virgin organic jojoba (simmondsia chinensis) oil, certified organic lavender (lavendula angustifolia) essential oil, certified gmo-free vitamin e (tocopherols) oil

this list of ingredients is subject to change; please refer to the packaging of the purchased product.",',0
Skincare,Serums,'7383246504108,'41811448234156,Herbivore Botanicals,Nova 15% Vitamin C + Turmeric Brightening Serum,https://ohmycream.co.uk/collections/skincare-serums/products/herbivore-botanicals-nova-15-vitamin-c-turmeric-brightening-serum?variant=41811448234156,https://cdn.shopify.com/s/files/1/0555/4071/1596/products/850026905175_Packshot_Nova_serum_Herbivore.jpg?v=1658162608,"Complete list of ingredients

aqua/water/eau, tetrahexyldecyl ascorbate, glycerin, c9-12 alkane, sodium stearoyl glutamate, propanediol, cetearyl olivate, sorbitan olivate, arctostaphylos uva-ursi leaf extract, curcuma longa (turmeric) root extract, terminalia chebula fruit extract, terminalia ferdinandiana fruit extract, hyaluronic acid, polyglyceryl-6 stearate, sclerotium gum, polyglyceryl-6 polyricinoleate, sodium levulinate, sodium anisate, melia azadirachta flower extract, coco-caprylate/caprate, butylene glycol, melia azadirachta leaf extract, ocimum sanctum leaf extract, sodium phytate, averrhoa carambola fruit extract, polyglyceryl-6 behenate, ocimum basilicum (basil) flower/leaf extract, tocopheryl acetate, echinacea purpurea extract, ananas sativus (pineapple) fruit juice, corallina officinalis extract, leuconostoc/radish root ferment filtrate, citric acid

this list of ingredients is subject to change; please refer to the packaging of the purchased product.",',0
Skincare,Serums,'7476380303532,'42091904368812,Herbivore Botanicals,Moon Fruit Retinol Alternative Serum,https://ohmycream.co.uk/collections/skincare-serums/products/fruit-retinol-alternative-serum?variant=42091904368812,https://cdn.shopify.com/s/files/1/0555/4071/1596/products/850026905380_Packshot_Moon_fruit_serum_Herbivore_799e5594-f71b-4dc3-8cf0-ae34f61ed961.jpg?v=1664473326,"Complete list of ingredients

water/aqua/eau, caprylic/capric triglyceride, octyldodecanol, glycerin, cetearyl alcohol, squalane, butyrospermum parkii (shea) butter, glyceryl stearate, vaccinium myrtillus seed oil, cetearyl olivate, melia azadirachta flower extract, glyceryl caprylate, sorbitan olivate, bakuchiol, pullulan, aloe barbadensis flower extract, chenopodium quinoa seed extract, coccinia indica fruit extract, corallina officinalis extract, melia azadirachta leaf extract, rosa damascena extract, tremella fuciformis sporocarp extract, vaccinium angustifolium (blueberry) fruit extract, vanilla planifolia fruit extract, citrus aurantium amara (bitter orange) leaf/twig extract, citrus aurantium dulcis (orange) peel extract, musa sapientum (banana) fruit extract, pyrus malus (apple) fruit extract, rubus idaeus (raspberry) fruit extract, lavandula angustifolia (lavender) flower/leaf/stem extract, gleditsia triacanthos seedextract, ocimum basilicum (basil) flower/leaf extract, curcuma longa (turmeric) root extract, ocimum sanctum leaf extract, solanum melongena (eggplant) fruit extract, decyl glucoside, lauryl glucoside, sodium stearoyl glutamate, cetyl hydroxyethylcellulose, citric acid, caprylhydroxamic acid, alcohol, hydrated silica, sodium nitrate, disodium phosphate, silica dimethyl silicate, sodium phosphate, caprylyl glycol, sodium benzoate

this list of ingredients is subject to change; please refer to the packaging of the purchased product.",',0
Skincare,Serums,'7566733967532,'42429174841516,Pai Skincare,Collagen Restoring Booster,https://ohmycream.co.uk/collections/skincare-serums/products/booster-collagene-vegan-pai-skincare?variant=42429174841516,https://cdn.shopify.com/s/files/1/0555/4071/1596/products/Booster-Reparateur_PAI.jpg?v=1677149442,"Complete list of ingredients

aqua (water), pentylene glycol, methylheptylglycerin, glycerin*, collagen amino acids, xanthan gum, cellulose, leuconostoc/radish root ferment filtrate, sodium phytate, lactic acid, cellulose gum, tocopherol (vitamin e)",',0
Skincare,Serums,'7632186343596,'42621403267244,Violette FR,UV Damage Rescue Serum,https://ohmycream.co.uk/collections/skincare-serums/products/violette-fr-uv-damage-rescue-serum?variant=42621403267244,https://cdn.shopify.com/s/files/1/0555/4071/1596/files/SerumUVDamageRescue_Violette.jpg?v=1687701524,"Complete list of ingredients

aqua (eau), glycérine, pentylène glycol, niacinamide, huile d'olive decyl esters, c14-22 alcohols, simmondsia chinensis (jojoba) seed oil, alpha-glucan oligosaccharide, panthenol, sodium chloride, c12-20 alkyl glucoside, tocophérol, acide lévulinique, gomme de caesalpinia spinosa, squalène, polyglutamate de sodium, lévulinate de sodium, asiaticoside, hydroxyde de sodium, acide madécassique, acide asiatique, acétyl hexapeptide-1, dextran.

this list of ingredients is subject to change; please refer to the packaging of the purchased product.",'4.0,1
Skincare,Serums,'7754584326316,'42924250366124,Dr. Barbara Sturm,Hyaluronic Serum Hydrating,https://ohmycream.co.uk/collections/skincare-serums/products/dr-barbara-sturm-hyaluronic-serum-hydrating?variant=42924250366124,https://cdn.shopify.com/s/files/1/0555/4071/1596/files/HyaluronicSerum_BarbaraSturm.jpg?v=1706117095,Complete list of ingredients,',0
Skincare,Serums,'7754584621228,'42924250661036,Dr. Barbara Sturm,Night Serum Regenerating,https://ohmycream.co.uk/collections/skincare-serums/products/dr-barbara-sturm-night-serum-regenerating?variant=42924250661036,https://cdn.shopify.com/s/files/1/0555/4071/1596/files/NightSerum_BarbaraSturm.jpg?v=1706183688,"Complete list of ingredients

aqua/water/eau, butylene glycol, lactobacillus/portulaca oleracea ferment extract, alcohol, sodium hyaluronate, glycerin, magnesium carboxymethyl beta-glucan, onopordum acanthium flower/leaf/stem extract, cassia alata leaf extract, leuconostoc/radish root ferment filtrate, phragmites karka extract, poria cocos extract, plankton extract, xanthan gum, ethylhexylglycerin, phenoxyethanol, sodium benzoate. this list of ingredients is subject to change; please refer to the packaging of the purchased product.",',0
Skincare,Serums,'8026570457260,'43718621659308,Patyka,Healthy Glow Serum,https://ohmycream.co.uk/collections/skincare-serums/products/patyka-healthy-glow-serum?variant=43718621659308,https://cdn.shopify.com/s/files/1/0555/4071/1596/files/2024_09_Patyka_Serum_Bonne_Mine_Packshot.jpg?v=1725438118,"Complete list of ingredients

99.8% of the total is of natural origin. 44.2% of the total ingredients are from organic farming.

ingrédients : aqua (water), helianthus annuus (sunflower) seed oil, undecane, 2,3-butanediol, tridecane, caprylic/capric triglyceride, magnesium sulfate, pentylene glycol, glycerin, passiflora incarnata water*, lavandula angustifolia (lavender) flower water*, diglycerin, haematococcus pluvialis extract, daucus carota sativa (carrot) extract*, ascorbyl glucoside, sodium hyaluronate, melissa officinalis leaf extract*, aloe barbadensis leaf juice powder*, parfum fragrance, levulinic acid, tocopherol, sodium levulinate, simmondsia chinensis (jojoba) seed oil*, sodium benzoate, sodium phytate, lecithin, xanthan gum, limonene**, terpineol**, sepiolite, citric acid, citrus aurantium peel oil**, pinene**, sodium hydroxide, curcumin, linalool**, vanillin**, potassium sorbate [01-004-2.14]

*ingredients from organic farming. **processed using organic ingredients.

this list of ingredients is subject to change; please refer to the packaging of the purchased product.",'5.0,2
