Major Category,Specific Category,Product ID,SKU ID,Product Brand,Product Desc,Product URL,Product Image Link,Product Ingredients,Rating,User Reviews
Skincare,Moisturisers,'15215008711036,'55151090565500,Oh My Cream,The Summer Pouch Carel x Oh My Cream,https://ohmycream.co.uk/collections/skincare-moisturisingcreams/products/summer-pouch-carel-oh-my-cream?variant=55151090565500,https://cdn.shopify.com/s/files/1/0555/4071/1596/files/Troussedel__t__CarelxOMC__1.jpg?v=1747043352,"Complete list of ingredients

trousse 100% coton made in india

regenerating cleanser tata harper (taille voyage - 50 ml) hordeum vulgare leaf juice*, cetearyl alcohol, cetearyl olivate, propanediol, helianthus annuus (sunflower) seed oil*, prunus armeniaca (apricot) seed powder*, **citrus paradisi (grapefruit) oil, sorbitan olivate, lactobacillus/punica granatum fruit ferment extract, salix alba (willow) bark extract, sambucus nigra fruit extract, arnica montana (arnica) extract*, borago officinalis (borage) leaf extract*, calendula officinalis (calendula) flower extract*, medicago sativa (alfalfa) extract*, spiraea ulmaria (meadowsweet) extract*, olea europaea (olive) oil*, tocopherol, coco-glucoside, cetearyl glucoside, caprylyl glycol, kaolin (white clay), sclerotium gum, **citrus aurantium (bergamot) peel oil, cetyl palmitate, magnolia officinalis bark extract, sorbitan palmitate, glyceryl caprylate, aqua/water/eau, sodium phytate, ci 77491 (red iron oxide), alcohol, limonene, citral, linalool *ingrédients issus de l’agriculture biologique **aroma

mini featherlash lifting serum mascara goop beauty (taille voyage - 4,5gr) water/aqua/eau, glyceryl stearate, hydrogenated jojoba oil, stearic acid, copernicia cerifera (carnauba) cera, glycerin, pentylene glycol, acacia senegal (gum arabic) gum, oryza sativa (rice) bran wax, shorea robusta (shala) resin, oleic/linoleic/linolenic polyglycerides, octyldodecanol, aminomethyl propanol, tocopherol, biotinoyl tripeptide-1, isochrysis galbana extract, panthenol, biotin, hyaluronic acid, leuconostoc/radish root ferment filtrate, lactobacillus, xanthan gum, cocos nucifera (coconut) fruit extract, [iron oxides (ci 77499)].

huile démaquillante éclair patyka (taille voyage - 50 ml) 100% du total des ingrédients sont d'origine naturelle 94,9% du total des ingrédients sont issus de l'agriculture biologique

ingredients : helianthus annuus (sunflower) seed oil*, polyglyceryl-4 oleate, simmondsia chinensis (jojoba) seed oil*, apricot kernel oil polyglyceryl-6 esters, parfum (fragrance), tocopherol, limonene**

*ingrédients issus de l'agriculture biologique **transformé à partir d'ingrédients biologiques

moisturizing mask susanne kaufman (taille voyage - 15 ml) aqua (water), glycerin, caprylic/capric triglyceride, pentylene glycol, dicaprylyl ether, methyl glucose sesquistearate, squalane, octyldodecanol, c10-18 triglycerides, cetearyl alcohol, glyceryl stearate, hydrogenated coco-glycerides, prunus amygdalus dulcis (sweet almond) oil, alcohol, lecithin, euphorbia cerifera (candelilla wax) cera, tocopheryl acetate, inulin, sodium hyaluronate, viola tricolor extract, brassica oleracea italica (broccoli) seed oil, echium plantagineum seed oil, helianthus annuus (sunflower) seed oil, cardiospermum halicacabum flower/leaf/vine extract, saccharide isomerate, xanthan gum, triticum vulgare (wheat) gluten, sodium levulinate, sodium stearoyl glutamate, sodium anisate, carrageenan, potassium phosphate, citric acid, methylpropanediol, sodium citrate, caprylyl glycol, tocopherol, 1,2-hexanediol, benzoic acid, phenylpropanol, methyl benzoate, parfum.

sérum dive in acide hyaluronique torriden (taille voyage - 20 ml) aqua, butylene glycol, glycerin, dipropylene glycol, 1,2-hexanediol, pentylene glycol, sodium hyaluronate, ethylhexylglycerin, allantoin, betaine, hydrolyzed hyaluronic acid, panthenol, tromethamine, carbomer, malachite extract, polyglyceryl-10 laurate, propanediol, sodium hyaluronate crosspolymer, glyceryl acrylate/acrylic acid copolymer, hydrolyzed sodium hyaluronate, pvm/ma copolymer, sodium acetylated hyaluronate, cholesterol, madecassic acid, madecassoside, trehalose, xanthan gum, ceramide 3, portulaca oleracea extract, paeonia suffruticosa root extract, scutellaria baicalensis root extract, beta-glucan, hamamelis virginiana leaf extract

hand & body wash sauge romarin lavande l:a bruket (taille voyage - 50 ml) aqua (water), sodium lauryl sulfoacetate, glycerin, cocamidopropyl betaine, sodium lauroyl sarcosinate, sodium pca, parfum (mix of essential oils), sodium levulinate, rosmarinus officinalis (rosemary) leaf oil, caprylyl/capryl glycoside, sodium anisate, lavandula angustifolia (lavender) flower oil, polysorbate 20, citric acid, polyglyceryl- 6 oleate, sodium cocoyl glutamate, salvia sclarea (clary sage) oil, glyceryl caprylate, sodium surfactin and linalool, limonene (natural ingredients of essential oils).

fluide solaire spf50 oh my cream skincare (nouveauté) (taille réelle) aqua/water/eau, dicaprylyl carbonate, coco-caprylate, cocoglycerides , diethylamino hydroxybenzoyl hexyl benzoate, bis-ethylhexyloxyphenol methoxyphenyl triazine, ethylhexyl triazone, phenylbenzimidazole sulfonic acid, glyceryl stearate, oryza sativa (rice) starch, 1,2-heptanediol, propanediol, sodium stearoyl glutamate, sodium hyaluronate, bisabolol, brassica campestris sterols, cetylhydroxyproline palmitamide, tocopherol, stearic acid, hexyldecanol, microcrystalline cellulose, cellulose gum, xanthan gum, sodium hydroxide, citric acid, sodium gluconate, o-cymen-5-ol.

c.e.o afterglow vitamin c cream sunday riley (taille voyage - 15 gr) water/eau/aqua, dimethicone, neopentyl glycol diethylhexanoate, tetrahexyldecyl ascorbate, polyglycerin-6, propanediol, phenyl trimethicone, glycerin, hydroxyethyl acrylate/ sodium acryloyldimethyl taurate copolymer, sodium hyaluronate crosspolymer, ergothioneine, xanthophyll, allantoin, citrus aurantium amara (bitter orange) flower oil, sodium acryloyldimethyltaurate/vp crosspolymer, mannitol, pentylene glycol, isododecane, dimethicone crosspolymer, sodium phytate, pentaerythrityl tetra-di-t-butyl hydroxyhydrocinnamate, benzotriazolyl dodecyl p-cresol, polymethylsilsesquioxane, ammonium acryloyldimethyltaurate/beheneth-25 methacrylate crosspolymer, carthamus tinctorius (safflower) seed oil, citrus aurantium dulcis (orange) peel oil, phenoxyethanol, caprylyl glycol, chlorphenesin, ethylhexylglycerin, citric acid, polysorbate 60, sorbitan isostearate.

liquid powder chromatic eye tint fresco ilia (taille réelle - 3,5ml) aqua/water/eau, mica, glycerin, silica, galactoarabinan, pentylene glycol, glyceryl caprylate, fructose, cellulose, kaolin, **aesculus hippocastanum (horse chestnut) extract, honokiol, tin oxide, potassium sorbate, citric acid. may contain (+/-): ci 77891 (titanium dioxide), ci 77491, ci 77492, ci 77499 (iron oxides), ci 77007 (ultramarines).

mist delight rudolph care (taille voyage - 30 ml) aloe barbadensis leaf extract* (aloe vera), aqua, calendula officinalis flower water* (pot marigold), glycerin**, zingiber officinale water (ginger), mel extract* (honey), saccharide isomerate, euterpe oleracea fruit extract (acai), sodium levulinate, parfum (natural), citric acid, sodium citrate, potassium sorbate, sodium benzoate *ingrédients issus de l'agriculture biologique **fabriqué à partir d'ingrédients biologiques

99% d'origine naturelle au total 79% du total des ingrédients sont issus de l'agriculture biologique

lip expert pro-collagen my blend (nouveauté) (taille voyage - 1,5 ml) octyldodecanol. diisostearyl malate. polyglyceryl-2 isostearate/dimer dilinoleate copolymer. cera alba/beeswax/cire d´abeille. helianthus annuus (sunflower) seed wax. silica. ethylcellulose. sorbitan caprylate. theobroma cacao (cocoa) seed butter. ethylhexyl palmitate. mica. tocopheryl acetate. tribehenin. ci 77891/titanium dioxide. ammonium glycyrrhizate. parfum/fragrance. theobroma cacao (cocoa) extract. sorbitan isostearate. lactic acid. ascorbyl palmitate. helianthus annuus (sunflower) seed oil. tocopherol. ci 77492/iron oxides. ci 15850/red 7 lake. palmitoyl tripeptide-1. [v4060a1]

brume démêlante cair (nouveauté) (taille voyage - 20 ml) oryza sativa (rice) bran water*, aqua (water), vitis vinifera (grape) fruit water*, erythritol, pentylene glycol, propanediol, behentrimonium chloride, cetearyl alcohol, phyllostachys bambusoides extract, acetum (vinegar), citric acid, glycerin, ethyl oleate, dipropylene glycol, parfum (fragrance), rubus idaeus (raspberry) seed oil, triolein, sodium

this list of ingredients is subject to change; please refer to the packaging of the purchased product.",'4.7,14
Skincare,Moisturisers,'7628061868204,'42571100422316,Violette FR,Boum Boum Milk Moisturising Spray Cream,https://ohmycream.co.uk/collections/skincare-moisturisingcreams/products/violette-fr-boum-boum-milk-moisturising-spray-cream?variant=42571100422316,https://cdn.shopify.com/s/files/1/0555/4071/1596/files/Boum-BoumMilk_100ml_Violette.jpg?v=1687537021,"Complete list of ingredients

eau (aqua)(eua), sève de betula pendula (bouleau), glycérine, pentylène glycol, triglycéride caprylique/caprique, huile de graines d'helianthus annuus (tournesol), squalane, extrait de graines d'aesculus hippocastanum (marron d'inde), extrait d'arthrospira platensis, extrait de feuilles de camélia sinensis, extrait de feuilles d'olea europaea (olive), extrait de fleurs de calendula officinalis, gomme de guar (cyamopsis tetragonoloba), phosphate de cététh-20, alcool cétéarylique, phosphate de dicétyle, tocopherol, acide lévulinique, hydroxyde de sodium, lévulinate de sodium, gomme de xanthan, alcool benzylique, acide déhydroacétique, acide citrique

this list of ingredients is subject to change; please refer to the packaging of the purchased product.",'4.5,36
Skincare,Moisturisers,'7628061868204,'42571100455084,Violette FR,Boum Boum Milk Moisturising Spray Cream,https://ohmycream.co.uk/collections/skincare-moisturisingcreams/products/violette-fr-boum-boum-milk-moisturising-spray-cream?variant=42571100455084,https://cdn.shopify.com/s/files/1/0555/4071/1596/files/Boum-BoumMilk_50ml_Violette.jpg?v=1687537021,"Complete list of ingredients

eau (aqua)(eua), sève de betula pendula (bouleau), glycérine, pentylène glycol, triglycéride caprylique/caprique, huile de graines d'helianthus annuus (tournesol), squalane, extrait de graines d'aesculus hippocastanum (marron d'inde), extrait d'arthrospira platensis, extrait de feuilles de camélia sinensis, extrait de feuilles d'olea europaea (olive), extrait de fleurs de calendula officinalis, gomme de guar (cyamopsis tetragonoloba), phosphate de cététh-20, alcool cétéarylique, phosphate de dicétyle, tocopherol, acide lévulinique, hydroxyde de sodium, lévulinate de sodium, gomme de xanthan, alcool benzylique, acide déhydroacétique, acide citrique

this list of ingredients is subject to change; please refer to the packaging of the purchased product.",'4.5,36
Skincare,Moisturisers,'7628061868204,'42571100487852,Violette FR,Boum Boum Milk Moisturising Spray Cream,https://ohmycream.co.uk/collections/skincare-moisturisingcreams/products/violette-fr-boum-boum-milk-moisturising-spray-cream?variant=42571100487852,https://cdn.shopify.com/s/files/1/0555/4071/1596/files/Boum-BoumMilk_200ml_Violette.jpg?v=1688991509,"Complete list of ingredients

eau (aqua)(eua), sève de betula pendula (bouleau), glycérine, pentylène glycol, triglycéride caprylique/caprique, huile de graines d'helianthus annuus (tournesol), squalane, extrait de graines d'aesculus hippocastanum (marron d'inde), extrait d'arthrospira platensis, extrait de feuilles de camélia sinensis, extrait de feuilles d'olea europaea (olive), extrait de fleurs de calendula officinalis, gomme de guar (cyamopsis tetragonoloba), phosphate de cététh-20, alcool cétéarylique, phosphate de dicétyle, tocopherol, acide lévulinique, hydroxyde de sodium, lévulinate de sodium, gomme de xanthan, alcool benzylique, acide déhydroacétique, acide citrique

this list of ingredients is subject to change; please refer to the packaging of the purchased product.",'4.5,36
Skincare,Moisturisers,'15195171914108,'55123969409404,Naturisimo,The Natural Sleep Starter Kit,https://ohmycream.co.uk/collections/skincare-moisturisingcreams/products/natural-sleep-starter-kit?variant=55123969409404,https://cdn.shopify.com/s/files/1/0555/4071/1596/files/TheNaturalSleepStarterKit1.jpg?v=1745580616,"Complete list of ingredients

aromatherapy associates sleep mist aqua (water), glycerin, peg-40 hydrogenated castor oil, trideceth-9, vetiveria zizanoides (vetivert) root oil, pogostemon cablin (patchouli) leaf oil, citrus aurantium amara (bitter orange) leaf/twig oil, cananga odorata (ylang ylang) flower oil, linalool*, propylene glycol, fusanus spicatus (australian sandalwood) wood oil, sodium benzoate, citric acid, ormenis multicaulis (wild camomile) oil, potassium sorbate, farnesol*, benzyl alcohol*, benzy benzoate*, geraniol*, limonene* parfum (fragrance)**, benzyl salicylate*, isoeugenol*, citral*, anthemis nobilis (roman camomile) flower oil, eugenol*, benzyl cinnamate*.

*natural essential oil contents **natural plant extracts

aurelia london cell repair night oil runus amygdalus dulcis (sweet almond) oil, cannabis sativa (hemp) seed oil, triticum vulgare (wheat) germ oil, olea europaea (olive) fruit oil, schinziophyton rautanenii kernel (mongongo) oil, citrullus lanatus (watermelon) seed oil, punica granatum (pomegranate) seed oil, adansonia digitata (baobab) seed oil, kigelia africana fruit extract (kigelia africana), helianthus annuus (sunflower) seed oil, hibiscus sabdariffa flower extract, citrus aurantium dulcis (orange) flower oil, citrus nobilis (mandarin orange) peel oil, lavandula angustifolia (lavender) oil, rosa damascena flower oil, tocopherol, tocopheryl acetate, limonene*, linalool*, citronellol*, geraniol*, hydroxycitronellal*, citral* (*naturellement présent dans les huiles essentielles)

ren clean skincare glycol lactic radiance renewal mask aqua (water), glycerin, polysorbate 60, lecithin, lactic acid, vitis vinifera (grape) seed oil, ribes nigrum (black currant) seed oil, citrus limon (lemon) fruit extract, xanthan gum, vaccinium macrocarpon (cranberry) seed oil, maltodextrin, sodium lactate, carica papaya (papaya) fruit extract, ananas sativus (pineapple) fruit extract, glyceryl caprylate, passiflora edulis fruit extract, vitis vinifera (grape) fruit extract, parfum* (fragrance), citrus nobilis (mandarin orange) peel oil, citrus grandis (grapefruit) peel oil, citrus tangerina (tangerine) peel oil, citrus aurantium dulcis (orange) flower oil, alcohol denat., benzyl alcohol, phenoxyethanol, potassium sorbate, tocopherol, hippophae rhamnoides oil, helianthus annuus (sunflower) seed oil, rosmarinus officinalis (rosemary) leaf extract, sodium bisulfite, citral, geraniol, limonene, linalool* 100% natural fragrance - parfum 100% naturel

evolve nightly renew facial cream aqua (eau), isoamyl laurate, coco-caprylate/ caprate, glycerin, cetearyl alcohol, c10-18 triglycerides, candelilla/ jojoba/ rice son polyglyceryl-3 esters, glyceryl stearate, bidens pilosa extract, paeonia lactiflora root extract, sodium hyaluronate, poudre de jus de feuilles d'aloe barbadensis*, beurre de graines d'astrocaryum murumuru, huile de graines de gossypium herbaceum (coton), huile de graines de linum usitatissimum (graines de lin), huile de graines d'helianthus annuus (tournesol), stéarate de saccharose, lactylate de stéaroyle de sodium, cellulose microcristalline, lévulinate de sodium, cetearyl glucoside, déhydroacétate de sodium, parfum (parfum d'origine naturelle), gomme de cellulose, gomme xanthane, anisate de sodium, tocophérol, palmitate de saccharose, acide phytique, tréhalose, benzoate de sodium, sorbate de potassium, acide citrique, géraniol, limonène, linalol.

neom perfect night's sleep hand cream aqua (water, eau), cetearyl alcohol, helianthus annuus (sunflower) seed oil, butyrospermum parkii (shea) butter, glycerin, prunus amygdalus dulcis (sweet almond) oil, cera alba (beeswax), glyceryl stearate, sodium stearoyl glutamate, theobroma cacao (cocoa) seed butter, parfum (fragrance)*, olea europaea (olive) fruit oil, benzyl alcohol, linalool, linum usitatissimum (linseed) seed oil, sucrose stearate, xanthan gum, aloe barbadensis leaf juice powder, citric acid, limonene, dehydroacetic acid, tocopherol, citronellol, sodium phytate, geraniol, glycine soja (soybean) oil, benzyl benzoate, coumarin, citral, alcohol.*made with 100% natural essential oils including lavender, chamomile and patchouli.

this list of ingredients is subject to change; please refer to the packaging of the purchased product.",'5.0,83
Skincare,Moisturisers,'7383282122924,'43002314883244,Oh My Cream Skincare,Universal Cream,https://ohmycream.co.uk/collections/skincare-moisturisingcreams/products/oh-my-cream-skincare-universal-cream?variant=43002314883244,https://cdn.shopify.com/s/files/1/0555/4071/1596/products/Oh_My_Cream_Skincare_Creme_Universelle_50ml.jpg?v=1756211376,"Complete list of ingredients

aqua (water), caprylic/capric triglyceride, coco-caprylate, diglycerin, glyceryl stearate citrate, prunus armeniaca (apricot) kernel oil, squalane, methylpropanediol, propanediol, 1,2-hexanediol, carbomer, caprylhydroxamic acid, sodium hydroxide, tocopherol, xanthan gum, sodium hyaluronate, tetrasodium glutamate diacetate, phenethyl alcohol, sodium carrageenan, maris sal (sea salt)

this list of ingredients is subject to change; please refer to the packaging of the purchased product.",'4.9,21
Skincare,Moisturisers,'7383282122924,'55039164645756,Oh My Cream Skincare,Universal Cream,https://ohmycream.co.uk/collections/skincare-moisturisingcreams/products/oh-my-cream-skincare-universal-cream?variant=55039164645756,https://cdn.shopify.com/s/files/1/0555/4071/1596/products/Oh_My_Cream_Skincare_Creme_Universelle_50ml.jpg?v=1756211376,"Complete list of ingredients

aqua (water), caprylic/capric triglyceride, coco-caprylate, diglycerin, glyceryl stearate citrate, prunus armeniaca (apricot) kernel oil, squalane, methylpropanediol, propanediol, 1,2-hexanediol, carbomer, caprylhydroxamic acid, sodium hydroxide, tocopherol, xanthan gum, sodium hyaluronate, tetrasodium glutamate diacetate, phenethyl alcohol, sodium carrageenan, maris sal (sea salt)

this list of ingredients is subject to change; please refer to the packaging of the purchased product.",'4.9,21
Skincare,Moisturisers,'7383282122924,'41811525075116,Oh My Cream Skincare,Universal Cream,https://ohmycream.co.uk/collections/skincare-moisturisingcreams/products/oh-my-cream-skincare-universal-cream?variant=41811525075116,https://cdn.shopify.com/s/files/1/0555/4071/1596/products/Oh_My_Cream_Skincare_Mini_Creme_Universelle_15ml_e9b0aa12-a664-4eb2-a353-cd2f7cb16f79.jpg?v=1756211376,"Complete list of ingredients

aqua (water), caprylic/capric triglyceride, coco-caprylate, diglycerin, glyceryl stearate citrate, prunus armeniaca (apricot) kernel oil, squalane, methylpropanediol, propanediol, 1,2-hexanediol, carbomer, caprylhydroxamic acid, sodium hydroxide, tocopherol, xanthan gum, sodium hyaluronate, tetrasodium glutamate diacetate, phenethyl alcohol, sodium carrageenan, maris sal (sea salt)

this list of ingredients is subject to change; please refer to the packaging of the purchased product.",'4.9,21
Skincare,Moisturisers,'15195082162556,'55123901120892,Naturisimo,The Glowing Skin Starter Kit,https://ohmycream.co.uk/collections/skincare-moisturisingcreams/products/glowing-skin-starter-kit?variant=55123901120892,https://cdn.shopify.com/s/files/1/0555/4071/1596/files/TheGlowingSkinStarterKit1.jpg?v=1745580708,"Complete list of ingredients

indie lee brightening cleanser water (aqua/eau), decyl glucoside (veg. oils & sugar), disodium coco-glucoside citrate, coco glucoside (coconut and sunflower oil), glyceryl oleate, hydrolyzed wheat protein, xanthan gum, fragaria chiloensis (strawberry) seed oil, lycopene (tomato), propanediol, ethylhexylglycerin, potassium sorbate

oskia super c x super r capsules super c: simmondsia chinensis (jojoba) seed oil, octyldodecanol (natural fatty acid emollient), prunus amygdalus dulcis (sweet almond) oil, tocopheryl (vitamin e) acetate, ascorbyl (vitamin c) tetraisopalmitate, solanum lycopersicum (tomato) fruit extract, tocotrienols (vitamin e), phytosterols, tocopherol (vitamin e), squalane (plant source), squalene (plant source), elaeis guineensis oil, parfum (nature identical fragrance), limonene*, linalool*

super r: c13-15 alkane, dimethyl isosorbide, sorbitan isostearate, octyldodecanol, ascorbyl (vitamin c) tetraisopalmitate, echium plantagineum seed oil, curcuma longa (turmeric) root extract, alaria esculenta extract, ubiquinone (coenzyme q10), 7-dehydrocholesterol (provitamin d3), tocopherol (vitamin e), caprylic/capric triglyceride, hydroxypinacolone retinoate, coco glucoside, rosmarinus officinalis (rosemary) leaf extract, cardiospermum halicacabum flower/leaf/vine extract, helianthus annuus (sunflower) seed oil unsaponifiables, helianthus annuus (sunflower) seed oil, olus oil (vegetable oil), lecithin, glycerin, water, sodium benzoate, rosa damascena extract.

*natural components of essential oil. capsules are vegan and bio-degradable.

trilogy vitamin c brightening eye serum aqua (water), coco-caprylate, glycerin, ascorbyl glucoside, hamamelis virginiana (witch hazel) water, microcrystalline cellulose, candelilla/jojoba/rice bran polyglyceryl-3 esters, glyceryl stearate, caprylic/capric triglyceride, cetyl alcohol, methylpropanediol, sambucus nigra (elderberry) flower extract, hyaluronic acid, silanetriol, sodium hyaluronate crosspolymer, caffeine, squalane mica, titanium dioxide (ci 77891), tocopherol (vitamin e), aloe barbadensis (aloe vera) leaf juice powder,citrus aurantium dulcis (orange sweet) peel oil, citrus nobilis (mandarin red) peel oil, lavandula angustifolia (lavender) flower oil, litsea cubeba (may chang) fruit oil, cananga odorata (ylang ylang) flower oil, cellulose gum, xanthan gum, helianthus annuus (sunflower) seed oil, cetearyl alcohol, sodium stearoyl lactylate, propanediol, ethylhexyl stearate, polyglyceryl-4 diisostearate/polyhydroxystearate/sebacate, sodium isostearate, alcohol, citric acid, sodium hydroxide, dehydroacetic acid, benzyl alcohol, limonene, linalool, citral, benzyl benzoate, geraniol.

trilogy vital moisturiser aqua, glycerin, prunus amygdalus dulcis (sweet almond) oil, glyceryl stearate se, oenothera biennis (evening primrose) oilsimmondsia chinensis (jojoba) seed oil, rosa canina seed oil, cetearyl wheat straw glycosides, cetearyl alcohol, sclerocarya birrea seed oil, aloe barbadensis leaf extract, sodium stearoyl glutamate, chamomilla recutita (matricaria) flower extract, solanum lycopersicum (tomato) seed oil, vaccinium macrocarpon (cranberry) seed oil, lycopene, euterpe oleracea fruit oil, avena sativa (oat) kernel extract, daucus carota sativa (carrot) seed oil, helianthus annuus (sunflower) seed oil, tocopheryl acetate, citrus aurantium amara (bitter orange) flower oil, rosmarinus officinalis (rosemary) leaf extract, caprylic/capric triglyceride, tocopherol, citric acid, parfum, benzyl alcohol**, dehydroacetic acid**, citral*, geraniol*, citronellol*, limonene*, linalool* *components of natural essential oils **preserved with dehydroacetic acid (and) benzyl alcohol

evolve bio-retinol gold mask helianthus annuus (sunflower) seed oil*, glycerin**, kaolin, prunus amygdalus dulcis (sweet almond) oil*, argania spinosa (argan) kernel oil*, mica, titanium dioxide (ci77891), silica, iron oxide (ci77491), sucrose laurate, rosa canina (rosehip) fruit oil*, parfum (naturally derived fragrance), bidens pilosa extract, astrocaryum murumuru seed butter, gossypium herbaceum (cotton) seed oil, linum usitatissimum (linseed) seed oil, citrus aurantium dulcis (orange) fruit water*, vanilla planifolia fruit oil, tocopherol, sucrose stearate, sucrose palmitate, tin oxide. *ingredients from organic farming **made using organic ingredients

this list of ingredients is subject to change; please refer to the packaging of the purchased product.",'4.9,209
Skincare,Moisturisers,'15195112276348,'55123928973692,Naturisimo,The Menopause Relief Kit,https://ohmycream.co.uk/collections/skincare-moisturisingcreams/products/menopause-relief-kit?variant=55123928973692,https://cdn.shopify.com/s/files/1/0555/4071/1596/files/TheMenopauseReliefStarterKit1.jpg?v=1745580558,"Complete list of ingredients

wild nutrition food-grown® perimenopause complex shatavari powder, brown rice flour, vegetable cellulose (capsule shell), purified seawater (providing magnesium), n-acetyl l-cysteine vegan, vitamin and mineral enhanced yeast providing; iron, vitamin b6 and molybdenum, saffron extract (safr’inside™), lactobacillus bulgaricus combined with pantothenic acid.

wild nutrition food-grown® menopause complex purified seawater (providing magnesium), vegetable cellulose (capsule shell), ashwagandha powder, dong quai powder, milk thistle powder, alfalfa powder, green tea powder and turmeric root powder.

evolve hydrate and protect moisturiser aqua (water), glycerin, squalane, cetearyl olivate, helianthus annuus (sunflower seed oil), sorbitan olivate, gluconolactone, hedychium coronarium root extract, bentonite, aloe barbadensis leaf juice powder*, sodium hyaluronate, microcrystalline cellulose, sodium stearoyl glutamate , parfum (natural origin fragrance), brassica campestris (rapeseed) seed oil*, polygonum tinctorium leaf extract, xanthan gum, rosmarinus officinalis leaf extract*, phytic acid, tocopherol, sodium benzoate, gum cellulose, calcium gluconate, limonene.

innersense i create volume water/aqua/eau, aloe barbadensis gel*, hydroxyethylcellulose, maltodextrin copolymer, potassium hydroxide, gluconolactone, sodium benzoate, calcium gluconate, alkyl acrylate crosspolymer, citrus aurantium dulcis peel oil, caprylic/capric triglyceride, potassium sorbate, sodium phytate, glycerin*, chamomilla recutita (matricaria) flower extract*, eucalyptus globulus leaf extract*, ginkgo biloba leaf extract*, aspalathus linearis leaf extract*, honey extract*, limonene†. *certified organic a natural component of essential oils

odylique creamy coconut cleanser aqua, cocos nucifera oil*, olea europaea fruit oil*, rosa centifolia flower water*, glycerine**, cetearyl alcohol, cetearyl glucoside, rosmarinus officinalis leaf extract*, citrus limon peel oil*, eucalyptus globulus leaf oil*, salvia sclarea oil*, lactic acid, sodium anisate, sodium levulinate, sodium lauroyl lactylate, xanthan gum, limonene* (in the lemon oil) plain english: coconut oil*, extra virgin olive oil*, rose flower water*, non-palm plant glycerine**, rosemary extract*, essential oils of clary sage*, eucalyptus* and lemon*, plant origin moisturisers & emulsifiers

* organically grown & produced ** organic origin (total 87%)

antipodes divine face oil persea americana (avocado pear) oil*, simmondsia chinensis (jojoba) seed oil*, macadamia integrifolia (macadamia) nut oil*, rosa rubiginosa (rosehip) seed oil*, tocopherol (vitamin e), helianthus annuus (sunflower) seed oil. fragrance of sweet orange, ylang ylang and jasmine: benzyl alcohol, benzyl benzoate, benzyl salicylate, citral, citronellol, d-limonene, eugenol, farnesol, geraniol, isoeugenol, linalool.

neal's yard women's balance remedies to roll helianthus annuus (sunflower) seed oil, copaifera officinalis (balsam copaiba) resin*, pogostemon cablin leaf oil*, pelargonium graveolens flower oil*, citrus sinensis peel oil expressed*, rosa damascena extract, tocopherol, boswellia sacra resin oil*, citrus aurantium bergamia (bergamot) peel oil*, thymus mastichina flower oil*, salvia sclarea (clary) oil*, limonene, linalool, citronellol, geraniol, citral, eugenol, farnesol. *organic. from essential oils. of total 100% natural origin, 98.0% organic

this list of ingredients is subject to change; please refer to the packaging of the purchased product.",'5.0,27
Skincare,Moisturisers,'7383223828652,'41811421462700,Pai Skincare,Anthemis Soothing Moisturizer,https://ohmycream.co.uk/collections/skincare-moisturisingcreams/products/pai-skincare-anthemis-soothing-moisturizer?variant=41811421462700,https://cdn.shopify.com/s/files/1/0555/4071/1596/products/5060139722032_Pai_Skincare_The_Anthemis_Creme_Hydratante_Apaisante_TINY.jpg?v=1658162362,"Complete list of ingredients

aqua (water), prunus armeniaca kernel oil* (apricot kernel oil), simmondsia chinensis seed oil* (jojoba oil), carthamus tinctorius seed oil* (safflower oil), cetearyl alcohol, glycerin**, rosa canina seed extract* (rosehip seed extract), butyrospermum parkii butter* (shea butter), citrus aurantium dulcis fruit water* (orange fruit water), cetearyl glucoside, chamomilla recutita flower extract* (chamomile extract), sodium stearoyl glutamate, rosmarinus officinalis leaf extract* (rosemary extract), tocopherol* (vitamin e), pelargonium graveolens flower oil* (rose geranium oil), sodium levulinate, sodium anisate, lavandula angustifolia oil* (lavender oil), sodium dehydroacetate, lactic acid

citronellol, geraniol, linalool, citral, limonene (naturally occurring in essential oils/ naturellement présent dans les huiles essentielles)

of total: 25% organic, 99% natural origin sur total: 25% bio, 99% d'origine naturelle *organic / biologique **made using organic ingredients/ formulé à partir d'ingrédients biologiques

this list of ingredients is subject to change; please refer to the packaging of the purchased product.",'4.9,17
Skincare,Moisturisers,'15207557497212,'55136050413948,Oh My Cream Skincare,Plumping Cream,https://ohmycream.co.uk/collections/skincare-moisturisingcreams/products/oh-my-cream-skincare-plumping-cream?variant=55136050413948,https://cdn.shopify.com/s/files/1/0555/4071/1596/files/202508_OMCS_Creme_Repulpante_packshot.jpg?v=1756211201,"Complete list of ingredients

aqua (water), caprylic/capric triglyceride, isodecyl neopentanoate, butyrospermum parkii (shea) butter, apricot kernel oil polyglyceryl-4 esters, diglycerin, glycerin, squalane, glyceryl stearate citrate, propanediol, polyacrylate crosspolymer-6, dipalmitoyl hydroxyproline, bakuchiol, boswellia serrata resin extract, sodium hyaluronate, centella asiatica extract, palmitoyl tripeptide-5, ascorbyl tetraisopalmitate, tocopherol, polyglyceryl-3 stearate, 1,2-hexanediol, hydrogenated lecithin, sucrose stearate, xanthan gum, caprylhydroxamic acid, tetrasodium glutamate diacetate, sodium hydroxide, parfum(fragrance)*, limonene, linalool, citronellol. *parfum naturel / natural fragrance

this list of ingredients is subject to change; please refer to the packaging of the purchased product.",'4.8,17
Skincare,Moisturisers,'15207557497212,'55136050479484,Oh My Cream Skincare,Plumping Cream,https://ohmycream.co.uk/collections/skincare-moisturisingcreams/products/oh-my-cream-skincare-plumping-cream?variant=55136050479484,https://cdn.shopify.com/s/files/1/0555/4071/1596/files/packshot_OMCS_creme_repulpante.jpg?v=1756211201,"Complete list of ingredients

aqua (water), caprylic/capric triglyceride, isodecyl neopentanoate, butyrospermum parkii (shea) butter, apricot kernel oil polyglyceryl-4 esters, diglycerin, glycerin, squalane, glyceryl stearate citrate, propanediol, polyacrylate crosspolymer-6, dipalmitoyl hydroxyproline, bakuchiol, boswellia serrata resin extract, sodium hyaluronate, centella asiatica extract, palmitoyl tripeptide-5, ascorbyl tetraisopalmitate, tocopherol, polyglyceryl-3 stearate, 1,2-hexanediol, hydrogenated lecithin, sucrose stearate, xanthan gum, caprylhydroxamic acid, tetrasodium glutamate diacetate, sodium hydroxide, parfum(fragrance)*, limonene, linalool, citronellol. *parfum naturel / natural fragrance

this list of ingredients is subject to change; please refer to the packaging of the purchased product.",'4.8,17
Skincare,Moisturisers,'15025840882044,'54937151013244,Innisfree,Green Tea Seed Hyaluronic Cream,https://ohmycream.co.uk/collections/skincare-moisturisingcreams/products/innisfree-green-tea-seed-hyaluronic-cream?variant=54937151013244,https://cdn.shopify.com/s/files/1/0555/4071/1596/files/CremeAcideHyaluroniqueauxGrainesdeTheVert_Innisfree.jpg?v=1743088999,"Complete list of ingredients



water / aqua / eau, propanediol, glycerin, dibutyl adipate, butylene glycol dicaprylate/dicaprate, squalane, pentaerythrityl tetraethylhexanoate, glyceryl polymethacrylate, 1,2-hexanediol, hydrogenated castor oil isostearate, hydroxyethyl acrylate/sodium acryloyldimethyl taurate copolymer, polyglyceryl-3 methylglucose distearate, carbomer, hydrogenated lecithin, cholesterol, glyceryl stearate, tromethamine, triethyl citrate, lactobacillus ferment lysate, hyaluronic acid, panthenol, allantoin, sodium metaphosphate, camellia sinensis seed oil, cetearyl alcohol, xanthan gum, sodium stearoyl glutamate, limonene, butylene glycol, ethylhexylglycerin, sorbitan isostearate, citrus limon (lemon) peel oil, camellia sinensis leaf extract, sodium hyaluronate, madecassoside, lactic acid, ilex paraguariensis leaf extract, dextrin, theobroma cacao (cocoa) extract, citral, elettaria cardamomum seed oil, mentha viridis (spearmint) leaf oil, linalool, hydrolyzed hyaluronic acid, cymbopogon nardus (citronella) oil, ferula galbaniflua (galbanum) resin oil, sodium hyaluronate crosspolymer, camellia sinensis seed extract, ceramide np, tocopherol, phytosphingosine, sodium acetylated hyaluronate

this list of ingredients is subject to change; please refer to the packaging of the purchased product.",'5.0,1
Skincare,Moisturisers,'7383223763116,'41811421364396,Pai Skincare,Love & Haight Hydrating Cream,https://ohmycream.co.uk/collections/skincare-moisturisingcreams/products/pai-skincare-love-haight-hydrating-cream?variant=41811421364396,https://cdn.shopify.com/s/files/1/0555/4071/1596/products/5060139722025_Pai_Skincare_Love___Haight_Creme_Hydratante_TINY.jpg?v=1658162360,"Complete list of ingredients

aqua (water), simmondsia chinensis seed oil* (jojoba oil), persea gratissima oil* (avocado oil), carthamus tinctorius seed oil* (safflower oil), cetearyl alcohol, glycerin (organically derived vegetable glycerine), borago officinalis seed oil* (borage oil), butyrospermum parkii butter* (shea butter), cetearyl glucoside, pelargonium graveolens oil* (rose geranium oil), litsea cubeba fruit oil* (may chang oil), jasminum grandiflorum flower extract* (jasmine oil), tocopherol (vitamin e), helianthus annuus seed oil* (sunflower oil), sodium levulinate, sodium anisate, sodium stearoyl glutamate, sodium caproyl/lauroyl lactylate, lactic acid, beta-sitosterol, squalene, citral, citronellol, geraniol, limonene, linalool (naturally occurring in essential oils) *organic (77%)

this list of ingredients is subject to change; please refer to the packaging of the purchased product.",'4.5,16
Skincare,Moisturisers,'7383221993644,'41811419463852,Egyptian Magic,Egyptian Magic Balm,https://ohmycream.co.uk/collections/skincare-moisturisingcreams/products/egyptian-magic-balm?variant=41811419463852,https://cdn.shopify.com/s/files/1/0555/4071/1596/products/764936777770_Egyptian_Magic_Egyptian_Magic118_12297.jpg?v=1658162345,"Complete list of ingredients

olive oil, beeswax, honey, bee pollen, royal jelly, propolis.

this list of ingredients is subject to change; please refer to the packaging of the purchased product.",'4.6,21
Skincare,Moisturisers,'7383221993644,'41811419529388,Egyptian Magic,Egyptian Magic Balm,https://ohmycream.co.uk/collections/skincare-moisturisingcreams/products/egyptian-magic-balm?variant=41811419529388,https://cdn.shopify.com/s/files/1/0555/4071/1596/products/764936600115_Egyptian_Magic_Egyptian_Magic59_12301.jpg?v=1658162345,"Complete list of ingredients

olive oil, beeswax, honey, bee pollen, royal jelly, propolis.

this list of ingredients is subject to change; please refer to the packaging of the purchased product.",'4.6,21
Skincare,Moisturisers,'7383220682924,'41811417301164,Antipodes,Avocado Pear Nourishing Night Cream,https://ohmycream.co.uk/collections/skincare-moisturisingcreams/products/antipodes-avocado-pear-nourishing-night-cream?variant=41811417301164,https://cdn.shopify.com/s/files/1/0555/4071/1596/products/packshot_avocado_pear_nourishing_night_cream_antipodes.jpg?v=1664781157,"Complete list of ingredients

aqua (water), squalane (olive) extract, butyrospermum parkii (shea) butter, glycerine, leptospermum scoparium (mel) manuka honey, macadamia integrifolia (macadamia) nut oil, persea gratissima (avocado pear) oil, cetearyl alcohol, calendula officinalis (calendula/marigold) flower oil, cocos nucifera (coconut) oil, lecithin, tocopherol (vitamin e), helianthus annuus (sunflower) seed oil, dehydroacetic acid, benzyl alcohol, bisabolol, vitis vinifera (vinanza® grape) seed extract. fragrance of sandalwood, ylang ylang & patchouli: benzyl alcohol, benzyl benzoate, benzyl salicylate, citral, citronellol, limonene, eugenol, farnesol, geraniol, isoeugenol, linalool.

this list of ingredients is subject to change; please refer to the packaging of the purchased product.",'5.0,1
Skincare,Moisturisers,'15195171783036,'55123969343868,Naturisimo,The Clean Teen Starter Kit,https://ohmycream.co.uk/collections/skincare-moisturisingcreams/products/clean-teen-starter-kit?variant=55123969343868,https://cdn.shopify.com/s/files/1/0555/4071/1596/files/TheCleanTeenKit1.jpg?v=1745580664,"Complete list of ingredients

upcircle cleansing soap bar with cinnamon + ginger sodium cocoate**, aqua, glycerin**, coconut acid**, sodium citrate, illite, sodium chloride, zingiber officinale (ginger) root oil*, eugenol^, kaolin, illicium verum (star anise) fruit, cinnamomum zeylanicum (cinnamon) leaf oil*, cinnamomum verum bark, foeniculum vulgare (fennel) leaf, eugenia caryophyllus (clove) flower, pimenta officinalis (all spice) fruit, zingiber officinale root, elettaria cardamomum (green cardamom) seed, myristica fragrans (nutmeg) seed, vanilla planifolia (vanilla) fruit. *organically produced ingredient; **from organic origin; ^natural constituent of essential oils listed.

pai skincare phaze clariying cleanser aqua (water), decyl glucoside, cocamidopropyl betaine, lauryl glucoside, disodium cocoyl glutamate, glycerin**, caprylyl/capryl glucoside, inulin, sodium chloride, sodium levulinate, gluconolactone, glyceryl oleate, sorbitan caprylate, sodium anisate, saccharide isomerate, sodium phytate, fructose, citrus aurantifolia peel oil* (lime oil), boswellia neglecta resin oil* (frankincense oil), rosmarinus officinalis leaf oil* (rosemary oil), maltodextrin, sodium citrate, hydrolyzed gardenia florida extract (gardenia extract), gardenia florida fruit extract (gardenia extract), citric acid limonene (naturally occurring in essential oils / naturellement présent dans les huiles essentielles) of total: 98% natural origin sur total: 98% d'origine naturelle *organic ingredient / ingrédient biologique **made using organic ingredients

evolve true balance gel cream aqua (eau), cellulose, coco-caprylate/caprate, butyl avocadate, isoamyl laurate, glycérine, simmondsia chinensis (jojoba) seed oil*, cellulose microcristalline, glyceryl stearate, argania spinosa (argan) kernel oil*, parfum (parfum d'origine naturelle ), hyaluronate de sodium, extrait de cellules de feuilles de zingiber officinale (gingembre), extrait de graines de moringa pterygosperma, poudre de jus de feuilles d'aloe barbadensis*, stéarate de saccharose, gomme de xanthane, lévulinate de sodium, esters polyglycéryl-3 de son de candelilla/jojoba/riz, gomme de cellulose, sodium déhydroacétate, alcool cétéarylique, lactylate de stéaroyle de sodium, cocoate d'isoamyle, tocophérol, anisate de sodium, palmitate de saccharose, dextrine, gallate de propyle. *ingrédients issus de l'agriculture biologique **fabriqué à partir d'ingrédients biologiques'

balance me hyaluronic plumping mist aqua (water), glycerin, polyglyceryl-4 caprylate, hydrolyzed hyaluronic acid, citric acid, ananas sativus (pineapple) fruit extract, citrus aurantium (neroli) flower oil, rosa centifolia (rose absolute) flower oil, achillea millefolium (yarrow) leaf oil, nardostachys jatamansi (spikenard) root oil, anthemis nobilis (roman chamomile) flower oil, citrus aurantium bergamia (bergamot) fruit oil, pelargonium graveolens (rose geranium) flower oil, sodium dehydroacetate, potassium sorbate, dehydroacetic acid, benzyl alcohol, sodium hydroxide, limonene, linalool, geraniol, citronellol, citral, farnesol.

q+a hyaluronic body wash aqua (water), zea mays (corn) cob powder, glycerin, cetearyl alcohol, lactic acid, glyceryl stearate, helianthus annuus (sunflower) seed oil, caprylic/capric triglyceride, glycolic acid, hippophae rhamnoides (sea buckthorn) fruit oil. simmondsia chinensis (jojoba) seed oil, vitis vinifera (grape) seed oil, carbomer, sodium stearoyl glutamate, coco-glucoside, sodium gluconate, potassium sorbate, sodium benzoate, fragrance (parfum), coconut alcohol, sodium hydroxide, benzyl cinnamate, coumarin.

this list of ingredients is subject to change; please refer to the packaging of the purchased product.",'4.9,21
Skincare,Moisturisers,'15195082326396,'55123901219196,Naturisimo,The Purified Skin Starter Kit,https://ohmycream.co.uk/collections/skincare-moisturisingcreams/products/purified-skin-starter-kit?variant=55123901219196,https://cdn.shopify.com/s/files/1/0555/4071/1596/files/PurrifiedSkinStarterKit.jpg?v=1745584564,"Complete list of ingredients

odacite blue aura micellar water aloe barbadensis [aloe*] leaf juice, hamamelis virginiana [witch hazel] water, decyl glucoside, glucono delta lactone, medium chain triglycerides [caprylic/ capric] oil, glycerin*, ricinus communis [red turkey castor] oil, citrus paradisi [grapefruit*] essential oil, melia azadirachta [neem] extract, coccinia indica [ivy gourd] extract, solanum melongena [eggplant] extract, aloe barbadensis [aloe] extract, ocimum sanctum [holy basil] extract, curcuma longa [turmeric], benzyl alcohol, ethanol, salicylic acid, sorbic acid, natural components in essential oils limonene, myrcene | *organic

odylique lemon & tea tree purifying wash aqua, coco glucoside, olea europaea fruit oil*, sodium olivate*, glycerine**, aloe barbadensis leaf juice powder*, citrus limon peel oil*, cymbopogon citratus leaf oil*, melaleuca alternifolia leaf oil*, lactic acid, levulinic acid, p-anisic acid, sodium levulinate, xanthan gum, citral* & limonene* (in the essential oils) plain english: aloe vera juice*, gentle cleanser from coconut & corn glucose, extra virgin olive oil*, saponified extra virgin olive oil*, non-palm plant glycerine**, essential oils of lemon*, lemongrass* and tea tree*, plant origin stabilisers

* organically grown & produced ** organic origin (total 70%)

balance me bha exfoliating concentrate aqua (water), polyglyceryl-4 caprate, glycerin, salicylic acid, salix nigra (willow) bark extract sodium hyaluronate, centella asiatica extract (tiger grass), squalane / olea europaea (olive) fruit oil, caffeine, tilia cordata (linden) flower extract, litsea cubeba (may chang) fruit oil, citrus nobilis (mandarin) peel oil, citrus grandis (grapefruit) peel oil, cananga odorata (ylang ylang) flower oil, lavandula angustifolia (lavender) flower oil, tocopherol (vitamin e), potassium sorbate, sodium benzoate, sodium hydroxide, dehydroacetic acid, benzyl alcohol, farnesol, limonene, linalool, citral, benzyl benzoate, geraniol, benzyl salicylate.

upcircle face moisturiser with vitamin e + aloe vera aqua, helianthus annuus seed oil*, butyrospermum parkii (shea) butter*, theobroma cacao (cocoa) butter*, glyceryl stearate, cetearyl alcohol, glycerin, argania spinosa (argan) kernel extract, citrus aurantium dulcis (blood orange) peel oil, linum usitatissimum (linseed) oil, olea europaea (olive) fruit oil*, aloe barbadensis leaf extract*, citrus limonum peel oil, tocopherol, boswellia carterii (frankincense) oil, salvia sclarea oil, citrus aurantium amara leaf oil, coconut alcohol, sodium stearoyl glutamate, sucrose stearate, coco glucoside, xanthan gum, salicylic acid, sorbic acid, benzyl alcohol, ^limonene, ^linalool, ^geraniol. *organically-grown ingredients; ^natural constituent of essential oils listed.

antipodes aura manuka honey mask aqua (water), leptospermum scoparium (mel) manuka honey, persea gratissima (avocado pear) oil, glycerine, cetearyl glucoside, cetearyl alcohol, stearic acid, glyceryl stearate. tocopherol (vitamin e), helianthus annuus (sunflower) seed oil, dehydroacetic acid, benzyl alcohol, metrosideros excels (pohutukawa) flower extract, daucus carota (carrot) seed oil, vitis vinifera (vinanza® grape) seed extract. fragrance of vanilla & mandarin: coumarin, d-limonene, linalool.

this list of ingredients is subject to change; please refer to the packaging of the purchased product.",'4.9,191
Skincare,Moisturisers,'7383246110892,'41811447808172,Sunday Riley,C.E.O. Vitamin C Rich Hydration Cream,https://ohmycream.co.uk/collections/skincare-moisturisingcreams/products/sunday-riley-c-e-o-vitamin-c-rich-hydration-cream?variant=41811447808172,https://cdn.shopify.com/s/files/1/0555/4071/1596/products/817494012996_CEO_Rich_Hydration_Sunday_Riley.jpg?v=1658162605,"Complete list of ingredients

water/eau/aqua, squalane, dicaprylyl carbonate, tetrahexyldecyl ascorbate, c10-18 triglycerides, peg-8 beeswax, polyglyceryl-6 distearate, tapioca starch, hydrogenated vegetable oil, prunus amygdalus dulcis oil, citric acid, ppg-12/smdi copolymer, glycerin, citrus tangerina peel oil, sodium acrylates copolymer, bisabolol, jojoba esters, tocopherol, caprylic/capric triglyceride, limonene, phenoxyethanol, lecithin, nylon-12, rosa centifolia flower wax, rosa damascena flower wax, sodium phytate, cetyl alcohol, polyglyceryl-3 beeswax, butylene glycol, caprylyl glycol, alcohol denat., chlorphenesin, citrus australasica fruit extract, polymethylsilsesquioxane, terminalia ferdinandiana fruit extract, butyrospermum parkii butter extract, camellia sinensis leaf extract, citrus junos fruit extract, curcuma longa root extract, euterpe oleracea fruit extract, lippia citriodora flower extract, oenothera biennis seed extract, rosa canina fruit extract, alteromonas ferment extract, benzyl alcohol, sodium hyaluronate, linalool, dehydroacetic acid.

this list of ingredients is subject to change; please refer to the packaging of the purchased product.",'5.0,2
Skincare,Moisturisers,'7631092482220,'42580321271980,Violette FR,C'est La Cream Moisturising Cream,https://ohmycream.co.uk/collections/skincare-moisturisingcreams/products/violette-fr-cest-la-cream-moisturising-cream?variant=42580321271980,https://cdn.shopify.com/s/files/1/0555/4071/1596/files/C_estLaCream_Violette.jpg?v=1687537249,"Complete list of ingredients

eau (aqua), pentylene glycol, c15-19 alkane, glycerin, polyglyceryl-6, stearate, cetearyl alcohol, panthenol, simmondsia chinensis (jojoba) seed oil, squalane, propanediol, sodium hyaluronate, gluconolactone, alpha-glucan oligosaccharide, tocopherol, xanthan gum, polyglyceryl-6 behenate, ascorbyl glucoside, sodium benzoate, butyrospermum parkii (shea) butter, althaea officinalis (marshmallow) root extract, alpinia speciosa leaf extract, polygonum fagopyrum (buckwheat) seed extract, calcium gluconate, potassium sorbate, sodium hydroxide.

this list of ingredients is subject to change; please refer to the packaging of the purchased product.",'4.8,4
Skincare,Moisturisers,'15176634794364,'55105319174524,Evolve Organic Beauty,Daily Renew Facial Cream,https://ohmycream.co.uk/collections/skincare-moisturisingcreams/products/evolve-daily-renew-facial-cream?variant=55105319174524,https://cdn.shopify.com/s/files/1/0555/4071/1596/files/202503_Evolve_Daily_Renew_Facial_Cream_Packshot.png?v=1744902482,"Complete list of ingredients

aqua (water), aloe barbadensis leaf juice*, parfum (natural fragrance), cetearyl alcohol, helianthus annuus (sunflower) seed oil*, butyrospermum parkii (shea butter)*, coco-caprylate/caprate, prunus armeniaca (apricot) kernel oil*, sesamum indicum (sesame) seed oil*, candelilla/jojoba/rice bran polyglyceryl-3 esters, glyceryl stearate, argania spinosa (argan) kernel oil*, glycerin, plukenetia volubilis seed oil*, cetearyl glucoside, mannitol, sodium stearoyl lactylate, dipalmitoyl hydroxyproline, sodium hyaluronate, prunus amygdalus dulcis (sweet almond) protein, tocopherol, xanthan gum, dehydroacetic acid, lactic acid. *ingredients from organic farming

this list of ingredients is subject to change; please refer to the packaging of the purchased product.",'4.7,67
Skincare,Moisturisers,'15169622671740,'55095645307260,Madara,SOS Hydra Intense Rose Jelly,https://ohmycream.co.uk/collections/skincare-moisturisingcreams/products/madara-sos-hydra-intense-rose-jelly?variant=55095645307260,https://cdn.shopify.com/s/files/1/0555/4071/1596/files/202504_Madara_SOS_Hydra_Intense_Rose_Jelly_Packshot.png?v=1744985353,"Complete list of ingredients

aloe barbadensis (aloe) leaf juice; glycerin; rosa damascena (rose) flower water; pentylene glycol; butylene glycol; sodium pca; sclerotium gum; aqua; propanediol; aroma; hydrolyzed glycosaminoglycans; betaine; paeonia lactiflora (peony) root extract; algin; sodium hyaluronate; sodium phytate; lactobacillus ferment lysate; benzyl alcohol; sodium benzoate; potassium sorbate; lactic acid; rhamnose; glucuronic acid; glucose; linalool; limonene

this list of ingredients is subject to change; please refer to the packaging of the purchased product.",',0
Skincare,Moisturisers,'8074090578092,'43850258088108,Talm,Paloma Skincare Routine Pouch,https://ohmycream.co.uk/collections/skincare-moisturisingcreams/products/talm-paloma-skincare-routine-pouch?variant=43850258088108,https://cdn.shopify.com/s/files/1/0555/4071/1596/files/2024_10_Talm_BaluchonPalomaRoutineVisage_Packshot.jpg?v=1728556179,"Complete list of ingredients

la crème face cream aqua (water), c10-18 triglycerides, c15-19 alkane, glycerin, myristyl myristate, hydrogenated vegetable oil, prunus amygdalus dulcis (sweet almond) oil*, argania spinosa kernel oil*, glyceryl stearate citrate, prunus armeniaca (apricot) kernel oil*, pentylene glycol, centaurea cyanus flower water*, sodium stearoyl glutamate, sodium hyaluronate, aloe barbadensis leaf juice powder*,glyceryl caprylate, xanthan gum, , citric acid, sodium benzoate, sodium phytate, tocopherol, potassium sorbate. *ingredients issus de l'agriculture biologique *ingredients from organic farming

mega oil helianthus annuus hybrid oil (helianthus annuus (sunflower) seed oil)*, prunus amygdalus dulcis (sweet almond) oil*, sesamum indicum (sesame) seed oil*, argania spinosa kernel oil*, helianthus annuus (sunflower) seed oil unsaponifiables*, undaria pinnatifida extract*, helianthus annuus (sunflower) seed oil, parfum (fragrance)**, caprylic/capric triglyceride, tocopherol. *ingredients from organic farming contains no essential oils or alcohol. safe for pregnancy and breastfeeding. **100% natural fragrance.

this list of ingredients is subject to change; please refer to the packaging of the purchased product.",',0
Skincare,Moisturisers,'7383235592364,'41811437912236,Tata Harper,Water-Lock Moisturizer,https://ohmycream.co.uk/collections/skincare-moisturisingcreams/products/tata-harper-water-lock-moisturizer?variant=41811437912236,https://cdn.shopify.com/s/files/1/0555/4071/1596/files/Tata_Harper_Waterlock_moisturizer_Packshot.jpg?v=1732886824,"Complete list of ingredients

hordeum vulgare leaf juice*, octyldodecanol, c10-18 triglycerides, glycerin, aqua/water/eau, cetearyl alcohol, shea butter ethyl esters, diglycerin, sclerotium gum, punica granatum extract, citrus aurantium dulcis (orange) flower extract, sodium hyaluronate, saccharide isomerate, beta vulgaris/beet root extract/extrait de racine de betterave, arnica montana (arnica) extract*, borago officinalis (borage) leaf extract*, calendula officinalis (calendula) flower extract*, medicago sativa (alfalfa) extract*, spiraea ulmaria (meadowsweet) extract*, sambucus nigra fruit extract, olea europaea (olive) oil*, magnolia officinalis bark extract, **citrus sinensis (orange) peel oil*, arachidyl alcohol, glyceryl caprylate, sodium phytate, hydrolyzed corn starch, glyceryl undecylenate, cetearyl glucoside, behenyl alcohol, sodium levulinate, sodium anisate, arachidyl glucoside, citric acid, sodium citrate, l (+) lactic acid, phenethyl alcohol, alcohol, limonene, citral, citronellol, linalool *ingredients from organic farming **aroma this list of ingredients is subject to change; please refer to the packaging of the purchased product.",'4.5,42
Skincare,Moisturisers,'7661758087340,'42734816428204,Pai Skincare,Bonne Nuit Regenerating Night Cream,https://ohmycream.co.uk/collections/skincare-moisturisingcreams/products/pai-skincare-bonne-nuit-regenerating-cream?variant=42734816428204,https://cdn.shopify.com/s/files/1/0555/4071/1596/files/BonneNuitCremeNuitRegeneratrice_PaiSkincare_1.jpg?v=1694101521,"Complete list of ingredients

aqua (water), chamomilla recutita flower water* (chamomile), glycerin**, butyrospermum parkii butter* (shea butter), myristyl myristate, hydrogenated coco-glycerides, coconut alkanes, glyceryl stearate citrate, cetearyl alcohol, simmondsia chinensis seed oil* (jojoba oil), carthamus tinctorius seed oil* (safflower oil), triisostearin, pentylene glycol, xanthan gum, sodium stearoyl lactylate, olea europaea fruit oil* (olive oil), hydrolyzed glycosaminoglycans, inulin, betaine, saccharide isomerate, glyceryl caprylate, hexapeptide-11, tapioca starch, magnolia officinalis bark extract (magnolia extract), tocopherol* (vitamin e), fructose, algin, leuconostoc/radish root ferment filtrate, xanthophylls, hyaluronic acid, cedrus atlantica bark oil* (cedarwood), sodium citrate, citric acid, lavandula angustifolia oil* (lavender oil), pogostemon cablin leaf oil* (patchouli), gardenia jasminoides fruit extract (gardenia), rosa damascena flower oil* (rose), maltodextrin

citronellol, geraniol (naturally occurring in essential oils / naturellement pr présent dans les huiles essentielles)

of total: 24% organic, 100% natural origin sur total: 24% bio, 100% d'origine naturelle *organic ingredient / biologique **made using organic and non-organic ingredients / formulé à partir d'ingrédients biologiques et non-biologiques

this list of ingredients is subject to change; please refer to the packaging of the purchased product.",'5.0,2
Skincare,Moisturisers,'7793230676140,'43421836181676,Goop Beauty,72-Hours Hydrating Supercharged Water Cream,https://ohmycream.co.uk/collections/skincare-moisturisingcreams/products/goop-beauty-72-hours-hydrating-supercharged-water-cream?variant=43421836181676,https://cdn.shopify.com/s/files/1/0555/4071/1596/files/202507_72h_Supercharged_Hydrating_Water-Cream_Goop_Beauty_packshot_ff4f91a3-2e07-47a6-b34f-26dcc712ecaa.jpg?v=1753277849,Complete list of ingredients,'3.7,3
Skincare,Moisturisers,'15432556904828,'55529347481980,Augustinus Bader,The Cream Mini Routine,https://ohmycream.co.uk/collections/skincare-moisturisingcreams/products/augustinus-bader-the-cream-mini-routine?variant=55529347481980,https://cdn.shopify.com/s/files/1/0555/4071/1596/files/The_Cream_Mini_Routine_Augustinus_Bader.png?v=1753272996,"Complete list of ingredients

the face cream mask aqua/water/eau, glycerin, pentylene glycol, hydrogenated vegetable glycerides, coco-caprylate/caprate, cetearyl alcohol, 1,2-hexanediol, squalane, astragalus membranaceus root extract, atractylodes macrocephala root extract, bupleurum falcatum root extract, c12-16 alcohols, ascorbyl tetraisopalmitate, ethylhexyl polyhydroxystearate, caesalpinia spinosa gum, sodium stearoyl glutamate, cetearyl glucoside, palmitic acid, citric acid, polyacrylate crosspolymer-6, hydrogenated lecithin, sodium hyaluronate, maltodextrin, o-cymen-5-ol, hydrolyzed rice protein, panax ginseng root extract, camellia sinensis leaf extract, tocopheryl acetate, xanthan gum, punica granatum (pomegranate) fruit extract, wine, potassium sorbate, sodium benzoate, alanyl glutamine, arginine, oligopeptide-177, phenylalanine, sisymbrium irio seed oil, sodium chloride, tocopherol.

the eye cream aqua/water/eau, glycerin, coco-caprylate/caprate, panthenol, ethyl oleate, ethylhexyl polyhydroxystearate,squalane, glyceryl stearate citrate, hydrogenated vegetable glycerides, niacinamide, ascorbyl tetraisopalmitate, sodium stearoyl glutamate, polyglyceryl-3 stearate, oleic acid, cocos nucifera (coconut) oil, silica, simmondsia chinensis (jojoba) seed oil, hydrogenated lecithin, undaria pinnatifida extract, xanthan gum, potassium sorbate, citric acid, sodium benzoate, terminalia arjuna extract, centella asiatica flower/leaf/stem extract, hydrolyzed riceprotein, maltodextrin, sodium phytate, lecithin, corallina officinalis extract, camellia sinensis leaf extract, tocopheryl acetate, tocopherol, alanyl glutamine, arginine, oligopeptide-177, sodium chloride, phenylalanine, sisymbrium irio seed oil.

the serum aqua/water/eau, glycerin, 1,2-hexanediol, cellulose, ethylhexyl polyhydroxystearate, resveratrol, squalane, sodium acrylates copolymer, ascorbyl tetraisopalmitate, oryza sativa (rice) bran oil, maltitol, leontopodium alpinum callus culture extract, xylitylglucoside, lecithin, anhydroxylitol, citric acid, xylitol, hydrolyzed rice protein, maltodextrin, sodium hyaluronate, sodium hydroxide, o-cymen-5-ol, punica granatum extract, sodium phytate, glucose, xanthan gum, camellia sinensis leaf extract, hydrogenated lecithin, tocopheryl acetate, alanyl glutamine, arginine, oligopeptide-177, potassium sorbate, sodium chloride, phenylalanine, sisymbrium irio seed oil.

the cream aqua (water), caprylic/capric triglyceride, pentylene glycol, propylene glycol, hydrogenated phosphatidylcholine, glycerin, sorbitol, butyrospermum parkii (shea) butter, tocopheryl acetate, butylene glycol, xanthan gum, panthenol, sodium carbomer, aloe barbadensis leaf juice, retinyl palmitate, hydrolyzed rice protein, squalane, helianthus annuus (sunflower) seed oil, phenoxyethanol, ascorbyl palmitate, lecithin, alcohol, carbomer, ceramide np, tfc-8, sodium benzoate, glycine soja (soybean) protein, superoxide dismutase, citric acid, sodium hydroxide, dextran, palmitoyl tripeptide-8, ascorbic acid, ethylhexylglycerin, tocopherol, potassium sorbate, sodium dextran sulfate

this list of ingredients is subject to change; please refer to the packaging of the purchased product.",',0
Skincare,Moisturisers,'15174744277372,'55102028579196,Evolve Organic Beauty,Age Defying Multi-Peptide Cream,https://ohmycream.co.uk/collections/skincare-moisturisingcreams/products/evolve-age-defying-multi-peptide-cream?variant=55102028579196,https://cdn.shopify.com/s/files/1/0555/4071/1596/files/202503_Evolve_Age_Defying_Multi_Peptide_Cream_Packshot.png?v=1744902483,"Complete list of ingredients

aqua (water), caprylic / capric triglyceride*, isoamyl laurate, glycerin*, cetearyl alcohol, glyceryl stearate, candelilla/jojoba/rice bran polyglyceryl-3 esters, theobroma grandiflorum seed butter*, helianthus annuus (sunflower) seed oil*, caryodendron orinocense seed oil,hydrolyzed plukenetia volubilis seed extract, opuntia ficus-indica stem extract, sodium hyaluronate, aloe barbadensis leaf juice powder*, dipalmitoyl hydroxyproline, sodium stearoyl lactylate, isoamyl cocoate, microcrystalline cellulose, sodium levulinate, vanilla planifolia extract*, rosa damascena flower oil*, citrus reticulata peel oil*, sodium dehydroacetate, cetearyl glucoside, xanthan gum, cellulose gum, sodium anisate, tocopherol, disodium phosphate, sodium benzoate, d-limonene. *ingredients from organic farming

this list of ingredients is subject to change; please refer to the packaging of the purchased product.",'4.6,111
Skincare,Moisturisers,'15204490543484,'55132277145980,Dr. Hauschka,Rose Day Cream,https://ohmycream.co.uk/collections/skincare-moisturisingcreams/products/dr-hauschka-rose-day-cream?variant=55132277145980,https://cdn.shopify.com/s/files/1/0555/4071/1596/files/202503_Dr_Hauschka_Rose_Day_Cream_Packshot.png?v=1745326779,"Complete list of ingredients

water (aqua), arachis hypogaea (peanut) oil, beeswax (cera alba), althaea officinalis root extract, rosa damascena flower water, hypericum perforatum flower/leaf/stem extract, butyrospermum parkii (shea) butter, sorbitan olivate, persea gratissima (avocado) oil, polyglyceryl-3 polyricinoleate, fragrance (parfum)*, citronellol*, geraniol*, linalool*, limonene*, citral*, farnesol*, benzyl alcohol*, eugenol*, rosa damascena flower extract, rosa canina fruit extract, copernicia cerifera (carnauba) wax, zinc sulfate, lecithin, rosa damascena flower wax. * from natural essential oils.

this list of ingredients is subject to change; please refer to the packaging of the purchased product.",'4.8,48
Skincare,Moisturisers,'15025840750972,'54937150947708,Innisfree,Cherry Blossom Glow Jelly Cream,https://ohmycream.co.uk/collections/skincare-moisturisingcreams/products/innisfree-cherry-blossom-glow-jelly-cream?variant=54937150947708,https://cdn.shopify.com/s/files/1/0555/4071/1596/files/2025_01_CremeGelEclatauxcerisiers_fleurs_Innisfree_Carre.jpg?v=1743084964,"Complete list of ingredients

water / aqua / eau, glycerin, sodium cocoyl alaninate, disodium cocoamphodiacetate, lauryl hydroxysultaine, betaine, 1,2-hexanediol, acrylates/c10-30 alkyl acrylate crosspolymer, xanthan gum, caprylyl glycol, sodium chloride, coco-glucoside, fragrance / parfum, sodium cocoyl isethionate, sodium phytate, propanediol, hexylene glycol, quillaja saponaria bark extract, prunus yedoensis leaf extract, cyanocobalamin

this list of ingredients is subject to change; please refer to the packaging of the purchased product.",',0
Skincare,Moisturisers,'7562407116972,'42498729541804,Antipodes,Lime Caviar Collagen Rich Firming Cream,https://ohmycream.co.uk/collections/skincare-moisturisingcreams/products/antipodes-lime-caviar-collagen-firming-rich-cream?variant=42498729541804,https://cdn.shopify.com/s/files/1/0555/4071/1596/products/LimeCaviar_Antipodes.jpg?v=1679997778,"Complete list of ingredients

aqua (water), persea gratissima (avocado pear) oil, organic, simmondsia chinensis (jojoba) seed oil, organic, cetearyl alcohol, butyrospermum parkii (shea) butter, organic, cetearyl glucoside, glyceryl stearate, macadamia integrifolia/tetraphylla (macadamia) seed oil, organic, parfum, microcitrus australasica (caviar lime) fruit extract, dipalmitoyl hydroxyproline, leptospermum scoparium (nz manuka) branch/leaf oil, organic, aloe barbadensis (aloe vera) leaf juice, organic, tocopherol (vitamin e), maltodextrin, organic, citrus paradisi (grapefruit) seed extract, helianthus annuus (sunflower) seed oil, glycerin, xanthan gum, sodium benzoate, limonene, citral, linalool, citronellol, geraniol

this list of ingredients is subject to change; please refer to the packaging of the purchased product.",'5.0,1
Skincare,Moisturisers,'15169959362940,'55096100094332,Madara,Age Pro Hydra Firm Hyaluron Jelly,https://ohmycream.co.uk/collections/skincare-moisturisingcreams/products/madara-age-pro-hydra-firm-hyaluron-jelly?variant=55096100094332,https://cdn.shopify.com/s/files/1/0555/4071/1596/files/202504_Madara_Age_Pro_Hydra_Firm_Hyaluron_Jelly_Packshot.png?v=1744985353,"Complete list of ingredients

aqua; glycerin; betula alba (birch) juice; pentylene glycol; sodium pca; sclerotium gum; lactic acid; hydrolyzed hyaluronic acid; sodium hyaluronate; aroma; sodium phytate; linalool; limonene; citrus limon peel oil

this list of ingredients is subject to change; please refer to the packaging of the purchased product.",',0
Skincare,Moisturisers,'7383224123564,'41811421757612,Pai Skincare,The Pioneer Mattifying Moisturiser,https://ohmycream.co.uk/collections/skincare-moisturisingcreams/products/pai-skincare-the-pioneer-mattifying-moisturiser?variant=41811421757612,https://cdn.shopify.com/s/files/1/0555/4071/1596/products/5060139722049_Pai_Skincare_The_Pionneer_Creme_Hydratante_Matifiante_TINY.jpg?v=1658162364,"Complete list of ingredients

aqua (water), citrus limon fruit water* (lemon fruit water), carthamus tinctorius seed oil* (safflower oil), simmondsia chinensis seed oil* (jojoba oil), glycerin**, cetearyl alcohol, borago officinalis seed oil* (borage oil), cetearyl glucoside, pelargonium graveolens flower oil* (rose geranium oil), sodium stearoyl glutamate, citrus aurantium amara leaf/twig oil* (petitgrain oil), tocopherol* (vitamin e), lavandula angustifolia oil* (lavender oil), sodium levulinate, sodium anisate, sodium dehydroacetate, lactic acid

geraniol, citronellol, linalool, citral, limonene (naturally occurring in essential oils / naturellement présent dans les huiles essentielles)

of total: 25% organic, 99% natural origin / sur total: 25% bio, 99% d'origine naturelle *organic / biologique **made using organic ingredients / formulé à partir d'ingrédients biologiques

this list of ingredients is subject to change; please refer to the packaging of the purchased product.",'5.0,1
Skincare,Moisturisers,'7383233724588,'41811435290796,Antipodes,Baptise H2O Ultra-Hydrating Water Gel,https://ohmycream.co.uk/collections/skincare-moisturisingcreams/products/antipodes-baptise-ultra-hydrating-water-gel?variant=41811435290796,https://cdn.shopify.com/s/files/1/0555/4071/1596/files/packshot_baptise_h20_ultra_hydrating_water_gel.jpg?v=1686319974,"Complete list of ingredients

aqua (water), glycerine, sodium acrylates copolymer & lecithin, dehydroacetic acid, benzyl alcohol, glyceryl caprylate, polysorbate 20, hyaluronic acid (plant based), glycerine & water & terminalia ferdinandiana (kakadu plum) fruit extract, sodium citrate, lysolecithin & sclerotium gum & xanthan gum & pullulan, phormium tenax (harakeke) flax extract, hibiscus sabdariffa (hibiscus) flower extract, leptospermum scoparium mel (manuka) honey, cyathea medullaris (mamaku black fern) extract, zingiber officinale (ginger) root extract, aloe barbadensis (aloe vera) leaf extract, mica, titanium dioxide, fragrance of rose anatolia: citral*, citronellol*, eugenol*, geraniol*, linalool*. * component of essential oil

this list of ingredients is subject to change; please refer to the packaging of the purchased product.",'1.0,1
Skincare,Moisturisers,'7383236313260,'41811438829740,Augustinus Bader,The Cream,https://ohmycream.co.uk/collections/skincare-moisturisingcreams/products/augustinus-bader-the-cream?variant=41811438829740,https://cdn.shopify.com/s/files/1/0555/4071/1596/files/The_Cream_-_50ml_Augustinus_Bader.jpg?v=1752139611,"Complete list of ingredients

aqua (water), caprylic/capric triglyceride, pentylene glycol, propylene glycol, hydrogenated phosphatidylcholine, glycerin, sorbitol, butyrospermum parkii (shea) butter, tocopheryl acetate, butylene glycol, xanthan gum, panthenol, sodium carbomer, aloe barbadensis leaf juice, retinyl palmitate, hydrolyzed rice protein, squalane, helianthus annuus (sunflower) seed oil, phenoxyethanol, ascorbyl palmitate, lecithin, alcohol, carbomer, ceramide np, tfc-8, sodium benzoate, glycine soja (soybean) protein, superoxide dismutase, citric acid, sodium hydroxide, dextran, palmitoyl tripeptide-8, ascorbic acid, ethylhexylglycerin, tocopherol, potassium sorbate, sodium dextran sulfate

this list of ingredients is subject to change; please refer to the packaging of the purchased product.",'4.3,14
Skincare,Moisturisers,'7383236313260,'41811438796972,Augustinus Bader,The Cream,https://ohmycream.co.uk/collections/skincare-moisturisingcreams/products/augustinus-bader-the-cream?variant=41811438796972,https://cdn.shopify.com/s/files/1/0555/4071/1596/files/The_Cream_-_30ml_Augustinus_Bader.jpg?v=1752139611,"Complete list of ingredients

aqua (water), caprylic/capric triglyceride, pentylene glycol, propylene glycol, hydrogenated phosphatidylcholine, glycerin, sorbitol, butyrospermum parkii (shea) butter, tocopheryl acetate, butylene glycol, xanthan gum, panthenol, sodium carbomer, aloe barbadensis leaf juice, retinyl palmitate, hydrolyzed rice protein, squalane, helianthus annuus (sunflower) seed oil, phenoxyethanol, ascorbyl palmitate, lecithin, alcohol, carbomer, ceramide np, tfc-8, sodium benzoate, glycine soja (soybean) protein, superoxide dismutase, citric acid, sodium hydroxide, dextran, palmitoyl tripeptide-8, ascorbic acid, ethylhexylglycerin, tocopherol, potassium sorbate, sodium dextran sulfate

this list of ingredients is subject to change; please refer to the packaging of the purchased product.",'4.3,14
Skincare,Moisturisers,'7383236313260,'41811438764204,Augustinus Bader,The Cream,https://ohmycream.co.uk/collections/skincare-moisturisingcreams/products/augustinus-bader-the-cream?variant=41811438764204,https://cdn.shopify.com/s/files/1/0555/4071/1596/files/The_Cream_-_15ml_Augustinus_Bader.jpg?v=1732288485,"Complete list of ingredients

aqua (water), caprylic/capric triglyceride, pentylene glycol, propylene glycol, hydrogenated phosphatidylcholine, glycerin, sorbitol, butyrospermum parkii (shea) butter, tocopheryl acetate, butylene glycol, xanthan gum, panthenol, sodium carbomer, aloe barbadensis leaf juice, retinyl palmitate, hydrolyzed rice protein, squalane, helianthus annuus (sunflower) seed oil, phenoxyethanol, ascorbyl palmitate, lecithin, alcohol, carbomer, ceramide np, tfc-8, sodium benzoate, glycine soja (soybean) protein, superoxide dismutase, citric acid, sodium hydroxide, dextran, palmitoyl tripeptide-8, ascorbic acid, ethylhexylglycerin, tocopherol, potassium sorbate, sodium dextran sulfate

this list of ingredients is subject to change; please refer to the packaging of the purchased product.",'4.3,14
Skincare,Moisturisers,'7604570783916,'42489912361132,Les Filles En Rouje,Healthy Glow Day Cream,https://ohmycream.co.uk/collections/skincare-moisturisingcreams/products/les-filles-en-rouje-healthy-glow-day-cream?variant=42489912361132,https://cdn.shopify.com/s/files/1/0555/4071/1596/products/LaCremeVisage_LesFillesenRouje.jpg?v=1681892866,"Complete list of ingredients

aqua, caprylic/capric triglyceride, glycerin, cetearyl alcohol, distarch phosphate, butyrospermum parkii (shea)butter, ethylhexylglycerin, steareth-21, sodium hyaluronate, rosa canina fruit oil, ribes nigrum(black currant)fruit extract, paeonia lactiflora root extract, helianthus annuus(sunflower)seed oil, tocopherol, cellulose gum, microcrystalline cellulose, carbomer, cetearyl glucoside, steareth-2, sodium hydroxide, parfum(fragrance), ci77491(iron oxides), mica, ci77163(bismuth oxychloride), levulinic acid, sodium levulinate, p-anisic acid, caprylyl glycol

this list of ingredients is subject to change; please refer to the packaging of the purchased product.",'5.0,3
Skincare,Moisturisers,'7903870419116,'43387622260908,Talm,The Pregnancy & Post-Partum Face Pouch,https://ohmycream.co.uk/collections/skincare-moisturisingcreams/products/talm-the-pregnancy-post-partum-face-pouch?variant=43387622260908,https://cdn.shopify.com/s/files/1/0555/4071/1596/files/TROUSSE-TALM.jpg?v=1715086707,"Complete list of ingredients

mega oil : helianthus annuus hybrid oil (helianthus annuus (sunflower) seed oil)*, prunus amygdalus dulcis (sweet almond) oil*, sesamum indicum (sesame) seed oil*, argania spinosa kernel oil*, helianthus annuus (sunflower) seed oil unsaponifiables*, undaria pinnatifida extract*, helianthus annuus (sunflower) seed oil, parfum (fragrance)**, caprylic/capric triglyceride, tocopherol.

mega plump : aqua (water), propanediol, triethyl citrate, diglycerin, glycerin, fructooligosaccharides, sodium hyaluronate, beta vulgaris (beet) root extract, aloe barbadensis leaf juice powder*, citric acid, carrageenan, sodium phytate, potassium lactate, potassium sorbate, glucose, lactic acid, parfum (fragrance)**.

*ingrédients issus de l'agriculture biologique **parfum 100% naturel

these lists of ingredients are subject to change; please refer to the packagings of the purchased products.",'5.0,4
Skincare,Moisturisers,'8006139838636,'43657343205548,Tata Harper,Get Radiant Set,https://ohmycream.co.uk/collections/skincare-moisturisingcreams/products/tata-harper-get-radiant-set?variant=43657343205548,https://cdn.shopify.com/s/files/1/0555/4071/1596/files/TataHarperGetRadiant.jpg?v=1728563170,"Complete list of ingredients

water-lock moisturizer crème ultra-hydratante hordeum vulgare leaf juice*, octyldodecanol, c10-18 triglycerides, glycerin, aqua/water/eau, cetearyl alcohol, shea butter ethyl esters, diglycerin, sclerotium gum, punica granatum extract, citrus aurantium dulcis (orange) flower extract, sodium hyaluronate, saccharide isomerate, beta vulgaris/beet root extract/extrait de racine de betterave, arnica montana (arnica) extract*, borago officinalis (borage) leaf extract*, calendula officinalis (calendula) flower extract*, medicago sativa (alfalfa) extract*, spiraea ulmaria (meadowsweet) extract*, sambucus nigra fruit extract, olea europaea (olive) oil*, magnolia officinalis bark extract, **citrus sinensis (orange) peel oil*, arachidyl alcohol, glyceryl caprylate, sodium phytate, hydrolyzed corn starch, glyceryl undecylenate, cetearyl glucoside, behenyl alcohol, sodium levulinate, sodium anisate, arachidyl glucoside, citric acid, sodium citrate, l (+) lactic acid, phenethyl alcohol, alcohol, limonene, citral, citronellol, linalool *ingrédients issus de l’agriculture biologique **aroma

regenerating cleanser nettoyant régénérant hordeum vulgare leaf juice*, cetearyl alcohol, cetearyl olivate, propanediol, helianthus annuus (sunflower) seed oil*, prunus armeniaca (apricot) seed powder*, **citrus paradisi (grapefruit) oil, sorbitan olivate, lactobacillus/punica granatum fruit ferment extract, salix alba (willow) bark extract, sambucus nigra fruit extract, arnica montana (arnica) extract*, borago officinalis (borage) leaf extract*, calendula officinalis (calendula) flower extract*, medicago sativa (alfalfa) extract*, spiraea ulmaria (meadowsweet) extract*, olea europaea (olive) oil*, tocopherol, coco-glucoside, cetearyl glucoside, caprylyl glycol, kaolin (white clay), sclerotium gum, **citrus aurantium (bergamot) peel oil, cetyl palmitate, magnolia officinalis bark extract, sorbitan palmitate, glyceryl caprylate, aqua/water/eau, sodium phytate, ci 77491 (red iron oxide), alcohol, limonene, citral, linalool *ingrédients issus de l’agriculture biologique **aroma

this list of ingredients is subject to change; please refer to the packaging of the purchased product.",',0
Skincare,Moisturisers,'7383286481068,'41811534938284,Odacité,Blue Balm Chamomile + Shea Butter Repair Balm,https://ohmycream.co.uk/collections/skincare-moisturisingcreams/products/odacite-blue-balm-chamomile-shea-butter-repair-balm?variant=41811534938284,https://cdn.shopify.com/s/files/1/0555/4071/1596/products/01_22_Packshot_Odacite_blue_balm_TINY_1.jpg?v=1658165547,"Complete list of ingredients

mediumchaintriglyceride*,ceraalba[beeswax*],simmondsia chinensis[jojoba*] oil, squalane*, butyrospermum parkii [shea*] butter, salvia sclarea [clary sage] essential oil, prunus amygdalus dulcis [sweet almond*] oil, cannabis sativa [hemp*] seed oil, rosmarinus officinalis [rosemary*] leaf extract, matricaria recutita [german chamomile*] essential oil, melia azadirachta [neem] leaf/flower extract, corallina officinalis [seaweed] extract, coccinia indica [ivy gourd] fruit extract, amber powder, solanum melongena [eggplant] fruit extract, ocimum sanctum [tulsi] leaf extract, curcuma longa [turmeric] leaf extract, moringa oleifera [moringa] seed oil | *organic

this list of ingredients is subject to change; please refer to the packaging of the purchased product.",'5.0,3
Skincare,Moisturisers,'7383236149420,'41811438665900,Augustinus Bader,The Rich Cream,https://ohmycream.co.uk/collections/skincare-moisturisingcreams/products/augustinus-bader-rich-cream?variant=41811438665900,https://cdn.shopify.com/s/files/1/0555/4071/1596/files/The_Rich_Cream_-_50ml_Augustinus_Bader.jpg?v=1752139371,"Complete list of ingredients

aqua (water), coco-caprylate/caprate, helianthus annuus (sunflower) seed oil, squalane, glycerin, argania spinosa kernel oil, ethyl oleate, persea gratissima (avocado) oil, polyglyceryl-4 oleate, magnesium sulfate, oenothera biennis (evening primrose) oil, panthenol, polyglyceryl-6 oleate, zinc pca, polyhydroxystearic acid, butylene glycol, butyrospermum parkii (shea) butter, potassium sorbate, sodium benzoate, tocopherol, sodium hyaluronate, hydrolyzed rice protein, maltodextrin, citric acid, camellia sinensis leaf extract, hydrogenated lecithin, tocopheryl acetate, xanthan gum, alanyl glutamine, arginine, oligopeptide-177, phenylalanine, sisymbrium irio seed oil, sodium chloride, dextran, palmitoyl tripeptide-8

this list of ingredients is subject to change; please refer to the packaging of the purchased product.",'4.9,19
Skincare,Moisturisers,'7383236149420,'41811438633132,Augustinus Bader,The Rich Cream,https://ohmycream.co.uk/collections/skincare-moisturisingcreams/products/augustinus-bader-rich-cream?variant=41811438633132,https://cdn.shopify.com/s/files/1/0555/4071/1596/files/The_Rich_Cream_-_30ml_Augustinus_Bader.jpg?v=1752139371,"Complete list of ingredients

aqua (water), coco-caprylate/caprate, helianthus annuus (sunflower) seed oil, squalane, glycerin, argania spinosa kernel oil, ethyl oleate, persea gratissima (avocado) oil, polyglyceryl-4 oleate, magnesium sulfate, oenothera biennis (evening primrose) oil, panthenol, polyglyceryl-6 oleate, zinc pca, polyhydroxystearic acid, butylene glycol, butyrospermum parkii (shea) butter, potassium sorbate, sodium benzoate, tocopherol, sodium hyaluronate, hydrolyzed rice protein, maltodextrin, citric acid, camellia sinensis leaf extract, hydrogenated lecithin, tocopheryl acetate, xanthan gum, alanyl glutamine, arginine, oligopeptide-177, phenylalanine, sisymbrium irio seed oil, sodium chloride, dextran, palmitoyl tripeptide-8

this list of ingredients is subject to change; please refer to the packaging of the purchased product.",'4.9,19
Skincare,Moisturisers,'7383236149420,'41811438600364,Augustinus Bader,The Rich Cream,https://ohmycream.co.uk/collections/skincare-moisturisingcreams/products/augustinus-bader-rich-cream?variant=41811438600364,https://cdn.shopify.com/s/files/1/0555/4071/1596/files/The_Starter_Kit_with_The_Rich_Cream_-_trousse_Augustinus_Bader_3_1.jpg?v=1732288907,"Complete list of ingredients

aqua (water), coco-caprylate/caprate, helianthus annuus (sunflower) seed oil, squalane, glycerin, argania spinosa kernel oil, ethyl oleate, persea gratissima (avocado) oil, polyglyceryl-4 oleate, magnesium sulfate, oenothera biennis (evening primrose) oil, panthenol, polyglyceryl-6 oleate, zinc pca, polyhydroxystearic acid, butylene glycol, butyrospermum parkii (shea) butter, potassium sorbate, sodium benzoate, tocopherol, sodium hyaluronate, hydrolyzed rice protein, maltodextrin, citric acid, camellia sinensis leaf extract, hydrogenated lecithin, tocopheryl acetate, xanthan gum, alanyl glutamine, arginine, oligopeptide-177, phenylalanine, sisymbrium irio seed oil, sodium chloride, dextran, palmitoyl tripeptide-8

this list of ingredients is subject to change; please refer to the packaging of the purchased product.",'4.9,19
Skincare,Moisturisers,'7383220650156,'41811417268396,Antipodes,Vanilla Pod Hydrating Day Cream,https://ohmycream.co.uk/collections/skincare-moisturisingcreams/products/antipodes-vanilla-pod-hydrating-day-cream?variant=41811417268396,https://cdn.shopify.com/s/files/1/0555/4071/1596/products/packshot_vanilla_pod_hydrating_day_cream_antipodes.jpg?v=1679934911,"Complete list of ingredients

aqua (water), glycerine, squalane (olive) extract, butyrospermum parkii (shea) butter, macadamia integrifolia (macadamia) nut oil, rosa canina (rosehip) oil, cetearyl alcohol, persea gratissima (avocado pear) oil, tocopherol (vitamin e), helianthus annuus (sunflower) seed oil, macropiper excelsum (kawakawa) leaf extract, dehydroacetic acid; benzyl alcohol, lecithin, vitis vinifera (vinanza® grape) seed extract, leptospermum scoparium (mel) manuka honey. essential oil fragrances of vanilla pod and mandarin: coumarin†, d-limonene†, linalool†.

this list of ingredients is subject to change; please refer to the packaging of the purchased product.",'5.0,3
Skincare,Moisturisers,'7383220650156,'41811417235628,Antipodes,Vanilla Pod Hydrating Day Cream,https://ohmycream.co.uk/collections/skincare-moisturisingcreams/products/antipodes-vanilla-pod-hydrating-day-cream?variant=41811417235628,https://cdn.shopify.com/s/files/1/0555/4071/1596/products/packshot_vanilla_pod_antipodes.jpg?v=1679934911,"Complete list of ingredients

aqua (water), glycerine, squalane (olive) extract, butyrospermum parkii (shea) butter, macadamia integrifolia (macadamia) nut oil, rosa canina (rosehip) oil, cetearyl alcohol, persea gratissima (avocado pear) oil, tocopherol (vitamin e), helianthus annuus (sunflower) seed oil, macropiper excelsum (kawakawa) leaf extract, dehydroacetic acid; benzyl alcohol, lecithin, vitis vinifera (vinanza® grape) seed extract, leptospermum scoparium (mel) manuka honey. essential oil fragrances of vanilla pod and mandarin: coumarin†, d-limonene†, linalool†.

this list of ingredients is subject to change; please refer to the packaging of the purchased product.",'5.0,3
Skincare,Moisturisers,'7383283597484,'41811529892012,Tata Harper,Superkind Fortifying Moisturizer,https://ohmycream.co.uk/collections/skincare-moisturisingcreams/products/tata-harper-fortifying-moisturizer?variant=41811529892012,https://cdn.shopify.com/s/files/1/0555/4071/1596/files/Tata_Harper_Fortifying_Moisturizer_Super_Kind.jpg?v=1732527033,"Complete list of ingredients

calendula officinalis flower/leaf/stem juice*, shea butter ethyl esters, carthamus tinctorius (safflower) oleosomes, aqua/water/eau, propanediol, glycerin, diglycerin, helianthus annuus (sunflower) seed oil, cetearyl olivate, selaginella lepidophylla extract, sorbitan olivate, squalane, butyrospermum parkii (shea) butter*, passiflora edulis seed oil, sodium hyaluronate, carthamus tinctorius (safflower) seed oil, morus alba (mulberry) leaf extract, ophiopogon japonicus root extract, chlamydomonas acidophila extract, centella asiatica extract, magnolia officinalis bark extract, oenothera biennis (evening primrose) oil*, opuntia ficus indica*, pyrus malus (apple) seed oil, ricinus communis (castor) seed oil, vitis vinifera (grape) seed oil*, borago officinalis (borage) leaf extract*, calendula officinalis (calendula) flower extract*, chamomilla recutita (matricaria) flower extract*, lavandula angustifolia (lavender) extract*, medicago sativa (alfalfa) extract*, glyceryl caprylate, myrica cerifera fruit wax, cetyl palmitate, sclerotium gum, phenethyl alcohol, sodium levulinate, sorbitan palmitate, l (+) lactic acid, sodium anisate, maltodextrin *ingredients from organic farming this list of ingredients is subject to change; please refer to the packaging of the purchased product.",'4.1,13
Skincare,Moisturisers,'14865687216508,'54826782818684,Dermalogica,MultiVitamin Power Recovery Cream,https://ohmycream.co.uk/collections/skincare-moisturisingcreams/products/dermalogica-multivitamin-power-recovery-cream?variant=54826782818684,https://cdn.shopify.com/s/files/1/0555/4071/1596/files/2024_10_Dermalogica_MultivitaminPowerRecoveryCream_Packshot.jpg?v=1732803548,"Complete list of ingredients

water/aqua/eau, glycerin, butylene glycol, c12-15 alkyl benzoate, panthenol, linoleic acid, cetyl palmitate, niacinamide, propanediol, cetearyl alcohol, ethylhexyl olivate, cetearyl olivate, caprylic/capric triglyceride, tocopheryl acetate, palmitoyl tetrapeptide-7, hydroxyacetophenone, haematococcus pluvialis extract, dipotassium glycyrrhizate, lactic acid, aminopropyl ascorbyl phosphate, glycine soja (soybean) oil, aniba rosodora (rosewood) wood oil, eugenia caryophyllus (clove) leaf oil, anthemis nobilis flower oil, citrus limon (lemon) peel extract, pelargonium graveolens flower oil, citrus limon (lemon) peel oil, simmondsia chinensis (jojoba) seed oil, cupressus sempervirens leaf/nut/stem oil, cymbopogon martini oil, cymbopogon schoenanthus oil, rosmarinus officinalis (rosemary) leaf extract, eucalyptus globulus leaf oil, rosa damascena flower oil, daucus carota sativa (carrot) root extract, helianthus annuus (sunflower) seed oil, hydrolyzed jojoba esters, spirodela polyrhiza extract, tocopherol, polyglyceryl-10 laurate, squalane, polyglycerin-10, linolenic acid, chrysin, beta-carotene, retinol, pentylene glycol, ceramide np, c15-19 alkane, ethylhexylglycerin, sorbitan olivate, potassium cetyl phosphate, tetrasodium glutamate diacetate, sorbitan oleate, pantolactone, polysorbate 20, laureth-23, trideceth-6 phosphate, citric acid, sodium hydroxide, acrylamide/sodium acryloyldimethyltaurate copolymer, polyacrylate crosspolymer-6, linalool, eugenol, limonene, geraniol, citronellol, citral, benzyl benzoate, benzyl alcohol.



this list of ingredients is subject to change; please refer to the packaging of the purchased product.",',0
Skincare,Moisturisers,'15012328341884,'54923179753852,Torriden,Dive in Cream with Hyaluronic Acid,https://ohmycream.co.uk/collections/skincare-moisturisingcreams/products/torriden-dive-in-cream-with-hyaluronic-acid?variant=54923179753852,https://cdn.shopify.com/s/files/1/0555/4071/1596/files/CREMEAL_ACIDEHYALURONIQUE_Torriden.jpg?v=1743176252,"Complete list of ingredients

aqua, butylene glycol, glycerin, caprylic/capric triglyceride, dipropylene glycol, c14-22 alcohols, 1,2-hexanediol, cetearyl alcohol, ethylhexyl palmitate, glyceryl stearate, cetearyl olivate, sorbitan olivate, dimethicone/vinyl dimethicone crosspolymer, c12-20 alkyl glucoside, ethylhexylglycerin, carbomer, allantoin, argania spinosa kernel oil, betaine, macadamia ternifolia seed oil, polyglyceryl-10 myristate, simmondsia chinensis seed oil, tromethamine, xanthan gum, glyceryl acrylate/acrylic acid copolymer, sodium hyaluronate, malachite extract, pentylene glycol, hydrolyzed hyaluronic acid, sodium hyaluronate crosspolymer, hydrolyzed sodium hyaluronate, sodium acetylated hyaluronate, arginine, berberis vulgaris root extract, fragaria chiloensis fruit extract, lycium chinense fruit extract, morus nigra fruit extract, madecassic acid, madecassoside, propanediol, sh-oligopeptide-1, trehalose, ceramide np, portulaca oleracea flower/leaf/stem extract, paeonia suffruticosa root extract, scutellaria baicalensis root extract, beta-glucan, hamamelis virginiana leaf extract

this list of ingredients is subject to change; please refer to the packaging of the purchased product.",',0
Skincare,Moisturisers,'15058711347580,'54969884115324,Rudolph Care,Firming Therapy Rich Cream,https://ohmycream.co.uk/collections/skincare-moisturisingcreams/products/rudolph-care-firming-therapy-rich-cream?variant=54969884115324,https://cdn.shopify.com/s/files/1/0555/4071/1596/files/202503_Rudolph_Care_Firming_Therapy_Rich_Cream_Packshot_resized.jpg?v=1741276990,"Complete list of ingredients

aloe barbadensis leaf extract* (aloe vera), coco-caprylate, sesamum indicum seed oil*(sesame oil), olea europaea fruit oil* (olive oil), aqua, simmondsia chinensis seed oil* (jojoba oil), polyglyceryl-2 dipolyhydroxystearate, hydrogenated vegetable oil, glycerin (plant-based), butyrospermum parkii butter* (shea butter), propanediol, magnesium sulfate, euterpe oleracea fruit extract (açai), polyglyceryl-3 diisostearate, brassica oleracea italica seed oil* (broccoli oil), euterpe oleracea fruit oil* (açai), hydrogenated castor oil, aesculus hippocastanum extract* (horse chestnut), hydrolyzed lemon protein, hydrolyzed kale protein, hydrolyzed carrot protein, malus domestica fruit cell culture extract (apple cell extract), leuconostoc/radish root ferment filtrate, helianthus annuus seed oil, (sunflower oil), parfum (natural), tocopherol (vitamin e), fructose, saccharide isomerate, distarch phosphate, hydroxystearic/linolenic/oleic polyglycerides, xanthan gum, isomalt, sodium hyaluronate, sorbic acid, citric acid, sodium benzoate, sodium citrate, potassium sorbate

this list of ingredients is subject to change; please refer to the packaging of the purchased product.",',0
Skincare,Moisturisers,'15169833140604,'55095911678332,Madara,Derma Collagen Hydra-Silk Firming Cream,https://ohmycream.co.uk/collections/skincare-moisturisingcreams/products/madara-derma-collagen-hydra-silk-firming-cream?variant=55095911678332,https://cdn.shopify.com/s/files/1/0555/4071/1596/files/202508_Madara_Hydra-Silk_Firming_Cream_packshot_ef120045-72ac-4edc-9a4a-9720c86bda06.jpg?v=1754983485,"Complete list of ingredients

aloe barbadensis (aloe) leaf juice; caprylic/capric triglyceride; simmondsia chinensis (jojoba) seed oil; glycerin; aqua; glyceryl stearate citrate; pentylene glycol; cetearyl alcohol; isoamyl laurate; dicaprylyl carbonate; sodium pca; alcohol; aroma; ci 77163 (bismuth chloride oxide); palmitic acid; stearic acid; xanthan gum; hexapeptide-11; ascorbyl palmitate; tocopherol; hydrolyzed hyaluronic acid; sodium hyaluronate; sodium phytate; leuconostoc/radish root ferment filtrate; spirulina platensis extract; alteromonas ferment extract; phenethyl alcohol; citrus aurantium bergamia peel oil; linalool; limonene; linalyl acetate; cananga odorata oil/extract; pinene; beta-caryophyllene; geranyl acetate

this list of ingredients is subject to change; please refer to the packaging of the purchased product.",',0
Skincare,Moisturisers,'15169887437180,'55096009261436,Madara,Age Pro Smooth Day Cream,https://ohmycream.co.uk/collections/skincare-moisturisingcreams/products/madara-age-pro-smooth-day-cream?variant=55096009261436,https://cdn.shopify.com/s/files/1/0555/4071/1596/files/202504_Madara_Age_Pro_Smooth_Day_Cream_Packshot.png?v=1744985352,"Complete list of ingredients

betula alba (birch) juice; aqua; simmondsia chinensis (jojoba) seed oil; pentylene glycol; glycerin; caprylic/capric triglyceride; polyglyceryl-6 stearate; cetearyl alcohol; isoamyl laurate; propanediol; butylene glycol; dicaprylyl carbonate; aroma; polyglyceryl-6 behenate; squalane; xanthan gum; mangifera indica (mango) seed butter; phytosterols; ascorbyl palmitate; tocopherol; sodium hyaluronate; palmitic acid; stearic acid; octyldodecanol; potassium hydroxide; sodium phytate; gigartina stellata extract; alteromonas ferment extract; hydrolyzed hyaluronic acid; phenethyl alcohol; spirodela polyrhiza extract; limonene; terpineol; linalool; vanillin; pinene

this list of ingredients is subject to change; please refer to the packaging of the purchased product.",',0
Skincare,Moisturisers,'15169887535484,'55096009425276,Madara,Age Pro Renew Night Cream,https://ohmycream.co.uk/collections/skincare-moisturisingcreams/products/madara-age-pro-renew-night-cream?variant=55096009425276,https://cdn.shopify.com/s/files/1/0555/4071/1596/files/AgeProRenewNightcream_Madara.jpg?v=1749811417,"Complete list of ingredients

betula alba (birch) juice; aqua; simmondsia chinensis (jojoba) seed oil; polyglyceryl-6 stearate; pentylene glycol; glycerin; cetearyl alcohol; caprylic/capric triglyceride; dicaprylyl carbonate; isoamyl laurate; propanediol; oryza sativa (rice) bran oil; vegetable oil; polyglyceryl-6 behenate; aroma; helianthus annuus (sunflower) seed wax; oryza sativa (rice) bran wax; rhus succedanea fruit wax; squalane; behenyl alcohol; glyceryl behenate; mangifera indica (mango) seed butter; octyldodecanol; xanthan gum; butylene glycol; butyrospermum parkii (shea) butter; lecithin; phytosterols; tocopherol; ascorbyl palmitate; sodium hyaluronate; sodium phytate; gigartina stellata extract; alteromonas ferment extract; hydrolyzed hyaluronic acid; phenethyl alcohol; spirodela polyrhiza extract; potassium hydroxide; helianthus annuus (sunflower) seed oil; limonene; terpineol; linalool; vanillin; pinene

this list of ingredients is subject to change; please refer to the packaging of the purchased product.",',0
Skincare,Moisturisers,'15196167864700,'55124902740348,Dr. Hauschka,Apricot Day Cream,https://ohmycream.co.uk/collections/skincare-moisturisingcreams/products/dr-hauschka-apricot-day-cream?variant=55124902740348,https://cdn.shopify.com/s/files/1/0555/4071/1596/files/202503_Dr_Hauschka_Apricot_Day_Cream_Packshot.png?v=1745326781,"Complete list of ingredients

water (aqua), perseagratissima(avocado) oil, prunus armeniaca(apricot) kernel oil, glycerin, alcohol, simmondsiachinensis(jojoba) seed oil, althaea officinalisroot extract, lactobacillus/oat/rye/wheat seed extract ferment, helianthus annuus(sunflower) seed oil, hypericumperforatumflower/leaf/stem extract, prunus amygdalusdulcis(sweet almond) oil, oleaeuropaea(olive) fruit oil, lecithin, arachishypogaea(peanut) oil, calendula officinalisflower extract, anthyllis vulnerariaextract, prunus armeniaca(apricot) fruit extract, daucuscarotasativa(carrot) root extract, salvia trilobaleaf extract, rubusidaeus(raspberry) seed oil, hippophaerhamnoidesfruit oil, parfum*, linalool*, limonene*, citronellol*, geraniol*, citral*, farnesol*, eugenol*, astragalusgummifergum, xanthan gum, hecorite, bentonite, cetearylalcohol, cetearylglucoside.*from natural essential oils

this list of ingredients is subject to change; please refer to the packaging of the purchased product.",',0
Skincare,Moisturisers,'7383220388012,'41811417006252,Antipodes,Harmony Hyaluronic Manuka Honey Night Cream,https://ohmycream.co.uk/collections/skincare-moisturisingcreams/products/antipodes-harmony-manuka-honey-day-cream?variant=41811417006252,https://cdn.shopify.com/s/files/1/0555/4071/1596/files/2024_09_Antipodes_HarmonyHyaluronicCremedeNuitMielManuka_Packshot_repack.jpg?v=1747925711,"Complete list of ingredients

aqua (water), persea gratissima (avocado pear) oil, cetearyl olivate, propanediol, cetearyl alcohol, olea europaea (olive) fruit oil, sorbitan olivate, parfum, betaine, glyceryl stearate citrate, palmitic acid, hydrogenated vegetable oil, mel, (nz manuka honey), vitis vinifera (grape) seed extract, actinidia deliciosa (kiwi) fruit extract, sodium hyaluronate (hyaluronic acid), paeonia suffruticosa (peony) root extract, actinidia chinensis (kiwi) seed oil, cyathea cumingii leaf (mamaku black fern) extract, saxifraga sarmentosa (strawberry begonia) extract, salvia hispanica (chia) seed oil, rosmarinus officinalis (rosemary) leaf extract, scutellaria baicalensis (skullcap) root extract, heliathus annuus (sunflower) seed oil, isoamyl laurate, glycerin, bisabolol, xanthan gum, tapioca starch, glyceryl caprylate, gluconolactone, stearic acid, carrageenan, galactoarabinan, sodium benzoate, potassium sorbate, glutathione, arbutin, citric acid, glyceryl stearate, cinnamic acid, levulinic acid, caprylyl glycol, sodium levulinate, lauric acid, myristic acid, calcium gluconate, sodium citrate, sodium phytate, sodium sulfite, sodium hydroxide, aminopropyl ascorbyl phosphate, benzyl alcohol, acetyl hexapeptide-8, alcohol, butylene glycol, acetyl tyrosine, dehydroacetic acid, phenoxyethanol, linalool, benzyl benzoate.

this list of ingredients is subject to change; please refer to the packaging of the purchased product.",'5.0,1
Skincare,Moisturisers,'7383220879532,'41811417497772,Aurelia London,Cell Revitalise Day Moisturiser,https://ohmycream.co.uk/collections/skincare-moisturisingcreams/products/aurelia-london-cell-revitalise-day-moisturiser?variant=41811417497772,https://cdn.shopify.com/s/files/1/0555/4071/1596/products/5060318434558_Aurelia_LONDON_Revitalise-Day-Moisturiser-Creme-de-Jour-Revitalisante_Repack_TINY.jpg?v=1658162331,"Complete list of ingredients

aqua/water (purified water), aloe barbadensis leaf extract (aloe vera), bifida ferment lysate (probiotic culture), butyrospermum parkii (shea butter), cocoglycerides (emollient from coconut oil), glycerin (vegetable glycerine), glyceryl stearate se (natural triglycerides & emulsifier), lactose (probiotic bifidoculture milk extract), lactis proteinum/milk protein (probiotic protein), coco-caprylate (coconut based emollient), cetearyl alcohol ( vegetable based thickener), rhus verniciflua peel wax (berry wax), borago officinalis seed oil (borage oil), rosa damascena oil (rosehip oil), argania spinosa kernel oil, prunus armeniaca (apricot) kernel oil, kigelia africana fruit extract (botanical kigelia africana), hibiscus sabdariffa flower extract (hibiscus flower), adansonia digitata fruit extract (botanical baobab), citrus nobilis peel oil (mandarin essential oil), helianthus annuus seed oil (sunflower oil), jasminum officinale flower extract (jasmine essential oil), plumeria acutifolia flower extract (plumeria essential oil), polianthes tuberose flower extract (tuberose essential oil), schinziophyton rautanenii kernel oil, sodium ascorbyl phosphate, panthenol, tocopheryl acetate, lauroyl lysine, xanthan gum (natural based stabiliser), sodium stearoyl glutamate (vegetable derived emulsifier), sodium phytate (natural origin), glyceryl caprylate (coconut-derived emulsifier), benzyl alcohol (preservative), dehydroacetic acid (preservative) , citric acid (fruit derived ph regulator), limonene*, linalool*, benzyl benzoate*

*naturally occurring in essential oil

this list of ingredients is subject to change; please refer to the packaging of the purchased product.",',0
Skincare,Moisturisers,'7383221207212,'41811417792684,Dermalogica,Active Moist,https://ohmycream.co.uk/collections/skincare-moisturisingcreams/products/dermalogica-active-moist?variant=41811417792684,https://cdn.shopify.com/s/files/1/0555/4071/1596/products/activemoist-repack-50ml.jpg?v=1676278393,"Complete list of ingredients

water (aqua), caprylic/capric triglyceride, methyl gluceth-20, pentylene glycol, butylene glycol, dimethicone, lactamide mea, ethylhexyl, methoxycinnamate, peg-100 stearate, cetearyl alcohol, stearic acid, glyceryl stearate, llavandula angustifolia (lavender) extract, malva sylvestris, (mallow) flower/leaf/stem extract, hedera helix (ivy) leaf/stem extract, cucumis sativus (cucumber) fruit extract, sambucus nigra flower extract, arnica montana flower extract, parietaria officinalis extract, nasturtium officinale flower/leaf extract, arctium lappa root extract, salvia officinalis (sage) leaf extract, citrus medica limonum (lemon) fruit extract, saponaria officinalis leaf/root extract, silk amino acids, glycolipids, sodium hyaluronate, leuconostoc/radish root ferment filtrate, palmitoyl hydroxypropyltrimonium amylopectin/glycerin crosspolymer, lecithin, vitis vinifera (grape) seed extract, allantoin, panthenol, cetyl alcohol, polyquaternium-10, acrylates/c10-30 alkyl acrylate crosspolymer, polysorbate 60, aminomethyl propanol, disodium edta, linalool, lavandula hybrida oil

*vegan

this list of ingredients is subject to change; please refer to the packaging of the purchased product.",',0
Skincare,Moisturisers,'7383221207212,'41811417825452,Dermalogica,Active Moist,https://ohmycream.co.uk/collections/skincare-moisturisingcreams/products/dermalogica-active-moist?variant=41811417825452,https://cdn.shopify.com/s/files/1/0555/4071/1596/products/activemoist-repack-100ml.jpg?v=1676278393,"Complete list of ingredients

water (aqua), caprylic/capric triglyceride, methyl gluceth-20, pentylene glycol, butylene glycol, dimethicone, lactamide mea, ethylhexyl, methoxycinnamate, peg-100 stearate, cetearyl alcohol, stearic acid, glyceryl stearate, llavandula angustifolia (lavender) extract, malva sylvestris, (mallow) flower/leaf/stem extract, hedera helix (ivy) leaf/stem extract, cucumis sativus (cucumber) fruit extract, sambucus nigra flower extract, arnica montana flower extract, parietaria officinalis extract, nasturtium officinale flower/leaf extract, arctium lappa root extract, salvia officinalis (sage) leaf extract, citrus medica limonum (lemon) fruit extract, saponaria officinalis leaf/root extract, silk amino acids, glycolipids, sodium hyaluronate, leuconostoc/radish root ferment filtrate, palmitoyl hydroxypropyltrimonium amylopectin/glycerin crosspolymer, lecithin, vitis vinifera (grape) seed extract, allantoin, panthenol, cetyl alcohol, polyquaternium-10, acrylates/c10-30 alkyl acrylate crosspolymer, polysorbate 60, aminomethyl propanol, disodium edta, linalool, lavandula hybrida oil

*vegan

this list of ingredients is subject to change; please refer to the packaging of the purchased product.",',0
Skincare,Moisturisers,'7383224025260,'41811421659308,Pai Skincare,Salvation Jane Omega Rich Moisturiser,https://ohmycream.co.uk/collections/skincare-moisturisingcreams/products/pai-skincare-salvation-jane-omega-rich-moisturiser?variant=41811421659308,https://cdn.shopify.com/s/files/1/0555/4071/1596/products/5060139722056_PAI-SKINCARE_Salvation-Jane-Creme-Hydratante-Riche-en-Omegas_TINY.jpg?v=1658162363,"Complete list of ingredients

aqua (water), macadamia ternifolia seed oil* (macadamia oil), prunus armeniaca kernel oil* (apricot kernel oil), cetearyl alcohol, glycerin**, borago officinalis seed oil* (borage oil), butyrospermum parkii butter* (shea butter), carthamus tinctorius seed oil* (safflower oil), lactobacillus ferment, ectoin, cetearyl glucoside, prunus domestica seed oil* (plum oil), echium plantagineum seed oil (echium oil), sodium hyaluronate, rosa damascena oil* (rose oil), tocopherol* (vitamin e), sodium stearoyl glutamate, sodium anisate, pelargonium graveolens flower oil* (rose geranium oil), sodium levulinate, citrus grandis peel oil* (grapefruit oil), lactic acid

limonene, citronellol, geraniol, linalool (naturally occurring in essential oils / naturellement présent dans les huiles essentielles)

of total: 27% organic, 100% natural origin/ sur total: 27% bio, 100% d'origine naturelle *organic/ biologique **made using organic ingredients/ formulé à partir d'ingrédients biologiques

this list of ingredients is subject to change; please refer to the packaging of the purchased product.",'4.5,12
Skincare,Moisturisers,'7383225925804,'41811423789228,Susanne Kaufmann,Nourishing Day Cream,https://ohmycream.co.uk/collections/skincare-moisturisingcreams/products/susanne-kaufmann-nourishing-day-cream?variant=41811423789228,https://cdn.shopify.com/s/files/1/0555/4071/1596/products/packshot_nourishing_day_cream_susanne_kaufmann_repack.jpg?v=1664781180,"Complete list of ingredients

aqua purificata (water), pentylene glycol nat., myristyl myristate, rosa canina (rosehip) oil, achillea millefolium (yarrow) extract, althaea officinalis (marshmallow) extract, chamomilla recutita (matricaria) flower extract, hypericum perforatum (st. john’s wort) extract, salvia officinalis (sage) extract, glyceryl stearate, glyceryl stearate citrate, mel (honey), sodium hyaluronate, simmondsia chinensis (jojoba) oil, maltitol, cetearyl ethylhexanoate, cetyl alcohol, tocopheryl acetate, squalane, cera alba (beeswax), isopropyl myristate, solanum lycopersicum (tomato) fruit extract, saccharide isomerate, caprylic/capric triglyceride, glycerin, stearyl ethyl-hexanoate, sodium stearoyl glutamate, hydrogenated lecithin, limonene*, linalool*, sodium hydroxide, benzyl salicylate*, citric acid, sodium citrate, cholesterol, citral*, parfum (fragrance from natural scents). (*components of essential oils)

this list of ingredients is subject to change; please refer to the packaging of the purchased product.",'4.7,23
Skincare,Moisturisers,'7383226024108,'41811423854764,Susanne Kaufmann,Moisturising Day Fluid,https://ohmycream.co.uk/collections/skincare-moisturisingcreams/products/susanne-kaufmann-moisturising-day-fluid?variant=41811423854764,https://cdn.shopify.com/s/files/1/0555/4071/1596/products/packshot_moisturising_day_fluid_susanne_kaufmann_repack.jpg?v=1664781178,"Complete list of ingredients

aqua (water), caprylic/capric triglyceride, cetearyl ethylhexanoate, pentylene glycol, glycerin, polyglyceryl-3 methylglucose distearate, glyceryl stearate, helianthus annuus (sunflower) hybrid oil, stearyl alcohol, sorbitol, hamamelis virginiana (witch hazel) leaf water, sodium hyaluronate, simmondsia chinensis (jojoba) seed oil, solanum lycopersicum (tomato) fruit extract, mel, squalane, hydrogenated lecithin, aloe barbadensis leaf powder, chamomilla recutita (matricaria) flower extract, helianthus annuus (sunflower) seed oil, sodium stearoyl glutamate, carbomer, tocopheryl acetate, sodium hydroxide, tocopherol, maltodextrin, cholesterol, alcohol denat, parfum.

this list of ingredients is subject to change; please refer to the packaging of the purchased product.",',0
Skincare,Moisturisers,'7383226253484,'41811424116908,Susanne Kaufmann,Nourishing Rich Cream,https://ohmycream.co.uk/collections/skincare-moisturisingcreams/products/nourishing-rich-cream?variant=41811424116908,https://cdn.shopify.com/s/files/1/0555/4071/1596/files/Nourishing-Rich-Cream-SK.jpg?v=1698243541,"Complete list of ingredients

aqua (water), polyglyceryl-3 polyricinoleate, glycerin, alcohol denat., caprylic/capric triglyceride, caprylyl caprylate/caprate, stearyl heptanoate, cetyl ricinoleate, sorbitan sesquioleate, simmondsia chinensis (jojoba) seed oil, squalane, octyldodecanol, saccharide isomerate, cera alba, glyceryl caprate, stearyl caprylate, tocopheryl acetate, zinc sulfate, magnesium stearate, echium plantagineum seed oil, cardiospermum halicacabum flower/leaf/vine extract, helianthus annuus (sunflower) seed oil, echinacea purpurea extract, hydrogenated vegetable oil, sodium hyaluronate, olea europaea (olive) fruit oil, aluminum tristearate, bisabolol, citric acid, sodium citrate, ubiquinone, viola tricolor extract, tocopherol, parfum.(*components of essential oils).

this list of ingredients is subject to change; please refer to the packaging of the purchased product.",',0
Skincare,Moisturisers,'7383226286252,'41811424149676,Susanne Kaufmann,Moisturising Night Cream,https://ohmycream.co.uk/collections/skincare-moisturisingcreams/products/susanne-kaufmann-regeneration-cream-line-f?variant=41811424149676,https://cdn.shopify.com/s/files/1/0555/4071/1596/products/packshot_moisturising_night_cream_susanne_kaufmann_repack.jpg?v=1664781176,"Complete list of ingredients

aqua (water), caprylic/capric triglyceride, cetyl ricinoleate, decyl cocoate, pentylene glycol, glycerin, glyceryl stearate, helianthus annuus hybrid oil, stearyl alcohol, sorbitol, cetearyl glucoside, tocopheryl acetate, chamomilla recutita (matricaria) flower extract, hamamelis virginiana (witch hazel) leaf water, aloe barbadensis leaf powder, maltodextrin, hydrogenated lecithin, saccharide isomerate, alcohol denat., mel, sodium hyaluronate, sodium stearoyl glutamate, sodium hydroxide, cetyl alcohol, carbomer, citric acid, sodium citrate, cholesterol, parfum.

this list of ingredients is subject to change; please refer to the packaging of the purchased product.",',0
Skincare,Moisturisers,'7383226482860,'41811424379052,Susanne Kaufmann,Nourishing Night Cream Dry Skin,https://ohmycream.co.uk/collections/skincare-moisturisingcreams/products/susanne-kaufmann-nourishing-night-cream-dry-skin?variant=41811424379052,https://cdn.shopify.com/s/files/1/0555/4071/1596/files/Nourishing-Night-Cream_Susanne-Kaufmann.jpg?v=1692715152,"Complete list of ingredients

aqua (water), squalane, polyglyceryl-3 polyricinoleate, caprylic/capric triglyceride, caprylyl caprylate/caprate, glycerin, alcohol denat., cetyl ricinoleate, sorbitan sesquioleate, octyldodecanol, saccharide isomerate, glyceryl caprate, cera alba, tocopheryl acetate, zinc sulfate, echium plantagineum seed oil, rosa canina seed extract, bisabolol, sodium hyaluronate, cardiospermum halicacabum flower/leaf/vine extract, achillea millefolium extract, althaea officinalis root extract, chamomilla recutita (matricaria) flower extract, hypericum perforatum extract, salvia officinalis (sage) leaf extract, rosmarinus officinalis (rosemary) leaf extract, magnesium stearate, helianthus annuus (sunflower) seed oil, citric acid, sodium citrate, ubiquinone, tocopherol, aluminum tristearate, limonene, linalool, benzyl salicylate, citral, parfum.

this list of ingredients is subject to change; please refer to the packaging of the purchased product.",',0
Skincare,Moisturisers,'7383226515628,'41811424411820,Tata Harper,Clarifying Moisturizer,https://ohmycream.co.uk/collections/skincare-moisturisingcreams/products/tata-harper-clarifying-moisturizer?variant=41811424411820,https://cdn.shopify.com/s/files/1/0555/4071/1596/products/813269020821_Tata_Harper_Clarifying_Moisturizer_TINY.jpg?v=1658162392,"Complete list of ingredients

hordeum vulgare leaf juice*, mel/honey/miel*, simmondsia chinensis (jojoba) seed oil*, citrullus lanatus seed oil, glycerin, glyceryl stearate citrate, aqua/water/eau, propanediol, c13-14 alkane, avena sativa (oat) kernel oil, nigella sativa seed oil, pyrus malus (apple) seed oil, santalum spicatum seed oil, squalane, backhousia citriodora leaf extract*, saccharide isomerate, tasmannia lanceolata fruit/leaf extract, chlorella vulgaris extract, magnolia officinalis bark extract, salix alba (willow) bark extract, sodium hyaluronate, olea europaea (olive) oil*, arnica montana (arnica) extract*, borago officinalis (borage) leaf extract*, calendula officinalis (calendula) flower extract*, medicago sativa (alfalfa) extract*, spiraea ulmaria (meadowsweet) extract*, sambucus nigra fruit extract, saccharomyces ferment, polyglyceryl-3 stearate, caprylyl glycol, hydrogenated lecithin, lysolecithin, sclerotium gum, glyceryl caprylate, xanthan gum, lauroyl lysine, tocopherol, sodium phytate, pullulan, phenethyl alcohol, **citrus paradisi (grapefruit) oil, **ocimum basilicum (basil) oil, **citrus aurantium (neroli) oil, citric acid, sodium citrate, **lavandula angustifolia (lavender) oil, alcohol, **cymbopogon flexuosus (lemongrass) oil, lactic acid, **ferula galbaniflua (galbanum) gum extract, limonene, linalool, citral, geraniol, farnesol, citronellol *ingredients from organic farming **aroma this list of ingredients is subject to change; please refer to the packaging of the purchased product.",',0
Skincare,Moisturisers,'7383228940460,'41811428081836,Dermalogica,Calm Water Gel,https://ohmycream.co.uk/collections/skincare-moisturisingcreams/products/dermalogica-calm-water-gel?variant=41811428081836,https://cdn.shopify.com/s/files/1/0555/4071/1596/products/666151032057_DERMALOGICA_Calm_Water_Gel_19487.jpg?v=1658162420,"Complete list of ingredients

water/aqua/eau, glycerin, aloe barbadensis (aloe) leaf juice, dimethicone, butylene glycol, pyrus malus (apple) fruit extract, 1,2-hexanediol, diethylhexyl carbonate, opuntia ficus-indica stem extract, sodium hyaluronate, dipotassium glycyrrhizate, hydrolyzed sodium hyaluronate, lavandula angustifolia (lavender) flower extract, stearyl heptanoate, cetyl peg/ppg-10/1 dimethicone, hydroxyacetophenone, sea salt, dimethicone crosspolymer, stearyl caprylate, lauryl peg-9 polydimethylsiloxyethyl dimethicone, potassium sorbate, citric acid, sodium benzoate, disodium phosphate, *linalool,* limonene.

*linalool and limonene have not been added during formulation, but are ingredients naturally present in lavender essential oil.

**vegan

this list of ingredients is subject to change; please refer to the packaging of the purchased product.",',0
Skincare,Moisturisers,'7383242637484,'42747937226924,Herbivore Botanicals,Aquarius Pore Purifying Clarity Cream,https://ohmycream.co.uk/collections/skincare-moisturisingcreams/products/herbivore-aquarius-pore-purifying-clarity-cream?variant=42747937226924,https://cdn.shopify.com/s/files/1/0555/4071/1596/files/Aquarius-Herbivore_2.jpg?v=1695651094,"Complete list of ingredients

aqua/water/eau, caprylic/capric triglyceride, cetearyl alcohol, glycerin, squalane, glyceryl caprylate, microcrystalline cellulose, propanediol, salix nigra (willow) bark extract, zinc pca, aloe barbadensis flower extract, camellia sinensis leaf extract, coccinia indica fruit extract, corallina officinalis extract, curcuma longa (turmeric) root extract, hamamelis virginiana (witch hazel) extract, melia azadirachta flower extract, melia azadirachta leaf extract, ocimum basilicum (basil) flower/leaf extract, ocimum sanctum leaf extract, solanum melongena (eggplant) fruit extract, tanacetum annuum flower oil, lactobacillus ferment, sodium hyaluronate, sodium pca, magnesium pca, sodium stearoyl glutamate, cellulose gum, glyceryl stearate citrate, caprylyl glyceryl ether, caprylhydroxamic acid

this list of ingredients is subject to change; please refer to the packaging of the purchased product.",',0
Skincare,Moisturisers,'7383242670252,'41811444859052,Bioeffect,EGF Power Advanced Anti-Ageing Cream,https://ohmycream.co.uk/collections/skincare-moisturisingcreams/products/bioeffect-power-anti-ageing-cream?variant=41811444859052,https://cdn.shopify.com/s/files/1/0555/4071/1596/files/EGF-Power-Cream-Creme-Puissante-Bioeffect.jpg?v=1698399310,"Complete list of ingredients

eau, beurre de karité (butyrospermum parkii), c12-20 acid peg-8 ester, butylène glycol, onagre bisannuelle (common evening-primrose), hexadécanol, squalane, sorbitol, polyisobutène hydrogéné, niacinamide, tocophérol, hyaluronate de sodium, bêta-glucane, oridonine, phénoxyéthanol, oléate de sorbitan, carbomère, gomme xanthane, l‘éthylhexylglycérine, polysorbate 20, hydroxyde de potassium, extrait de graine d‘orge (hordeum vulgare), egf (sh-oligopeptide-1 d‘orge).

this list of ingredients is subject to change; please refer to the packaging of the purchased product.",',0
Skincare,Moisturisers,'7383243456684,'41811445579948,Susanne Kaufmann,Rejuvenating Night Cream,https://ohmycream.co.uk/collections/skincare-moisturisingcreams/products/susanne-kaufmann-rejuvenating-night-cream?variant=41811445579948,https://cdn.shopify.com/s/files/1/0555/4071/1596/products/packshot_rejuvenating_night_cream_susanne_repack.jpg?v=1664781280,"Complete list of ingredients

aqua (water), propylheptyl caprylate, polyglyceryl-3 polyricinoleate, caprylyl caprylate/caprate, glycerin, alcohol denat. (sd alcohol 38-b), caprylic/capric triglyceride, cetyl ricinoleate, sorbitan sesquioleate, brassica oleracea italica (broccoli) seed oil, octyldodecanol, cera alba (beeswax), glyceryl caprate, tocopheryl acetate, ectoin, limnanthes alba (meadowfoam) seed oil, zinc sulfate, echium plantagineum seed oil, rosa canina seed extract, magnolia officinalis bark extract, pentylene glycol, sericin, tocopherol, vigna aconitifolia seed extract, lactic acid, serine, squalane, helianthus annuus (sunflower) seed oil, cardiospermum halicacabum flower/leaf/vine extract, sodium lactate, ubiquinone, sorbitol, urea, maltodextrin, magnesium stearate, saccharide isomerate, citric acid, potassium sorbate, citronellol, geraniol, allantoin, rosmarinus officinalis (rosemary) leaf extract, aluminum tristearate, bisabolol, sodium chloride, sodium citrate, limonene, linalool, benzyl salicylate, citral, parfum.

this list of ingredients is subject to change; please refer to the packaging of the purchased product.",',0
Skincare,Moisturisers,'7383285760172,'41811534119084,Susanne Kaufmann,Rejuvenating Day Cream,https://ohmycream.co.uk/collections/skincare-moisturisingcreams/products/susanne-kaufmann-rejuvenating-day-cream?variant=41811534119084,https://cdn.shopify.com/s/files/1/0555/4071/1596/products/packshot_rejuvenating_day_cream_susanne_kaufmann_repack.jpg?v=1664781282,"Complete list of ingredients

aqua (water), glycerin, pentylene glycol, caprylic/capric triglyceride, cetearyl ethylhexanoate, methyl glucose sesquistearate, brassica oleracea italica (broccoli) seed oil, limnanthes alba (meadowfoam) seed oil, butyrospermum parkii (shea) butter extract, ectoin, glyceryl stearate, stearyl alcohol, simmondsia chinensis (jojoba) seed oil, arginine, argania spinosa kernel oil, tocopherol, squalane, hordeum vulgare cera (spent grain wax), magnolia officinalis bark extract, solanum lycopersicum (tomato) fruit extract, vigna aconitifolia seed extract, schisandra chinensis fruit extract, helianthus annuus (sunflower) seed oil, propanediol, saccharide isomerate, carbomer, tocopheryl acetate, isopropyl myristate, maltodextrin, sodium polyphosphate (tetrasodium pyrophosphate), lactic acid, serine, sodium lactate, sorbitol, urea, citric acid, sodium chloride, sodium citrate, potassium sorbate, allantoin, sericin, limonene, linalool, benzyl salicylate, citral, citronellol, geraniol, parfum.

this list of ingredients is subject to change; please refer to the packaging of the purchased product.",',0
Skincare,Moisturisers,'7383286874284,'41811535331500,Augustinus Bader,The Ultimate Soothing Cream,https://ohmycream.co.uk/collections/skincare-moisturisingcreams/products/augustinus-bader-the-ultimate-soothing-cream?variant=41811535331500,https://cdn.shopify.com/s/files/1/0555/4071/1596/products/5060552903346_The_Ultimate_Soothing_Cream_Augustinus_Bader.jpg?v=1658165554,"Complete list of ingredients

aqua/ eau, triglycéride caprylique/caprique, glycérine, triglycérides c10-18, éther dicaprylylique, beurre de butyrospermum parkii (karité), alcool cétéarylique, citrate de stéarate de glycéryle, olus/huile végétale, octyldodécanol, huile de graines de nigella sativa, huile de oenothera biennis (onagre bisannuelle), panthénol, caprylate de glycéryle, huile végétale hydrogénée, niacinamide, glutamate de stéaroyle de sodium, zinc pca, polyacrylate crosspolymer-6, benzoate de sodium, cire de euphorbia cerifera (candelilla), protéines de riz hydrolysées, maltodextrine, acide citrique, totarol, extrait de feuille de camellia sinensis, lécithine hydrogénée, acétate de tocophéryle, gomme xanthane, tocophérol, alanyl-glutamine, arginine, oligopeptide-177, sorbate de potassium, chlorure de sodium, phénylalanine, huile de graines de sisymbrium irio.

this list of ingredients is subject to change; please refer to the packaging of the purchased product.",'4.4,7
Skincare,Moisturisers,'7443834765484,'42003144999084,Bioeffect,Hydrating Cream,https://ohmycream.co.uk/collections/skincare-moisturisingcreams/products/bioeffect-hydrating-cream?variant=42003144999084,https://cdn.shopify.com/s/files/1/0555/4071/1596/products/Sans_ref_Bioeffect_Creme_hydratante_50ml_TINY.jpg?v=1662541705,"Complete list of ingredients

eau (aqua), triglycéride caprylique/caprique, butylène glycol, ester d'acide c12-20 peg-8, alcool cétylique, dl-alpha tocophérol, phénoxyéthanol, hyaluronate de sodium, éthylhexylglycérine, carbomère, oléate de sorbitan, sorbate de potassium, hydroxyde de potassium, acide citrique, extrait de graines d'orge (horderum vulgare), egf (sh-oligopeptide-1 d'orge)

this list of ingredients is subject to change; please refer to the packaging of the purchased product.",'5.0,1
Skincare,Moisturisers,'7443834765484,'42003144868012,Bioeffect,Hydrating Cream,https://ohmycream.co.uk/collections/skincare-moisturisingcreams/products/bioeffect-hydrating-cream?variant=42003144868012,https://cdn.shopify.com/s/files/1/0555/4071/1596/products/packshot_bioeffect_hydrating_serum_30ml.jpg?v=1662541705,"Complete list of ingredients

eau (aqua), triglycéride caprylique/caprique, butylène glycol, ester d'acide c12-20 peg-8, alcool cétylique, dl-alpha tocophérol, phénoxyéthanol, hyaluronate de sodium, éthylhexylglycérine, carbomère, oléate de sorbitan, sorbate de potassium, hydroxyde de potassium, acide citrique, extrait de graines d'orge (horderum vulgare), egf (sh-oligopeptide-1 d'orge)

this list of ingredients is subject to change; please refer to the packaging of the purchased product.",'5.0,1
Skincare,Moisturisers,'7476380008620,'42091904041132,Rudolph Care,Moisture Delight Cream,https://ohmycream.co.uk/collections/skincare-moisturisingcreams/products/moisture-delight-cream?variant=42091904041132,https://cdn.shopify.com/s/files/1/0555/4071/1596/products/Packshot_Acai_Moisture_Delight_Rudolph_Care.jpg?v=1664473326,"Complete list of ingredients

aloe barbadensis leaf extract* (aloe vera), coco-caprylate, glycerin, aqua, brassica campestris seed oil* (rapeseed oil), brassica napus seed oil* (rapeseed oil), zingiber officinale water (ginger), rosa canina fruit extract* (dog rose), glyceryl stearate citrate, cetearyl alcohol, euterpe oleracea fruit extract (açai), salvia hispanica seed oil (chia oil), cucumis sativus fruit extract* (cucumber), argania spinosa kernel oil* (argan oil), sambucus nigra flower extract* (elder flower extract), tocopherol (vitamin e), sodium levulinate, glycine soja oil, glyceryl caprylate, xanthan gum, parfum (natural), citric acid, sodium benzoate, potassium sorbate *ingredients from organic farming **made using organic ingredients 99% natural origin of total 73% of the total ingredients are from organic farming

this list of ingredients is subject to change; please refer to the packaging of the purchased product.",'5.0,2
Skincare,Moisturisers,'7476380074156,'42091904106668,Augustinus Bader,The Light Cream,https://ohmycream.co.uk/collections/skincare-moisturisingcreams/products/the-light-cream?variant=42091904106668,https://cdn.shopify.com/s/files/1/0555/4071/1596/products/packshot_the_light_cream_augustinus_bader.jpg?v=1664473326,"Complete list of ingredients

aqua/water/eau, glycerin, maris aqua/sea water/eau de mer, sodium acrylates copolymer, 1,2-hexanediol, cellulose, microcrystalline cellulose, propanediol, glyceryl glucoside, ethylhexyl polyhydroxystearate, oryza sativa (rice) bran oil, squalane, lecithin, sodium phytate, citric acid, sodium hyaluronate, o-cymen-5-ol, hydrolyzed rice protein, maltodextrin, sodium citrate, sodium hydroxide, hydrolyzed adansonia digitata extract, porphyridium cruentum extract, phragmites communis extract, poria cocos extract, backhousia citriodora leaf extract, sodium benzoate, aloe barbadensis leaf juice powder, camellia sinensis leaf extract, hydrogenated lecithin, tocopheryl acetate, xanthan gum, alanyl glutamine, arginine, oligopeptide-177, phenylalanine, potassium sorbate, sisymbrium irio seed oil, sodium chloride, epigallocatechin gallatyl glucoside.

this list of ingredients is subject to change; please refer to the packaging of the purchased product.",',0
Skincare,Moisturisers,'7539719241900,'42756808671404,Ulé,Amour de Repair Nourishing Cream,https://ohmycream.co.uk/collections/skincare-moisturisingcreams/products/ule-amour-de-repair-nourishing-cream?variant=42756808671404,https://cdn.shopify.com/s/files/1/0555/4071/1596/files/Amour-de-Repair_Ul.jpg?v=1695979477,"Complete list of ingredients

aqua (water), triheptanoin, squalane, propanediol, centella asiatica juice, coleus forskohlii juice, ocimum tenuiflorum juice, hydrogenated olive oil cetyl esters, glycerin, cetearyl alcohol, hydrogenated olive oil decyl esters, hydroxyethyl acrylate/sodium acryloyldimethyl taurate copolymer, glyceryl stearate, jojoba esters, pentaerythrityl tetraisostearate, 1,2-hexanediol, alpha-glucan oligosaccharide, diglycerin, panthenol, helianthus annuus (sunflower) seed wax, sodium stearoyl glutamate, avena sativa (oat) kernel extract, phenethyl alcohol, triticum vulgare (wheat) gluten extract, sodium benzoate, xanthan gum, hydrolyzed lupine protein, sorbitan isostearate, parfum (fragrance), citric acid, polyglycerin-3, linalool, lactobacillus/rye flour ferment, sodium hyaluronate, limonene, coumarin, citral, tocopherol

this list of ingredients is subject to change; please refer to the packaging of the purchased product.",'5.0,1
Skincare,Moisturisers,'7554431746220,'42542027735212,Rudolph Care,Firming Therapy Moisturiser,https://ohmycream.co.uk/collections/skincare-moisturisingcreams/products/rudolph-care-firming-therapy-moisturiser?variant=42542027735212,https://cdn.shopify.com/s/files/1/0555/4071/1596/files/Firming-Therapy-Moisturizer_RudolphCare.jpg?v=1682497035,"Complete list of ingredients

aloe barbadensis leaf extract* (aloe vera), aqua, dicaprylyl carbonate, glycerin, sesamum indicum seed oil*(sesame oil), persea gratissima oil*(avocado oil), glyceryl stearate citrate, euterpe oleracea fruit extract (acai), cetearyl alcohol, brassica oleracea italica seed oil* (broccoli oil), propanediol, propylene glycol, sodium pca, mangifera indica seed butter (mango butter), sodium stearoyl glutamate, sodium levulinate, spinacia oleracea leaf extract (spinach extract), chondrus crispus powder (carrageen moss), isomalt, hydrolyzed lemon protein, hydrolyzed kale protein, hydrolyzed carrot protein, sodium hyaluronate, tocopherol (vitamin e), glycine soja oil, malus domestica fruit cell culture extract (apple cell extract), leuconostoc/radish root ferment filtrate, parfum (natural), citric acid, potassium sorbate, sodium benzoate

this list of ingredients is subject to change; please refer to the packaging of the purchased product.",'4.0,1
Skincare,Moisturisers,'7640383848620,'42756815683756,Ulé,Fraîche Cloud Water Cream Gel,https://ohmycream.co.uk/collections/skincare-moisturisingcreams/products/ule-fraiche-cloud-water-cream-gel?variant=42756815683756,https://cdn.shopify.com/s/files/1/0555/4071/1596/files/FraicheCloudNouvelleVersion_Ule.jpg?v=1695980008,"Complete list of ingredients

ingredients : aqua (water), cucumis sativus (cucumber) fruit extract, propanediol, centella asiatica juice, coleus forskohlii juice, ocimum tenuiflorum juice, betaine, glycerin, hydroxyethyl acrylate/sodium acryloyldimethyl taurate copolymer, triheptanoin, xylitol, squalane, 1,2-hexanediol, polyacrylate crosspolymer-6, xylitylglucoside, phenethyl alcohol, anhydroxylitol, panthenol, sodium benzoate, parfum (fragrance), sorbitan isostearate, chondrus crispus extract, diglycerin, sodium gluconate, sodium hyaluronate, zinc gluconate, triticum vulgare (wheat) gluten extract, limonene, rubus idaeus (raspberry) fruit extract, citric acid, linalool, sodium hydroxide, t-butyl alcohol, potassium sorbate, geraniol, citral, tocopherol

this list of ingredients is subject to change; please refer to the packaging of the purchased product.",',0
Skincare,Moisturisers,'7669177024684,'42708345192620,Dermalogica,Stabilizing Barrier-Repairing Cream,https://ohmycream.co.uk/collections/skincare-moisturisingcreams/products/dermalogica-stabilizing-barrier-repairing-cream?variant=42708345192620,https://cdn.shopify.com/s/files/1/0555/4071/1596/files/StabilizingRepairCream_Dermalogica.jpg?v=1692863463,"Complete list of ingredients

water/aqua/eau, butylene glycol, glycerin, squalane, butyrospermumparkii(shea) butter, caprylic/capric triglyceride, palmitic acid, simmondsiachinensis (jojoba) seed oil, glyceryl stearate se, propanediol, hexyldecanol, polyglyceryl-3 methylglucosedistearate, hydroxyacetophenone, dipotassium glycyrrhizate, centellaasiatica extract, boerhaviadiffusaroot extract, myrothamnusflabellifolialeaf/stem extract, tasmannialanceolata leaf extract, brassica campestris (rapeseed) sterols, zingiber officinale (ginger) root extract, tocopherol, lactobacillus ferment, cetylhydroxyprolinepalmitamide, caprylyl glycol, triolein, maltodextrin, bisabolol, xanthan gum, cetearylalcohol, myristic acid, tetrasodium glutamate diacetate, hydroxystearicacid, 1,2-hexanediol, sodium hydroxide, citric acid, sodium polyacryloyldimethyltaurate, ammonium acryloyldimethyltaurate/vp copolymer, stearic acid, acacia senegal gum.

this list of ingredients is subject to change; please refer to the packaging of the purchased product.",',0
Skincare,Moisturisers,'7754576527532,'42924216058028,Dr. Barbara Sturm,Face Cream,https://ohmycream.co.uk/collections/skincare-moisturisingcreams/products/dr-barbara-sturm-face-cream?variant=42924216058028,https://cdn.shopify.com/s/files/1/0555/4071/1596/files/FaceCream_BarbaraSturm.jpg?v=1706195304,Complete list of ingredients,',0
Skincare,Moisturisers,'7772231106732,'42997810495660,Dermalogica,Powerbright Overnight Cream Dark Spot Fader,https://ohmycream.co.uk/collections/skincare-moisturisingcreams/products/dermalogica-powerbright-overnight-cream?variant=42997810495660,https://cdn.shopify.com/s/files/1/0555/4071/1596/files/PowerbrightOvernightCream_Dermalogica.jpg?v=1711472450,"Complete list of ingredients

aqua/water/eau, dimethicone, methylheptyl isostearate, butylene glycol, niacinamide, 1,2-hexanediol, cetearyl ethylhexanoate, cetyl alcohol, isohexadecane, cetearyl alcohol, glyceryl stearate citrate, rubus idaeus (raspberry) seed oil, vaccinium macrocarpon (cranberry) seed oil, hexylresorcinol, lactobacillus/pumpkin ferment extract, cananga odorata flower oil, citrus aurantium dulcis (orange) peel oil, citrus limon (lemon) peel oil, prunus amygdalus dulcis (sweet almond) oil, juniperus mexicana oil, rosa damascena flower oil, hydroxyacetophenone, dipotassium glycyrrhizate, lactobacillus ferment, potassium cetyl phosphate, hydrogenated phosphatidylcholine, phytosterols, dimethicone crosspolymer, acrylates/c10-30 alkyl acrylate crosspolymer, aminomethyl propanol, glyceryl caprylate, polysilicone-11, tocopherol, tetrasodium glutamate diacetate, zinc glycinate, magnesium ascorbyl phosphate, isostearic acid, benzyl benzoate, decyl glucoside, benzyl salicylate, sodium hydroxide, sodium glycolate, sodium formate, dimethiconol, limonene, farnesol this list of ingredients is subject to change; please refer to the packaging of the purchased product.",',0
Skincare,Moisturisers,'7997178740908,'43635677659308,Oh My Cream Skincare,Dark Spot Fluid SPF30,https://ohmycream.co.uk/collections/skincare-moisturisingcreams/products/oh-my-cream-skincare-dark-spot-fluid-spf30?variant=43635677659308,https://cdn.shopify.com/s/files/1/0555/4071/1596/files/202508_OMCS_Fluide_Anti_tache_packshot.jpg?v=1756212624,"Complete list of ingredients

aqua, dicaprylyl carbonate, cocoglycerides, diethylamino hydroxybenzoyl hexyl benzoate, coco-caprylate, bis ethylhexyloxyphenol methoxyphenyl triazine, ethylhexyl triazone, phenylbenzimidazole sulfonic acid, glyceryl stearate, niacinamide, 1,2-heptanediol, propanediol, sodium ascorbyl phosphate, sodium stearoyl glutamate, sodium hyaluronate, oryza sativa starch, tocopherol, xanthan gum, cellulose gum, microcrystalline cellulose, citric acid, sodium gluconate, sodium hydroxide, o-cymen-5-ol.

this list of ingredients is subject to change; please refer to the packaging of the purchased product.",'4.0,2
Skincare,Moisturisers,'7998453645484,'43639917936812,Patyka,High Protection Dark Spot Correcting Fluid SPF30,https://ohmycream.co.uk/collections/skincare-moisturisingcreams/products/patyka-high-protection-dark-spot-correcting-spf30?variant=43639917936812,https://cdn.shopify.com/s/files/1/0555/4071/1596/files/3700591900198_Packshot_Fluide_Anti-taches__Patyka.jpg?v=1744812231,"Complete list of ingredients

aqua (water), caprylic/capric triglyceride, coco-caprylate/caprate, pentylene glycol, zinc oxide, glycerin, polyglyceryl-6 stearate, titanium dioxide, parfum (fragrance), microcrystalline cellulose, silica, dictyopteris polypodioides extract, sodium hyaluronate, aloe barbadensis leaf juice powder*, tocopherol, pongamol, sodium stearoyl glutamate, polyglyceryl-6 behenate, polyglyceryl-3 polyricinoleate, alumina, stearic acid, cetearyl alcohol, glyceryl stearate, xanthan gum, cellulose gum, polyhydroxystearic acid, citric acid, isostearic acid, sodium phytate, limonene**, linalool**, alcohol

*from organic farming
**transformed from organic farming

99.9% of the total of ingredients are natural

40% of the total of ingredients are certified organic

made in france

this list of ingredients is subject to change; please refer to the packaging of the purchased product.",',0
Skincare,Moisturisers,'8013653311660,'43680852312236,Odacité,Edelweiss Extrême® Bioactive Renew Supreme Cream,https://ohmycream.co.uk/collections/skincare-moisturisingcreams/products/odacite-edelweiss-extreme-bioactive-renew-supreme-cream?variant=43680852312236,https://cdn.shopify.com/s/files/1/0555/4071/1596/files/SupremeCreamPeptidesCarnoisine_Odacite.jpg?v=1722255127,"Complete list of ingredients

aloe barbadensis leaf juice, squalane, coco-caprylate, helianthus annuus [sunflower] seed oil, glycerin, carthamus tinctorius [safflower] seed oil, leontopodium alpinum [edelweiss] flower extract, polyglyceryl-2 stearate, propanediol, pentylene glycol, cetyl alcohol, microcrystalline cellulose, glyceryl stearate, cetearyl alcohol, stearyl alcohol, phenethyl alcohol, tocopherol, cetearyl glucoside, ocimum basilicum [basil] oil, acacia senegal gum, sodium stearoyl glutamate, xanthan gum, caesalpinia spinosa gum, cellulose gum, pisum sativum [pea] peptide, carnosine, water, hyaluronic acid, citric acid, sodium hydroxide, calendula officinalis flower extract, camellia sinensis leaf extract, chamomilla recutita [matricaria] flower extract, curcuma longa [turmeric] root extract, ubiquinone

this list of ingredients is subject to change; please refer to the packaging of the purchased product.",',0
Skincare,Moisturisers,'8024763334828,'43855618048172,Ulé,Recovery Night Cream,https://ohmycream.co.uk/collections/skincare-moisturisingcreams/products/ule-recovery-night-cream?variant=43855618048172,https://cdn.shopify.com/s/files/1/0555/4071/1596/files/2024_09_Ule_Recovery_night_cream_Packshot.jpg?v=1726733641,"Complete list of ingredients

aqua (water), caprylic/capric triglyceride, propanediol, glycerin, centaurea cyanus flower water, squalane, centella asiatica juice, coleus forskohlii juice, ocimum tenuiflorum juice, butylene glycol, betaine, pentaerythrityl tetraisostearate, hydroxyethyl acrylate/sodium acryloyldimethyl taurate copolymer, hydrogenated olive oil decyl esters, xylitol, diglycerin, 1,2-hexanediol, alpha-glucan oligosaccharide, polyacrylate crosspolymer-6, xylitylglucoside, phenethyl alcohol, anhydroxylitol, triticum vulgare (wheat) gluten extract, panthenol, sodium benzoate, parfum (fragrance), sorbitan isostearate, sodium hyaluronate, xanthan gum, chamomilla recutita (matricaria) flower extract, ci 77007 (ultramarines), citric acid, silica, potassium sorbate, lavandula angustifolia (lavender) flower extract, rosa centifolia flower extract, alpha-isomethyl ionone, kaolin, limonene, tocopherol

this list of ingredients is subject to change; please refer to the packaging of the purchased product.",',0
Skincare,Moisturisers,'15204490412412,'55132277080444,Dr. Hauschka,Tinted Day Cream,https://ohmycream.co.uk/collections/skincare-moisturisingcreams/products/dr-hauschka-tinted-day-cream?variant=55132277080444,https://cdn.shopify.com/s/files/1/0555/4071/1596/files/202503_Dr_Hauschka_Tinted_Day_Cream_packshot.png?v=1745326780,"Complete list of ingredients

aqua, prunus amygdalus dulcis oil, arachis hypogaea oil, persea gratissima oil, pyrus cydonia seed extract, rosa damascena flower water, glycerin, anthyllis vulneraria extract, prunus armeniaca kernel oil, sorbitol, cera alba, polyglyceryl-3 polyricinoleate, hypericum perforatum flower/leaf extract, olus oil, rosa damascena flower cera, triticum vulgare bran extract, parfum*, limonene*, linalool*, citronellol*, geraniol*, coumarin*, citral*, benzyl benzoate*, farnesol*, sodium chloride, zinc stearate, lanolin, sucrose polystearate, glyceryl caprate, zinc sulfate, silica, lecithin, lactose, ci 77491, ci 77492, ci 77499, ci 77891. * from natural essential oils.

this list of ingredients is subject to change; please refer to the packaging of the purchased product.",',0
Skincare,Moisturisers,'7383238901932,'41811441451180,Antipodes,Culture Probiotic Night Recovery Water Cream,https://ohmycream.co.uk/collections/skincare-moisturisingcreams/products/antipodes-culture-probiotic-night-cream?variant=41811441451180,https://cdn.shopify.com/s/files/1/0555/4071/1596/products/packshot_culture_probiotic_night_recovery_antipodes.jpg?v=1664781249,"Complete list of ingredients

aqua (eau), glycérine, olivate cétéarylique, olivate de sorbitane, copolymère et lécithine d'acrylates de sodium, huile de graines de simmondsia chinensis (jojoba), huile de limnanthes alba (limnanthe blanche), acide déhydroacétique, alcool benzylique, glycéryl caprylate, bisabolol, hyaluronate de sodium, gomme xanthane, lécithine, gomme de sclérotium et pullulane, extrait de feuilles d'aloe barbadensis (aloe vera), bio, lactobacilles fermentées, mannitol, maltodextrine, citrate de sodium, extrait de fougère arborescente noire cyathea medullaris (mamaku), extrait de lin phormium tenax (lin de nouvelle-zélande), extrait de fleurs d'hibiscus sabdariffa (hibiscus), mica, dioxyde de titane, oxyde de fer, violet de manganèse, parfum de rose : citral†, citronellol†, géraniol†, d-limonène†, linalol†.

this list of ingredients is subject to change; please refer to the packaging of the purchased product.",',0
Skincare,Moisturisers,'7476380205228,'42282827350188,Patyka,Lift-Firming Cream,https://ohmycream.co.uk/collections/skincare-moisturisingcreams/products/lift-firming-cream?variant=42282827350188,https://cdn.shopify.com/s/files/1/0555/4071/1596/files/Creme-Lift-eclat-Fermete-Patyka.jpg?v=1696511228,"Complete list of ingredients

ingredients : aqua (water), rosa damascena flower water*, glycerin, alcohol denat.**, helianthus annuus (sunflower) seed oil, coco-caprylate, glyceryl stearate citrate, microcrystalline cellulose, caprylic/capric triglyceride, coco-caprylate/caprate, parfum (fragrance), cetearyl alcohol, sodium hyaluronate, engelhardtia chrysolepis leaf extract, taraxacum officinale (dandelion) rhizome/root extract, angelica archangelica callus extract, glyceryl caprylate, sodium stearoyl glutamate, limonene***, levulinic acid, vigna aconitifolia seed extract, chondrus crispus (carrageenan) powder, sclerotium gum, sodium levulinate, cellulose gum, xanthan gum, tocopherol, pentylene glycol, sodium phytate, maltodextrin, sodium hydroxide, linalool***, citronellol***

*ingrédients issus de l’agriculture biologique.
**transformé à partir d’ingrédients biologiques.
***constituants naturels de la composition aromatique.
99.9% du total est d’origine naturelle. 40.5% du total des ingrédients sont issus de l’agriculture biologique.

this list of ingredients is subject to change; please refer to the packaging of the purchased product.",',0
Skincare,Moisturisers,'7558063259820,'42415365324972,Sunday Riley,C.E.O Afterglow Brightening Vitamin C Cream,https://ohmycream.co.uk/collections/skincare-moisturisingcreams/products/sunday-riley-ceo-afterglow-brightening-vitamin-c-cream?variant=42415365324972,https://cdn.shopify.com/s/files/1/0555/4071/1596/products/Brightening-Vitamin-C-Gel-Cream_Sunday-Riley.jpg?v=1677082278,"Complete list of ingredients

water/eau/aqua, dimethicone, neopentyl glycol diethylhexanoate, tetrahexyldecyl ascorbate, polyglycerin-6, propanediol, phenyl trimethicone, glycerin, hydroxyethyl acrylate/ sodium acryloyldimethyl taurate copolymer, sodium hyaluronate crosspolymer, ergothioneine, xanthophyll, allantoin, citrus aurantium amara (bitter orange) flower oil, sodium acryloyldimethyltaurate/vp crosspolymer, mannitol, pentylene glycol, isododecane, dimethicone crosspolymer, sodium phytate, pentaerythrityl tetra-di-t-butyl hydroxyhydrocinnamate, benzotriazolyl dodecyl p-cresol, polymethylsilsesquioxane, ammonium acryloyldimethyltaurate/beheneth-25 methacrylate crosspolymer, carthamus tinctorius (safflower) seed oil, citrus aurantium dulcis (orange) peel oil, phenoxyethanol, caprylyl glycol, chlorphenesin, ethylhexylglycerin, citric acid, polysorbate 60, sorbitan isostearate.

this list of ingredients is subject to change; please refer to the packaging of the purchased product.",'4.5,2
Skincare,Moisturisers,'7623548502188,'42553969246380,Patyka,Hyperpigmentation Set,https://ohmycream.co.uk/collections/skincare-moisturisingcreams/products/patyka-hyperpigmentation-set?variant=42553969246380,https://cdn.shopify.com/s/files/1/0555/4071/1596/files/CoffretAnti-Taches_Patyka.jpg?v=1684751995,"Complete list of ingredients

dark spot correcting serum : 99.7% du total des ingrédients sont d’origine naturelle 51% du total des ingrédients sont issus de l’agriculture biologique

ingrédients : aqua (water), glycerin, alcohol** denat., coco caprylate/caprate, microcrystalline cellulose, apricot kernel oil polyglyceryl-4 esters, parfum (fragrance), xanthan gum, sodium levulinate, polyglyceryl-10 oleate, avena sativa (oat) kernel extract*, lysolecithin, sclerotium gum, polyglyceryl-6 laurate, hexapeptide-11, limonene, vaccinium myrtillus fruit/leaf extract, pullulan, sodium anisate, sorbitan palmitate, sodium stearoyl lactylate, cellulose gum, citric acid, saccharum officinarum (sugar cane) extract, sodium benzoate, sodium hyaluronate, potassium sorbate, tocopherol, sodium hydroxide, tetrasodium glutamate diacetate, citrus aurantium dulcis (orange) fruit extract, citrus medica limonum (lemon) fruit extract, hydroxyresveratrol, benzyl alcohol, hydrolyzed algae extract, acer saccharum (sugar maple) extract, linalool, salicylic acid, lycium barbarum fruit extract*

*ingrédients issus de l’agriculture biologique *transformé à partir d’ingrédients biologiques

anti-spot fluid high protection spf30 : aqua (water), caprylic/capric triglyceride, coco-caprylate/caprate, pentylene glycol, zinc oxide, glycerin, polyglyceryl-6 stearate, titanium dioxide, parfum (fragrance), microcrystalline cellulose, silica, dictyopteris polypodioides extract, sodium hyaluronate, aloe barbadensis leaf juice powder*, tocopherol, pongamol, sodium stearoyl glutamate, polyglyceryl-6 behenate, polyglyceryl-3 polyricinoleate, alumina, stearic acid, cetearyl alcohol, glyceryl stearate, xanthan gum, cellulose gum, polyhydroxystearic acid, citric acid, isostearic acid, sodium phytate, limonene**, linalool**, alcohol

*ingrédients issus de l’agriculture biologique *transformé à partir d’ingrédients biologiques

99.9% du total des ingrédients sont d’origine naturelle

40% du total des ingrédients sont issus de l’agriculture biologique

this list of ingredients is subject to change; please refer to the packaging of the purchased product.",'5.0,1
Skincare,Moisturisers,'15176589738364,'55105247805820,Evolve Organic Beauty,Nightly Renew Facial Cream,https://ohmycream.co.uk/collections/skincare-moisturisingcreams/products/evolve-nightly-renew-facial-cream?variant=55105247805820,https://cdn.shopify.com/s/files/1/0555/4071/1596/files/202504_Evolve_Nightly_Renew_Facial_Cream_Packshot.png?v=1744902483,"Complete list of ingredients

aqua (water), isoamyl laurate, coco-caprylate/ caprate, glycerin, cetearyl alcohol, c10-18 triglycerides, candelilla/ jojoba/ rice bran polyglyceryl-3 esters, glyceryl stearate, bidens pilosa extract, paeonia lactiflora root extract, sodium hyaluronate, aloe barbadensis leaf juice powder*, astrocaryum murumuru seed butter, gossypium herbaceum (cotton) seed oil, linum usitatissimum (linseed) seed oil, helianthus annuus (sunflower) seed oil, sucrose stearate, sodium stearoyl lactylate, microcrystalline cellulose, sodium levulinate, cetearyl glucoside, sodium dehydroacetate, parfum (naturally derived fragrance), cellulose gum, xanthan gum, sodium anisate, tocopherol, sucrose palmitate, phytic acid, trehalose, sodium benzoate, potassium sorbate, citric acid, geraniol, limonene, linalool. *ingredients from organic farming

this list of ingredients is subject to change; please refer to the packaging of the purchased product.",'4.9,22
Skincare,Moisturisers,'15432505590140,'55529268806012,Augustinus Bader,The Rich Cream Mini Routine,https://ohmycream.co.uk/collections/skincare-moisturisingcreams/products/augustinus-bader-the-rich-cream-mini-routine?variant=55529268806012,https://cdn.shopify.com/s/files/1/0555/4071/1596/files/202507_The_Rich_Cream_Mini_Routine_Augustinus_Bader__1.jpg?v=1753343274,"Complete list of ingredients

the face cream mask aqua/water/eau, glycerin, pentylene glycol, hydrogenated vegetable glycerides, coco-caprylate/caprate, cetearyl alcohol, 1,2-hexanediol, squalane, astragalus membranaceus root extract, atractylodes macrocephala root extract, bupleurum falcatum root extract, c12-16 alcohols, ascorbyl tetraisopalmitate, ethylhexyl polyhydroxystearate, caesalpinia spinosa gum, sodium stearoyl glutamate, cetearyl glucoside, palmitic acid, citric acid, polyacrylate crosspolymer-6, hydrogenated lecithin, sodium hyaluronate, maltodextrin, o-cymen-5-ol, hydrolyzed rice protein, panax ginseng root extract, camellia sinensis leaf extract, tocopheryl acetate, xanthan gum, punica granatum (pomegranate) fruit extract, wine, potassium sorbate, sodium benzoate, alanyl glutamine, arginine, oligopeptide-177, phenylalanine, sisymbrium irio seed oil, sodium chloride, tocopherol.

the eye cream aqua/water/eau, glycerin, coco-caprylate/caprate, panthenol, ethyl oleate, ethylhexyl polyhydroxystearate,squalane, glyceryl stearate citrate, hydrogenated vegetable glycerides, niacinamide, ascorbyl tetraisopalmitate, sodium stearoyl glutamate, polyglyceryl-3 stearate, oleic acid, cocos nucifera (coconut) oil, silica, simmondsia chinensis (jojoba) seed oil, hydrogenated lecithin, undaria pinnatifida extract, xanthan gum, potassium sorbate, citric acid, sodium benzoate, terminalia arjuna extract, centella asiatica flower/leaf/stem extract, hydrolyzed riceprotein, maltodextrin, sodium phytate, lecithin, corallina officinalis extract, camellia sinensis leaf extract, tocopheryl acetate, tocopherol, alanyl glutamine, arginine, oligopeptide-177, sodium chloride, phenylalanine, sisymbrium irio seed oil.

the serum aqua/water/eau, glycerin, 1,2-hexanediol, cellulose, ethylhexyl polyhydroxystearate, resveratrol, squalane, sodium acrylates copolymer, ascorbyl tetraisopalmitate, oryza sativa (rice) bran oil, maltitol, leontopodium alpinum callus culture extract, xylitylglucoside, lecithin, anhydroxylitol, citric acid, xylitol, hydrolyzed rice protein, maltodextrin, sodium hyaluronate, sodium hydroxide, o-cymen-5-ol, punica granatum extract, sodium phytate, glucose, xanthan gum, camellia sinensis leaf extract, hydrogenated lecithin, tocopheryl acetate, alanyl glutamine, arginine, oligopeptide-177, potassium sorbate, sodium chloride, phenylalanine, sisymbrium irio seed oil.

the rich cream aqua (water), coco-caprylate/caprate, helianthus annuus (sunflower) seed oil, squalane, glycerin, argania spinosa kernel oil, ethyl oleate, persea gratissima (avocado) oil, polyglyceryl-4 oleate, magnesium sulfate, oenothera biennis (evening primrose) oil, panthenol, polyglyceryl-6 oleate, zinc pca, polyhydroxystearic acid, butylene glycol, butyrospermum parkii (shea) butter, potassium sorbate, sodium benzoate, tocopherol, sodium hyaluronate, hydrolyzed rice protein, maltodextrin, citric acid, camellia sinensis leaf extract, hydrogenated lecithin, tocopheryl acetate, xanthan gum, alanyl glutamine, arginine, oligopeptide-177, phenylalanine, sisymbrium irio seed oil, sodium chloride, dextran, palmitoyl tripeptide-8

this list of ingredients is subject to change; please refer to the packaging of the purchased product.",',0
Skincare,Moisturisers,'15190641869180,'55119633613180,Talm,The Pregnancy & Post-Partum Care Kit Balzac Paris x Talm,https://ohmycream.co.uk/collections/skincare-moisturisingcreams/products/talm-pregnancy-post-partum-care-kit-balzac-paris?variant=55119633613180,https://cdn.shopify.com/s/files/1/0555/4071/1596/files/Troussedesoinsgrossesse_TalmxBalzac_Packshot.jpg?v=1747122700,"Complete list of ingredients

pochon balzac made in france.

ingrédients mega balm : aqua (water), prunus amygdalus dulcis (sweet almond) oil*, cetearyl alcohol, glycerin, butyrospermum parkii (shea) butter*, pentylene glycol, sesamum indicum (sesame) seed oil*, cetearyl glucoside, helianthus annuus (sunflower) seed oil, aloe barbadensis leaf juice powder*, parfum (fragrance), potassium sorbate, citric acid, sodium hydroxide, tocopherol.

ingrédients mega oil : helianthus annuus hybrid oil (helianthus annuus (sunflower) seed oil), prunus amygdalus dulcis (sweet almond) oil, sesamum indicum (sesame) seed oil*, argania spinosa kernel oil*, helianthus annuus (sunflower) seed oil unsaponifiables*, undaria pinnatifida extract*, helianthus annuus (sunflower) seed oil, parfum (fragrance)**, caprylic/capric triglyceride, tocopherol. *ingrédients issus de l’agriculture biologique sans huiles essentielles, sans alcool sécurité grossesse et allaitement **parfum 100% naturel

this list of ingredients is subject to change; please refer to the packaging of the purchased product.",',0
Skincare,Moisturisers,'7383220945068,'41811417530540,Aurelia London,Cell Revitalise Night Moisturiser,https://ohmycream.co.uk/collections/skincare-moisturisingcreams/products/aurelia-london-cell-revitalise-night-moisturiser?variant=41811417530540,https://cdn.shopify.com/s/files/1/0555/4071/1596/products/5060318434572_Aurelia_LONDON_Revitalise-Night-Moisturiser-Creme-de-Nuit-Revitalisante_Repack_TINY.jpg?v=1658162331,"Complete list of ingredients

*suitable for vegetarians

aqua (purified water), aloe barbadensis extract (aloe vera), glycerin (vegetable glycerine), bifida ferment lysate (probiotic culture), butyrospermum parkii (shea butter), myristyl myristate (coconut derived emollient), coco-caprylate (coconut based emollient), glyceryl stearate se (natural triglycerides & emulsifier), cetearyl alcohol (natural based thickener) caprylic/capric triglyceride (emollient derived from coconuts), rhus verniciflua peel wax (berry wax), borago officinalis seed oil (borage oil, rosa damascena oil (rosehip oil), lactis proteinum (probiotic protein), kigelia africana fruit extract (botanical kigelia africana), hibiscus sabdariffa flower extract (hibiscus flower), adansonia digitata fruit extract (botanical baobab), persea gratissima oil (avocado oil), prunus armeniaca kernel oil (apricot oil), schinziophyton rautanenii kernel oil (botanical ubuntu mongongo oil), panthenol (pro-vitamin b5), xanthan gum (natural source), tocopheryl acetate (vitamin e), sodium stearoyl glutamate (corn-derived emulsifier), glyceryl caprylate (derived from coconuts), lauroyl lysine (amino acid), citrus aurantium flower oil (neroli essential oil), citrus nobilis peel oil (mandarin essential oil), lavandula angustifolia oil (lavender essential oil), rosa damascena flower oil (rose damascena essential oil), mannitol (natural sugar), sodium citrate (natural ph regulator), acetyl tetrapeptide-15 (anti-inflammatory for sensitive skin), benzyl alcohol

this list of ingredients is subject to change; please refer to the packaging of the purchased product.",'5.0,1
Skincare,Moisturisers,'7383246831788,'41811448594604,Antipodes,Diem Vitamin C Anti-Spot Gel Cream,https://ohmycream.co.uk/collections/skincare-moisturisingcreams/products/diem-vitamin-c-anti-spot-gel-cream?variant=41811448594604,https://cdn.shopify.com/s/files/1/0555/4071/1596/products/packshot_diem_vitamin_C_antipodes.jpg?v=1664781308,"Complete list of ingredients

aqua, glycerin, aloe barbadensis (aloe vera) leaf juice, cetearyl olivate, sorbitan olivate, sodium acrylates copolymer (and) lecithin, terminalia ferdinandiana (kakadu plum) fruit extract, persea gratissima (avocado pear) oil, simmondsia chinensis (jojoba) seed oil, limnanthes alba (meadowfoam) oil, benzyl alcohol; dehydroacetic acid, sodium ascorbyl phosphate, butylene glycol, dextran, nonapeptide-1, phormium tenax (harakeke) flax extract, bisabolol, sodium hyaluronate, mica, iron oxide, titanium dioxide, bakuchiol, citric acid, parfum: coumarin, d-limonene, linalool

this list of ingredients is subject to change; please refer to the packaging of the purchased product.",',0
Skincare,Moisturisers,'15032586109308,'54943370936700,Dermalogica,Biolumin-C Heat Aging Protector SPF 50,https://ohmycream.co.uk/collections/skincare-moisturisingcreams/products/dermalogica-biolumin-c-heat-aging-protector-spf-50?variant=54943370936700,https://cdn.shopify.com/s/files/1/0555/4071/1596/files/202502_Hydratant_Illuminateur_Quotidien_Vitamine_C_SPF50_Dermalogica.jpg?v=1740144424,"Complete list of ingredients

water/aqua/eau, carthamus tinctorius (safflower) oleosomes, propanediol, butyloctyl salicylate, bentonite, butylene glycol, dibutyl adipate, polysorbate 80, physalis pubescens fruit juice, c12-15 alkyl benzoate, diethylhexyl 2,6-naphthalate, vp/eicosene copolymer, aminopropyl ascorbyl phosphate, hydroxyacetophenone, dipotassium glycyrrhizate, glycine soja (soybean) oil, verbascum thapsus extract, citrus nobilis (mandarin orange) peel oil, ricinus communis (castor) seed oil, daucus carota sativa (carrot) root extract, citrus aurantium dulcis (orange) fruit extract, citrus paradisi (grapefruit) fruit extract, glycerin, citrus aurantifolia (lime) oil, tocopherol, hydrogenated lecithin, acrylates/c10-30 alkyl acrylate crosspolymer, allantoin, ascorbyl methylsilanol pectinate, beta-carotene, caprylic/capric triglyceride, bisabolol, gluconolactone, lecithin, boron nitride, xanthan gum, methylpropanediol, silica, sodium stearoyl glutamate, potassium cetyl phosphate, tetrahydroxypropyl ethylenediamine, trisodium ethylenediamine disuccinate, citric acid, sodium hydroxide, sodium acrylates copolymer, sodium benzoate, potassium sorbate, limonene, citrus species peel extract.

this list of ingredients is subject to change; please refer to the packaging of the purchased product.",'5.0,1
Skincare,Moisturisers,'15196168487292,'55124903526780,Dr. Hauschka,Quince Day Cream,https://ohmycream.co.uk/collections/skincare-moisturisingcreams/products/dr-hauschka-quince-day-cream?variant=55124903526780,https://cdn.shopify.com/s/files/1/0555/4071/1596/files/202503_Dr_Hauschka_Quince_Day_Cream_Packshot.png?v=1745326780,"Complete list of ingredients

water/aqua, prunus armeniaca (apricot) kernel oil, anthyllis vulneraria extract, pyrus cydonia (quince) seed extract, alcohol, daucus carota sativa (carrot) root extract, glycerin, butyrospermum parkii (shea butter), prunus amygdalus dulcis (sweet almond) oil, olea europaea (olive) fruit oil, cetearyl alcohol, persea gratissima (avocado) oil, althaea officinalis (marsh mallow) leaf extract, simmondsia chinensis (jojoba) seed oil, beeswax/cera flava, pyrus cydonia (quince) wax, lysolecithin (hydrolyzed lecithin), bentonite, hamamelis virginiana (witch hazel) bark/leaf extract, parfum*, citral*, citronellol*, geraniol*, limonene*, linalool*, eugenol*, benzyl benzoate*, xanthan gum. * from natural essential oils.

this list of ingredients is subject to change; please refer to the packaging of the purchased product.",',0
Skincare,Moisturisers,'15204421108092,'55132152562044,Dr. Hauschka,Revitalising Day Lotion,https://ohmycream.co.uk/collections/skincare-moisturisingcreams/products/dr-hauschka-revitalising-day-lotion?variant=55132152562044,https://cdn.shopify.com/s/files/1/0555/4071/1596/files/202503_Dr_Hauschka_Revitalising_Day_Lotion_Packshot.png?v=1745326781,"Complete list of ingredients

aqua, anthyllis vulneraria extract, prunus armeniaca kernel oil, alcohol, hamamelis virginiana bark/leaf extract, prunus amygdalus dulcis oil, olea europaea fruit oil, arachis hypogaea oil, helianthus annuus seed oil, hypericum perforatum flower/leaf/stem extract, glycerin, calendula officinalis flower extract, lecithin, daucus carota sativa root extract, triticum vulgare bran extract, simmondsia chinensis seed oil, parfum*, linalool*, citral*, farnesol*, limonene*, citronellol*, geraniol*, benzyl benzoate*, eugenol*, benzyl salicylate*, algin, xanthan gum. *from natural essential oils

this list of ingredients is subject to change; please refer to the packaging of the purchased product.",',0
Skincare,Moisturisers,'7476380762284,'42091905745068,Pai Skincare,C-2 Believe Vitamin C Moisturising Cream,https://ohmycream.co.uk/collections/skincare-moisturisingcreams/products/c-2-believe-vitamin-c-moisturising-cream?variant=42091905745068,https://cdn.shopify.com/s/files/1/0555/4071/1596/products/packshot_C2_believe_pai.jpg?v=1664473331,"Complete list of ingredients

aqua (water), coconut alkanes, pentylene glycol, camellia oleifera seed oil* (camellia oil), theobroma cacao seed butter*, cetearyl alcohol, mangifera indica seed butter* (mango), heptyl undecylenate, prunus domestica seed oil* (plum oil), myristyl myristate, prunus armeniaca kernel oil* (apricot kernel oil), glycerin**, ascorbyl tetraisopalmitate, cetearyl glucoside, inulin, helianthus annuus seed oil* (sunflower oil), microcrystalline cellulose, vaccinium myrtillus seed oil (bilberry), cellulose, sodium stearoyl glutamate, xanthan gum, symphytum officinale leaf extract* (comfrey extract), lactic acid, fructose, magnolia officinalis bark extract, sodium hyaluronate, sodium phytate, tocopherol (vitamin e), glyceryl caprylate, backhousia citriodora leaf extract* (lemon myrtle) citral

(naturally present in the extract)

on total: 50.05% (minus water and minerals), 21.51% organic, 100% natural origin

*organic

**formulated from organic ingredients

this list of ingredients is subject to change; please refer to the packaging of the purchased product.",'5.0,1
Skincare,Moisturisers,'7476380795052,'42112543490220,Patyka,Lift & Glow Rich Firming Cream,https://ohmycream.co.uk/collections/skincare-moisturisingcreams/products/patyka-rich-lift-firming-cream?variant=42112543490220,https://cdn.shopify.com/s/files/1/0555/4071/1596/files/Creme-riche-Lift-eclat-Fermete-Patyka_1.jpg?v=1696513699,"Complete list of ingredients

ingredients : rosa damascena flower water*, aqua (water), caprylic/capric triglyceride, c10-18 triglycerides, cetearyl alcohol, alcohol denat.**, butyrospermum parkii (shea) butter*, diglycerin, squalane, dicaprylyl ether, glycerin, glyceryl behenate, glyceryl stearate, parfum (fragrance), glyceryl stearate citrate, sodium hyaluronate, engelhardtia chrysolepis leaf extract, taraxacum officinale (dandelion) rhizome/root extract, angelica archangelica callus extract, potassium palmitoyl hydrolyzed wheat protein, glyceryl caprylate, sodium cocoyl glutamate, limonene***, levulinic acid, vigna aconitifolia seed extract, sodium levulinate, sclerotium gum, chondrus crispus (carrageenan) powder, maltodextrin, pentylene glycol, sodium phytate, xanthan gum, sodium hydroxide, glucose, linalool***, tocopherol

*ingredients from organic agriculture. **processed from organic ingredients. ***natural constituents of the aromatic composition. 99.9% of the total is of natural origin. 34.5% of the total ingredients are from organic agriculture.

this list of ingredients is subject to change; please refer to the packaging of the purchased product.",',0
Skincare,Moisturisers,'7890205737132,'43359190876332,Tata Harper,Superkind Calming Cream,https://ohmycream.co.uk/collections/skincare-moisturisingcreams/products/tata-harper-superkind-calming-cream?variant=43359190876332,https://cdn.shopify.com/s/files/1/0555/4071/1596/files/SuperkindCalmingCremeApaisante_TataHarper.jpg?v=1716808357,"Complete list of ingredients

calendula officinalis flower/leaf/stem juice*, coco-caprylate/caprate, cellulose, glycerin, c15-19 alkane, cetearyl alcohol, ethylhexyl olivate, betaine, phytosterols, polyglyceryl-2 stearate, triheptanoin, aqua/water/eau, glyceryl stearate, stearyl alcohol, saccharide isomerate, bisabolol*, sea water, laminaria digitata extract, chlorella vulgaris extract, plankton extract, tasmannia lanceolata fruit/leaf extract, squalane, pyrus malus (apple) seed oil, vitis vinifera (grape) seed oil*, avena sativa (oat) kernel oil, borago officinalis (borage) leaf extract*, medicago sativa (alfalfa) extract*, calendula officinalis (calendula) flower extract*, lavandula angustifolia (lavender) extract*, chamomilla recutita (matricaria) flower extract*, helianthus annuus (sunflower) seed oil*, caprylyl glycol, propanediol, glyceryl caprylate, tocopherol, c9-12 alkane , dilinoleic acid/butanediol copolymer, castor oil/ipdi copolymer, caprylic/capric triglyceride, alcohol, citric acid, sodium citrate, phenethyl alcohol, sodium phytate

this list of ingredients is subject to change; please refer to the packaging of the purchased product.",',0
Skincare,Moisturisers,'7383228285100,'41811427328172,Oskia,Renaissance 360 Anti-ageing and Brightening Supreme Cream,https://ohmycream.co.uk/collections/skincare-moisturisingcreams/products/oskia-renaissance-360-anti-ageing-and-brightening-supreme-cream?variant=41811427328172,https://cdn.shopify.com/s/files/1/0555/4071/1596/products/5032410042511_OSKIA_Renaissance_360_16260_3e930bf6-9654-427a-a846-b027949823ce.jpg?v=1658162412,"Complete list of ingredients

aqua (water), caprylyl caprylate/caprate, glycerin, zinc oxide, simmondsia chinensis (jojoba) seed oil, argania spinosa (argan) kernel oil, cetearyl olivate, cetearyl alcohol, sorbitan olivate, inulin lauryl carbamate, dimethyl sulfone (msm), butyrospermum parkii (shea) butter extract, helianthus annuus (sunflower) seed oil unsaponifiables, myristyl myristate, opuntia ficus indica stem extract, sodium hyaluronate, lepidium sativum sprout extract, helianthus annuus (sunflower) seed oil, lupinus albus seed extract, tocopheryl acetate, bisabolol, galactoarabinan, sodium ascorbyl phosphate, retinyl palmitate, tocopherol, arbutin, glyceryl linoleate, glyceryl linolenate, linoleic acid, linolenic acid, glutathione, phytic acid, cetyl palmitate, sorbitan palmitate, phenethyl alcohol, silica, benzyl alcohol, caprylyl glycol, lactic acid, sclerotium gum, ethylhexylglycerin, titanium dioxide, alcohol, parfum (natural fragrance), lecithin, sorbitol, xanthan gum, disodium edta, glyceryl caprylate, phenoxyethanol, geraniol, citronellol, linalool pao = 9m

this list of ingredients is subject to change; please refer to the packaging of the purchased product.",'4.0,2
Skincare,Moisturisers,'8049730388140,'43780229038252,Rudolph Care,Açai All-in-One Moisturizer,https://ohmycream.co.uk/collections/skincare-moisturisingcreams/products/rudolph-care-acai-all-in-one-moisturizer?variant=43780229038252,https://cdn.shopify.com/s/files/1/0555/4071/1596/files/2024_09_RudolphCare_AcaiAllinoneMoisturizer_Packshot.jpg?v=1727947598,Complete list of ingredients,',0
Skincare,Moisturisers,'15162559988092,'55087333212540,Madara,Retinol Alternative Plant-Powered Night Cream,https://ohmycream.co.uk/collections/skincare-moisturisingcreams/products/madara-retinol-alternative-plant-powered-night-cream?variant=55087333212540,https://cdn.shopify.com/s/files/1/0555/4071/1596/files/Retinol_Alternative_Plant-Powered_Night_Cream_Madara_71750fe7-a69f-4376-92cb-1615684f795d.jpg?v=1749815473,"Complete list of ingredients

betula alba (birch) juice; aqua; simmondsia chinensis (jojoba) seed oil; glycerin; pentylene glycol; polyglyceryl-6 stearate; cetearyl alcohol; sodium pca; propanediol; caprylic/capric triglyceride; dicaprylyl carbonate; isoamyl laurate; astrocaryum murumuru seed butter; hippophae rhamnoides (sea buckthorn) fruit extract; oryza sativa (rice) bran oil; vegetable oil; gossypium herbaceum seed oil; bidens pilosa extract; aroma; helianthus annuus (sunflower) seed wax; oryza sativa (rice) bran wax; rhus succedanea fruit wax; polyglyceryl-6 behenate; behenyl alcohol; glyceryl behenate; linum usitatissimum (linseed) seed oil; butyrospermum parkii (shea) butter; xanthan gum; lecithin; rhodomyrtus tomentosa (rose myrtle) fruit extract; tocopherol; ascorbyl palmitate; sodium phytate; alteromonas ferment extract; phenethyl alcohol; hydrolyzed hyaluronic acid; sodium hyaluronate; helianthus annuus (sunflower) seed oil; potassium hydroxide; limonene; linalool; terpineol; vanillin; pinene

this list of ingredients is subject to change; please refer to the packaging of the purchased product.",',0
Skincare,Moisturisers,'15169657438588,'55095685120380,Madara,SOS Hydra Recharge Cream,https://ohmycream.co.uk/collections/skincare-moisturisingcreams/products/madara-sos-hydra-recharge-cream?variant=55095685120380,https://cdn.shopify.com/s/files/1/0555/4071/1596/files/202504_Madara_SOS_Hydra_Recharge_Cream_Packshot.png?v=1744985353,"Complete list of ingredients

aqua; simmondsia chinensis (jojoba) seed oil; glycerin; caprylic/capric triglyceride; glyceryl stearate; behenyl alcohol; isoamyl laurate; rosa damascena (rose) flower water; hippophae rhamnoides (sea buckthorn) fruit extract; sodium pca; sodium levulinate; aroma; cetearyl alcohol; lecithin; cellulose; sodium anisate; palmitic acid; stearic acid; lactic acid; glycine soja sterols; linum usitatissimum (flax) seed extract; urtica dioica (nettle) leaf extract; xanthan gum; paeonia lactiflora (peony) root extract; sodium hyaluronate; sodium phytate; ascorbyl palmitate; hydrolyzed hyaluronic acid; tocopherol; ci 77491 (iron oxides); benzyl alcohol; sodium benzoate; potassium sorbate; citronellol; geraniol; benzyl salicylate; eugenol

this list of ingredients is subject to change; please refer to the packaging of the purchased product.",',0
Skincare,Moisturisers,'7383242834092,'41811445022892,Odacité,Green Smoothie Cream,https://ohmycream.co.uk/collections/skincare-moisturisingcreams/products/odacite-green-smoothie-cream?variant=41811445022892,https://cdn.shopify.com/s/files/1/0555/4071/1596/products/packshot_green_smoothie_odacite_9f84cb14-4c2e-4eb4-9bdc-1a877d140726.jpg?v=1664781278,"Complete list of ingredients

punica granatum [pomegranate*] fruit juice, malus domestica [apple*] fruit juice, vitis labrusca [grape*] juice, cucumis sativus [cucumber] extract, propanediol, garcinia indica [kokum] butter, sodium acrylates copolymer, lecithin, aleurites molucanna [kukui] nut oil, brassica oleracea [broccoli] seed oil, vaccinium angustifolium [blueberry] seed oil, rubus idaeus [red raspberry] seed oil, rosa canina [rosehip] seed oil, sodium hyaluronate, acetyl hexapeptide-8, caprylyl glycol, tocopherol, aphanizomenon flos-aquae [blue green algae], melia azadirachta [neem] extract, corallina officinalis [ seaweed] extract, eclipta prostrata [false daisy] extract, ocimum sanctum [ tulsi] extract, caprylhydroxamic acid, glyceryl caprylate, glycerin

this list of ingredients is subject to change; please refer to the packaging of the purchased product.",',0
Skincare,Moisturisers,'8059637170348,'43803953529004,Verso Skincare,Verso Night Cream,https://ohmycream.co.uk/collections/skincare-moisturisingcreams/products/verso-skincare-night-cream?variant=43803953529004,https://cdn.shopify.com/s/files/1/0555/4071/1596/files/2024_09_Verso_NightCream_Packshot.jpg?v=1727336477,"Complete list of ingredients

aqua, glycerin, butyrospermum parkii butter, butylene glycol, caprylic/capric triglyceride, heptyl undecylenate, pentylene glycol, squalane, glyceryl stearate, peg-100 stearate, cetearyl alcohol, hydroxyethyl acrylate/sodium acryloyldimethyl taurate copolymer, jojoba esters, phenoxyethanol, caprylyl glycol, canola oil, tocopheryl acetate, tetrahydrodiferuloylmethane, alcohol, parfum, hydroxyphenyl propamidobenzoic acid, curcuma longa root extract, lecithin, polysorbate 20, sorbitan isostearate, glycine soja oil, retinyl retinoate, citric acid, sodium hyaluronate, tetrahydropiperine, sodium hydroxide, tocopherol, beta-sitosterol, soy isoflavones, squalene, ascorbyl palmitate

this list of ingredients is subject to change; please refer to the packaging of the purchased product.",'5.0,1
Skincare,Moisturisers,'8074011246764,'43850024419500,Talm,La Crème Face Cream,https://ohmycream.co.uk/collections/skincare-moisturisingcreams/products/talm-creme-face-cream?variant=43850024419500,https://cdn.shopify.com/s/files/1/0555/4071/1596/files/2024_10_Talm_LaCreme_Packshot.jpg?v=1728548379,"Complete list of ingredients

aqua (water), c10-18 triglycerides, c15-19 alkane, glycerin, myristyl myristate, hydrogenated vegetable oil, prunus amygdalus dulcis (sweet almond) oil*, argania spinosa kernel oil*, glyceryl stearate citrate, prunus armeniaca (apricot) kernel oil*, pentylene glycol, centaurea cyanus flower water*, sodium stearoyl glutamate, sodium hyaluronate, aloe barbadensis leaf juice powder*,glyceryl caprylate, xanthan gum, , citric acid, sodium benzoate, sodium phytate, tocopherol, potassium sorbate. *ingredients issus de l'agriculture biologique *ingredients from organic farming

this list of ingredients is subject to change; please refer to the packaging of the purchased product.",',0
Skincare,Moisturisers,'15169833501052,'55095911940476,Madara,Derma Collagen Night Source Sleeping Cream,https://ohmycream.co.uk/collections/skincare-moisturisingcreams/products/madara-derma-collagen-night-source-sleeping-cream?variant=55095911940476,https://cdn.shopify.com/s/files/1/0555/4071/1596/files/202508_Madara_Night_Source_Slepping_Cream_packshot_d93ff85c-3e0a-4e96-b925-2e9e3000de47.jpg?v=1754983620,"Complete list of ingredients

aloe barbadensis (aloe) leaf juice; simmondsia chinensis (jojoba) seed oil; aqua; glycerin; glyceryl stearate citrate; pentylene glycol; cetearyl alcohol; caprylic/capric triglyceride; dicaprylyl carbonate; isoamyl laurate; sodium pca; propanediol; oryza sativa (rice) bran oil; vegetable oil; alcohol; aroma; helianthus annuus (sunflower) seed wax; oryza sativa (rice) bran wax; rhus succedanea fruit wax; behenyl alcohol; glyceryl behenate; xanthan gum; butyrospermum parkii (shea) butter; lecithin; cellulose; hexapeptide-11; phytosterols; tocopherol; ascorbyl palmitate; hydrolyzed hyaluronic acid; sodium hyaluronate; sodium phytate; leuconostoc/radish root ferment filtrate; spirulina platensis extract; potassium hydroxide; alteromonas ferment extract; phenethyl alcohol; helianthus annuus (sunflower) seed oil; linalool; limonene

this list of ingredients is subject to change; please refer to the packaging of the purchased product.",',0
Skincare,Moisturisers,'15204490248572,'55132277014908,Dr. Hauschka,Rose Day Cream Light,https://ohmycream.co.uk/collections/skincare-moisturisingcreams/products/dr-hauschka-rose-day-cream-light?variant=55132277014908,https://cdn.shopify.com/s/files/1/0555/4071/1596/files/202503_Dr_Hauschka_Rose_Day_Cream_Light_Packshot.png?v=1745326780,"Complete list of ingredients

water/aqua, sesamum indicum (sesame) seed oil, alcohol, althaea officinalis (marsh mallow) root extract, rosa damascena flower water (rose distillate), rosa damascena (rose) extract, anthyllis vulneraria extract, prunus armeniaca (apricot) kernel oil, prunus amygdalus dulcis (sweet almond) oil, cetearyl alcohol, bentonite, cera alba, helianthus annuus seed oil, persea gratissima (avocado) oil, lysolecithin (hydrolyzed lecithin), rosa canina (rose hip) fruit extract, triticum vulgare (wheat) germ oil, butyrospermum parkii butter, parfum*, citronellol*, geraniol*, linalool*, limonene*, citral*, farnesol*, eugenol*, xanthan gum, rosa damascena (rose) flower wax. * from natural essential oils.

this list of ingredients is subject to change; please refer to the packaging of the purchased product.",'5.0,1
Skincare,Moisturisers,'7383282417836,'43020357009580,Oh My Cream Skincare,Revitalising Night Balm,https://ohmycream.co.uk/collections/skincare-moisturisingcreams/products/oh-my-cream-skincare-revitalizing-night-cream?variant=43020357009580,https://cdn.shopify.com/s/files/1/0555/4071/1596/files/BaumedeNuitRevitalisant_OMCS_repack2024.jpg?v=1706113841,"Complete list of ingredients

aqua (water), propanediol, caprylic/capric triglyceride, glycerin, jojoba esters, ascorbyl
tetraisopalmitate, myristyl lactate, pentaerythrityl distearate, theobroma cacao (cocoa) seed butter, olus
oil (vegetable oil), ximenia americana seed oil, albizia julibrissin bark extract, euterpe oleracea fruit oil,
boswellia serrata resin extract, sodium hyaluronate, candelilla cera (euphorbia cerifera (candelilla) wax),
helianthus annuus (sunflower) seed oil, hydrogenated vegetable oil, tocopherol, sodium stearoyl
glutamate, polyglyceryl-10 stearate, sodium acrylates copolymer, sodium phytate, parfum (fragrance),
sodium benzoate, sodium hydroxide, carbomer, lecithin, limonene, linalool, citronellol

this list of ingredients is subject to change; please refer to the packaging of the purchased product.",'4.5,12
Skincare,Moisturisers,'7383282417836,'55123969278332,Oh My Cream Skincare,Revitalising Night Balm,https://ohmycream.co.uk/collections/skincare-moisturisingcreams/products/oh-my-cream-skincare-revitalizing-night-cream?variant=55123969278332,https://cdn.shopify.com/s/files/1/0555/4071/1596/files/BaumedeNuitRevitalisant_OMCS_repack2024.jpg?v=1706113841,"Complete list of ingredients

aqua (water), propanediol, caprylic/capric triglyceride, glycerin, jojoba esters, ascorbyl
tetraisopalmitate, myristyl lactate, pentaerythrityl distearate, theobroma cacao (cocoa) seed butter, olus
oil (vegetable oil), ximenia americana seed oil, albizia julibrissin bark extract, euterpe oleracea fruit oil,
boswellia serrata resin extract, sodium hyaluronate, candelilla cera (euphorbia cerifera (candelilla) wax),
helianthus annuus (sunflower) seed oil, hydrogenated vegetable oil, tocopherol, sodium stearoyl
glutamate, polyglyceryl-10 stearate, sodium acrylates copolymer, sodium phytate, parfum (fragrance),
sodium benzoate, sodium hydroxide, carbomer, lecithin, limonene, linalool, citronellol

this list of ingredients is subject to change; please refer to the packaging of the purchased product.",'4.5,12
Skincare,Moisturisers,'7383221633196,'41811418579116,Dermalogica,Super Rich Repair,https://ohmycream.co.uk/collections/skincare-moisturisingcreams/products/dermalogica-super-rich-repair?variant=41811418579116,https://cdn.shopify.com/s/files/1/0555/4071/1596/files/202503_Dermalogica_Super_Rich_Repair_Creme_nourrissante.jpg?v=1755857295,"Complete list of ingredients

water (aqua), isohexadecane, dipropylene glycol, caprylic/capric/myristic/stearic triglyceride, lauryl peg-9 polydimethylsiloxyethyl dimethicone, simmondsia chinensis (jojoba) seed oil, butyrospermum parkii (shea butter), dimethicone, glycerin, octyldodecyl neopentanoate, sodium chloride, isostearic acid, arginine/lysine polypeptide, palmitoyl tripeptide-5, avena sativa (oat) kernel extract, pyrus malus (apple) seed extract, borago officinalis seed oil, oenothera biennis (evening primrose) oil, hydrogenated coconut oil, gardenia tahitensis flower, algae extract, yeast extract, glucosamine hcl, tocopheryl acetate, sodium hyaluronate, colloidal oatmeal, madecassoside, genistein, urea, hexyldecanol, polyglyceryl-4 isostearate, cetyl dimethicone, hydrogenated castor oil, butylene glycol, phenoxyethanol, caprylyl glycol, ethylhexylglycerin, hexylene glycol, linalool, citronellol, geraniol, cedrus atlantica bark oil, cupressus sempervirens leaf/stem extract, eucalyptus globulus leaf oil, helianthus annuus (sunflower) seed oil, pelargonium graveolens flower oil, aniba rosaeodora (rosewood) wood oil, abies siberica oil, santalum album (sandalwood) oil.

*vegan

this list of ingredients is subject to change; please refer to the packaging of the purchased product.",'5.0,1
Skincare,Moisturisers,'7383227007148,'41811425231020,Tata Harper,Repairative Moisturizer,https://ohmycream.co.uk/collections/skincare-moisturisingcreams/products/tata-harper-repairative-moisturizer?variant=41811425231020,https://cdn.shopify.com/s/files/1/0555/4071/1596/products/851371002199_Tata_Harper_Repairative_Moisturizer_TINY.jpg?v=1658162399,"Complete list of ingredients

hordeum vulgare leaf juice*, mangifera indica (mango) seed butter, carthamus tinctorius (safflower) oleosomes, glycerin, caprylic/capric triglyceride, aqua/water/eau, shea butter ethyl esters, cetearyl olivate, cocos nucifera (coconut) fruit extract, leuconostoc ferment filtrate, rosa damascena flower water*, simmondsia chinensis (jojoba) seed oil*, sorbitan olivate, lactobacillus ferment, mel/honey/miel, saccharide isomerate, sodium hyaluronate, salix alba (willow) bark extract, theobroma cacao (cocoa) seed butter*, lavandula stoechas extract, propanediol, **anthemis nobilis (chamomile) flower oil, arnica montana (arnica) extract*, borago officinalis (borage) leaf extract*, calendula officinalis (calendula) flower extract*, **citrus aurantium (bergamot) peel oil, **citrus paradisi (grapefruit) oil, medicago sativa (alfalfa) extract*, **michelia alba leaf oil, **pelargonium graveolens (geranium) oil, sambucus nigra fruit extract, **rosa damascena (rose) flower oil, rosmarinus officinalis (rosemary) leaf extract, **santalum spicatum (sandalwood) wood oil, spiraea ulmaria (meadowsweet) extract*, helianthus annuus (sunflower) seed oil, olea europaea (olive) oil*, cetyl palmitate, sodium phytate, sclerotium gum, sorbitan palmitate, citric acid, sodium citrate, alcohol, limonene, linalool, citronellol, geraniol, citral, farnesol *ingredients from organic farming **aroma this list of ingredients is subject to change; please refer to the packaging of the purchased product.",'4.6,15
Skincare,Moisturisers,'14857435545980,'54822233080188,Patyka,Supreme Revitalising Night Balm,https://ohmycream.co.uk/collections/skincare-moisturisingcreams/products/patyka-supreme-revitalising-night-balm?variant=54822233080188,https://cdn.shopify.com/s/files/1/0555/4071/1596/files/2024_12_Patyka_BaumeNuitRevitalisantSupreme_Packshot.jpg?v=1733934481,"Complete list of ingredients

ingredients : rosa damascena flower water*, aqua (water), glycerin, caprylic/capric triglyceride, butyrospermum parkii (shea) butter*, helianthus annuus (sunflower) seed oil, coco-caprylate/caprate, pentylene glycol, helianthus annuus (sunflower) seed wax**, dicaprylyl ether, cetearyl alcohol, glyceryl behenate, glyceryl stearate citrate, microcrystalline cellulose, sodium stearoyl glutamate, hydrolyzed lupine protein octenylsuccinate, vigna aconitifolia seed extract, hydrolyzed hyaluronic acid, iris pallida leaf cell extract, ascorbyl glucoside, cystoseira tamariscifolia extract*, primula veris extract, parfum (fragrance), sodium benzoate, levulinic acid, cellulose gum, sodium levulinate, tocopherol, sodium phytate, xanthan gum, maltodextrin, citric acid, lecithin, sodium hydroxide, rose flower oil/extract***, ci 77491 (iron oxides), citronellol***, hydrogenated olive oil stearyl esters, sodium myristoyl glutamate, aluminum hydroxide [03-002-1.13]

*ingredients from organic farming. **processed using organic ingredients. ***natural constituents of the aromatic composition.

99.6% of all ingredients are of natural origin. 54.2% of the total ingredients are from organic farming.

cosmos organic certified by ecocert greenlife according to the cosmos standard.

this list of ingredients is subject to change; please refer to the packaging of the purchased product.",',0
Skincare,Moisturisers,'15162459980156,'55087246803324,Madara,Retinol Alternative Plant-Powered Day Cream,https://ohmycream.co.uk/collections/skincare-moisturisingcreams/products/madara-retinol-alternative-plant-powered-day-cream?variant=55087246803324,https://cdn.shopify.com/s/files/1/0555/4071/1596/files/Retinol_Alternative_Plant-Powered_Day_Cream_Madara_ae66af1a-3ec3-447b-8ad3-8ecbd6faf346.jpg?v=1749815492,"Complete list of ingredients

betula alba (birch) juice, aqua, simmondsia chinensis (jojoba) seed oil, glycerin, pentylene glycol, polyglyceryl-6 stearate, cetearyl alcohol, sodium pca, dipalmitoyl hydroxyproline, astrocaryum murumuru seed butter, hippophae rhamnoides (sea buckthorn) fruit extract, gossypium herbaceum seed oil, propanediol, bidens pilosa extract, aroma, dicaprylyl carbonate, polyglyceryl-6 behenate, linum usitatissimum (linseed) seed oil, octyldodecanol, caprylic/capric triglyceride, coco- caprylate, xanthan gum, irvingia gabonensis kernel butter, palmitic acid, stearic acid, tocopherol, ascorbyl palmitate, potassium hydroxide, rhodomyrtus tomentosa (rose myrtle) fruit extract, hydrogenated coco-glycerides, hydrolyzed hyaluronic acid, sodium hyaluronate, sodium phytate, alteromonas ferment extract, phenethyl alcohol, limonene, terpineol, linalool, vanillin, pinene

this list of ingredients is subject to change; please refer to the packaging of the purchased product.",',0
Skincare,Moisturisers,'15169833042300,'55095911547260,Madara,Vitamin C Illuminating Recovery Cream,https://ohmycream.co.uk/collections/skincare-moisturisingcreams/products/madara-vitamin-c-illuminating-recovery-cream?variant=55095911547260,https://cdn.shopify.com/s/files/1/0555/4071/1596/files/202504_Madara_Vitamin_C_Illuminating_Recovery_Cream_Packshot.png?v=1744985352,"Complete list of ingredients

aqua; caprylic/capric triglyceride; simmondsia chinensis (jojoba) seed oil; glycerin; glyceryl stearate citrate; pentylene glycol; cetearyl alcohol; ascorbyl glucoside; isoamyl laurate; betaine; dicaprylyl carbonate; sodium pca; aroma; potassium hydroxide; palmitic acid; stearic acid; sodium citrate; xanthan gum; rubus chamaemorus (cloudberry) fruit extract; ascorbyl palmitate; ricinus communis (castor) seed oil; tocopherol; hydrolyzed hyaluronic acid; sodium hyaluronate; sodium phytate; ascophyllum nodosum (brown algae) extract; citric acid; ci 77492 (iron oxides); limonene; citronellol; linalool; geraniol; citral

this list of ingredients is subject to change; please refer to the packaging of the purchased product.",',0
Skincare,Moisturisers,'15417840304508,'55506560549244,Antipodes,Céramide Soufflé Fresh Hydration Cream,https://ohmycream.co.uk/collections/skincare-moisturisingcreams/products/antipodes-ceramide-souffle-fresh-hydration-cream?variant=55506560549244,https://cdn.shopify.com/s/files/1/0555/4071/1596/files/202507_Antipodes_Cremeceramidesouffles_packshot.jpg?v=1753885301,"Complete list of ingredients

aqua (water), prunus amygdalus dulcis (sweet almond) oil, butyrospermum parkii (shea) butter, cetearyl alcohol, glycerin, cera alba (beeswax), glyceryl stearate se, palmitic acid, stearic acid, dipalmitoyl hydroxyproline, limnanthes alba (meadowfoam) seed oil, macadamia ternifolia (macadamia) seed oil, ceramide np, mel (nz manuka honey), terminalia ferdinandiana (kakadu plum) fruit extract, phormium tenax (harakeke) extract, helianthus annuus (sunflower) seed oil, aloe barbadensis (aloe vera) leaf juice powder, actinidia chinensis (kiwi) seed oil, acacia senegal (acacia) gum, tocopherol (vitamin e), sodium hyaluronate (hyaluronic acid), dehydroacetic acid, lauric acid, myristic acid, sodium benzoate, calcium gluconate, gluconolactone, potassium sorbate, benzyl alcohol, maltodextrin, hydrolyzed rhizobian gum, bisabolol, ci 77019 (mica), ci 77891 (titanium dioxide), ci 77492 (iron oxide yellow), ci 77861 (tin oxide), parfum, citronellol, geraniol, linalool, pelargonium graveolens flower oil, citral, limonene, beta-caryophyllene, geranyl acetate, pinene, mentha viridis leaf oil, carvone, terpinolene, pogostemon cablin oil, terpineol

this list of ingredients is subject to change; please refer to the packaging of the purchased product.",',0
Skincare,Moisturisers,'7383228154028,'41811427164332,Tata Harper,Velvet Moisturizing Cream,https://ohmycream.co.uk/collections/skincare-moisturisingcreams/products/tata-harper-velvet-moisturizing-cream?variant=41811427164332,https://cdn.shopify.com/s/files/1/0555/4071/1596/files/Tata_Harper_Creme_Riche_Packshot.jpg?v=1732888375,"Complete list of ingredients

hordeum vulgare leaf juice*, cetyl alcohol, glycerin, cetearyl alcohol, aqua/water/eau, glyceryl stearate se, jojoba esters, simmondsia chinensis (jojoba) seed oil, linoleic acid, shea butter ethyl esters, propanediol, candelilla cera/euphorbia cerifera (candelilla) wax/cire de candelilla, leuconostoc ferment filtrate, astrocaryum murumuru seed butter*, caprylic/capric triglyceride, cetearyl glucoside, beta vulgaris/beet root extract/extrait de racine de betterave, hydrolyzed avocado protein, magnolia officinalis bark extract, caesalpinia spinosa fruit extract, cassia alata leaf extract, carthamus tinctorius (safflower) oleosomes, calcium ketogluconate, sodium hyaluronate, kappaphycus alvarezii extract, hyaluronic acid, jania rubens extract, lavandula stoechas extract, linolenic acid, salicornia herbacea extract, acer rubrum bark extract, dunaliella salina extract, saccharide isomerate, sodium anisate, camellia oleifera seed oil*, camellia sinensis (green tea) seed oil*, **lavandula angustifolia (lavender) oil, salix alba (willow) bark extract, **pelargonium graveolens (geranium) oil, **anthemis nobilis (chamomile) flower oil, arnica montana (arnica) extract*, borago officinalis (borage) leaf extract*, calendula officinalis (calendula) flower extract*, medicago sativa (alfalfa) extract*, **michelia alba leaf oil, spiraea ulmaria (meadowsweet) extract*, **santalum spicatum (sandalwood) wood oil, tocopherol, sambucus nigra fruit extract, glyceryl undecylenate, gaultheria procumbens (wintergreen) leaf extract, **citrus paradisi (grapefruit) oil, sodium levulinate, acacia senegal gum, xanthan gum, olea europaea (olive) oil*, **citrus aurantium (bergamot) peel oil, sodium citrate, maltodextrin, p-anisic acid, glyceryl caprylate, hydrolyzed corn starch, squalane, phenethyl alcohol, citric acid, limonene, linalool, citronellol, geraniol, citral, farnesol *ingredients from organic farming **aroma this list of ingredients is subject to change; please refer to the packaging of the purchased product.",'4.0,11
Skincare,Moisturisers,'7383238017196,'41811440631980,Odacité,Oleosomes Time Release Delivery Cream,https://ohmycream.co.uk/collections/skincare-moisturisingcreams/products/odacite-oleosomes-time-release-delivery-cream?variant=41811440631980,https://cdn.shopify.com/s/files/1/0555/4071/1596/products/packshot_oleosomes_time_release_delivery_cream_odacite.jpg?v=1664781244,"Complete list of ingredients

aloe barbadensis [aloe*] leaf juice,  calendula officinalis [calendula] extracts/camellia sinensis [white tea]/crithmum maritimum [sea fennel]/ [rosmarinus officinalis [rosemary*], butyrospermum parkii [shea*] butter, carthamus tinctorius [safflower] oleosomes, cetearyl olivate, sorbitan olivate, cetyl palmitate, sorbitan palmitate, glycerin*, limnanthes alba [meadowfoam] seed oil, daucus carota sativa [carrot**] seed oil, simmondsia chinensis [jojoba*] oil, anisic acid, sodium hyaluronate [hyaluronic acid]

*organic origin, **wild crafted",',0
Skincare,Moisturisers,'8045924941996,'43771890041004,Oh My Cream Skincare,The Night Ritual Set,https://ohmycream.co.uk/collections/skincare-moisturisingcreams/products/oh-my-cream-skincare-the-night-ritual-set?variant=43771890041004,https://cdn.shopify.com/s/files/1/0555/4071/1596/files/2024_10_OMCS_CoffretLeRitueldeNuit_Packshot.jpg?v=1728552373,"Complete list of ingredients

this list of ingredients is subject to change; please refer to the packaging of the purchased product.",',0
Skincare,Moisturisers,'8059619344556,'43803901231276,Verso Skincare,Verso Daily Glow,https://ohmycream.co.uk/collections/skincare-moisturisingcreams/products/verso-skincare-daily-glow?variant=43803901231276,https://cdn.shopify.com/s/files/1/0555/4071/1596/files/2024_09_Verso_DailyGlow_Packshot.jpg?v=1727278485,"Complete list of ingredients

aqua, dimethicone, niacinamide, glycerin, squalane, silica, butyrospermum parkii butter, butylene glycol, cetyl alcohol, glyceryl stearate, synthetic fluorphlogopite, jojoba esters, sodium ascorbyl phosphate, retinyl retinoate, tocopheryl acetate, sodium hyaluronate, canola oil, peg-75 stearate, hydroxyethyl acrylate/sodium acryloyldimethyl taurate copolymer, ceteth-20, steareth-20, xanthan gum, polysorbate 60, glycine soja oil, sorbitan isostearate, tocopherol, squalene, beta-sitosterol, parfum, phenoxyethanol, ethylhexylglycerin, titanium dioxide, alumina, ci 77891, ci 77491, ci 77499, tin oxide, sodium citrate, lactic acid

this list of ingredients is subject to change; please refer to the packaging of the purchased product.",',0
Skincare,Moisturisers,'14898823070076,'54845423354236,Tata Harper,Hydrate & Bounce Kit,https://ohmycream.co.uk/collections/skincare-moisturisingcreams/products/tata-harper-hydrate-bounce-kit?variant=54845423354236,https://cdn.shopify.com/s/files/1/0555/4071/1596/files/Hydrate-Bounce-Kit_TataHarper.jpg?v=1738580455,"Complete list of ingredients

hordeum vulgare leaf juice*, octyldodecanol, c10-18 triglycerides, glycerin, aqua/water/eau, cetearyl alcohol, shea butter ethyl esters, diglycerin, sclerotium gum, punica granatum extract, citrus aurantium dulcis (orange) flower extract, sodium hyaluronate, saccharide isomerate, beta vulgaris/beet root extract/extrait de racine de betterave, arnica montana (arnica) extract*, borago officinalis (borage) leaf extract*, calendula officinalis (calendula) flower extract*, medicago sativa (alfalfa) extract*, spiraea ulmaria (meadowsweet) extract*, sambucus nigra fruit extract, olea europaea (olive) oil*, magnolia officinalis bark extract, **citrus sinensis (orange) peel oil*, arachidyl alcohol, glyceryl caprylate, sodium phytate, hydrolyzed corn starch, glyceryl undecylenate, cetearyl glucoside, behenyl alcohol, sodium levulinate, sodium anisate, arachidyl glucoside, citric acid, sodium citrate, l (+) lactic acid, phenethyl alcohol, alcohol, limonene, citral, citronellol, linalool *ingrédients issus de l’agriculture biologique **aroma

this list of ingredients is subject to change; please refer to the packaging of the purchased product.",'5.0,1
Skincare,Moisturisers,'15195112472956,'55123929071996,Naturisimo,The Post-Partum Starter Kit,https://ohmycream.co.uk/collections/skincare-moisturisingcreams/products/post-partum-starter-kit?variant=55123929071996,https://cdn.shopify.com/s/files/1/0555/4071/1596/files/StarterKitsImage.jpg?v=1745584618,"Complete list of ingredients

innersense hydrating hair mask water/aqua/eau, aloe barbadensis gel*, hydroxyethylcellulose, maltodextrin copolymer, potassium hydroxide, gluconolactone, sodium benzoate, calcium gluconate, alkyl acrylate crosspolymer, citrus aurantium dulcis peel oil, caprylic/capric triglyceride, potassium sorbate, sodium phytate, glycerin*, chamomilla recutita (matricaria) flower extract*, eucalyptus globulus leaf extract*, ginkgo biloba leaf extract*, aspalathus linearis leaf extract*, honey extract*, limonene†.

*certified organic a natural component of essential oils

green people baby wash & shampoo aqua (pure water), sodium coco-sulfate (from coconut), coco-glucoside (from coconut), glycerin (vegetable derived), cocamidopropyl betaine (from coconut), aloe barbadensis (aloe vera) leaf juice powder*, chamomilla recutita (chamomile) flower extract*, yucca schidigera (yucca) stem extract, potassium sorbate, sodium benzoate, gluconolactone, calcium gluconate, citric acid. *85.1% organic.

natural deodorant co deodorante balm lemon & geranium maranta arundinacea root, cocos nucifera (coconut) oil sodium bicarbonate, butyrospermum parkii (shea butter), olea europaea (olive) fruit oil, magnesium oxide, euphorbia cerifera (candelilla) wax, citrus medica limonum (lemon) peel oil, pelargonium graveolens (geranium) oil

q+a caffeine eye cream aqua (water), propylene glycol, betaine, pentylene glycol, caffeine, cucumis sativus (cucumber) fruit water, collagen, biosaccharide gum-1, camellia sinensis (green tea) leaf extract, punica granatum (pomegranate) extract, lonicera caprifolium (honeysuckle) flower extract, lonicera japonica (honeysuckle) flower extract, lactobacillus ferment filtrate, leuconostoc/radish root ferment filtrate, sodium phytate, glycerin, lactobacillus ferment, xanthan gum, alcohol, sodium levulinate, glyceryl caprylate, sodium anisate, lactic acid.

agent nateur body holi ageless body serum helianthus annuus (sunflower) seed oil, simmondsia chinensis (jojoba) fruit oil, prunus armeniaca (apricot) kernel oil, cocos nucifera (coconut) oil, vitis vinifera (grape) seed oil, oryza sativa (rice bran) oil, rosa rubiginosa fruit oil, ricinus communis seed oil, argania spinosa kernel oil, helichrysum extract, santalum album, calcium ketogluconate, sodium ascorbyl phosphate, aqua, rosa damascena flower oil, rosa damascena extract, glycerin, caffeine, theobromine, methy xanthine, paraxanthine

ren clean skincare evercalm™ overnight recovery balm coco-caprylate/caprate, glycerin, aqua (water), almond/borage/linseed/olive acids/glycerides, polyglyceryl-6 distearate, jojoba esters, oryza sativa starch, cetyl alcohol, glyceryl stearate, helianthus annuus (sunflower) seed oil unsaponifiables, glyceryl caprylate, polyglyceryl-3 beeswax, sodium stearoyl glutamate, benzyl alcohol, parfum (fragrance), hippophae rhamnoides oil, tocopherol, magnesium carboxymethyl beta-glucan, dehydroacetic acid, eclipta prostrata extract, eclipta prostrata leaf extract, moringa oleifera seed oil, helianthus annuus (sunflower) seed oil, rosmarinus officinalis leaf extract, citronellol, geraniol, limonene, linalool * 100% natural fragrance

this list of ingredients is subject to change; please refer to the packaging of the purchased product.",'5.0,48
Skincare,Moisturisers,'8059637104812,'43803953463468,Verso Skincare,Verso Daily SPF50,https://ohmycream.co.uk/collections/skincare-moisturisingcreams/products/verso-skincare-daily-spf50?variant=43803953463468,https://cdn.shopify.com/s/files/1/0555/4071/1596/files/2024_09_Verso_DailySPF50_Packshot.jpg?v=1727279342,"Complete list of ingredients

aqua, dibutyl adipate, bis-ethylhexyloxyphenol methoxyphenyl triazine, diethylamino hydroxybenzoyl hexyl benzoate, ethylhexyl salicylate, c12-13 alkyl lactate, ethylhexyl triazone, undecane, glycerin, polymethyl methacrylate, disodium cetearyl sulfosuccinate, tridecane, tocopheryl acetate, propanediol, glyceryl stearate, cetearyl alcohol, silica, avena sativa kernel extract, lactobacillus ferment, sodium hyaluronate, hydrogenated lecithin, helianthus annuus seed oil, palmitic acid, hydrogenated coco-glycerides, c12-16 alcohols, tocopherol, sclerotium gum, sorbitan isostearate, aminomethyl propanol, hydroxyethyl acrylate/sodium acryloyldimethyl taurate copolymer, sodium laureth sulfate, polysorbate 60, phenoxyethanol, sodium benzoate, potassium sorbate, lactic acid, caprylyl glycol

this list of ingredients is subject to change; please refer to the packaging of the purchased product.",',0
Skincare,Moisturisers,'14857435709820,'54822233112956,Patyka,Supreme Rich Redensifying Cream,https://ohmycream.co.uk/collections/skincare-moisturisingcreams/products/patyka-supreme-rich-redensifying-cream?variant=54822233112956,https://cdn.shopify.com/s/files/1/0555/4071/1596/files/2024_12_Patyka_Creme_Riche_Redensifiante_Supreme_Packshot.jpg?v=1733934551,"Complete list of ingredients

ingredients : rosa damascena flower water*, aqua (water), glycerin, butyrospermum parkii (shea) oil*, butyrospermum parkii (shea) butter*, helianthus annuus (sunflower) seed oil, caprylic/capric triglyceride, coco-caprylate/caprate, helianthus annuus (sunflower) seed wax**, squalane, cetearyl alcohol, glyceryl behenate, trehalose, glyceryl stearate citrate, microcrystalline cellulose, sodium stearoyl glutamate, vigna aconitifolia seed extract, ascorbyl glucoside, hydrolyzed hyaluronic acid, iris pallida leaf cell extract, ziziphus spina-christi leaf, cystoseira tamariscifolia extract*, primula veris extract, parfum (fragrance), glyceryl caprylate, sodium benzoate, levulinic acid, cellulose gum, sodium levulinate, tocopherol, sodium phytate, xanthan gum, maltodextrin, citric acid, lecithin, sodium hydroxide,rose flower oil/extract***, ci 77491 (iron oxides), citronellol***, hydrogenated olive oil stearyl esters, sodium myristoyl glutamate, aluminum hydroxide [02-004-1.19]

*ingredients from organic farming. **processed from organic ingredients. ***natural constituents of the aromatic composition.

99.6% of all ingredients are of natural origin. 59.6% of the total ingredients are from organic farming.

cosmos organic certified by ecocert greenlife according to the cosmos standard.

this list of ingredients is subject to change; please refer to the packaging of the purchased product.",',0
Skincare,Moisturisers,'7383233921196,'41811435421868,Rudolph Care,Açai Anti-Stress Facial Cream,https://ohmycream.co.uk/collections/skincare-moisturisingcreams/products/rudolph-care-acai-anti-stress-facial?variant=41811435421868,https://cdn.shopify.com/s/files/1/0555/4071/1596/products/5710111000060_RUDOLPH-CARE_ACAI-ANTI-STRESS-FACIAL-CREAM_50ML_TINY.jpg?v=1658162477,"Complete list of ingredients

aloe barbadensis leaf extract* (aloe vera), dicaprylyl carbonate (vegetable oil), glycerin**, octyldodecanol (vegetable oil), echinacea purpurea extract* (coneflower), aqua, sodium pca, butyrospermum parkii butter* (shea butter), cetearyl glucoside, cetearyl alcohol, anthemis nobilis flower water* (chamomile), cocos nucifera oil* (coconut oil), simmondsia chinensis seed oil* (jojoba oil), prunus amygdalus dulcis oil* (sweet almond oil), olea europaea fruit oil* (olive oil), euterpe oleracea fruit oil* (acai oil), glyceryl stearate, stearyl alcohol, laminaria ochroleuca extract (algae extract), tocopherol (vitamin e), caprylic/capric triglyceride, sodium stearoyl glutamate, glycine soja oil, parfum (natural), citric acid, sodium dehydroacetate, sodium benzoate * ingredients from organic farming ** made using organic ingredients

99% natural origin of total
72% of the total ingredients are from organic farming

this list of ingredients is subject to change; please refer to the packaging of the purchased product.",'5.0,5
Skincare,Moisturisers,'15204705108348,'55132509471100,Dr. Hauschka,Regenerating Day Cream,https://ohmycream.co.uk/collections/skincare-moisturisingcreams/products/dr-hauschka-regenarating-day-cream?variant=55132509471100,https://cdn.shopify.com/s/files/1/0555/4071/1596/files/202503_Dr_Hauschka_Regenerating_Day_Cream_Packshot.png?v=1745326780,"Complete list of ingredients

water (aqua), simmondsia chinensis (jojoba) seed oil, persea gratissima (avocado) oil, alcohol, prunus amygdalus dulcis (sweet almond) oil, glycerin, sucrose laurate, rosa damascena flower extract, olea europaea (olive) fruit oil, hectorite, beeswax (cera alba), butyrospermum parkii (shea butter), glyceryl stearate citrate, fragrance (parfum), equisetum arvense extract, althaea officinalis root extract, trifolium pratense (clover) extract, rosa damascena flower water, honey (mel), lysolecithin, limonene*, citronellol*, linalool*, geraniol*, benzyl benzoate*, farnesol*, citral*, eugenol*, benzyl salicylate*, rubus idaeus (raspberry) seed oil, malpighia punicifolia (acerola) fruit extract, kalanchoe daigremontiana leaf extract, chondrus crispus (carrageenan) extract, xanthan gum, glyceryl stearate, sodium stearoyl lactylate, stearic acid. *component of natural essential oils

this list of ingredients is subject to change; please refer to the packaging of the purchased product.",'5.0,1
Skincare,Moisturisers,'15012471275900,'54923338285436,Torriden,Dive In Soothing Cream,https://ohmycream.co.uk/collections/skincare-moisturisingcreams/products/torriden-dive-in-soothing-cream?variant=54923338285436,https://cdn.shopify.com/s/files/1/0555/4071/1596/files/CREMEAPAISANTEAL_ACIDEHYALURONIQUE_Torriden.jpg?v=1743176765,"Complete list of ingredients

aqua, butylene glycol, glycerin, 1,2-hexanediol, hydrogenated didecene, 2,3-butanediol, caprylic/capric triglyceride, carbomer, cetearyl alcohol, c14-22 alcohols, tromethamine, hydroxyethyl acrylate/sodium acryloyldimethyl taurate copolymer, borago officinalis extract, centaurea cyanus flower extract, chamomilla recutita flower extract, hyacinthus orientalis extract, lavandula angustifolia flower extract, salvia sclarea extract, c12-20 alkyl glucoside, ethylhexylglycerin, xanthan gum, glyceryl acrylate/acrylic acid copolymer, pentylene glycol, allantoin, disodium edta, pvm/ma copolymer, sorbitan isostearate, hydrolyzed hyaluronic acid, melia azadirachta leaf extract, melia azadirachta flower extract, sodium hyaluronate, coccinia indica fruit extract, sodium hyaluronate crosspolymer, hydrolyzed sodium hyaluronate, sodium acetylated hyaluronate, solanum melongena fruit extract, ocimum sanctum leaf extract, corallina officinalis extract, curcuma longa root extract, panthenol, trehalose, glutathione, hamamelis virginiana extract, malachite extract

this list of ingredients is subject to change; please refer to the packaging of the purchased product.",',0
Skincare,Moisturisers,'7383238049964,'41811440664748,Odacité,Night Cream,https://ohmycream.co.uk/collections/skincare-moisturisingcreams/products/odacite-creme-nuit-night-cream?variant=41811440664748,https://cdn.shopify.com/s/files/1/0555/4071/1596/products/850008143137_Odacite_Cremedelanuit___Accessoire_TINY.jpg?v=1658162524,"Complete list of ingredients

punica granatum [pomegranate*] fruit juice,simmondsia chinensis [jojoba*] oil, cetearyl olivate, sorbitan olivate, vitis vinifera [grapeseed*] oil, cetyl palmitate, sorbitan palmitate, glycerin*, aphanizomenon flos-aquae [blue green algae*] extract, ascophyllum nodosum [kelp*] extract, withania somnifera [ashwagandha*] extract, sodium levulinate, sodium anisate, brassica oleracea [broccoli] seed oil, theobroma cacao [cocoa*] butter, punica granatum [pomegranate*] oil, rosa canina [rosehip*] seed oil, tetrahexyldecyl ascorbate, hyaluronic acid, lonicera japonica [honeysuckle] extract, ubidecarenone [coenzyme q10], pelargonium graveolens [ rose geranium *] essential oil, cymbopogon flexuosus[lemongrass] essential oil, aqua [water], melia azadirachta [neem] extract, corallina officinalis [seaweed] extract, coccinia indica [ivy gourd] extract, solanum melongena [eggplant]extract, aloe barbadensis [aloe] extract, ocimum sanctum [tulsi] extract, curcuma longa [turmeric] root extract, lactic acid, glyceryl caprylate, citronellol, geraniol, linalool, limonene, citral | *organic

this list of ingredients is subject to change; please refer to the packaging of the purchased product.",'3.0,1
Skincare,Moisturisers,'14857435414908,'54822233047420,Patyka,Supreme Redensifying Cream,https://ohmycream.co.uk/collections/skincare-moisturisingcreams/products/patyka-supreme-redensifying-cream?variant=54822233047420,https://cdn.shopify.com/s/files/1/0555/4071/1596/files/2024_12_Patyka_CremeRedensifianteSupreme_Packshot.jpg?v=1733934392,"Complete list of ingredients

ingredients : rosa damascena flower water*, aqua (water), glycerin, mangifera indica (mango) seed butter*, cetearyl alcohol, helianthus annuus (sunflower) seed oil, pentylene glycol, triethyl citrate, olus oil (vegetable oil), butyrospermum parkii (shea) butter*, glyceryl stearate, sucrose polystearate, trehalose, microcrystalline cellulose, vigna aconitifolia seed extract, ascorbyl glucoside, hydrolyzed hyaluronic acid, iris pallida leaf cell extract, ziziphus spina-christi leaf, cystoseira tamariscifolia extract*, primula veris extract, parfum (fragrance), cetyl palmitate, sodium stearoyl glutamate, hydrogenated vegetable oil, levulinic acid, cellulose gum, p-anisic acid, sodium levulinate, candelilla cera (euphorbia cerifera (candelilla) wax), tocopherol, sodium phytate, xanthan gum, maltodextrin, sodium hydroxide, lecithin, rose flower oil/extract**, citronellol**, ci 77491 (iron oxides), hydrogenated olive oil stearyl esters, sodium myristoyl glutamate, aluminum hydroxide [02-003-1.14]

*ingredients from organic farming. **natural constituents of the aromatic composition.

99.9% of all ingredients are of natural origin. 54.7% of the total ingredients are from organic farming.

cosmos organic certified by ecocert greenlife according to the cosmos standard.

this list of ingredients is subject to change; please refer to the packaging of the purchased product.",'5.0,1
Skincare,Moisturisers,'14896966730108,'54895507177852,Ilia,Barrier Build Skin Protectant Cream,https://ohmycream.co.uk/collections/skincare-moisturisingcreams/products/ilia-barrier-build-skin-protectant-cream?variant=54895507177852,https://cdn.shopify.com/s/files/1/0555/4071/1596/files/2025_01_BarrierBuildSkinProtectantCream_Ilia_Carre.jpg?v=1737454514,"Complete list of ingredients

ingredients: aqua/water/eau, caprylic/capric triglyceride, squalane, glycerin, arachidyl alcohol, propanediol, butyrospermum parkii (shea) butter, behenyl alcohol, colloidal oatmeal, avena sativa (oat) kernel extract, lithothamnion calcareum extract, ophiopogon japonicus root extract, lactic acid, polyglycerin-6, polyglyceryl-6 laurate, sodium acrylate/sodium acryloyldimethyl taurate copolymer, arachidyl glucoside, c15-19 alkane, maltodextrin, amylopectin, hydrogenated lecithin, biosaccharide gum-1, pentylene glycol, trisodium ethylenediamine disuccinate, sodium levulinate, calcium chloride, glyceryl caprylate, xanthan gum, p-anisic acid, 1,2-hexanediol, caprylyl glycol, glucose, sorbitan oleate, sorbitan isostearate, potassium sorbate, sodium benzoate, citric acid.



this list of ingredients is subject to change; please refer to the packaging of the purchased product.",'5.0,1
Skincare,Moisturisers,'7476380827820,'42091905810604,Patyka,Youthful Repairing Night Cream,https://ohmycream.co.uk/collections/skincare-moisturisingcreams/products/youthful-repairing-night-cream?variant=42091905810604,https://cdn.shopify.com/s/files/1/0555/4071/1596/files/Creme-Nuit-Reparatrice-Jeunesse-Patyka.jpg?v=1696514029,"Complete list of ingredients

ingredients : rosa damascena flower water*, aqua (water), glycerin, caprylic/capric triglyceride, cetearyl alcohol, coco-caprylate/caprate, propanediol, glyceryl stearate, butyrospermum parkii (shea) butter*, helianthus annuus (sunflower) seed oil*, glyceryl stearate citrate, parfum (fragrance), centella asiatica leaf extract, sodium hyaluronate, pinus cembra wood extract, sodium levulinate, limonene**, sodium anisate, alcohol, sodium stearoyl glutamate, vigna aconitifolia seed extract, sclerotium gum, pentylene glycol, xanthan gum, levulinic acid, maltodextrin, angelica archangelica callus extract, sodium phytate, citric acid, linalool**,citronellol**

*ingredients from organic agriculture. **natural constituents of the aromatic composition. 100% of the total is of natural origin. 42.1% of the total ingredients are from organic agriculture

this list of ingredients is subject to change; please refer to the packaging of the purchased product.",',0
Skincare,Moisturisers,'15160693850492,'55085633503612,Madara,SOS HYDRA Star Collection Set,https://ohmycream.co.uk/collections/skincare-moisturisingcreams/products/madara-sos-hydra-star-collection-set?variant=55085633503612,https://cdn.shopify.com/s/files/1/0555/4071/1596/files/Madara_HydraStar.png?v=1745318317,"Complete list of ingredients

micellar water aloe barbadensis (aloe) leaf juice, aqua, glycerin, hamamelis virginiana (witch-hazel) leaf water, rosa damascena (rosa) flower water, paeonia lactiflora (peonia) root extract, sodium levulinate, caprylyl/capryl glucoside, sodium pca, sodium benzoate, propanediol, xylitylglucoside, anhydroxylitol, lactic acid, aroma, sodium hyaluronate, xylitol, phragmites communis (reed) extract, poria cocos extract, rhamnose, glucose, glucuronic acid

sos hydra repair intensive serum aloe barbadensis (aloe) leaf juice, helianthus annuus (sunflower) seed oil, glycerin, glyceryl stearate citrate, pentylene glycol, cetearyl alcohol, simmondsia chinensis (jojoba) seed oil, rosa damascena (rose) flower water, dicaprylyl carbonate, isoamyl laurate, cellulose, hippophae rhamnoides (sea buckthorn) fruit extract, sodium pca, aroma, xanthan gum, sodium hyaluronate, ascorbyl palmitate, linum usitatissimum (linseed) seed extract, paeonia lactiflora (peony) root extract, tocopherol, urtica dioica (nettle) leaf extract, mica (ci 77019), ci 77891 (titanium dioxide), aqua, hydrolyzed hyaluronic acid, sodium phytate, ci 77491 (iron oxides), ci 77492 (iron oxides), benzyl alcohol, potassium hydroxide, sodium benzoate, potassium sorbate, citronellol, geraniol, benzyl salicylate, eugenol

sos hydra recharge cream aqua, simmondsia chinensis (jojoba) seed oil, glycerin, caprylic/capric triglyceride, glyceryl stearate, behenyl alcohol, isoamyl laurate, rosa damascena (rose) flower water, hippophae rhamnoides (sea buckthorn) fruit extract, sodium pca, sodium levulinate, aroma, cetearyl alcohol, lecithin, cellulose, sodium anisate, palmitic acid, stearic acid, lactic acid, glycine soja sterols, linum usitatissimum (flax) seed extract, urtica dioica (nettle) leaf extract, xanthan gum, paeonia lactiflora (peony) root extract, sodium hyaluronate, sodium phytate, ascorbyl palmitate, hydrolyzed hyaluronic acid, tocopherol, ci 77491 (iron oxides), benzyl alcohol, sodium benzoate, potassium sorbate, citronellol, geraniol, benzyl salicylate, eugenol

this list of ingredients is subject to change; please refer to the packaging of the purchased product.",',0
Skincare,Moisturisers,'15169137017212,'55095173808508,Susanne Kaufmann,The Bestsellers Discovery Collection,https://ohmycream.co.uk/collections/skincare-moisturisingcreams/products/susanne-kaufmann-the-bestsellers-discovery-collection?variant=55095173808508,https://cdn.shopify.com/s/files/1/0555/4071/1596/files/packshot_coffret_SK.jpg?v=1746174013,"Complete list of ingredients

enzyme exoliator : aqua/water/eau, alcohol denat., pentylene glycol, glycerin, polyglyceryl-4 caprate, carbomer, alcohol, saccharide isomerate, hamamelis virginiana (witch hazel) leaf water, pyrus malus (apple) fruit extract, carica papaya (papaya) leaf extract, actinidia deliciosa (kiwi) fruit extract, ectoin, trigonella foenum-graecum seed extract, maltodextrin, menthol, chlorella vulgaris/lupinus albus protein ferment, aloe barbadensis leaf powder, pectin, cucumis melo (melon) fruit extract, terpineol, sodium hydroxide, levulinic acid, sodium levulinate, bisabolol, dipotassium glycyrrhizate, citric acid, sodium citrate.

hyaluron serum : aqua/water/eau, pentylene glycol, sodium hyaluronate, citric acid, parfum (fragrance).

body butter : aqua (water), olea europaea (olive) fruit oil, pentylene glycol, butyrospermum parkii (shea) butter, cetearyl alcohol, glyceryl stearate citrate, glycerin, sucrose stearate, cera alba, whey powder, helianthus annuus (sunflower) seed oil, mel, pollen, tocopherol, tocopheryl acetate, sodium stearoyl glutamate, xanthan gum, parfum.

this list of ingredients is subject to change; please refer to the packaging of the purchased product.",',0
Skincare,Moisturisers,'7785784967340,'43045428723884,Agent Nateur,Holi (Creme) Filter Face Cream,https://ohmycream.co.uk/collections/skincare-moisturisingcreams/products/agent-nateur-holi-creme-filter-face-cream?variant=43045428723884,https://cdn.shopify.com/s/files/1/0555/4071/1596/files/Holi_Creme_FilterFaceCreme_AgentNateur.jpg?v=1708616973,"Complete list of ingredients

cucumber distillate, aqua, glycerin, sodium acrylate/sodium acryloyldimethyl taurate copolymer, polyisobutene (and) caprylyl/capryl glucoside, cetearyl alcohol, cetearyl glucoside, squalane, olus oil, manuka honey, solanum lycopersicum (tomato) fruit extract, cistus incanus flower/leaf/stem extract, hydrolyzed corn starch, beta vulgaris (beet) root extract, hylocereus undatus fruit extract, bellis perennis (daisy) flower extract, calcium ketogluconate, tocopherol, simmondsia chinensis (jojoba) seed oil,dehydroacetic acid, benzyl alcohol this list of ingredients is subject to change; please refer to the packaging of the purchased product.",'5.0,1
Skincare,Moisturisers,'7792657399980,'43099178238124,Goop Beauty,All-in-One Nourishing Face Cream,https://ohmycream.co.uk/collections/skincare-moisturisingcreams/products/goop-beauty-all-in-one-nourishing-face-cream?variant=43099178238124,https://cdn.shopify.com/s/files/1/0555/4071/1596/files/202507_All-in-One_Nourishing_Face_Cream_Goop_Beauty_packshot_d4d6e44a-30a2-418f-a1c5-7beff4b1e561.jpg?v=1753278291,"Complete list of ingredients

aqua/water/eau, glycerin, cetyl lactate, dicaprylyl ether, oleyl alcohol, squalane, vegetable oil/olus oil/huile végétale, shorea stenoptera seed butter, propanediol, c12-16 alcohols, glyceryl stearate citrate, palmitic acid, simmondsia chinensis (jojoba) seed oil, hydrogenated lecithin, diheptyl succinate, schisandra chinensis fruit extract, glycosphingolipids, glycolipids, oryza sativa (rice) bran extract, bidens pilosa extract, gossypium herbaceum (cotton) seed oil, punica granatum flower extract, polyglyceryl-3 diisostearate, astrocaryum murumuru seed butter, linum usitatissimum (linseed) seed oil, polygonum aviculare extract, helianthus annuus (sunflower) extract, microcitrus australasica fruit extract, rosmarinus officinalis (rosemary) leaf extract, tocopherol, ribose, capryloyl glycerin/sebacic acid copolymer, xanthan gum, ethylhexylglycerin, caprylhydroxamic acid, benzyl alcohol, potassium sorbate, tetrasodium glutamate diacetate, sodium hydroxide, sodium citrate, sodium benzoate, citric acid. this list of ingredients is subject to change; please refer to the packaging of the purchased product.",'5.0,2
Skincare,Moisturisers,'15014215025020,'54924870877564,Antipodes,Jasmin Flower Menopause Facial Cream,https://ohmycream.co.uk/collections/skincare-moisturisingcreams/products/antipodes-jasmin-flower-menopause-facial-cream?variant=54924870877564,https://cdn.shopify.com/s/files/1/0555/4071/1596/files/202503_Antipodes_jasmine_flower_menopause_creme_resized_packshot.jpg?v=1741276378,"Complete list of ingredients

aqua (water), prunus amygdalus dulcis (sweet almond) oil, propanediol, butyrospermum parkii (shea) butter, cetearyl olivate, betaine, cetearyl alcohol, sorbitan olivate, glyceryl stearate se, palmitic acid, mel (nz manuka honey), persea gratissima (avocado pear) oil, jasminum grandiflorum (jasmine) flower extract, sodium hyaluronate (hyaluronic acid), avena sativa (oat) kernel extract, camellia sinensis (green tea) leaf extract, maltodextrin, actinidia chinensis (kiwi) seed oil, chamomilla recutita (chamomile) flower extract, tapioca starch, helianthus annuus (sunflower) seed oil, glycerin, carrageenan, tocopherol (vitamin e), bisabolol, sodium hydroxide, galactoarabinan, menthyl lactate, glyceryl caprylate, stearic acid, citric acid, lauric acid, myristic acid, sodium phytate, dehydroacetic acid, benzyl alcohol, alcohol, parfum, linalool, citrus aurantium bergamia peel oil, limonene, pogostemon cablin oil, geranyl acetate, linalyl acetate, citrus aurantium peel oil, benzyl salicylate, juniperus virginiana oil

this list of ingredients is subject to change; please refer to the packaging of the purchased product.",',0
Skincare,Moisturisers,'7383230120108,'41811430834348,Patyka,Hydra-Soothing Milky Moisturiser,https://ohmycream.co.uk/collections/skincare-moisturisingcreams/products/patyka-hydra-soothing-moisturiser?variant=41811430834348,https://cdn.shopify.com/s/files/1/0555/4071/1596/products/Patyka_Hydra_Creme-Lactee-Hydra-Apaisante_40ml.jpg?v=1658162432,"Complete list of ingredients

99.9% of the total ingredients are of natural origin 20.8% of the total ingredients are from organic farming

ingredients: aqua (water), glycerin, helianthus annuus (sunflower) seed oil, alcohol * * denat., coco-caprylate/caprate, myristyl myristate, dicaprylyl ether, polyglyceryl-6 distearate, butyrospermum parkii (shea butter) *, c10-18 triglycerides, microcrystalline cellulose, glyceryl stearate citrate, fragrance (fragrance), tapioca starch *, aloe barbadensis leaf juice powder *, tocopherol, jojoba esters, polyglyceryl-3 beeswax, bisabolol, glyceryl caprylate, octyldodecyl pca, xanthan gum, cellulose gum, cetyl alcohol, sodium phytate, citric acid, sodium benzoate, potassium sorbate, levulinic acid, sodium levulinate, sodium hydroxide, sodium cocoyl glutamate, alcohol, limonen * * *, linalool * * *

* ingredients from organic farming **made using organic ingredients ***natural constituents of the aromatic composition

this list of ingredients is subject to change; please refer to the packaging of the purchased product.",',0
Skincare,Moisturisers,'7383230152876,'41811430867116,Patyka,Intensive Hydra-Soothing Moisturiser,https://ohmycream.co.uk/collections/skincare-moisturisingcreams/products/patyka-intensive-hydra-soothing-moisturiser?variant=41811430867116,https://cdn.shopify.com/s/files/1/0555/4071/1596/products/Patyka_Hydra_Creme-Riche-Hydra-Apaisante_40ml.jpg?v=1658162433,"Complete list of ingredients

99.9% of the total ingredients are of natural origin 20.8% of the total ingredients are from organic farming

ingredients: aqua (water), butyrospermum parkii (shea butter) *, c10-18 triglycerides, glycerin, alcohol * * denat., simmondsia chinensis (jojoba) seed oil *, dicaprylyl ether, polyglyceryl-6 distearate, cetearyl alcohol, coco-caprylate/caprate, squalane, fragrance (fragrance), glyceryl behenate, glyceryl stearate citrate, mangifera indica (mango) seed butter *, helianthus annuus (sunflower) seed oil, aloe barbadensis leaf juice powder *, tocopherol, jojoba esters, polyglyceryl-3 beeswax, bisabolol, microcrystalline cellulose, glyceryl caprylate, octyldodecyl pca, sclerotium gum, xanthan gum, cellulose gum, cetyl alcohol, sodium phytate, citric acid, sodium benzoate, potassium sorbate, levulinic acid, sodium levulinate, sodium hydroxide, sodium cocoyl glutamate, alcohol, limonen * * *, linalool * * *

* ingredients from organic farming ** made using organic ingredients *** natural constituents of the aromatic composition

this list of ingredients is subject to change; please refer to the packaging of the purchased product.",',0
Skincare,Moisturisers,'7383230185644,'41811430899884,Patyka,Matte Perfecting Fluid,https://ohmycream.co.uk/collections/skincare-moisturisingcreams/products/patyka-matte-perfecting-fluid?variant=41811430899884,https://cdn.shopify.com/s/files/1/0555/4071/1596/products/Patyka_Pure_Fluide-Mat-Perfecteur_40ml.jpg?v=1658162433,"Complete list of ingredients

99.9% of the total ingredients are of natural origin 22.4% of the total ingredients are from organic farming

ingredients: aqua (water), mentha viridis (spearmint) leaf extract *, caprylic/capric triglyceride, glycerin, alcohol * * denat., silica, glyceryl stearate citrate, glyceryl stearate, alpha-glucan oligosaccharide, shorea robusta seed butter *, simmondsia chinensis (jojoba) seed oil *, mentha viridis (spearmint) leaf oil *, helianthus annuus (sunflower) seed oil, arctium lappa root extract *, microcrystalline cellulose, glyceryl caprylate, fragrance (fragrance), xanthan gum, chondrus crispus (carrageenan) powder, cellulose gum, tocopherol, glucose, sodium phytate, sodium hydroxide, sodium levulinate, levulinic acid, alcohol, sodium stearoyl lactylate, cetyl alcohol, limonen * * *

* ingredients from organic farming ** made using organic ingredients ***natural constituents of the aromatic composition

this list of ingredients is subject to change; please refer to the packaging of the purchased product.",',0
Skincare,Moisturisers,'7383230415020,'41811431162028,Dermalogica,Intensive Moisture Balance,https://ohmycream.co.uk/collections/skincare-moisturisingcreams/products/dermalogica-intensive-moisture-balance?variant=41811431162028,https://cdn.shopify.com/s/files/1/0555/4071/1596/products/NEW_Dermalogica_Intensive_Moisture_Balance_100ml.jpg?v=1658162439,"Complete list of ingredients

water/aqua/eau, ethylhexyl hydroxystearate, butylene glycol, cetearyl ethylhexanoate, cetyl caprylate, stearic acid, peg-8, octyldodecanol, dimethicone, glyceryl stearate se, peg-100 stearate, sodium hyaluronate, hydrolyzed sodium hyaluronate, sodium ascorbyl phosphate, chlorella vulgaris extract, ceramide np, phytosterols, centella asiatica extract, linoleic acid, echinacea purpurea extract, aloe barbadensis extract, palmitic acid, myristic acid, rosa centifolia flower extract, lactic acid, linolenic acid, propanediol, tocopherol, potassium cetyl phosphate, helianthus annuus (sunflower) seed oil, tetrasodium glutamate diacetate, ethylhexylglycerin, cetyl alcohol, carbomer, hydroxystearic acid, aminomethyl propanol, sodium hydroxide, phenoxyethanol.

this list of ingredients is subject to change; please refer to the packaging of the purchased product.",'5.0,1
Skincare,Moisturisers,'7383230415020,'41811431129260,Dermalogica,Intensive Moisture Balance,https://ohmycream.co.uk/collections/skincare-moisturisingcreams/products/dermalogica-intensive-moisture-balance?variant=41811431129260,https://cdn.shopify.com/s/files/1/0555/4071/1596/products/NEW_Dermalogica_Intensive_Moisture_Balance_50ml.jpg?v=1658162439,"Complete list of ingredients

water/aqua/eau, ethylhexyl hydroxystearate, butylene glycol, cetearyl ethylhexanoate, cetyl caprylate, stearic acid, peg-8, octyldodecanol, dimethicone, glyceryl stearate se, peg-100 stearate, sodium hyaluronate, hydrolyzed sodium hyaluronate, sodium ascorbyl phosphate, chlorella vulgaris extract, ceramide np, phytosterols, centella asiatica extract, linoleic acid, echinacea purpurea extract, aloe barbadensis extract, palmitic acid, myristic acid, rosa centifolia flower extract, lactic acid, linolenic acid, propanediol, tocopherol, potassium cetyl phosphate, helianthus annuus (sunflower) seed oil, tetrasodium glutamate diacetate, ethylhexylglycerin, cetyl alcohol, carbomer, hydroxystearic acid, aminomethyl propanol, sodium hydroxide, phenoxyethanol.

this list of ingredients is subject to change; please refer to the packaging of the purchased product.",'5.0,1
Skincare,Moisturisers,'7383246438572,'41811448168620,Sunday Riley,Ice Ceramide Moisturizing Cream,https://ohmycream.co.uk/collections/skincare-moisturisingcreams/products/sunday-riley-ice-ceramide-moisturizing-cream?variant=41811448168620,https://cdn.shopify.com/s/files/1/0555/4071/1596/products/817494013986_Ice_Ceramide_Moisturizing_Sunday_Riley.jpg?v=1658162607,"Complete list of ingredients

extract blend [water/eau/aqua, chondrus crispus (red algae) extract], squalane, c13-15 alkane (from sugarcane), glycerin, helianthus annuus (sunflower) seed wax, lanolin alcohol, tri(polyglyceryl-3/lauryl) hydrogenated trilinoleate, cocos nucifera (coconut) fruit extract, ceramide np, ceramide eop, ceramide ap, sodium hyaluronate, linoleic acid, oleic acid, palmitic acid, linolenic acid, prunus amygdalus dulcis (sweet almond) fruit extract, fructooligosaccharides, beta vulgaris (beet) root extract, shea butter ethyl esters, prunus armeniaca (apricot) fruit extract, pimpinella anisum (anise) fruit extract, rubus idaeus (raspberry) fruit extract, vanilla planifolia fruit extract, cucumis melo (melon) fruit extract, punica granatum sterols, rosa damascena flower oil, ananas sativus (pineapple) fruit extract, cinnamomum cassia leaf oil, ricinus communis (castor) seed oil, rhus verniciflua peel wax/rhus succedanea fruit wax, sodium lauroyl lactylate, sodium polyacryloyldimethyl taurate, triethyl citrate, tapioca starch, sodium benzoate, potassium sorbate, sodium phytate, magnesium stearate, magnesium aspartate, pentylene glycol, tocopherol, phytosphingosine, cholesterol, lithothamnion calcareum extract, zinc gluconate, stearic acid, copper gluconate, phenoxyethanol, polymethylsilsesquioxane, xanthan gum, carbomer.

this list of ingredients is subject to change; please refer to the packaging of the purchased product.",'4.9,11
Skincare,Moisturisers,'7383246897324,'41811448758444,Indie Lee,Retinol Alternative Cream,https://ohmycream.co.uk/collections/skincare-moisturisingcreams/products/indie-lee-retinol-alternative-cream?variant=41811448758444,https://cdn.shopify.com/s/files/1/0555/4071/1596/products/811239031389_Packshot_Retinol_Alternative_Cremme_Indie_Lee_Face.jpg?v=1658162616,"Complete list of ingredients

water (aqua), caprylic/capric triglyceride, propanediol, carthamus tinctorius (safflower) seed oil, cetearyl alcohol, butyrospermum parkii (shea) butter, c15-19 alkane, squalane (olive), glycerin, euphorbia cerifera (candelilla) wax, cetearyl olivate, mangifera indica (mango) seed butter, cetearyl glucoside, cetyl alcohol, sorbitan olivate, aloe barbadensis leaf juice powder, acmella oleracea (paracress) flower/leaf/stem extract, harungana madagascariensis (orange milk tree) extract, nephelium lappaceum (rambutan) leaf extract, simmondsia chinensis (jojoba) seed oil*, hydrolyzed hyaluronic acid, xylitylglucoside, anhydroxylitol, tocopherol, xylitol, xanthan gum, maltodextrin, gluconolactone, sodium levulinate, sodium benzoate, potassium sorbate, sodium anisate, citric acid

99% natural origin of total

this list of ingredients is subject to change; please refer to the packaging of the purchased product.",',0
Skincare,Moisturisers,'7539718521004,'42756804739244,Ulé,Je suis Chill Hydra-Fortifying CBD Cream,https://ohmycream.co.uk/collections/skincare-moisturisingcreams/products/ule-je-suis-chill-hydra-fortifying-cbd-cream?variant=42756804739244,https://cdn.shopify.com/s/files/1/0555/4071/1596/files/Je-suis-Chill_Ule.jpg?v=1695979076,"Complete list of ingredients

aqua (water), triheptanoin, propanediol, centella asiatica juice, coleus forskohlii juice, ocimum tenuiflorum juice, squalane, cetearyl alcohol, betaine, glycerin, hydroxyethyl acrylate/sodium acryloyldimethyl taurate copolymer, cannabis sativa seed oil, glyceryl stearate, jojoba esters, pentaerythrityl tetraisostearate, rubus idaeus (raspberry) seed oil, 1,2-hexanediol, alpha-glucan oligosaccharide, panthenol, phenethyl alcohol, helianthus annuus (sunflower) seed wax, sodium stearoyl glutamate, xanthan gum, sodium benzoate, citric acid, parfum (fragrance), sorbitan isostearate, polyglycerin-3, linalool, yeast extract, cannabidiol, limonene, caprylyl glycol, geraniol, tocopherol

this list of ingredients is subject to change; please refer to the packaging of the purchased product.",',0
Skincare,Moisturisers,'7562406985900,'43806578507948,Antipodes,Avocado Pear Nourishing Night Cream Travel Size,https://ohmycream.co.uk/collections/skincare-moisturisingcreams/products/antipodes-avocado-pear-nourishing-night-cream-travel-size?variant=43806578507948,https://cdn.shopify.com/s/files/1/0555/4071/1596/files/Antipodes_Anti-aging-minis-avocado-pear-creme-de-nuit-regenerante_packshot.jpg?v=1726219287,"Complete list of ingredients

aqua (water), squalane (olive) extract, butyrospermum parkii (shea) butter, glycerine, leptospermum scoparium (mel) manuka honey, macadamia integrifolia (macadamia) nut oil, persea gratissima (avocado pear) oil, cetearyl alcohol, calendula officinalis (calendula/marigold) flower oil, cocos nucifera (coconut) oil, lecithin, tocopherol (vitamin e), helianthus annuus (sunflower) seed oil, dehydroacetic acid, benzyl alcohol, bisabolol, vitis vinifera (vinanza® grape) seed extract. fragrance of sandalwood, ylang ylang & patchouli: benzyl alcohol, benzyl benzoate, benzyl salicylate, citral, citronellol, limonene, eugenol, farnesol, geraniol, isoeugenol, linalool.

this list of ingredients is subject to change; please refer to the packaging of the purchased product.",'5.0,1
Skincare,Moisturisers,'7608744083628,'42532292067500,Patyka,Aftersun Repairing Balm,https://ohmycream.co.uk/collections/skincare-moisturisingcreams/products/patyka-aftersun-repairing-balm?variant=42532292067500,https://cdn.shopify.com/s/files/1/0555/4071/1596/products/BaumeReparateurApres-Soleil_Patyka.jpg?v=1681826968,"Complete list of ingredients

99% of the total is of natural origin. 29% of the total ingredients are from organic agriculture.

ingredients : aqua (water), glycerin, triethyl citrate, helianthus annuus (sunflower) seed oil, alcohol** denat., butyrospermum parkii (shea) butter*, cetearyl alcohol, olus oil (vegetable oil), glyceryl stearate, sucrose polystearate, microcrystalline cellulose, parfum (fragrance), haematococcus pluvialis extract, hippophae rhamnoides fruit extract*, cetyl palmitate, sodium stearoyl glutamate, bisabolol*, hydrogenated vegetable oil, levulinic acid, cellulose gum, citric acid, sodium hydroxide, sodium benzoate, sodium levulinate, candelilla cera (euphorbia cerifera (candelilla) wax), aloe barbadensis leaf juice powder*, xanthan gum, tocopherol, glycine soja (soybean) oil

- ingredients from organic agriculture **processed from organic ingredients.

this list of ingredients is subject to change; please refer to the packaging of the purchased product.",'5.0,1
Skincare,Moisturisers,'7754584424620,'42924250464428,Dr. Barbara Sturm,Super Anti-Aging Face Cream,https://ohmycream.co.uk/collections/skincare-moisturisingcreams/products/dr-barbara-sturm-super-anti-aging-face-cream?variant=42924250464428,https://cdn.shopify.com/s/files/1/0555/4071/1596/files/SuperAnti-AgingFaceCream_BarbaraSturm.jpg?v=1706199290,Complete list of ingredients,',0
Skincare,Moisturisers,'7754584522924,'42924250562732,Dr. Barbara Sturm,Super Anti-Aging Night Cream,https://ohmycream.co.uk/collections/skincare-moisturisingcreams/products/dr-barbara-sturm-super-anti-aging-night-cream?variant=42924250562732,https://cdn.shopify.com/s/files/1/0555/4071/1596/files/SuperAnti-AgingNightCream_BarbaraSturm.jpg?v=1706199985,"Complete list of ingredients

aqua/water/eau, coco-caprylate/caprate, cetyl alcohol, glycerin, helianthus annuus (sunflower) seed oil, prunus amygdalus dulcis (sweet almond) oil, potassium cetyl phosphate, lactobacillus/portulaca oleracea ferment extract, hydrogenated palm glycerides, argania spinosa kernel oil, panthenol, sodium polyglutamate, maltodextrin, persea gratissima (avocado) fruit extract, sodium hyaluronate, leuconostoc/radish root ferment filtrate, nonapeptide-1, tocopherol, xanthan gum, pantolactone, caprylyl glycol, ethylhexylglycerin, sodium phosphate, phenoxyethanol, citric acid, disodium phosphate.",',0
Skincare,Moisturisers,'7856652026028,'43275001266348,Sunday Riley,C.E.O. Vitamin C Rich Hydration Cream Travel Size,https://ohmycream.co.uk/collections/skincare-moisturisingcreams/products/sunday-riley-ceo-vitamin-c-rich-hydration-cream-travel-size?variant=43275001266348,https://cdn.shopify.com/s/files/1/0555/4071/1596/files/C.E.OCremeHydratantericheenVitamineC_SundayRiley_DiscoveryGoodieBag.jpg?v=1717690085,"Complete list of ingredients

water/eau/aqua, squalane, dicaprylyl carbonate, tetrahexyldecyl ascorbate, c10-18 triglycerides, peg-8 beeswax, polyglyceryl-6 distearate, tapioca starch, hydrogenated vegetable oil, prunus amygdalus dulcis oil, citric acid, ppg-12/smdi copolymer, glycerin, citrus tangerina peel oil, sodium acrylates copolymer, bisabolol, jojoba esters, tocopherol, caprylic/capric triglyceride, limonene, phenoxyethanol, lecithin, nylon-12, rosa centifolia flower wax, rosa damascena flower wax, sodium phytate, cetyl alcohol, polyglyceryl-3 beeswax, butylene glycol, caprylyl glycol, alcohol denat., chlorphenesin, citrus australasica fruit extract, polymethylsilsesquioxane, terminalia ferdinandiana fruit extract, butyrospermum parkii butter extract, camellia sinensis leaf extract, citrus junos fruit extract, curcuma longa root extract, euterpe oleracea fruit extract, lippia citriodora flower extract, oenothera biennis seed extract, rosa canina fruit extract, alteromonas ferment extract, benzyl alcohol, sodium hyaluronate, linalool, dehydroacetic acid.

this list of ingredients is subject to change; please refer to the packaging of the purchased product.",',0
Skincare,Moisturisers,'7861588295852,'43293585408172,Dr. Barbara Sturm,Glow Cream,https://ohmycream.co.uk/collections/skincare-moisturisingcreams/products/dr-barbara-sturm-glow-cream?variant=43293585408172,https://cdn.shopify.com/s/files/1/0555/4071/1596/files/Cremeanti-age_DrBarbaraSturm.jpg?v=1716472895,"Complete list of ingredients

aqua/water/eau, octyldodecanol, c12-15 alkyl benzoate, glycerin, butyrospermum parkii (shea) butter, decyl oleate, zea mays (corn) germ oil, cetearyl alcohol, hydrogenated vegetable glycerides, lactobacillus/portulaca oleracea ferment extract, butylene glycol, sorbitol, potassium cetyl phosphate, cocoglycerides, dimethylimidazolidinone rice starch, tocopheryl acetate, polygonum bistorta root extract, rosa canina fruit extract, saccharide isomerate, squalane, panthenol, ethylhexylglycerin, sodium hyaluronate, tocopherol, biosaccharide gum-1, leuconostoc/radish root ferment filtrate, caprylyl glycol, synthetic fluorphlogopite, hydrogenated palm glycerides, mica, microcrystalline cellulose, sclerotium gum, helianthus annuus (sunflower) seed oil, cellulose gum, hexylene glycol, xanthan gum, tin oxide, silica, alumina, citric acid, pantolactone, phenoxyethanol, sodium benzoate, ci 77891, ci 77491

this list of ingredients is subject to change; please refer to the packaging of the purchased product.",',0
Skincare,Moisturisers,'8026575798444,'43718635847852,Patyka,Perfecting Radiance Cream,https://ohmycream.co.uk/collections/skincare-moisturisingcreams/products/patyka-perfecting-radiance-cream?variant=43718635847852,https://cdn.shopify.com/s/files/1/0555/4071/1596/files/2024_09_Patyka_Creme_Eclat_Perfectrice_Packshot.jpg?v=1725440640,"Complete list of ingredients

99.7% of the total is of natural origin. 41.7% of the total ingredients are from organic farming.

ingredients : aqua (water), glycerin, triethyl citrate, helianthus annuus (sunflower) seed oil*, microcrystalline cellulose, butyrospermum parkii (shea) butter*, passiflora incarnata water*, lavandula angustifolia (lavender) flower water*, cetearyl alcohol, glyceryl stearate, sucrose polystearate, c10-18 triglycerides, acacia senegal gum*, ascorbyl glucoside, sodium hyaluronate, melissa officinalis leaf extract*, aloe barbadensis leaf juice powder*, parfum (fragrance), sodium stearoyl glutamate, cetyl palmitate, limonene**, levulinic acid, tocopherol, glyceryl caprylate, cellulose gum, sodium benzoate, sodium levulinate, xanthan gum, sodium phytate, terpineol**, citrus aurantium peel oil**, lecithin, sodium hydroxide, ci 77492 (iron oxides), vanillin**, citric acid,

hydrogenated olive oil stearyl esters, ci 77491 (iron oxides), pinene**, potassium sorbate, linalool**, aluminum hydroxide, sodium myristoyl glutamate [02-009-1.02]

*ingredients from organic farming. **processed using organic ingredients.

this list of ingredients is subject to change; please refer to the packaging of the purchased product.",',0
Skincare,Moisturisers,'8026587496620,'43718665273516,Patyka,Perfecting Tinted Cream,https://ohmycream.co.uk/collections/skincare-moisturisingcreams/products/patyka-perfecting-tinted-cream?variant=43718665273516,https://cdn.shopify.com/s/files/1/0555/4071/1596/files/2024_09_Patyka_Creme_Teintee_Perfectrice_Claire_Packshot.jpg?v=1725441095,"Complete list of ingredients

99.7% of the total is of natural origin. 41.7% of the total ingredients are from organic farming.

ingredients : aqua (water), glycerin, triethyl citrate, helianthus annuus (sunflower) seed oil*, microcrystalline cellulose, butyrospermum parkii (shea) butter*, passiflora incarnata water*, lavandula angustifolia (lavender) flower water*, cetearyl alcohol, glyceryl stearate, sucrose polystearate, c10-18 triglycerides, acacia senegal gum*, ascorbyl glucoside, sodium hyaluronate, melissa officinalis leaf extract*, aloe barbadensis leaf juice powder*, parfum (fragrance), sodium stearoyl glutamate, cetyl palmitate, limonene**, levulinic acid, tocopherol, glyceryl caprylate, cellulose gum, sodium benzoate, sodium levulinate, xanthan gum, sodium phytate, terpineol**, citrus aurantium peel oil**, lecithin, sodium hydroxide, ci 77492 (iron oxides), vanillin**, citric acid,

hydrogenated olive oil stearyl esters, ci 77491 (iron oxides), pinene**, potassium sorbate, linalool**, aluminum hydroxide, sodium myristoyl glutamate [02-009-1.02]

*ingredients from organic farming. **processed using organic ingredients.

this list of ingredients is subject to change; please refer to the packaging of the purchased product.",'5.0,3
Skincare,Moisturisers,'8026587496620,'43718665306284,Patyka,Perfecting Tinted Cream,https://ohmycream.co.uk/collections/skincare-moisturisingcreams/products/patyka-perfecting-tinted-cream?variant=43718665306284,https://cdn.shopify.com/s/files/1/0555/4071/1596/files/2024_09_Patyka_Creme_Teintee_Perfectrice_Doree_Packshot.jpg?v=1725441095,"Complete list of ingredients

99.7% of the total is of natural origin. 41.7% of the total ingredients are from organic farming.

ingredients : aqua (water), glycerin, triethyl citrate, helianthus annuus (sunflower) seed oil*, microcrystalline cellulose, butyrospermum parkii (shea) butter*, passiflora incarnata water*, lavandula angustifolia (lavender) flower water*, cetearyl alcohol, glyceryl stearate, sucrose polystearate, c10-18 triglycerides, acacia senegal gum*, ascorbyl glucoside, sodium hyaluronate, melissa officinalis leaf extract*, aloe barbadensis leaf juice powder*, parfum (fragrance), sodium stearoyl glutamate, cetyl palmitate, limonene**, levulinic acid, tocopherol, glyceryl caprylate, cellulose gum, sodium benzoate, sodium levulinate, xanthan gum, sodium phytate, terpineol**, citrus aurantium peel oil**, lecithin, sodium hydroxide, ci 77492 (iron oxides), vanillin**, citric acid,

hydrogenated olive oil stearyl esters, ci 77491 (iron oxides), pinene**, potassium sorbate, linalool**, aluminum hydroxide, sodium myristoyl glutamate [02-009-1.02]

*ingredients from organic farming. **processed using organic ingredients.

this list of ingredients is subject to change; please refer to the packaging of the purchased product.",'5.0,3
