Major Category,Specific Category,Product ID,SKU ID,Product Brand,Product Desc,Product URL,Product Image Link,Product Ingredients,Rating,User Reviews
Skincare,Cleansing Gels & Milks,'15215008711036,'55151090565500,Oh My Cream,The Summer Pouch Carel x Oh My Cream,https://ohmycream.co.uk/collections/skincare-cleansing-gels-milks/products/summer-pouch-carel-oh-my-cream?variant=55151090565500,https://cdn.shopify.com/s/files/1/0555/4071/1596/files/Troussedel__t__CarelxOMC__1.jpg?v=1747043352,"Complete list of ingredients

trousse 100% coton made in india

regenerating cleanser tata harper (taille voyage - 50 ml) hordeum vulgare leaf juice*, cetearyl alcohol, cetearyl olivate, propanediol, helianthus annuus (sunflower) seed oil*, prunus armeniaca (apricot) seed powder*, **citrus paradisi (grapefruit) oil, sorbitan olivate, lactobacillus/punica granatum fruit ferment extract, salix alba (willow) bark extract, sambucus nigra fruit extract, arnica montana (arnica) extract*, borago officinalis (borage) leaf extract*, calendula officinalis (calendula) flower extract*, medicago sativa (alfalfa) extract*, spiraea ulmaria (meadowsweet) extract*, olea europaea (olive) oil*, tocopherol, coco-glucoside, cetearyl glucoside, caprylyl glycol, kaolin (white clay), sclerotium gum, **citrus aurantium (bergamot) peel oil, cetyl palmitate, magnolia officinalis bark extract, sorbitan palmitate, glyceryl caprylate, aqua/water/eau, sodium phytate, ci 77491 (red iron oxide), alcohol, limonene, citral, linalool *ingrédients issus de l’agriculture biologique **aroma

mini featherlash lifting serum mascara goop beauty (taille voyage - 4,5gr) water/aqua/eau, glyceryl stearate, hydrogenated jojoba oil, stearic acid, copernicia cerifera (carnauba) cera, glycerin, pentylene glycol, acacia senegal (gum arabic) gum, oryza sativa (rice) bran wax, shorea robusta (shala) resin, oleic/linoleic/linolenic polyglycerides, octyldodecanol, aminomethyl propanol, tocopherol, biotinoyl tripeptide-1, isochrysis galbana extract, panthenol, biotin, hyaluronic acid, leuconostoc/radish root ferment filtrate, lactobacillus, xanthan gum, cocos nucifera (coconut) fruit extract, [iron oxides (ci 77499)].

huile démaquillante éclair patyka (taille voyage - 50 ml) 100% du total des ingrédients sont d'origine naturelle 94,9% du total des ingrédients sont issus de l'agriculture biologique

ingredients : helianthus annuus (sunflower) seed oil*, polyglyceryl-4 oleate, simmondsia chinensis (jojoba) seed oil*, apricot kernel oil polyglyceryl-6 esters, parfum (fragrance), tocopherol, limonene**

*ingrédients issus de l'agriculture biologique **transformé à partir d'ingrédients biologiques

moisturizing mask susanne kaufman (taille voyage - 15 ml) aqua (water), glycerin, caprylic/capric triglyceride, pentylene glycol, dicaprylyl ether, methyl glucose sesquistearate, squalane, octyldodecanol, c10-18 triglycerides, cetearyl alcohol, glyceryl stearate, hydrogenated coco-glycerides, prunus amygdalus dulcis (sweet almond) oil, alcohol, lecithin, euphorbia cerifera (candelilla wax) cera, tocopheryl acetate, inulin, sodium hyaluronate, viola tricolor extract, brassica oleracea italica (broccoli) seed oil, echium plantagineum seed oil, helianthus annuus (sunflower) seed oil, cardiospermum halicacabum flower/leaf/vine extract, saccharide isomerate, xanthan gum, triticum vulgare (wheat) gluten, sodium levulinate, sodium stearoyl glutamate, sodium anisate, carrageenan, potassium phosphate, citric acid, methylpropanediol, sodium citrate, caprylyl glycol, tocopherol, 1,2-hexanediol, benzoic acid, phenylpropanol, methyl benzoate, parfum.

sérum dive in acide hyaluronique torriden (taille voyage - 20 ml) aqua, butylene glycol, glycerin, dipropylene glycol, 1,2-hexanediol, pentylene glycol, sodium hyaluronate, ethylhexylglycerin, allantoin, betaine, hydrolyzed hyaluronic acid, panthenol, tromethamine, carbomer, malachite extract, polyglyceryl-10 laurate, propanediol, sodium hyaluronate crosspolymer, glyceryl acrylate/acrylic acid copolymer, hydrolyzed sodium hyaluronate, pvm/ma copolymer, sodium acetylated hyaluronate, cholesterol, madecassic acid, madecassoside, trehalose, xanthan gum, ceramide 3, portulaca oleracea extract, paeonia suffruticosa root extract, scutellaria baicalensis root extract, beta-glucan, hamamelis virginiana leaf extract

hand & body wash sauge romarin lavande l:a bruket (taille voyage - 50 ml) aqua (water), sodium lauryl sulfoacetate, glycerin, cocamidopropyl betaine, sodium lauroyl sarcosinate, sodium pca, parfum (mix of essential oils), sodium levulinate, rosmarinus officinalis (rosemary) leaf oil, caprylyl/capryl glycoside, sodium anisate, lavandula angustifolia (lavender) flower oil, polysorbate 20, citric acid, polyglyceryl- 6 oleate, sodium cocoyl glutamate, salvia sclarea (clary sage) oil, glyceryl caprylate, sodium surfactin and linalool, limonene (natural ingredients of essential oils).

fluide solaire spf50 oh my cream skincare (nouveauté) (taille réelle) aqua/water/eau, dicaprylyl carbonate, coco-caprylate, cocoglycerides , diethylamino hydroxybenzoyl hexyl benzoate, bis-ethylhexyloxyphenol methoxyphenyl triazine, ethylhexyl triazone, phenylbenzimidazole sulfonic acid, glyceryl stearate, oryza sativa (rice) starch, 1,2-heptanediol, propanediol, sodium stearoyl glutamate, sodium hyaluronate, bisabolol, brassica campestris sterols, cetylhydroxyproline palmitamide, tocopherol, stearic acid, hexyldecanol, microcrystalline cellulose, cellulose gum, xanthan gum, sodium hydroxide, citric acid, sodium gluconate, o-cymen-5-ol.

c.e.o afterglow vitamin c cream sunday riley (taille voyage - 15 gr) water/eau/aqua, dimethicone, neopentyl glycol diethylhexanoate, tetrahexyldecyl ascorbate, polyglycerin-6, propanediol, phenyl trimethicone, glycerin, hydroxyethyl acrylate/ sodium acryloyldimethyl taurate copolymer, sodium hyaluronate crosspolymer, ergothioneine, xanthophyll, allantoin, citrus aurantium amara (bitter orange) flower oil, sodium acryloyldimethyltaurate/vp crosspolymer, mannitol, pentylene glycol, isododecane, dimethicone crosspolymer, sodium phytate, pentaerythrityl tetra-di-t-butyl hydroxyhydrocinnamate, benzotriazolyl dodecyl p-cresol, polymethylsilsesquioxane, ammonium acryloyldimethyltaurate/beheneth-25 methacrylate crosspolymer, carthamus tinctorius (safflower) seed oil, citrus aurantium dulcis (orange) peel oil, phenoxyethanol, caprylyl glycol, chlorphenesin, ethylhexylglycerin, citric acid, polysorbate 60, sorbitan isostearate.

liquid powder chromatic eye tint fresco ilia (taille réelle - 3,5ml) aqua/water/eau, mica, glycerin, silica, galactoarabinan, pentylene glycol, glyceryl caprylate, fructose, cellulose, kaolin, **aesculus hippocastanum (horse chestnut) extract, honokiol, tin oxide, potassium sorbate, citric acid. may contain (+/-): ci 77891 (titanium dioxide), ci 77491, ci 77492, ci 77499 (iron oxides), ci 77007 (ultramarines).

mist delight rudolph care (taille voyage - 30 ml) aloe barbadensis leaf extract* (aloe vera), aqua, calendula officinalis flower water* (pot marigold), glycerin**, zingiber officinale water (ginger), mel extract* (honey), saccharide isomerate, euterpe oleracea fruit extract (acai), sodium levulinate, parfum (natural), citric acid, sodium citrate, potassium sorbate, sodium benzoate *ingrédients issus de l'agriculture biologique **fabriqué à partir d'ingrédients biologiques

99% d'origine naturelle au total 79% du total des ingrédients sont issus de l'agriculture biologique

lip expert pro-collagen my blend (nouveauté) (taille voyage - 1,5 ml) octyldodecanol. diisostearyl malate. polyglyceryl-2 isostearate/dimer dilinoleate copolymer. cera alba/beeswax/cire d´abeille. helianthus annuus (sunflower) seed wax. silica. ethylcellulose. sorbitan caprylate. theobroma cacao (cocoa) seed butter. ethylhexyl palmitate. mica. tocopheryl acetate. tribehenin. ci 77891/titanium dioxide. ammonium glycyrrhizate. parfum/fragrance. theobroma cacao (cocoa) extract. sorbitan isostearate. lactic acid. ascorbyl palmitate. helianthus annuus (sunflower) seed oil. tocopherol. ci 77492/iron oxides. ci 15850/red 7 lake. palmitoyl tripeptide-1. [v4060a1]

brume démêlante cair (nouveauté) (taille voyage - 20 ml) oryza sativa (rice) bran water*, aqua (water), vitis vinifera (grape) fruit water*, erythritol, pentylene glycol, propanediol, behentrimonium chloride, cetearyl alcohol, phyllostachys bambusoides extract, acetum (vinegar), citric acid, glycerin, ethyl oleate, dipropylene glycol, parfum (fragrance), rubus idaeus (raspberry) seed oil, triolein, sodium

this list of ingredients is subject to change; please refer to the packaging of the purchased product.",'4.7,14
Skincare,Cleansing Gels & Milks,'15195082162556,'55123901120892,Naturisimo,The Glowing Skin Starter Kit,https://ohmycream.co.uk/collections/skincare-cleansing-gels-milks/products/glowing-skin-starter-kit?variant=55123901120892,https://cdn.shopify.com/s/files/1/0555/4071/1596/files/TheGlowingSkinStarterKit1.jpg?v=1745580708,"Complete list of ingredients

indie lee brightening cleanser water (aqua/eau), decyl glucoside (veg. oils & sugar), disodium coco-glucoside citrate, coco glucoside (coconut and sunflower oil), glyceryl oleate, hydrolyzed wheat protein, xanthan gum, fragaria chiloensis (strawberry) seed oil, lycopene (tomato), propanediol, ethylhexylglycerin, potassium sorbate

oskia super c x super r capsules super c: simmondsia chinensis (jojoba) seed oil, octyldodecanol (natural fatty acid emollient), prunus amygdalus dulcis (sweet almond) oil, tocopheryl (vitamin e) acetate, ascorbyl (vitamin c) tetraisopalmitate, solanum lycopersicum (tomato) fruit extract, tocotrienols (vitamin e), phytosterols, tocopherol (vitamin e), squalane (plant source), squalene (plant source), elaeis guineensis oil, parfum (nature identical fragrance), limonene*, linalool*

super r: c13-15 alkane, dimethyl isosorbide, sorbitan isostearate, octyldodecanol, ascorbyl (vitamin c) tetraisopalmitate, echium plantagineum seed oil, curcuma longa (turmeric) root extract, alaria esculenta extract, ubiquinone (coenzyme q10), 7-dehydrocholesterol (provitamin d3), tocopherol (vitamin e), caprylic/capric triglyceride, hydroxypinacolone retinoate, coco glucoside, rosmarinus officinalis (rosemary) leaf extract, cardiospermum halicacabum flower/leaf/vine extract, helianthus annuus (sunflower) seed oil unsaponifiables, helianthus annuus (sunflower) seed oil, olus oil (vegetable oil), lecithin, glycerin, water, sodium benzoate, rosa damascena extract.

*natural components of essential oil. capsules are vegan and bio-degradable.

trilogy vitamin c brightening eye serum aqua (water), coco-caprylate, glycerin, ascorbyl glucoside, hamamelis virginiana (witch hazel) water, microcrystalline cellulose, candelilla/jojoba/rice bran polyglyceryl-3 esters, glyceryl stearate, caprylic/capric triglyceride, cetyl alcohol, methylpropanediol, sambucus nigra (elderberry) flower extract, hyaluronic acid, silanetriol, sodium hyaluronate crosspolymer, caffeine, squalane mica, titanium dioxide (ci 77891), tocopherol (vitamin e), aloe barbadensis (aloe vera) leaf juice powder,citrus aurantium dulcis (orange sweet) peel oil, citrus nobilis (mandarin red) peel oil, lavandula angustifolia (lavender) flower oil, litsea cubeba (may chang) fruit oil, cananga odorata (ylang ylang) flower oil, cellulose gum, xanthan gum, helianthus annuus (sunflower) seed oil, cetearyl alcohol, sodium stearoyl lactylate, propanediol, ethylhexyl stearate, polyglyceryl-4 diisostearate/polyhydroxystearate/sebacate, sodium isostearate, alcohol, citric acid, sodium hydroxide, dehydroacetic acid, benzyl alcohol, limonene, linalool, citral, benzyl benzoate, geraniol.

trilogy vital moisturiser aqua, glycerin, prunus amygdalus dulcis (sweet almond) oil, glyceryl stearate se, oenothera biennis (evening primrose) oilsimmondsia chinensis (jojoba) seed oil, rosa canina seed oil, cetearyl wheat straw glycosides, cetearyl alcohol, sclerocarya birrea seed oil, aloe barbadensis leaf extract, sodium stearoyl glutamate, chamomilla recutita (matricaria) flower extract, solanum lycopersicum (tomato) seed oil, vaccinium macrocarpon (cranberry) seed oil, lycopene, euterpe oleracea fruit oil, avena sativa (oat) kernel extract, daucus carota sativa (carrot) seed oil, helianthus annuus (sunflower) seed oil, tocopheryl acetate, citrus aurantium amara (bitter orange) flower oil, rosmarinus officinalis (rosemary) leaf extract, caprylic/capric triglyceride, tocopherol, citric acid, parfum, benzyl alcohol**, dehydroacetic acid**, citral*, geraniol*, citronellol*, limonene*, linalool* *components of natural essential oils **preserved with dehydroacetic acid (and) benzyl alcohol

evolve bio-retinol gold mask helianthus annuus (sunflower) seed oil*, glycerin**, kaolin, prunus amygdalus dulcis (sweet almond) oil*, argania spinosa (argan) kernel oil*, mica, titanium dioxide (ci77891), silica, iron oxide (ci77491), sucrose laurate, rosa canina (rosehip) fruit oil*, parfum (naturally derived fragrance), bidens pilosa extract, astrocaryum murumuru seed butter, gossypium herbaceum (cotton) seed oil, linum usitatissimum (linseed) seed oil, citrus aurantium dulcis (orange) fruit water*, vanilla planifolia fruit oil, tocopherol, sucrose stearate, sucrose palmitate, tin oxide. *ingredients from organic farming **made using organic ingredients

this list of ingredients is subject to change; please refer to the packaging of the purchased product.",'4.9,209
Skincare,Cleansing Gels & Milks,'7383227891884,'41811426771116,Oh My Cream Skincare,Cleansing Jelly,https://ohmycream.co.uk/collections/skincare-cleansing-gels-milks/products/oh-my-cream-skincare-cleansing-jelly?variant=41811426771116,https://cdn.shopify.com/s/files/1/0555/4071/1596/files/202508_OMCS_Gelee_Nettoyante_packshot_2.jpg?v=1756218456,"Complete list of ingredients

aqua (water), sodium lauroyl methyl isethionate, sodium methyl cocoyl taurate, coco-betaine, glycerin, sodium chloride, mel (honey), zinc gluconate, zingiber officinale (ginger) root extract, vaccinium macrocarpon (cranberry), fruit extract, quillaja saponaria wood extract, hydrolyzed vegetable protein, caprylyl/capryl glucoside, ascorbic acid, citric acid, sorbic acid, sodium dehydroacetate, potassium sorbate, sodium benzoate, parfum (fragrance)*, limonene, linalool. *parfum naturel / natural fragrance.

this list of ingredients is subject to change; please refer to the packaging of the purchased product.",'4.8,17
Skincare,Cleansing Gels & Milks,'7383227891884,'41811426738348,Oh My Cream Skincare,Cleansing Jelly,https://ohmycream.co.uk/collections/skincare-cleansing-gels-milks/products/oh-my-cream-skincare-cleansing-jelly?variant=41811426738348,https://cdn.shopify.com/s/files/1/0555/4071/1596/files/Gelee_Nettoyante_50ml_OMC.jpg?v=1756218456,"Complete list of ingredients

aqua (water), sodium lauroyl methyl isethionate, sodium methyl cocoyl taurate, coco-betaine, glycerin, sodium chloride, mel (honey), zinc gluconate, zingiber officinale (ginger) root extract, vaccinium macrocarpon (cranberry), fruit extract, quillaja saponaria wood extract, hydrolyzed vegetable protein, caprylyl/capryl glucoside, ascorbic acid, citric acid, sorbic acid, sodium dehydroacetate, potassium sorbate, sodium benzoate, parfum (fragrance)*, limonene, linalool. *parfum naturel / natural fragrance.

this list of ingredients is subject to change; please refer to the packaging of the purchased product.",'4.8,17
Skincare,Cleansing Gels & Milks,'7383227891884,'42869455585452,Oh My Cream Skincare,Cleansing Jelly,https://ohmycream.co.uk/collections/skincare-cleansing-gels-milks/products/oh-my-cream-skincare-cleansing-jelly?variant=42869455585452,https://cdn.shopify.com/s/files/1/0555/4071/1596/files/202506_Rechargegeleenettoyante_OMCS_Packshot.jpg?v=1756218456,"Complete list of ingredients

aqua (water), sodium lauroyl methyl isethionate, sodium methyl cocoyl taurate, coco-betaine, glycerin, sodium chloride, mel (honey), zinc gluconate, zingiber officinale (ginger) root extract, vaccinium macrocarpon (cranberry), fruit extract, quillaja saponaria wood extract, hydrolyzed vegetable protein, caprylyl/capryl glucoside, ascorbic acid, citric acid, sorbic acid, sodium dehydroacetate, potassium sorbate, sodium benzoate, parfum (fragrance)*, limonene, linalool. *parfum naturel / natural fragrance.

this list of ingredients is subject to change; please refer to the packaging of the purchased product.",'4.8,17
Skincare,Cleansing Gels & Milks,'7383227891884,'55124315275644,Oh My Cream Skincare,Cleansing Jelly,https://ohmycream.co.uk/collections/skincare-cleansing-gels-milks/products/oh-my-cream-skincare-cleansing-jelly?variant=55124315275644,https://cdn.shopify.com/s/files/1/0555/4071/1596/products/3664529117518_OH_MY_CREAM_gelee_nettoyante.jpg?v=1756218456,"Complete list of ingredients

aqua (water), sodium lauroyl methyl isethionate, sodium methyl cocoyl taurate, coco-betaine, glycerin, sodium chloride, mel (honey), zinc gluconate, zingiber officinale (ginger) root extract, vaccinium macrocarpon (cranberry), fruit extract, quillaja saponaria wood extract, hydrolyzed vegetable protein, caprylyl/capryl glucoside, ascorbic acid, citric acid, sorbic acid, sodium dehydroacetate, potassium sorbate, sodium benzoate, parfum (fragrance)*, limonene, linalool. *parfum naturel / natural fragrance.

this list of ingredients is subject to change; please refer to the packaging of the purchased product.",'4.8,17
Skincare,Cleansing Gels & Milks,'7383227891884,'55124315341180,Oh My Cream Skincare,Cleansing Jelly,https://ohmycream.co.uk/collections/skincare-cleansing-gels-milks/products/oh-my-cream-skincare-cleansing-jelly?variant=55124315341180,https://cdn.shopify.com/s/files/1/0555/4071/1596/files/Gelee-Nettoyante-TS-OMCS.jpg?v=1756218456,"Complete list of ingredients

aqua (water), sodium lauroyl methyl isethionate, sodium methyl cocoyl taurate, coco-betaine, glycerin, sodium chloride, mel (honey), zinc gluconate, zingiber officinale (ginger) root extract, vaccinium macrocarpon (cranberry), fruit extract, quillaja saponaria wood extract, hydrolyzed vegetable protein, caprylyl/capryl glucoside, ascorbic acid, citric acid, sorbic acid, sodium dehydroacetate, potassium sorbate, sodium benzoate, parfum (fragrance)*, limonene, linalool. *parfum naturel / natural fragrance.

this list of ingredients is subject to change; please refer to the packaging of the purchased product.",'4.8,17
Skincare,Cleansing Gels & Milks,'7383227924652,'41811426836652,Oh My Cream Skincare,Cleansing Emulsion,https://ohmycream.co.uk/collections/skincare-cleansing-gels-milks/products/oh-my-cream-skincare-cleansing-emulsion?variant=41811426836652,https://cdn.shopify.com/s/files/1/0555/4071/1596/files/202508_Emulsion_Nettoyante_packshot_2.jpg?v=1756218365,"Complete list of ingredients

cleansing emulsion 150ml

aqua (water), glycerin, caprylic/capric triglyceride, ethylhexyl palmitate, lactobacillus ferment, theobroma grandiflorum seed butter, glyceryl behenate,glyceryl stearate citrate, squalane, avena sativa (oat) kernel flour, potassium cetyl phosphate, stearyl alcohol, hydrolyzed linseed extract*, phytic acid, helianthus annuus (sunflower) seed oil,tocopherol, myristyl glucoside, microcrystalline cellulose, cellulose gum, myristyl alcohol, xanthan gum, sodium hydroxide, parfum (fragrance), sodium levulinate, sodium anisate, sodium benzoate, sodium dehydroacetate, carbomer, limonene, linalool, citronellol

cleansing emulsion travel size

aqua (water), caprylic/capric triglyceride, ethylhexyl palmitate, glycerin, squalane, lactobacillus ferment, theobroma grandiflorum seed butter, glyceryl stearate citrate, avena sativa (oat) kernel flour, stearyl alcohol, parfum (fragrance), myristyl alcohol, sodium levulinate, potassium cetyl phosphate, carbomer, cellulose gum, myristyl glucoside, sodium anisate, sodium dehydroacetate, sodium hydroxide, limonene, phytic acid, hydrolyzed linseed extract, linalool, citronellol, glucose, sodium benzoate, sodium chloride, sodium glycolate.""

this list of ingredients is subject to change; please refer to the packaging of the purchased product.",'4.4,18
Skincare,Cleansing Gels & Milks,'7383227924652,'41811426803884,Oh My Cream Skincare,Cleansing Emulsion,https://ohmycream.co.uk/collections/skincare-cleansing-gels-milks/products/oh-my-cream-skincare-cleansing-emulsion?variant=41811426803884,https://cdn.shopify.com/s/files/1/0555/4071/1596/files/202508_OMCS_emulsion_nettoyante_50_packshot.png?v=1756218365,"Complete list of ingredients

cleansing emulsion 150ml

aqua (water), glycerin, caprylic/capric triglyceride, ethylhexyl palmitate, lactobacillus ferment, theobroma grandiflorum seed butter, glyceryl behenate,glyceryl stearate citrate, squalane, avena sativa (oat) kernel flour, potassium cetyl phosphate, stearyl alcohol, hydrolyzed linseed extract*, phytic acid, helianthus annuus (sunflower) seed oil,tocopherol, myristyl glucoside, microcrystalline cellulose, cellulose gum, myristyl alcohol, xanthan gum, sodium hydroxide, parfum (fragrance), sodium levulinate, sodium anisate, sodium benzoate, sodium dehydroacetate, carbomer, limonene, linalool, citronellol

cleansing emulsion travel size

aqua (water), caprylic/capric triglyceride, ethylhexyl palmitate, glycerin, squalane, lactobacillus ferment, theobroma grandiflorum seed butter, glyceryl stearate citrate, avena sativa (oat) kernel flour, stearyl alcohol, parfum (fragrance), myristyl alcohol, sodium levulinate, potassium cetyl phosphate, carbomer, cellulose gum, myristyl glucoside, sodium anisate, sodium dehydroacetate, sodium hydroxide, limonene, phytic acid, hydrolyzed linseed extract, linalool, citronellol, glucose, sodium benzoate, sodium chloride, sodium glycolate.""

this list of ingredients is subject to change; please refer to the packaging of the purchased product.",'4.4,18
Skincare,Cleansing Gels & Milks,'7383227924652,'42869326184620,Oh My Cream Skincare,Cleansing Emulsion,https://ohmycream.co.uk/collections/skincare-cleansing-gels-milks/products/oh-my-cream-skincare-cleansing-emulsion?variant=42869326184620,https://cdn.shopify.com/s/files/1/0555/4071/1596/files/202506_RechargeEmulsionNettoyante_OMCS_Packshot.jpg?v=1756218365,"Complete list of ingredients

cleansing emulsion 150ml

aqua (water), glycerin, caprylic/capric triglyceride, ethylhexyl palmitate, lactobacillus ferment, theobroma grandiflorum seed butter, glyceryl behenate,glyceryl stearate citrate, squalane, avena sativa (oat) kernel flour, potassium cetyl phosphate, stearyl alcohol, hydrolyzed linseed extract*, phytic acid, helianthus annuus (sunflower) seed oil,tocopherol, myristyl glucoside, microcrystalline cellulose, cellulose gum, myristyl alcohol, xanthan gum, sodium hydroxide, parfum (fragrance), sodium levulinate, sodium anisate, sodium benzoate, sodium dehydroacetate, carbomer, limonene, linalool, citronellol

cleansing emulsion travel size

aqua (water), caprylic/capric triglyceride, ethylhexyl palmitate, glycerin, squalane, lactobacillus ferment, theobroma grandiflorum seed butter, glyceryl stearate citrate, avena sativa (oat) kernel flour, stearyl alcohol, parfum (fragrance), myristyl alcohol, sodium levulinate, potassium cetyl phosphate, carbomer, cellulose gum, myristyl glucoside, sodium anisate, sodium dehydroacetate, sodium hydroxide, limonene, phytic acid, hydrolyzed linseed extract, linalool, citronellol, glucose, sodium benzoate, sodium chloride, sodium glycolate.""

this list of ingredients is subject to change; please refer to the packaging of the purchased product.",'4.4,18
Skincare,Cleansing Gels & Milks,'7383227924652,'55132668526972,Oh My Cream Skincare,Cleansing Emulsion,https://ohmycream.co.uk/collections/skincare-cleansing-gels-milks/products/oh-my-cream-skincare-cleansing-emulsion?variant=55132668526972,https://cdn.shopify.com/s/files/1/0555/4071/1596/files/Nouveau_Emulsion-Nettoyante-_150-ml__OMCS.jpg?v=1756218365,"Complete list of ingredients

cleansing emulsion 150ml

aqua (water), glycerin, caprylic/capric triglyceride, ethylhexyl palmitate, lactobacillus ferment, theobroma grandiflorum seed butter, glyceryl behenate,glyceryl stearate citrate, squalane, avena sativa (oat) kernel flour, potassium cetyl phosphate, stearyl alcohol, hydrolyzed linseed extract*, phytic acid, helianthus annuus (sunflower) seed oil,tocopherol, myristyl glucoside, microcrystalline cellulose, cellulose gum, myristyl alcohol, xanthan gum, sodium hydroxide, parfum (fragrance), sodium levulinate, sodium anisate, sodium benzoate, sodium dehydroacetate, carbomer, limonene, linalool, citronellol

cleansing emulsion travel size

aqua (water), caprylic/capric triglyceride, ethylhexyl palmitate, glycerin, squalane, lactobacillus ferment, theobroma grandiflorum seed butter, glyceryl stearate citrate, avena sativa (oat) kernel flour, stearyl alcohol, parfum (fragrance), myristyl alcohol, sodium levulinate, potassium cetyl phosphate, carbomer, cellulose gum, myristyl glucoside, sodium anisate, sodium dehydroacetate, sodium hydroxide, limonene, phytic acid, hydrolyzed linseed extract, linalool, citronellol, glucose, sodium benzoate, sodium chloride, sodium glycolate.""

this list of ingredients is subject to change; please refer to the packaging of the purchased product.",'4.4,18
Skincare,Cleansing Gels & Milks,'7383227924652,'55132668592508,Oh My Cream Skincare,Cleansing Emulsion,https://ohmycream.co.uk/collections/skincare-cleansing-gels-milks/products/oh-my-cream-skincare-cleansing-emulsion?variant=55132668592508,https://cdn.shopify.com/s/files/1/0555/4071/1596/files/sansref_OHMYCREAMSKINCARE_EmulsionNettoyante-Mini_14734.jpg?v=1756218365,"Complete list of ingredients

cleansing emulsion 150ml

aqua (water), glycerin, caprylic/capric triglyceride, ethylhexyl palmitate, lactobacillus ferment, theobroma grandiflorum seed butter, glyceryl behenate,glyceryl stearate citrate, squalane, avena sativa (oat) kernel flour, potassium cetyl phosphate, stearyl alcohol, hydrolyzed linseed extract*, phytic acid, helianthus annuus (sunflower) seed oil,tocopherol, myristyl glucoside, microcrystalline cellulose, cellulose gum, myristyl alcohol, xanthan gum, sodium hydroxide, parfum (fragrance), sodium levulinate, sodium anisate, sodium benzoate, sodium dehydroacetate, carbomer, limonene, linalool, citronellol

cleansing emulsion travel size

aqua (water), caprylic/capric triglyceride, ethylhexyl palmitate, glycerin, squalane, lactobacillus ferment, theobroma grandiflorum seed butter, glyceryl stearate citrate, avena sativa (oat) kernel flour, stearyl alcohol, parfum (fragrance), myristyl alcohol, sodium levulinate, potassium cetyl phosphate, carbomer, cellulose gum, myristyl glucoside, sodium anisate, sodium dehydroacetate, sodium hydroxide, limonene, phytic acid, hydrolyzed linseed extract, linalool, citronellol, glucose, sodium benzoate, sodium chloride, sodium glycolate.""

this list of ingredients is subject to change; please refer to the packaging of the purchased product.",'4.4,18
Skincare,Cleansing Gels & Milks,'7383227924652,'55404069519740,Oh My Cream Skincare,Cleansing Emulsion,https://ohmycream.co.uk/collections/skincare-cleansing-gels-milks/products/oh-my-cream-skincare-cleansing-emulsion?variant=55404069519740,https://cdn.shopify.com/s/files/1/0555/4071/1596/files/202508_Emulsion_Nettoyante_packshot_2.jpg?v=1756218365,"Complete list of ingredients

cleansing emulsion 150ml

aqua (water), glycerin, caprylic/capric triglyceride, ethylhexyl palmitate, lactobacillus ferment, theobroma grandiflorum seed butter, glyceryl behenate,glyceryl stearate citrate, squalane, avena sativa (oat) kernel flour, potassium cetyl phosphate, stearyl alcohol, hydrolyzed linseed extract*, phytic acid, helianthus annuus (sunflower) seed oil,tocopherol, myristyl glucoside, microcrystalline cellulose, cellulose gum, myristyl alcohol, xanthan gum, sodium hydroxide, parfum (fragrance), sodium levulinate, sodium anisate, sodium benzoate, sodium dehydroacetate, carbomer, limonene, linalool, citronellol

cleansing emulsion travel size

aqua (water), caprylic/capric triglyceride, ethylhexyl palmitate, glycerin, squalane, lactobacillus ferment, theobroma grandiflorum seed butter, glyceryl stearate citrate, avena sativa (oat) kernel flour, stearyl alcohol, parfum (fragrance), myristyl alcohol, sodium levulinate, potassium cetyl phosphate, carbomer, cellulose gum, myristyl glucoside, sodium anisate, sodium dehydroacetate, sodium hydroxide, limonene, phytic acid, hydrolyzed linseed extract, linalool, citronellol, glucose, sodium benzoate, sodium chloride, sodium glycolate.""

this list of ingredients is subject to change; please refer to the packaging of the purchased product.",'4.4,18
Skincare,Cleansing Gels & Milks,'7383227924652,'55404069552508,Oh My Cream Skincare,Cleansing Emulsion,https://ohmycream.co.uk/collections/skincare-cleansing-gels-milks/products/oh-my-cream-skincare-cleansing-emulsion?variant=55404069552508,https://cdn.shopify.com/s/files/1/0555/4071/1596/files/202508_Emulsion_Nettoyante_packshot_2.jpg?v=1756218365,"Complete list of ingredients

cleansing emulsion 150ml

aqua (water), glycerin, caprylic/capric triglyceride, ethylhexyl palmitate, lactobacillus ferment, theobroma grandiflorum seed butter, glyceryl behenate,glyceryl stearate citrate, squalane, avena sativa (oat) kernel flour, potassium cetyl phosphate, stearyl alcohol, hydrolyzed linseed extract*, phytic acid, helianthus annuus (sunflower) seed oil,tocopherol, myristyl glucoside, microcrystalline cellulose, cellulose gum, myristyl alcohol, xanthan gum, sodium hydroxide, parfum (fragrance), sodium levulinate, sodium anisate, sodium benzoate, sodium dehydroacetate, carbomer, limonene, linalool, citronellol

cleansing emulsion travel size

aqua (water), caprylic/capric triglyceride, ethylhexyl palmitate, glycerin, squalane, lactobacillus ferment, theobroma grandiflorum seed butter, glyceryl stearate citrate, avena sativa (oat) kernel flour, stearyl alcohol, parfum (fragrance), myristyl alcohol, sodium levulinate, potassium cetyl phosphate, carbomer, cellulose gum, myristyl glucoside, sodium anisate, sodium dehydroacetate, sodium hydroxide, limonene, phytic acid, hydrolyzed linseed extract, linalool, citronellol, glucose, sodium benzoate, sodium chloride, sodium glycolate.""

this list of ingredients is subject to change; please refer to the packaging of the purchased product.",'4.4,18
Skincare,Cleansing Gels & Milks,'15195112276348,'55123928973692,Naturisimo,The Menopause Relief Kit,https://ohmycream.co.uk/collections/skincare-cleansing-gels-milks/products/menopause-relief-kit?variant=55123928973692,https://cdn.shopify.com/s/files/1/0555/4071/1596/files/TheMenopauseReliefStarterKit1.jpg?v=1745580558,"Complete list of ingredients

wild nutrition food-grown® perimenopause complex shatavari powder, brown rice flour, vegetable cellulose (capsule shell), purified seawater (providing magnesium), n-acetyl l-cysteine vegan, vitamin and mineral enhanced yeast providing; iron, vitamin b6 and molybdenum, saffron extract (safr’inside™), lactobacillus bulgaricus combined with pantothenic acid.

wild nutrition food-grown® menopause complex purified seawater (providing magnesium), vegetable cellulose (capsule shell), ashwagandha powder, dong quai powder, milk thistle powder, alfalfa powder, green tea powder and turmeric root powder.

evolve hydrate and protect moisturiser aqua (water), glycerin, squalane, cetearyl olivate, helianthus annuus (sunflower seed oil), sorbitan olivate, gluconolactone, hedychium coronarium root extract, bentonite, aloe barbadensis leaf juice powder*, sodium hyaluronate, microcrystalline cellulose, sodium stearoyl glutamate , parfum (natural origin fragrance), brassica campestris (rapeseed) seed oil*, polygonum tinctorium leaf extract, xanthan gum, rosmarinus officinalis leaf extract*, phytic acid, tocopherol, sodium benzoate, gum cellulose, calcium gluconate, limonene.

innersense i create volume water/aqua/eau, aloe barbadensis gel*, hydroxyethylcellulose, maltodextrin copolymer, potassium hydroxide, gluconolactone, sodium benzoate, calcium gluconate, alkyl acrylate crosspolymer, citrus aurantium dulcis peel oil, caprylic/capric triglyceride, potassium sorbate, sodium phytate, glycerin*, chamomilla recutita (matricaria) flower extract*, eucalyptus globulus leaf extract*, ginkgo biloba leaf extract*, aspalathus linearis leaf extract*, honey extract*, limonene†. *certified organic a natural component of essential oils

odylique creamy coconut cleanser aqua, cocos nucifera oil*, olea europaea fruit oil*, rosa centifolia flower water*, glycerine**, cetearyl alcohol, cetearyl glucoside, rosmarinus officinalis leaf extract*, citrus limon peel oil*, eucalyptus globulus leaf oil*, salvia sclarea oil*, lactic acid, sodium anisate, sodium levulinate, sodium lauroyl lactylate, xanthan gum, limonene* (in the lemon oil) plain english: coconut oil*, extra virgin olive oil*, rose flower water*, non-palm plant glycerine**, rosemary extract*, essential oils of clary sage*, eucalyptus* and lemon*, plant origin moisturisers & emulsifiers

* organically grown & produced ** organic origin (total 87%)

antipodes divine face oil persea americana (avocado pear) oil*, simmondsia chinensis (jojoba) seed oil*, macadamia integrifolia (macadamia) nut oil*, rosa rubiginosa (rosehip) seed oil*, tocopherol (vitamin e), helianthus annuus (sunflower) seed oil. fragrance of sweet orange, ylang ylang and jasmine: benzyl alcohol, benzyl benzoate, benzyl salicylate, citral, citronellol, d-limonene, eugenol, farnesol, geraniol, isoeugenol, linalool.

neal's yard women's balance remedies to roll helianthus annuus (sunflower) seed oil, copaifera officinalis (balsam copaiba) resin*, pogostemon cablin leaf oil*, pelargonium graveolens flower oil*, citrus sinensis peel oil expressed*, rosa damascena extract, tocopherol, boswellia sacra resin oil*, citrus aurantium bergamia (bergamot) peel oil*, thymus mastichina flower oil*, salvia sclarea (clary) oil*, limonene, linalool, citronellol, geraniol, citral, eugenol, farnesol. *organic. from essential oils. of total 100% natural origin, 98.0% organic

this list of ingredients is subject to change; please refer to the packaging of the purchased product.",'5.0,27
Skincare,Cleansing Gels & Milks,'15176831861116,'55105607762300,Evolve Organic Beauty,Daily Detox Facial Wash,https://ohmycream.co.uk/collections/skincare-cleansing-gels-milks/products/evolve-daily-detox-facial-wash?variant=55105607762300,https://cdn.shopify.com/s/files/1/0555/4071/1596/files/202506_DailyDetoxFacialWash_Evolve_Packshot.jpg?v=1748960153,"Complete list of ingredients

aqua (water), sodium coco-sulphate, glycerin, cocamidopropyl betaine, decyl glucoside, caprylyl/capryl glucoside, parfum (fragrance), aloe barbadensis leaf juice powder*, carica papaya (papaya) fruit extract*, lycium barbarum (goji berry) fruit extract*, lauryl glucoside, glyceryl oleate, coco-glucoside, fragrance (parfum), citric acid, levulinic acid, sodium levulinate, sodium phytate, sodium benzoate, d-limonene, linalool. * ingredients from organic farming.

this list of ingredients is subject to change; please refer to the packaging of the purchased product.",'4.8,78
Skincare,Cleansing Gels & Milks,'7383286448300,'43002314981548,Oh My Cream Skincare,Cleansing Foam,https://ohmycream.co.uk/collections/skincare-cleansing-gels-milks/products/oh-my-cream-skincare-cleansing-foam?variant=43002314981548,https://cdn.shopify.com/s/files/1/0555/4071/1596/files/202508_OMCS_Mousse_Nettoyante_150ml_packshot_2.jpg?v=1756218553,"Complete list of ingredients

aqua (water), triticum monococcum (wheat) stem water, coco-glucoside, disodium cocoyl glutamate, glycerin, propanediol, diglycerin, polyglyceryl-4 laurate/sebacate, polyglyceryl-6 caprylate/caprate, citric acid, caprylyl/capryl glucoside, mel (honey), avena sativa (oat) kernel extract, chamomilla recutita (matricaria) flower extract, hydrolyzed jojoba esters, citrus limon (lemon) peel oil, citrus aurantium bergamia (bergamot) peel oil, citrus aurantium amara (bitter orange) leaf/twig oil, piper nigrum (pepper) fruit oil, 1,2-hexanediol, levulinic acid, sodium levulinate, caprylhydroxamic acid,tetrasodium glutamate diacetate, sodium cocoyl alaninate, citral, limonene, linalool.

this list of ingredients is subject to change; please refer to the packaging of the purchased product.",'5.0,24
Skincare,Cleansing Gels & Milks,'7383286448300,'42869326151852,Oh My Cream Skincare,Cleansing Foam,https://ohmycream.co.uk/collections/skincare-cleansing-gels-milks/products/oh-my-cream-skincare-cleansing-foam?variant=42869326151852,https://cdn.shopify.com/s/files/1/0555/4071/1596/files/202506_RechargeMousseNettoyante_OMCS_Packshot.jpg?v=1756218553,"Complete list of ingredients

aqua (water), triticum monococcum (wheat) stem water, coco-glucoside, disodium cocoyl glutamate, glycerin, propanediol, diglycerin, polyglyceryl-4 laurate/sebacate, polyglyceryl-6 caprylate/caprate, citric acid, caprylyl/capryl glucoside, mel (honey), avena sativa (oat) kernel extract, chamomilla recutita (matricaria) flower extract, hydrolyzed jojoba esters, citrus limon (lemon) peel oil, citrus aurantium bergamia (bergamot) peel oil, citrus aurantium amara (bitter orange) leaf/twig oil, piper nigrum (pepper) fruit oil, 1,2-hexanediol, levulinic acid, sodium levulinate, caprylhydroxamic acid,tetrasodium glutamate diacetate, sodium cocoyl alaninate, citral, limonene, linalool.

this list of ingredients is subject to change; please refer to the packaging of the purchased product.",'5.0,24
Skincare,Cleansing Gels & Milks,'7383286448300,'55100522955132,Oh My Cream Skincare,Cleansing Foam,https://ohmycream.co.uk/collections/skincare-cleansing-gels-milks/products/oh-my-cream-skincare-cleansing-foam?variant=55100522955132,https://cdn.shopify.com/s/files/1/0555/4071/1596/products/3664529000469_OMCS_Mousse-Nettoyante.jpg3664529000469_OMCS_Mousse_Nettoyante_TINY.jpg?v=1756218553,"Complete list of ingredients

aqua (water), triticum monococcum (wheat) stem water, coco-glucoside, disodium cocoyl glutamate, glycerin, propanediol, diglycerin, polyglyceryl-4 laurate/sebacate, polyglyceryl-6 caprylate/caprate, citric acid, caprylyl/capryl glucoside, mel (honey), avena sativa (oat) kernel extract, chamomilla recutita (matricaria) flower extract, hydrolyzed jojoba esters, citrus limon (lemon) peel oil, citrus aurantium bergamia (bergamot) peel oil, citrus aurantium amara (bitter orange) leaf/twig oil, piper nigrum (pepper) fruit oil, 1,2-hexanediol, levulinic acid, sodium levulinate, caprylhydroxamic acid,tetrasodium glutamate diacetate, sodium cocoyl alaninate, citral, limonene, linalool.

this list of ingredients is subject to change; please refer to the packaging of the purchased product.",'5.0,24
Skincare,Cleansing Gels & Milks,'15195171783036,'55123969343868,Naturisimo,The Clean Teen Starter Kit,https://ohmycream.co.uk/collections/skincare-cleansing-gels-milks/products/clean-teen-starter-kit?variant=55123969343868,https://cdn.shopify.com/s/files/1/0555/4071/1596/files/TheCleanTeenKit1.jpg?v=1745580664,"Complete list of ingredients

upcircle cleansing soap bar with cinnamon + ginger sodium cocoate**, aqua, glycerin**, coconut acid**, sodium citrate, illite, sodium chloride, zingiber officinale (ginger) root oil*, eugenol^, kaolin, illicium verum (star anise) fruit, cinnamomum zeylanicum (cinnamon) leaf oil*, cinnamomum verum bark, foeniculum vulgare (fennel) leaf, eugenia caryophyllus (clove) flower, pimenta officinalis (all spice) fruit, zingiber officinale root, elettaria cardamomum (green cardamom) seed, myristica fragrans (nutmeg) seed, vanilla planifolia (vanilla) fruit. *organically produced ingredient; **from organic origin; ^natural constituent of essential oils listed.

pai skincare phaze clariying cleanser aqua (water), decyl glucoside, cocamidopropyl betaine, lauryl glucoside, disodium cocoyl glutamate, glycerin**, caprylyl/capryl glucoside, inulin, sodium chloride, sodium levulinate, gluconolactone, glyceryl oleate, sorbitan caprylate, sodium anisate, saccharide isomerate, sodium phytate, fructose, citrus aurantifolia peel oil* (lime oil), boswellia neglecta resin oil* (frankincense oil), rosmarinus officinalis leaf oil* (rosemary oil), maltodextrin, sodium citrate, hydrolyzed gardenia florida extract (gardenia extract), gardenia florida fruit extract (gardenia extract), citric acid limonene (naturally occurring in essential oils / naturellement présent dans les huiles essentielles) of total: 98% natural origin sur total: 98% d'origine naturelle *organic ingredient / ingrédient biologique **made using organic ingredients

evolve true balance gel cream aqua (eau), cellulose, coco-caprylate/caprate, butyl avocadate, isoamyl laurate, glycérine, simmondsia chinensis (jojoba) seed oil*, cellulose microcristalline, glyceryl stearate, argania spinosa (argan) kernel oil*, parfum (parfum d'origine naturelle ), hyaluronate de sodium, extrait de cellules de feuilles de zingiber officinale (gingembre), extrait de graines de moringa pterygosperma, poudre de jus de feuilles d'aloe barbadensis*, stéarate de saccharose, gomme de xanthane, lévulinate de sodium, esters polyglycéryl-3 de son de candelilla/jojoba/riz, gomme de cellulose, sodium déhydroacétate, alcool cétéarylique, lactylate de stéaroyle de sodium, cocoate d'isoamyle, tocophérol, anisate de sodium, palmitate de saccharose, dextrine, gallate de propyle. *ingrédients issus de l'agriculture biologique **fabriqué à partir d'ingrédients biologiques'

balance me hyaluronic plumping mist aqua (water), glycerin, polyglyceryl-4 caprylate, hydrolyzed hyaluronic acid, citric acid, ananas sativus (pineapple) fruit extract, citrus aurantium (neroli) flower oil, rosa centifolia (rose absolute) flower oil, achillea millefolium (yarrow) leaf oil, nardostachys jatamansi (spikenard) root oil, anthemis nobilis (roman chamomile) flower oil, citrus aurantium bergamia (bergamot) fruit oil, pelargonium graveolens (rose geranium) flower oil, sodium dehydroacetate, potassium sorbate, dehydroacetic acid, benzyl alcohol, sodium hydroxide, limonene, linalool, geraniol, citronellol, citral, farnesol.

q+a hyaluronic body wash aqua (water), zea mays (corn) cob powder, glycerin, cetearyl alcohol, lactic acid, glyceryl stearate, helianthus annuus (sunflower) seed oil, caprylic/capric triglyceride, glycolic acid, hippophae rhamnoides (sea buckthorn) fruit oil. simmondsia chinensis (jojoba) seed oil, vitis vinifera (grape) seed oil, carbomer, sodium stearoyl glutamate, coco-glucoside, sodium gluconate, potassium sorbate, sodium benzoate, fragrance (parfum), coconut alcohol, sodium hydroxide, benzyl cinnamate, coumarin.

this list of ingredients is subject to change; please refer to the packaging of the purchased product.",'4.9,21
Skincare,Cleansing Gels & Milks,'15195082326396,'55123901219196,Naturisimo,The Purified Skin Starter Kit,https://ohmycream.co.uk/collections/skincare-cleansing-gels-milks/products/purified-skin-starter-kit?variant=55123901219196,https://cdn.shopify.com/s/files/1/0555/4071/1596/files/PurrifiedSkinStarterKit.jpg?v=1745584564,"Complete list of ingredients

odacite blue aura micellar water aloe barbadensis [aloe*] leaf juice, hamamelis virginiana [witch hazel] water, decyl glucoside, glucono delta lactone, medium chain triglycerides [caprylic/ capric] oil, glycerin*, ricinus communis [red turkey castor] oil, citrus paradisi [grapefruit*] essential oil, melia azadirachta [neem] extract, coccinia indica [ivy gourd] extract, solanum melongena [eggplant] extract, aloe barbadensis [aloe] extract, ocimum sanctum [holy basil] extract, curcuma longa [turmeric], benzyl alcohol, ethanol, salicylic acid, sorbic acid, natural components in essential oils limonene, myrcene | *organic

odylique lemon & tea tree purifying wash aqua, coco glucoside, olea europaea fruit oil*, sodium olivate*, glycerine**, aloe barbadensis leaf juice powder*, citrus limon peel oil*, cymbopogon citratus leaf oil*, melaleuca alternifolia leaf oil*, lactic acid, levulinic acid, p-anisic acid, sodium levulinate, xanthan gum, citral* & limonene* (in the essential oils) plain english: aloe vera juice*, gentle cleanser from coconut & corn glucose, extra virgin olive oil*, saponified extra virgin olive oil*, non-palm plant glycerine**, essential oils of lemon*, lemongrass* and tea tree*, plant origin stabilisers

* organically grown & produced ** organic origin (total 70%)

balance me bha exfoliating concentrate aqua (water), polyglyceryl-4 caprate, glycerin, salicylic acid, salix nigra (willow) bark extract sodium hyaluronate, centella asiatica extract (tiger grass), squalane / olea europaea (olive) fruit oil, caffeine, tilia cordata (linden) flower extract, litsea cubeba (may chang) fruit oil, citrus nobilis (mandarin) peel oil, citrus grandis (grapefruit) peel oil, cananga odorata (ylang ylang) flower oil, lavandula angustifolia (lavender) flower oil, tocopherol (vitamin e), potassium sorbate, sodium benzoate, sodium hydroxide, dehydroacetic acid, benzyl alcohol, farnesol, limonene, linalool, citral, benzyl benzoate, geraniol, benzyl salicylate.

upcircle face moisturiser with vitamin e + aloe vera aqua, helianthus annuus seed oil*, butyrospermum parkii (shea) butter*, theobroma cacao (cocoa) butter*, glyceryl stearate, cetearyl alcohol, glycerin, argania spinosa (argan) kernel extract, citrus aurantium dulcis (blood orange) peel oil, linum usitatissimum (linseed) oil, olea europaea (olive) fruit oil*, aloe barbadensis leaf extract*, citrus limonum peel oil, tocopherol, boswellia carterii (frankincense) oil, salvia sclarea oil, citrus aurantium amara leaf oil, coconut alcohol, sodium stearoyl glutamate, sucrose stearate, coco glucoside, xanthan gum, salicylic acid, sorbic acid, benzyl alcohol, ^limonene, ^linalool, ^geraniol. *organically-grown ingredients; ^natural constituent of essential oils listed.

antipodes aura manuka honey mask aqua (water), leptospermum scoparium (mel) manuka honey, persea gratissima (avocado pear) oil, glycerine, cetearyl glucoside, cetearyl alcohol, stearic acid, glyceryl stearate. tocopherol (vitamin e), helianthus annuus (sunflower) seed oil, dehydroacetic acid, benzyl alcohol, metrosideros excels (pohutukawa) flower extract, daucus carota (carrot) seed oil, vitis vinifera (vinanza® grape) seed extract. fragrance of vanilla & mandarin: coumarin, d-limonene, linalool.

this list of ingredients is subject to change; please refer to the packaging of the purchased product.",'4.9,191
Skincare,Cleansing Gels & Milks,'15195271922044,'55124058079612,Dr. Hauschka,Cleansing Cream,https://ohmycream.co.uk/collections/skincare-cleansing-gels-milks/products/dr-hauschka-cleansing-cream?variant=55124058079612,https://cdn.shopify.com/s/files/1/0555/4071/1596/files/202503_Dr_Hauschka_Cleansing_Cream_Packshot.png?v=1745326781,"Complete list of ingredients

water (aqua), prunus amygdalus dulcis (sweet almond) seed meal, calendula officinalis flower extract, anthyllis vulneraria extract, alcohol, arachis hypogaea (peanut) oil, chamomilla recutita (matricaria) flower extract, hypericum perforatum flower/leaf extract, helianthus annuus (sunflower) seed oil, hamamelis virginiana (witch hazel) bark/leaf extract, triticum vulgare (wheat) germ oil, prunus amygdalus dulcis (sweet almond) oil, parfum*, citronellol*, geraniol*, malpighia punicifolia (acerola) fruit extract, xanthan gum, lecithin, algin. *component of natural essential oils.

this list of ingredients is subject to change; please refer to the packaging of the purchased product.",'4.8,39
Skincare,Cleansing Gels & Milks,'7791550070956,'43099126759596,Goop Beauty,Cloudberry Exfoliating Jelly Cleanser,https://ohmycream.co.uk/collections/skincare-cleansing-gels-milks/products/goop-beauty-cloudberry-exfoliating-jelly-cleanser-1?variant=43099126759596,https://cdn.shopify.com/s/files/1/0555/4071/1596/files/202507_Cloudberry_Exfoliating_Jelly_Cleanser_Goop_Beauty_packshot_f39740b9-4803-4d3e-a131-f67c5b7e57e6.jpg?v=1753278644,"Complete list of ingredients

aqua/water/eau, glycerin, propanediol, hydrated silica, solanum tuberosum (potato) pulp extract, pyrus malus (apple) fruit extract, caprylyl/capryl glucoside, citrus aurantium amara (bitter orange) peel powder, rubus chamaemorus fruit extract, terminalia ferdinandiana fruit extract, papain, bromelain, squalane, furcellaria lumbricalis extract, carrageenan, glucose, glycolipids, maltodextrin, citrus aurantifolia (lime) oil, citrus nobilis (mandarin orange) oil, citrus aurantium dulcis (orange) peel oil, lavandula hybrida oil, vetiveria zizanoides root oil, citrus limon (lemon) peel oil, hydrolyzed gardenia florida extract, citric acid, polylysine, sodium phytate, sodium levulinate, potassium sorbate, sodium benzoate, limonene, annatto / ci 75120.

this list of ingredients is subject to change; please refer to the packaging of the purchased product.",'5.0,2
Skincare,Cleansing Gels & Milks,'7383238607020,'41811441189036,Herbivore Botanicals,Pink Cloud Creamy Jelly Cleanser,https://ohmycream.co.uk/collections/skincare-cleansing-gels-milks/products/herbivore-pink-cloud-creamy-jelly-cleanser?variant=41811441189036,https://cdn.shopify.com/s/files/1/0555/4071/1596/products/SansRef_HERBIVORE_Pink_Cloud_Gelee_Nettoyante_TINY.jpg?v=1658162531,"Complete list of ingredients

aqua/water/eau, rosa damascena flower water*, decyl glucoside, glycerin*, sodium lauroyl lactylate, squalane, glyceryl caprylate, xanthan gum, glyceryl stearate, tremella fuciformis sporocarp extract, caprylhydroxamic acid, camellia sinensis leaf extract, aloe barbadensis leaf juice, citric acid, eclipta prostrata extract, sodium hyaluronate, melia azadirachta leaf extract, moringa oleifera seed oil, cocos nucifera (coconut) fruit juice, tapioca starch

* these ingredients are certified organic

this list of ingredients is subject to change; please refer to the packaging of the purchased product.",'4.7,3
Skincare,Cleansing Gels & Milks,'7620518740140,'42544140189868,Pai Skincare,Phaze Rebalance Gel Cleanser,https://ohmycream.co.uk/collections/skincare-cleansing-gels-milks/products/pai-skincare-phaze-rebalance-gel-cleanser?variant=42544140189868,https://cdn.shopify.com/s/files/1/0555/4071/1596/files/PhazeGelCleanserNettoyantPurifiant_Pai.jpg?v=1684687439,"Complete list of ingredients

aqua (water), decyl glucoside, cocamidopropyl betaine, lauryl glucoside, disodium cocoyl glutamate, glycerin**, caprylyl/capryl glucoside, inulin, sodium chloride, sodium levulinate, gluconolactone, glyceryl oleate, sorbitan caprylate, sodium anisate, saccharide isomerate, sodium phytate, fructose, citrus aurantifolia peel oil* (lime oil), boswellia neglecta resin oil* (frankincense oil), rosmarinus officinalis leaf oil* (rosemary oil), maltodextrin, sodium citrate, hydrolyzed gardenia florida extract (gardenia extract), gardenia florida fruit extract (gardenia extract), citric acid limonene (naturally occurring in essential oils) of total: 98% natural origin *organic ingredient **made using organic ingredients

this list of ingredients is subject to change; please refer to the packaging of the purchased product.",'5.0,3
Skincare,Cleansing Gels & Milks,'7620518740140,'42544140222636,Pai Skincare,Phaze Rebalance Gel Cleanser,https://ohmycream.co.uk/collections/skincare-cleansing-gels-milks/products/pai-skincare-phaze-rebalance-gel-cleanser?variant=42544140222636,https://cdn.shopify.com/s/files/1/0555/4071/1596/files/PhazeGelCleanserNettoyantPurifiant-FormatVoyage_Pai.jpg?v=1684687440,"Complete list of ingredients

aqua (water), decyl glucoside, cocamidopropyl betaine, lauryl glucoside, disodium cocoyl glutamate, glycerin**, caprylyl/capryl glucoside, inulin, sodium chloride, sodium levulinate, gluconolactone, glyceryl oleate, sorbitan caprylate, sodium anisate, saccharide isomerate, sodium phytate, fructose, citrus aurantifolia peel oil* (lime oil), boswellia neglecta resin oil* (frankincense oil), rosmarinus officinalis leaf oil* (rosemary oil), maltodextrin, sodium citrate, hydrolyzed gardenia florida extract (gardenia extract), gardenia florida fruit extract (gardenia extract), citric acid limonene (naturally occurring in essential oils) of total: 98% natural origin *organic ingredient **made using organic ingredients

this list of ingredients is subject to change; please refer to the packaging of the purchased product.",'5.0,3
Skincare,Cleansing Gels & Milks,'7839102501036,'43223834067116,Patyka,Detox Cleansing Foam Travel Size,https://ohmycream.co.uk/collections/skincare-cleansing-gels-milks/products/patyka-detox-cleansing-foam-travel-size?variant=43223834067116,https://cdn.shopify.com/s/files/1/0555/4071/1596/files/MousseNettoyanteDetox_Patyka.jpg?v=1717077581,"Complete list of ingredients

98.3% of the total ingredients are of natural origin 10% of the total ingredients are from organic farming

ingredients: aqua (water), coco-glucoside, sodium lauryl glucose carboxylate, lauryl glucoside, apricot kernel oil polyglyceryl-6 esters, perfume (fragrance), sodium citrate, levulinic acid, sodium benzoate, cocamidopropyl betaine, glycerin, citric acid , sodium levulinate, sorbic acid, aloe barbadensis leaf juice powder *, limonen * *, geraniol * *, coumarin * *, linalool * *, citronellol * *, moringa oleifera leaf extract *

* ingredients from organic farming ** made using organic ingredients

this list of ingredients is subject to change; please refer to the packaging of the purchased product.",',0
Skincare,Cleansing Gels & Milks,'8006139838636,'43657343205548,Tata Harper,Get Radiant Set,https://ohmycream.co.uk/collections/skincare-cleansing-gels-milks/products/tata-harper-get-radiant-set?variant=43657343205548,https://cdn.shopify.com/s/files/1/0555/4071/1596/files/TataHarperGetRadiant.jpg?v=1728563170,"Complete list of ingredients

water-lock moisturizer crème ultra-hydratante hordeum vulgare leaf juice*, octyldodecanol, c10-18 triglycerides, glycerin, aqua/water/eau, cetearyl alcohol, shea butter ethyl esters, diglycerin, sclerotium gum, punica granatum extract, citrus aurantium dulcis (orange) flower extract, sodium hyaluronate, saccharide isomerate, beta vulgaris/beet root extract/extrait de racine de betterave, arnica montana (arnica) extract*, borago officinalis (borage) leaf extract*, calendula officinalis (calendula) flower extract*, medicago sativa (alfalfa) extract*, spiraea ulmaria (meadowsweet) extract*, sambucus nigra fruit extract, olea europaea (olive) oil*, magnolia officinalis bark extract, **citrus sinensis (orange) peel oil*, arachidyl alcohol, glyceryl caprylate, sodium phytate, hydrolyzed corn starch, glyceryl undecylenate, cetearyl glucoside, behenyl alcohol, sodium levulinate, sodium anisate, arachidyl glucoside, citric acid, sodium citrate, l (+) lactic acid, phenethyl alcohol, alcohol, limonene, citral, citronellol, linalool *ingrédients issus de l’agriculture biologique **aroma

regenerating cleanser nettoyant régénérant hordeum vulgare leaf juice*, cetearyl alcohol, cetearyl olivate, propanediol, helianthus annuus (sunflower) seed oil*, prunus armeniaca (apricot) seed powder*, **citrus paradisi (grapefruit) oil, sorbitan olivate, lactobacillus/punica granatum fruit ferment extract, salix alba (willow) bark extract, sambucus nigra fruit extract, arnica montana (arnica) extract*, borago officinalis (borage) leaf extract*, calendula officinalis (calendula) flower extract*, medicago sativa (alfalfa) extract*, spiraea ulmaria (meadowsweet) extract*, olea europaea (olive) oil*, tocopherol, coco-glucoside, cetearyl glucoside, caprylyl glycol, kaolin (white clay), sclerotium gum, **citrus aurantium (bergamot) peel oil, cetyl palmitate, magnolia officinalis bark extract, sorbitan palmitate, glyceryl caprylate, aqua/water/eau, sodium phytate, ci 77491 (red iron oxide), alcohol, limonene, citral, linalool *ingrédients issus de l’agriculture biologique **aroma

this list of ingredients is subject to change; please refer to the packaging of the purchased product.",',0
Skincare,Cleansing Gels & Milks,'7566582775980,'42755847454892,Ulé,Rêve of Pure Cleansing Gel,https://ohmycream.co.uk/collections/skincare-cleansing-gels-milks/products/ule-reve-of-pure-cleansing-gel?variant=42755847454892,https://cdn.shopify.com/s/files/1/0555/4071/1596/files/Reve-of-Pure_ule.jpg?v=1695915203,"Complete list of ingredients

aqua (water), glycerin, decyl glucoside, propanediol, centaurea cyanus flower water, polyglyceryl-4 caprate, sodium lauroyl sarcosinate, betaine, sodium polyacrylate starch, xanthan gum, 1,2-hexanediol, citric acid, phenethyl alcohol, centella asiatica juice, coleus forskohlii juice, ocimum tenuiflorum juice, sodium benzoate, lavandula angustifolia (lavender) flower extract, parfum (fragrance), vinegar, linalool, potassium sorbate, yeast extract, caprylyl glycol, tocopherol

this list of ingredients is subject to change; please refer to the packaging of the purchased product.",'4.0,1
Skincare,Cleansing Gels & Milks,'15026046435708,'54937422659964,Innisfree,Volcanic BHA Pore Cleansing Foam,https://ohmycream.co.uk/collections/skincare-cleansing-gels-milks/products/innisfree-volcanic-bha-pore-cleansing-foam?variant=54937422659964,https://cdn.shopify.com/s/files/1/0555/4071/1596/files/VolcanicBHAMoussePurifianteVisage_Innisfree.jpg?v=1743093032,"Complete list of ingredients

water / aqua / eau, glycerin, myristic acid, stearic acid, peg-32, potassium hydroxide, butylene glycol, palmitic acid, lauric acid, cocamidopropyl betaine, hydrated silica, lauryl glucoside, glyceryl stearate, peg-100 stearate, fragrance / parfum, sodium chloride, silica, salicylic acid, polyquaternium-7, zinc pca, volcanic ash(1,073ppm), sodium metaphosphate, sodium benzoate, lactic acid, lactic acid/glycolic acid copolymer, glycolic acid, madecassoside, citric acid, polyquaternium-10

this list of ingredients is subject to change; please refer to the packaging of the purchased product.",',0
Skincare,Cleansing Gels & Milks,'7383228416172,'41811427492012,Oskia,Renaissance Cleansing Gel,https://ohmycream.co.uk/collections/skincare-cleansing-gels-milks/products/oskia-renaissance-cleansing-gel?variant=41811427492012,https://cdn.shopify.com/s/files/1/0555/4071/1596/products/5032410041743_OSKIA_Renaissance_Cleansing_Gel_16259.jpg?v=1747296484,"Complete list of ingredients

caprylic/capric triglyceride, glycerin, aqua, cetearyl olivate, sucrose laurate, benzyl alcohol, sorbitan olivate, sucrose palmitate, parfum (natural), geraniol*, dimethyl sulfone (msm), citronellol**, dehydroacetic acid, lactobacillus/cucurbita pepo fruit ferment extract, borago officinalis seed oil, sucrose stearate, linalool**, retinyl palmitate, ci77491 (natural iron oxide), jojoba esters, tocopherol, ascorbyl palmitate.

**component of natural essential oils

all natural ingredients.

this list of ingredients is subject to change; please refer to the packaging of the purchased product.",',0
Skincare,Cleansing Gels & Milks,'7383228416172,'41811427459244,Oskia,Renaissance Cleansing Gel,https://ohmycream.co.uk/collections/skincare-cleansing-gels-milks/products/oskia-renaissance-cleansing-gel?variant=41811427459244,https://cdn.shopify.com/s/files/1/0555/4071/1596/products/5032410042283_OSKIA_Stocking_Filler_NOEL_2020_TINY_3b732480-3cb6-4a1b-bc93-6af4f556b33f.jpg?v=1747296484,"Complete list of ingredients

caprylic/capric triglyceride, glycerin, aqua, cetearyl olivate, sucrose laurate, benzyl alcohol, sorbitan olivate, sucrose palmitate, parfum (natural), geraniol*, dimethyl sulfone (msm), citronellol**, dehydroacetic acid, lactobacillus/cucurbita pepo fruit ferment extract, borago officinalis seed oil, sucrose stearate, linalool**, retinyl palmitate, ci77491 (natural iron oxide), jojoba esters, tocopherol, ascorbyl palmitate.

**component of natural essential oils

all natural ingredients.

this list of ingredients is subject to change; please refer to the packaging of the purchased product.",',0
Skincare,Cleansing Gels & Milks,'15012213031292,'54922993336700,Torriden,Dive In Cleansing Foam,https://ohmycream.co.uk/collections/skincare-cleansing-gels-milks/products/torriden-dive-in-cleansing-foam?variant=54922993336700,https://cdn.shopify.com/s/files/1/0555/4071/1596/files/MOUSSENETTOYANTEAL_ACIDEHYALURONIQUE_Torriden.jpg?v=1743173042,"Complete list of ingredients

aqua, glycerin, sodium cocoyl glycinate, sodium lauroyl glutamate, glyceryl stearate se, hydroxypropyl starch phosphate, potassium benzoate, citric acid, sodium chloride, polyquaternium-67, ethylhexylglycerin, 1,2-hexanediol, disodium edta, malachite extract, hyaluronic acid, panthenol, trehalose, butylene glycol, sodium acetate, dipropylene glycol, allantoin, hamamelis virginiana extract, camellia sinensis leaf extract, chamomilla recutita extract, sodium hyaluronate, tocopherol, hydroxypropyltrimonium hyaluronate, hydrolyzed hyaluronic acid, sodium acetylated hyaluronate, hydrolyzed sodium hyaluronate, sodium hyaluronate crosspolymer, potassium hyaluronate

this list of ingredients is subject to change; please refer to the packaging of the purchased product.",',0
Skincare,Cleansing Gels & Milks,'7383283630252,'41811529924780,Tata Harper,Superkind Softening Cleanser,https://ohmycream.co.uk/collections/skincare-cleansing-gels-milks/products/tata-harper-softening-cleanser?variant=41811529924780,https://cdn.shopify.com/s/files/1/0555/4071/1596/products/813269023006_Tata_Harper_Softening_Cleanser_Super_TINY.jpg?v=1658165513,"Complete list of ingredients

calendula officinalis flower/leaf/stem juice*, decyl glucoside, sodium lauroyl lactylate, shea butter glycerides, maltooligosyl glucoside, hydrogenated starch hydrolysate, diglycerin, aqua/water/eau, l (+) lactic acid, glycerin, oenothera biennis (evening primrose) oil*, opuntia ficus indica*, passiflora edulis seed oil, pyrus malus (apple) seed oil, ricinus communis (castor) seed oil, simmondsia chinensis (jojoba) seed oil*, squalane, vitis vinifera (grape) seed oil*, magnolia officinalis bark extract, chamomilla recutita (matricaria) flower extract*, borago officinalis (borage) leaf extract*, calendula officinalis (calendula) flower extract*, lavandula angustifolia (lavender) extract*, medicago sativa (alfalfa) extract*, helianthus annuus (sunflower) seed oil*, cetyl palmitate, sorbitan palmitate, cetearyl olivate, sorbitan olivate, sodium anisate, glyceryl caprylate, phenethyl alcohol, sodium levulinate, sclerotium gum *ingredients from organic farming this list of ingredients is subject to change; please refer to the packaging of the purchased product.",'4.6,5
Skincare,Cleansing Gels & Milks,'15204292133244,'55131997208956,Dermalogica,Magnetic[+] Afterglow Cleanser,https://ohmycream.co.uk/collections/skincare-cleansing-gels-milks/products/dermalogica-magnetic-afterglow-cleanser?variant=55131997208956,https://cdn.shopify.com/s/files/1/0555/4071/1596/files/MagneticAfterglowCleanse_Dermalogica.jpg?v=1746627358,"Complete list of ingredients

water/aqua/eau, glycerin, sodium lauryl glucose carboxylate, lauryl glucoside, simmondsia chinensis (jojoba) seed oil, decyl glucoside, polyglyceryl-3 distearate, carthamus tinctorius (safflower) oleosomes, citrus aurantium bergamia (bergamot) fruit oil, jasminum sambac (jasmine) flower extract, gardenia jasminoides fruit extract, hydrolyzed jojoba esters, nelumbo nucifera root extract, prunus amygdalus dulcis (sweet almond) oil, citrus aurantifolia (lime) oil, jasminum officinale (jasmine) oil, tocopherol, sodium lauroyl oat amino acids, caprylyl glycol, sodium gluconate, glyceryl oleate, pentylene glycol, palmitic acid, saccharide isomerate, 2,3-butanediol, maltodextrin, hydrogenated palm glycerides citrate, xanthan gum, ethylhexylglycerin, coco-glucoside, titanium dioxide, sodium astrocaryum murumuruate, gluconolactone, citric acid, sodium citrate, propanediol, cellulose gum, stearic acid, hydroxypropyltrimonium hyaluronate, sorbic acid, sodium benzoate, limonene, linalool.

this list of ingredients is subject to change; please refer to the packaging of the purchased product.",',0
Skincare,Cleansing Gels & Milks,'15338151051644,'55378585256316,Goop Beauty,Daily Detox Foaming Cleanser,https://ohmycream.co.uk/collections/skincare-cleansing-gels-milks/products/goop-beauty-daily-detox-foaming-cleanser?variant=55378585256316,https://cdn.shopify.com/s/files/1/0555/4071/1596/files/DailyDetoxFoamingCleanser_Goop.jpg?v=1750076680,"Complete list of ingredients

aqua/water/eau, capryloyl/caproyl methyl glucamide, lauroyl/myristoyl methyl glucamide, glycerin, coco-glucoside, cocamidopropyl hydroxysultaine, propanediol, sucrose cocoate, xanthan gum, pentylene glycol, sodium chloride, sodium hyaluronate, malachite extract, panthenol, vaccinium myrtillus (blueberry) fruit extract, saccharum officinarum (sugar cane) extract, citrus aurantium dulcis (sweet orange) fruit extract, citrus limon (lemon) fruit extract, acer saccharum (sugar maple) extract, eucalyptus globulus (eucalyptus) leaf oil, canarium luzonicum (elemi) gum nonvolatiles, citrus aurantium dulcis (orange) peel oil, citronellol, limonene, mentha piperita (peppermint) oil, mentha viridus (spearmint) leaf oil, trisodium ethylenediamine disuccinate, caprylhydroxamic acid, dimethyl heptenal, phenethyl alcohol, citric acid, triethyl citrate, schinus terebinthifolius fruit extract, pelargonium graveolens (geranium) flower oil

this list of ingredients is subject to change; please refer to the packaging of the purchased product.",',0
Skincare,Cleansing Gels & Milks,'7383221272748,'41811417890988,Dermalogica,Clearing Skin Wash,https://ohmycream.co.uk/collections/skincare-cleansing-gels-milks/products/dermalogica-clearing-skin-wash?variant=41811417890988,https://cdn.shopify.com/s/files/1/0555/4071/1596/products/666151011328_Dermalogica_Clearing-Skin-Wash_250ml.jpg?v=1658162333,"Complete list of ingredients

active ingredients: salicylic acid .50%. other ingredients: water/aqua/eau, cocamidopropyl betaine, disodium cocoamphodiacetate, sodium lauroyl methyl isethionate, melissa officinalis leaf extract, angelica archangelica extract, echinacea angustifolia extract, allium sativum (garlic) bulb extract, chamomilla recutita (matricaria) flower extract, eucalyptus globulus leaf extract, salvia officinalis (sage) extract, passiflora incarnata extract, citrus medica limonum (lemon) peel extract, hamamelis virginiana (witch hazel) extract, ophiopogon japonicas root extract, echinacea purpurea extract, melaleuca alternifolia (tea tree) leaf oil, lactic acid, algae extract, menthol, sodium pca, dipotassium glycyrrhizate, camphor, peg-120 methyl glucose dioleate, phenoxyethanol, butylene glycol, benzyl pca, disodium edta copper, citral, limonene, geraniol, citronellol.

*vegan

this list of ingredients is subject to change; please refer to the packaging of the purchased product.",',0
Skincare,Cleansing Gels & Milks,'7383229071532,'41811429228716,Tata Harper,Clarifying Cleanser,https://ohmycream.co.uk/collections/skincare-cleansing-gels-milks/products/tata-harper-clarifying-cleanser?variant=41811429228716,https://cdn.shopify.com/s/files/1/0555/4071/1596/files/813269021705_Tata_Harper_Clarifying_Cleanser_Carre_1.jpg?v=1730715818,Complete list of ingredients,',0
Skincare,Cleansing Gels & Milks,'7383229071532,'41811429195948,Tata Harper,Clarifying Cleanser,https://ohmycream.co.uk/collections/skincare-cleansing-gels-milks/products/tata-harper-clarifying-cleanser?variant=41811429195948,https://cdn.shopify.com/s/files/1/0555/4071/1596/products/813269023419_Tata_Harper_Clarifying_Cleanser_Travel_Size_TINY_da5d1ea1-54eb-4f04-a180-c6e54b326535.jpg?v=1679475782,Complete list of ingredients,',0
Skincare,Cleansing Gels & Milks,'7383236411564,'41811438928044,Augustinus Bader,The Cream Cleansing Gel,https://ohmycream.co.uk/collections/skincare-cleansing-gels-milks/products/augustinus-bader-cream-cleansing-gel?variant=41811438928044,https://cdn.shopify.com/s/files/1/0555/4071/1596/files/TheCreamCleansingGel_AugustinusBader.jpg?v=1755777495,"Complete list of ingredients

aqua (water), glycerin, prunus amygdalus dulcis (sweet almond) oil, rosa damascena flower water, disodium cocoyl glutamate, coco glucoside, 1, 2– hexanediol, xanthan gum, citric acid, sodium chloride, carrageenan, coconut acid, alcohol,tocopheryl acetate, o–cymen–5–ol, cholesterol, cucumis sativus (cucumber) fruit extract, helianthus annuus (sunflower) seed oil, hydrogenated lecithin, tocopherol, alanyl glutamine, aloe barbadensis leaf juice powder, arginine, ceramide ng, ceramide np, glycine, lysine, oleic acid, palmitic acid, phenylalanine, proline, scenedesmus rubescens extract, brassica alba oil, disodium edta, oligopeptide–177, phenoxyethanol, sodium ascorbate, sodium hydroxide

this list of ingredients is subject to change; please refer to the packaging of the purchased product.",'5.0,1
Skincare,Cleansing Gels & Milks,'7643363180716,'42644423966892,Ilia,The Cleanse Soft Makeup Remover,https://ohmycream.co.uk/collections/skincare-cleansing-gels-milks/products/ilia-the-cleanse-soft-makeup-remover?variant=42644423966892,https://cdn.shopify.com/s/files/1/0555/4071/1596/files/TheCleanseSoftFoamingCleanserMakeupRemover_Ilia.jpg?v=1689169616,"Complete list of ingredients

aqua/water/eau, glycerin, decyl glucoside, sodium methyl cocoyl taurate, polyglyceryl-10 laurate, sodium lauroyl lactylate, hydroxyacetophenone, saccharide isomerate, 1,2-hexanediol, caprylyl glycol, sodium phytate, citric acid, sodium citrate.

this list of ingredients is subject to change; please refer to the packaging of the purchased product.",',0
Skincare,Cleansing Gels & Milks,'7773863379116,'43093434695852,Bioeffect,Facial Cleanser,https://ohmycream.co.uk/collections/skincare-cleansing-gels-milks/products/bio-effect-facial-cleanser?variant=43093434695852,https://cdn.shopify.com/s/files/1/0555/4071/1596/files/NettoyantVisageNourrissantGel-en-LaitauSqualane_Bioeffect.jpg?v=1709049698,"Complete list of ingredients

glycerin, caprylic/capric triglyceride, water (aqua), squalane, sodium methyl oleoyl taurate, sucrose stearate, tocopherol, citric acid, barley (hordeum vulgare) seed extract this list of ingredients is subject to change; please refer to the packaging of the purchased product.",',0
Skincare,Cleansing Gels & Milks,'15019366515068,'54930815123836,Innisfree,Cherry Blossom Jam Cleanser,https://ohmycream.co.uk/collections/skincare-cleansing-gels-milks/products/innisfree-cherry-blossom-jam-cleanser?variant=54930815123836,https://cdn.shopify.com/s/files/1/0555/4071/1596/files/GelD_maquillantEclatauxCerisiers_Fleurs_Innifree.jpg?v=1743093879,"Complete list of ingredients

water / aqua / eau, glycerin, sodium cocoyl alaninate, disodium cocoamphodiacetate, lauryl hydroxysultaine, betaine, 1,2-hexanediol, acrylates/c10-30 alkyl acrylate crosspolymer, xanthan gum, caprylyl glycol, sodium chloride, coco-glucoside, fragrance / parfum, sodium cocoyl isethionate, sodium phytate, propanediol, hexylene glycol, quillaja saponaria bark extract, prunus yedoensis leaf extract, cyanocobalamin

this list of ingredients is subject to change; please refer to the packaging of the purchased product.",',0
Skincare,Cleansing Gels & Milks,'14950383747452,'54895517303164,Sunday Riley,Ceramic Slip Cleanser,https://ohmycream.co.uk/collections/skincare-cleansing-gels-milks/products/sunday-riley-ceramic-slip-cleanser?variant=54895517303164,https://cdn.shopify.com/s/files/1/0555/4071/1596/files/2025_01_CeramicSlipCleanse_SundayRiley.jpg?v=1737456133,"Complete list of ingredients

water/eau/aqua, disodium laureth sulfosuccinate, octyldodecanol, propanediol, polyglyceryl-2 caprate, polyacrylate-33, propylene carbonate, disteardimonium hectorite, sodium cocoyl isethionate, caprylyl glycol, kaolin, montmorillonite, olive oil polyglyceryl-6 esters, rice oil glycereth-8 esters, sodium phytate, xanthan gum, pentylene glycol, sodium lauroamphoacetate, sodium methyl cocoyl taurate, coconut acid, sodium chloride, phospholipids, benzoic acid, dehydroacetic acid, pvp, bisabolol, citrus aurantium amara flower extract, sodium isethionate, phenoxyethanol, sodium sulfate.



this list of ingredients is subject to change; please refer to the packaging of the purchased product.",'3.5,2
Skincare,Cleansing Gels & Milks,'7640909250732,'42616907038892,Herbivore Botanicals,Aquarius BHA & Blue Tansy Clarifying Cleanser,https://ohmycream.co.uk/collections/skincare-cleansing-gels-milks/products/herbivore-aquarius-bha-blue-tansy-clarifying-cleanser?variant=42616907038892,https://cdn.shopify.com/s/files/1/0555/4071/1596/files/AquariusBHABlueTansyNettoyantClarifiant_Herbivore.jpg?v=1687357217,"Complete list of ingredients

aqua/water/eau, sodium lauroyl methyl isethionate, cocamidopropyl betaine, glycerin, sodium methyl oleoyl taurate, lauryl glucoside, coco-glucoside, salix nigra (willow) bark extract, tanacetum annuum flower oil, zinc pca, ananas sativus (pineapple) fruit extract, sodium levulinate, sodium anisate, cocamidopropyl hydroxysultaine, menthyl lactate, citric acid, sodium benzoate, aloe barbadensis leaf juice, lactobacillus ferment, melia azadirachta leaf extract, melia azadirachta flower extract, corallina officinalis extract, coccinia indica fruit extract, tetrasodium glutamate diacetate, betaine, solanum melongena (eggplant) fruit extract, aloe barbadensis flower extract, ocimum sanctum leaf extract, ocimum basilicum (basil) flower/leaf extract, curcuma longa (turmeric) root extract

this list of ingredients is subject to change; please refer to the packaging of the purchased product.",',0
Skincare,Cleansing Gels & Milks,'7625762242732,'42578282414252,Dermalogica,Oil to Foam 3 in 1 Cleanser,https://ohmycream.co.uk/collections/skincare-cleansing-gels-milks/products/dermalogica-oil-to-foam-3-in-1-cleanser?variant=42578282414252,https://cdn.shopify.com/s/files/1/0555/4071/1596/files/OiltoFoamTotalCleanser_Dermalogica.jpg?v=1684689813,"Complete list of ingredients

water/aqua/eau, glycerin, cocamidopropyl hydroxysultaine, sodium cocoyl glutamate, peg-60 almond glycerides, hydroxyacetophenone, camellia oleifera seed extract, citrus aurantium dulcis (orange) peel oil, lavandula hybrida oil, citrus paradisi (grapefruit) peel oil, citrus nobilis (mandarin orange) peel oil, lavandula angustifolia (lavender) oil, cymbopogon citratus leaf oil, hippophae rhamnoides fruit oil, tocopherol, pentylene glycol, hydroxypropyl guar hydroxypropyltrimonium chloride, caprylyl glycol, xanthan gum, 1,2-hexanediol, peg-40 hydrogenated castor oil, peg-120 methyl glucose dioleate, saccharide isomerate, polysorbate 20, tetrasodium glutamate diacetate, citric acid, sodium hydroxide, sodium citrate, o-cymen-5-ol, limonene, linalool, citral.

this list of ingredients is subject to change; please refer to the packaging of the purchased product.",'5.0,1
Skincare,Cleansing Gels & Milks,'7383223795884,'41811421429932,Pai Skincare,Middlemist Seven Camellia & Rose Gentle Cleanser,https://ohmycream.co.uk/collections/skincare-cleansing-gels-milks/products/pai-skincare-middlemist-seven-camellia-rose-gentle-cleanser?variant=41811421429932,https://cdn.shopify.com/s/files/1/0555/4071/1596/products/5060139722100_PAI_SKINCARE_Middlemist_Nettoyant_Doux_150ml_Repack_TINY.jpg?v=1658162362,"Complete list of ingredients

aqua (water), camellia oleifera seed oil* (camellia oil), ricinus communis seed oil* (castor oil), prunus amygdalus dulcis oil* (sweet almond oil), lactobacillus ferment, cetearyl alcohol, glycerin**, butyrospermum parkii butter* (shea butter), tocopherol* (vitamin e), cetearyl glucoside, rosa damascena oil* (rose oil), pelargonium graveolens flower oil* (rose geranium oil), sodium levulinate, lavandula angustifolia oil* (lavender oil), lactic acid, litsea cubeba fruit oil* (may chang oil), sodium stearoyl glutamate, sodium anisate.

citral, citronellol, geraniol (naturally occurring in essential oils / naturellement présent dans les huiles essentielles)

of total: 25% organic, 100% natural origin sur total: 25% bio, 100% d'origine naturelle *organic / biologique **made using organic ingredients/ formulé à partir d'ingrédients biologiques)

this list of ingredients is subject to change; please refer to the packaging of the purchased product.",'5.0,15
Skincare,Cleansing Gels & Milks,'7383223795884,'41811421397164,Pai Skincare,Middlemist Seven Camellia & Rose Gentle Cleanser,https://ohmycream.co.uk/collections/skincare-cleansing-gels-milks/products/pai-skincare-middlemist-seven-camellia-rose-gentle-cleanser?variant=41811421397164,https://cdn.shopify.com/s/files/1/0555/4071/1596/products/5060139726207_Middlemist-seven_twin-flyer-cloth_2000x2000_new_def_TINY_b1539c66-4961-461a-9add-87deecd5898b.jpg?v=1721914156,"Complete list of ingredients

aqua (water), camellia oleifera seed oil* (camellia oil), ricinus communis seed oil* (castor oil), prunus amygdalus dulcis oil* (sweet almond oil), lactobacillus ferment, cetearyl alcohol, glycerin**, butyrospermum parkii butter* (shea butter), tocopherol* (vitamin e), cetearyl glucoside, rosa damascena oil* (rose oil), pelargonium graveolens flower oil* (rose geranium oil), sodium levulinate, lavandula angustifolia oil* (lavender oil), lactic acid, litsea cubeba fruit oil* (may chang oil), sodium stearoyl glutamate, sodium anisate.

citral, citronellol, geraniol (naturally occurring in essential oils / naturellement présent dans les huiles essentielles)

of total: 25% organic, 100% natural origin sur total: 25% bio, 100% d'origine naturelle *organic / biologique **made using organic ingredients/ formulé à partir d'ingrédients biologiques)

this list of ingredients is subject to change; please refer to the packaging of the purchased product.",'5.0,15
Skincare,Cleansing Gels & Milks,'7383221600428,'43718481739948,Dermalogica,Special Cleansing Gel,https://ohmycream.co.uk/collections/skincare-cleansing-gels-milks/products/dermalogica-special-cleansing-gel?variant=43718481739948,https://cdn.shopify.com/s/files/1/0555/4071/1596/files/2024_10_Special_Cleansing_Gel_Recharge_Dermalogica_Packshot.jpg?v=1728550563,"Complete list of ingredients

water (aqua), sodium c14-16 olefin sulfonate, disodium lauroamphodiacetate, sodium trideceth sulfate, hexylene glycol, hydroxyethylcellulose, lavandula angustifolia (lavender) extract, melissa officinalis leaf extract, quillaja saponaria bark extract, ppg-5-ceteth-20, disodium edta, citric acid, methylpropanediol, ethylhexylglycerin, caprylohydroxamic acid, lavandula angustifolia (lavender) oil, citral, limonene, linalool.

*vegan

this list of ingredients is subject to change; please refer to the packaging of the purchased product.",'5.0,1
Skincare,Cleansing Gels & Milks,'7383221600428,'41811418677420,Dermalogica,Special Cleansing Gel,https://ohmycream.co.uk/collections/skincare-cleansing-gels-milks/products/dermalogica-special-cleansing-gel?variant=41811418677420,https://cdn.shopify.com/s/files/1/0555/4071/1596/products/666151010024_DERMALOGICA_Special_Cleansing_Gel_500_ml.jpg?v=1658162338,"Complete list of ingredients

water (aqua), sodium c14-16 olefin sulfonate, disodium lauroamphodiacetate, sodium trideceth sulfate, hexylene glycol, hydroxyethylcellulose, lavandula angustifolia (lavender) extract, melissa officinalis leaf extract, quillaja saponaria bark extract, ppg-5-ceteth-20, disodium edta, citric acid, methylpropanediol, ethylhexylglycerin, caprylohydroxamic acid, lavandula angustifolia (lavender) oil, citral, limonene, linalool.

*vegan

this list of ingredients is subject to change; please refer to the packaging of the purchased product.",'5.0,1
Skincare,Cleansing Gels & Milks,'7383221600428,'41811418644652,Dermalogica,Special Cleansing Gel,https://ohmycream.co.uk/collections/skincare-cleansing-gels-milks/products/dermalogica-special-cleansing-gel?variant=41811418644652,https://cdn.shopify.com/s/files/1/0555/4071/1596/products/666151010017_DERMALOGICA_Special_Cleansing_Gel_250_ml.jpg?v=1658162336,"Complete list of ingredients

water (aqua), sodium c14-16 olefin sulfonate, disodium lauroamphodiacetate, sodium trideceth sulfate, hexylene glycol, hydroxyethylcellulose, lavandula angustifolia (lavender) extract, melissa officinalis leaf extract, quillaja saponaria bark extract, ppg-5-ceteth-20, disodium edta, citric acid, methylpropanediol, ethylhexylglycerin, caprylohydroxamic acid, lavandula angustifolia (lavender) oil, citral, limonene, linalool.

*vegan

this list of ingredients is subject to change; please refer to the packaging of the purchased product.",'5.0,1
Skincare,Cleansing Gels & Milks,'7383221600428,'41811418611884,Dermalogica,Special Cleansing Gel,https://ohmycream.co.uk/collections/skincare-cleansing-gels-milks/products/dermalogica-special-cleansing-gel?variant=41811418611884,https://cdn.shopify.com/s/files/1/0555/4071/1596/products/666151010093_DERMALOGICA_Special_Cleansing_Gel_Format_Voyage_14302_05e22b04-a589-4ff1-b1bc-667e90ab4fe0.jpg?v=1658162334,"Complete list of ingredients

water (aqua), sodium c14-16 olefin sulfonate, disodium lauroamphodiacetate, sodium trideceth sulfate, hexylene glycol, hydroxyethylcellulose, lavandula angustifolia (lavender) extract, melissa officinalis leaf extract, quillaja saponaria bark extract, ppg-5-ceteth-20, disodium edta, citric acid, methylpropanediol, ethylhexylglycerin, caprylohydroxamic acid, lavandula angustifolia (lavender) oil, citral, limonene, linalool.

*vegan

this list of ingredients is subject to change; please refer to the packaging of the purchased product.",'5.0,1
Skincare,Cleansing Gels & Milks,'7383237197996,'41811439812780,Susanne Kaufmann,Purifying Cleansing Gel Refill,https://ohmycream.co.uk/collections/skincare-cleansing-gels-milks/products/susanne-kaufmann-purifying-cleansing-gel-refill?variant=41811439812780,https://cdn.shopify.com/s/files/1/0555/4071/1596/files/RepackPurifyingCleansingGel-Refill_SusanneKaufmann.jpg?v=1692716069,"Complete list of ingredients

aqua (water), coco-glucoside, sodium coco-sulfate, glycerin, cocamidopropyl betaine, polyglyceryl-4 caprate, glyceryl oleate, sodium levulinate, bisabolol, epilobium fleischeri flower/leaf/stem extract, peucedanum ostruthium root extract, sodium hyaluronate, citric acid, sodium chloride, sodium anisate, hydrolyzed wheat protein, coconut acid, pentylene glycol, triticum vulgare (wheat) bran extract, yeast ferment extract, sodium benzoate, tocopherol, hydrogenated palm glycerides citrate, methyl benzoate, parfum.

this list of ingredients is subject to change; please refer to the packaging of the purchased product.",',0
Skincare,Cleansing Gels & Milks,'7383239557292,'41811442237612,Aurelia London,Balance & Purify Citrus Cleanser,https://ohmycream.co.uk/collections/skincare-cleansing-gels-milks/products/aurelia-london-balance-purify-citrus-cleanser?variant=41811442237612,https://cdn.shopify.com/s/files/1/0555/4071/1596/products/Aurelia_London_Balance-_-Purify-Citrus-Cleanser-120-ml__TINY..jpg?v=1658162539,"Complete list of ingredients

aqua (water), oryza sativa (rice) bran oil, glycerin, decyl glucoside, coco-glucoside, glyceryl oleate, citrus aurantium dulcis (orange) peel oil expressed, citrus limon (lemon) peel powder, sclerotium gum, xanthan gum, hydroxyacetophenone, maltodextrin, citrus nobilis (mandarin orange) oil, citric acid, adansonia digitata seed oil, sclerocarya birrea seed oil, bisabolol, salicylic acid, helianthus annuus (sunflower) seed oil, syringa vulgaris (lilac) extract, leptospermum petersonii oil, hibiscus sabdariffa flower extract, kigelia africana fruit extract, jasminum officinale (jasmine) flower/leaf extract, adansonia digitata fruit extract, bifida ferment lysate, zingiber officinale (ginger) extract, lactose, lactis proteinum (whey protein), dehydroacetic acid, polianthes tuberosa (tuberose) extract, milk protein, lactic acid, limonene, benzyl alcohol, citral, linalool, benzyl benzoate.

this list of ingredients is subject to change; please refer to the packaging of the purchased product.",'5.0,1
Skincare,Cleansing Gels & Milks,'7383236051116,'41811438502060,Agent Nateur,Acid(Wash) lactic acid skin brightening cleanser,https://ohmycream.co.uk/collections/skincare-cleansing-gels-milks/products/agent-nateur-acidwash-lactic-acid-skin-brightening-cleanser?variant=41811438502060,https://cdn.shopify.com/s/files/1/0555/4071/1596/products/Agent_Nateur_Acid_Wash__Gel_Nettoyant_Exfoliant_Repack_TINY.jpg?v=1658162500,"Complete list of ingredients

lavandula angustifolia (lavender) flower water, aqua, glycerin, xanthan gum, sodium cocoamphoacetate, alcohol, paeonia officinalis (peony) root extract, aloe barbadensis (aloe leaf) juice, lavandula angustifolia (lavender) oil, citrus grandis (grapefruit) peel oil, lactic acid, lauryl glucoside, sodium cocoyl glutamate, sodium lauryl glucose carboxylate, *benzyl alcohol, dehydroacetic acid, linalool, limonene.",'5.0,1
Skincare,Cleansing Gels & Milks,'7731542589612,'42953681043628,Patyka,Perfecting Cleansing Foam,https://ohmycream.co.uk/collections/skincare-cleansing-gels-milks/products/patyka-perfecting-cleansing-foam?variant=42953681043628,https://cdn.shopify.com/s/files/1/0555/4071/1596/files/Moussenettoyanteperfectrice_Patyka__1.jpg?v=1704209384,"Complete list of ingredients

ingredients : hordeum vulgare stem water*, aqua water, decyl glucoside, sodium lauroyl glutamate, cocobetaine, apricot kernel oil polyglyceryl6 esters, vaccinium myrtillus fruit extract, saccharum officinarum sugar cane extract, citrus aurantium dulcis orange fruit extract, citrus limon lemoni fruit extract, acer saccharum sugar maple extract, punica granatum pericarp extract*, glycerin, sodium chloride, citric acid, parfum fragrance, betaine, cocoglucoside, glyceryl oleate, levulinic acid, alphaglucan ligosaccharide, sodium benzoate, sodium levulinate, potassium sorbate, tocopherol, hydrogenated palm glycerides citrate, lecithin, ascorbyl palmitate

this list of ingredients is subject to change; please refer to the packaging of the purchased product.",',0
Skincare,Cleansing Gels & Milks,'14825956770172,'54895524872572,Victoria Beckham Beauty,Daily Lactic Acid Gel Cleanser,https://ohmycream.co.uk/collections/skincare-cleansing-gels-milks/products/victoria-beckham-beauty-daily-lactic-acid-gel-cleanser?variant=54895524872572,https://cdn.shopify.com/s/files/1/0555/4071/1596/files/2024_12_Victoria_Beckham_Beauty_Daily_Lactic_Gel_Cleanser_Packshotjpg.jpg?v=1735053215,"Complete list of ingredients

water/aqua/eau, rosa damascena flower water, propanediol, lauryl glucoside, lactic acid, glycerin, sodium citrate, pentylene glycol, pseudozyma epicola/camellia sinensis seed oil ferment extract filtrate,saccharide isomerate, caprylyl glycol, xanthan gum, citric acid.",'4.5,2
Skincare,Cleansing Gels & Milks,'7383226908844,'41811425034412,Tata Harper,Regenerating Cleanser,https://ohmycream.co.uk/collections/skincare-cleansing-gels-milks/products/tata-harper-regenerating-cleanser?variant=41811425034412,https://cdn.shopify.com/s/files/1/0555/4071/1596/products/851371002205_Tata_Harper_Regenerating_Cleanser_TINY.jpg?v=1658162398,"Complete list of ingredients

hordeum vulgare leaf juice*, cetearyl alcohol, cetearyl olivate, propanediol, helianthus annuus (sunflower) seed oil*, prunus armeniaca (apricot) seed powder*, **citrus paradisi (grapefruit) oil, sorbitan olivate, lactobacillus/punica granatum fruit ferment extract, salix alba (willow) bark extract, sambucus nigra fruit extract, arnica montana (arnica) extract*, borago officinalis (borage) leaf extract*, calendula officinalis (calendula) flower extract*, medicago sativa (alfalfa) extract*, spiraea ulmaria (meadowsweet) extract*, olea europaea (olive) oil*, tocopherol, coco-glucoside, cetearyl glucoside, caprylyl glycol, kaolin (white clay), sclerotium gum, **citrus aurantium (bergamot) peel oil, cetyl palmitate, magnolia officinalis bark extract, sorbitan palmitate, glyceryl caprylate, aqua/water/eau, sodium phytate, ci 77491 (red iron oxide), alcohol, limonene, citral, linalool *ingredients from organic farming **aroma this list of ingredients is subject to change; please refer to the packaging of the purchased product.",'4.9,21
Skincare,Cleansing Gels & Milks,'7383226777772,'41811424837804,Tata Harper,Purifying Cleanser,https://ohmycream.co.uk/collections/skincare-cleansing-gels-milks/products/tata-harper-purifying-cleanser?variant=41811424837804,https://cdn.shopify.com/s/files/1/0555/4071/1596/products/854161005370_Tata_Harper_Purifying_Cleanser_125ml_TINY.jpg?v=1674733902,"Complete list of ingredients

caprylic/capric triglyceride, helianthus annuus (sunflower) seed oil*, glycerin, aqua/water/eau, lactobacillus ferment, leuconostoc ferment filtrate, propanediol, sucrose laurate, **citrus paradisi (grapefruit) oil, sucrose stearate, papain, lactobacillus/punica granatum fruit ferment extract, salix alba (willow) bark extract, helianthus annuus (sunflower) seed oil, **zingiber officinale (ginger) root oil, brassica oleracea italica (broccoli) extract, aloe barbadensis leaf extract, montmorillonite, kaolin, bioflavonoids, **curcuma longa (turmeric) root oil, magnesium aluminum silicate, **foeniculum vulgare (fennel) oil, **abies pectinata oil, **cymbopogon flexuosus (lemongrass) oil, **eugenia caryophyllus (clove) flower oil, rosmarinus officinalis (rosemary) leaf extract, decyl glucoside, sucrose palmitate, mica, limonene, citral, eugenol, linalool, geraniol *ingredients from organic farming **aroma this list of ingredients is subject to change; please refer to the packaging of the purchased product.",',0
Skincare,Cleansing Gels & Milks,'7383226777772,'41811424805036,Tata Harper,Purifying Cleanser,https://ohmycream.co.uk/collections/skincare-cleansing-gels-milks/products/tata-harper-purifying-cleanser?variant=41811424805036,https://cdn.shopify.com/s/files/1/0555/4071/1596/products/813269023402_TATA_HARPER_Purifying_Cleanser_Travel_Size_TINY_57246cb3-7729-44ce-8fef-5594429a3ae5.jpg?v=1674733902,"Complete list of ingredients

caprylic/capric triglyceride, helianthus annuus (sunflower) seed oil*, glycerin, aqua/water/eau, lactobacillus ferment, leuconostoc ferment filtrate, propanediol, sucrose laurate, **citrus paradisi (grapefruit) oil, sucrose stearate, papain, lactobacillus/punica granatum fruit ferment extract, salix alba (willow) bark extract, helianthus annuus (sunflower) seed oil, **zingiber officinale (ginger) root oil, brassica oleracea italica (broccoli) extract, aloe barbadensis leaf extract, montmorillonite, kaolin, bioflavonoids, **curcuma longa (turmeric) root oil, magnesium aluminum silicate, **foeniculum vulgare (fennel) oil, **abies pectinata oil, **cymbopogon flexuosus (lemongrass) oil, **eugenia caryophyllus (clove) flower oil, rosmarinus officinalis (rosemary) leaf extract, decyl glucoside, sucrose palmitate, mica, limonene, citral, eugenol, linalool, geraniol *ingredients from organic farming **aroma this list of ingredients is subject to change; please refer to the packaging of the purchased product.",',0
Skincare,Cleansing Gels & Milks,'7476380926124,'42091905908908,Tata Harper,Superkind Refining Cleanser,https://ohmycream.co.uk/collections/skincare-cleansing-gels-milks/products/superkind-refining-cleanser?variant=42091905908908,https://cdn.shopify.com/s/files/1/0555/4071/1596/files/Packshot_SuperKind_Refining_Cleanser_Tata-Harper_Carre.jpg?v=1731921518,"Complete list of ingredients

calendula officinalis flower/leaf/stem juice*, decyl glucoside, propanediol, shea butter glycerides, cetearyl olivate, oryza sativa (rice) powder*, sodium lauroyl lactylate, diglycerin, lactobacillus ferment, leuconostoc ferment filtrate, aqua/water/eau, sorbitan olivate, vaccinium macrocarpon (cranberry) fruit extract, glycerin, glycolipids, centella asiatica extract, saccharide isomerate, ricinus communis (castor) seed oil, pinus sylvestris leaf extract, oenothera biennis (evening primrose) oil*, pyrus malus (apple) seed oil, simmondsia chinensis (jojoba) seed oil*, squalane, vitis vinifera (grape) seed oil*, borago officinalis (borage) leaf extract*, calendula officinalis (calendula) flower extract*, chamomilla recutita (matricaria) flower extract*, lavandula angustifolia (lavender) extract*, medicago sativa (alfalfa) extract*, l (+) lactic acid, sclerotium gum, helianthus annuus (sunflower) seed oil*, phytic acid, sodium hydroxide, citric acid, sodium citrate gustifolia (lavender) extract*, medicago sativa (alfalfa) extract*, phenethyl alcohol, tridecane *ingredients from organic farming this list of ingredients is subject to change; please refer to the packaging of the purchased product.",'5.0,2
Skincare,Cleansing Gels & Milks,'7443834831020,'42003144933548,Patyka,Soothing Cleansing Milk,https://ohmycream.co.uk/collections/skincare-cleansing-gels-milks/products/patyka-soothing-cleansing-milk?variant=42003144933548,https://cdn.shopify.com/s/files/1/0555/4071/1596/products/3700591911286_Packshot_Lait_Demaquillant_Apaisant_Patyka.jpg?v=1662541704,"Complete list of ingredients

99% of the total ingredients are of natural origin

24% of the total ingredients are from organic agriculture

ingredients : aqua (water), c15-19 alkane, malva sylvestris (mallow) flower/leaf/stem extract, glycerin, glyceryl stearate citrate, cetearyl alcohol, ricinus communis (castor) seed oil, glyceryl stearate, xanthan gum, sodium stearoyl glutamate, parfum (fragrance), sodium benzoate, levulinic acid, sodium levulinate, alpha-glucan oligosaccharide, aloe barbadensis leaf juice powder, sodium phytate, propanediol, sodium hydroxide, citric acid, limonene, lactobacillus ferment lysate, potassium sorbate, ci 77491 (iron oxides), geraniol, coumarin, linalool, alcohol, ci 77499 (iron oxides)

this list of ingredients is subject to change; please refer to the packaging of the purchased product.",',0
Skincare,Cleansing Gels & Milks,'7383227302060,'41811425493164,Susanne Kaufmann,Purifying Cleansing Gel,https://ohmycream.co.uk/collections/skincare-cleansing-gels-milks/products/purifying-cleansing-gel?variant=41811425493164,https://cdn.shopify.com/s/files/1/0555/4071/1596/products/packshot_purifying_cleansing_gel_250ML_SF.jpg?v=1664781190,"Complete list of ingredients

aqua (water), coco-glucoside, sodium coco-sulfate, glycerin, cocamidopropyl betaine, polyglyceryl-4 caprate, glyceryl oleate, sodium levulinate, bisabolol, epilobium fleischeri flower/leaf/stem extract, peucedanum ostruthium root extract, sodium hyaluronate, citric acid, sodium chloride, sodium anisate, hydrolyzed wheat protein, coconut acid, pentylene glycol, triticum vulgare (wheat) bran extract, yeast ferment extract, sodium benzoate, tocopherol, hydrogenated palm glycerides citrate, methyl benzoate, parfum.

this list of ingredients is subject to change; please refer to the packaging of the purchased product.",'4.9,13
Skincare,Cleansing Gels & Milks,'7383227302060,'41811425525932,Susanne Kaufmann,Purifying Cleansing Gel,https://ohmycream.co.uk/collections/skincare-cleansing-gels-milks/products/purifying-cleansing-gel?variant=41811425525932,https://cdn.shopify.com/s/files/1/0555/4071/1596/products/packshot_purifying_cleansing_gel_100ML_SF.jpg?v=1664781190,"Complete list of ingredients

aqua (water), coco-glucoside, sodium coco-sulfate, glycerin, cocamidopropyl betaine, polyglyceryl-4 caprate, glyceryl oleate, sodium levulinate, bisabolol, epilobium fleischeri flower/leaf/stem extract, peucedanum ostruthium root extract, sodium hyaluronate, citric acid, sodium chloride, sodium anisate, hydrolyzed wheat protein, coconut acid, pentylene glycol, triticum vulgare (wheat) bran extract, yeast ferment extract, sodium benzoate, tocopherol, hydrogenated palm glycerides citrate, methyl benzoate, parfum.

this list of ingredients is subject to change; please refer to the packaging of the purchased product.",'4.9,13
Skincare,Cleansing Gels & Milks,'7383237853356,'41811440468140,Odacité,Green Ceremony Cleanser Matcha + Spirulina,https://ohmycream.co.uk/collections/skincare-cleansing-gels-milks/products/odacite-green-ceremony-cleanser-matcha-spirulina?variant=41811440468140,https://cdn.shopify.com/s/files/1/0555/4071/1596/products/GreenCeremonyCleanserNettoyantC_r_monieSpirulineMatcha_Odacit.jpg?v=1664781244,"Complete list of ingredients

sodium cocyl isethionate [baby foam], sodium bicarbonate [food grade baking soda], honey, fructose & maltodextrin [honey] powder, citric acid, camellia sinensis [premium grade matcha] leaf powder, spirulina platensis [spirulina*] powder, aloe barbadensis [aloe vera*] powder

*organic

this list of ingredients is subject to change; please refer to the packaging of the purchased product.",'5.0,1
Skincare,Cleansing Gels & Milks,'15160693850492,'55085633503612,Madara,SOS HYDRA Star Collection Set,https://ohmycream.co.uk/collections/skincare-cleansing-gels-milks/products/madara-sos-hydra-star-collection-set?variant=55085633503612,https://cdn.shopify.com/s/files/1/0555/4071/1596/files/Madara_HydraStar.png?v=1745318317,"Complete list of ingredients

micellar water aloe barbadensis (aloe) leaf juice, aqua, glycerin, hamamelis virginiana (witch-hazel) leaf water, rosa damascena (rosa) flower water, paeonia lactiflora (peonia) root extract, sodium levulinate, caprylyl/capryl glucoside, sodium pca, sodium benzoate, propanediol, xylitylglucoside, anhydroxylitol, lactic acid, aroma, sodium hyaluronate, xylitol, phragmites communis (reed) extract, poria cocos extract, rhamnose, glucose, glucuronic acid

sos hydra repair intensive serum aloe barbadensis (aloe) leaf juice, helianthus annuus (sunflower) seed oil, glycerin, glyceryl stearate citrate, pentylene glycol, cetearyl alcohol, simmondsia chinensis (jojoba) seed oil, rosa damascena (rose) flower water, dicaprylyl carbonate, isoamyl laurate, cellulose, hippophae rhamnoides (sea buckthorn) fruit extract, sodium pca, aroma, xanthan gum, sodium hyaluronate, ascorbyl palmitate, linum usitatissimum (linseed) seed extract, paeonia lactiflora (peony) root extract, tocopherol, urtica dioica (nettle) leaf extract, mica (ci 77019), ci 77891 (titanium dioxide), aqua, hydrolyzed hyaluronic acid, sodium phytate, ci 77491 (iron oxides), ci 77492 (iron oxides), benzyl alcohol, potassium hydroxide, sodium benzoate, potassium sorbate, citronellol, geraniol, benzyl salicylate, eugenol

sos hydra recharge cream aqua, simmondsia chinensis (jojoba) seed oil, glycerin, caprylic/capric triglyceride, glyceryl stearate, behenyl alcohol, isoamyl laurate, rosa damascena (rose) flower water, hippophae rhamnoides (sea buckthorn) fruit extract, sodium pca, sodium levulinate, aroma, cetearyl alcohol, lecithin, cellulose, sodium anisate, palmitic acid, stearic acid, lactic acid, glycine soja sterols, linum usitatissimum (flax) seed extract, urtica dioica (nettle) leaf extract, xanthan gum, paeonia lactiflora (peony) root extract, sodium hyaluronate, sodium phytate, ascorbyl palmitate, hydrolyzed hyaluronic acid, tocopherol, ci 77491 (iron oxides), benzyl alcohol, sodium benzoate, potassium sorbate, citronellol, geraniol, benzyl salicylate, eugenol

this list of ingredients is subject to change; please refer to the packaging of the purchased product.",',0
Skincare,Cleansing Gels & Milks,'7383221043372,'41811417596076,Aurelia London,Miracle Cleanser Cleansing Cream,https://ohmycream.co.uk/collections/skincare-cleansing-gels-milks/products/aurelia-london-miracle-cleanser-face-cream?variant=41811417596076,https://cdn.shopify.com/s/files/1/0555/4071/1596/products/5060318434497_Aurelia_London_Miracle-Cleanser-120ml___Lingettes_Repack_TINY..jpg?v=1658162333,"Complete list of ingredients

* suitable for vegetarians

aqua (purified water), dicapryly carbonate (coconut-derived cleanser & emollient), cetearyl alcohol (vegetable based thickener), glycerin (vegetable glycerine), cocoglycerides (emollient from coconut oil), butyrospermum parkii (shea butter), glyceryl stearate (natural glycerides & thickener), cetearyl glucoside (corn sugar emulsifier), rhus verniciflua peel wax (berry wax), theobroma cacoa (cocoa butter), kigelia africana fruit extract (botanical kigelia africana ), hibiscus sabdariffa flower extract (hibiscus flower), adansonia digitata fruit extract (botanical baobab),lactose (probiotic bifidoculture milk extract), lactis proteinum (probiotic protein), bifida ferment lysate (probiotic culture), schinziophyton rautanenii kernel oil (botanical ubuntu mongongo oil), panthenol ( pro-vitamin b5), sodium ascorbyl phosphate (vitamin c), rosmarinus officinalis leaf oil (rosemary essential oil), citrus aurantium bergamia peel oil (bergamot essential oil), anthemis nobilis oil (chamomile essential oil), eucalyptus globulus leaf oil (eucalyptus essential oil), xanthan gum (natural based stabilizer), sodium stearoyl glutamate (naturally derived emulsifier), tocopheryl acetate (vitamin e), benzyl alcohol (preservative), dehydroacetic acid (preservative), citric acid (fruit derived ph regulator), limonene*, linalool*

* naturally occuring in essential oils.

this list of ingredients is subject to change; please refer to the packaging of the purchased product.",'4.0,1
Skincare,Cleansing Gels & Milks,'7603687063724,'42485960966316,Coelho Beauty,Micellar Gentle Cleansing Shampoo,https://ohmycream.co.uk/collections/skincare-cleansing-gels-milks/products/coelho-beauty-micellar-gentle-cleansing-shampoo?variant=42485960966316,https://cdn.shopify.com/s/files/1/0555/4071/1596/files/LeNettoyantMicellaire_CoelhoBeauty.jpg?v=1683134311,"Complete list of ingredients

aqua (water), coco-glucoside, aloe barbadensis leaf juice*, glycerin, sodium lauroyl sarcosinate, centaurea cyanus flower water, coco-betaine, caprylyl/capryl glucoside, sodium pca, guar hydroxypropyltrimonium chloride cedrus atlantica bark oil*, sodium benzoate, vetiveria zizanoides root oil, potassium sorbate, pinus sylvestris leaf oil, lactic acid, cinnamomum camphora linalooliferum wood oil*, linalool, citrus limon (lemon) peel oil limonene, panthenol, melaleuca alternifolia(tea tree) leaf oil, citric acid, calendula officinalis flower extract, levulinic acid, sodium levulinate.

this list of ingredients is subject to change; please refer to the packaging of the purchased product.",',0
Skincare,Cleansing Gels & Milks,'8059593982124,'43803855192236,Verso Skincare,Verso Deep Cleanse,https://ohmycream.co.uk/collections/skincare-cleansing-gels-milks/products/verso-skincare-deep-cleanse?variant=43803855192236,https://cdn.shopify.com/s/files/1/0555/4071/1596/files/2024_09_Verso_Deep_Cleanse_Packshot.jpg?v=1727277778,"Complete list of ingredients

aqua, acrylates/beheneth-25 methacrylate copolymer, sodium lauroyl sarcosinate, glycerin, cocamidopropyl hydroxysultaine, sodium cocoamphoacetate, salicylic acid, niacinamide, curcuma longa root extract, portulaca oleracea extract, sodium chloride, sodium hydroxide, tetrasodium edta, zinc pca, sodium benzoate, citric acid, phenoxyethanol

this list of ingredients is subject to change; please refer to the packaging of the purchased product.",',0
Skincare,Cleansing Gels & Milks,'7383232381100,'43002314916012,Indie Lee,Purifying Face Wash,https://ohmycream.co.uk/collections/skincare-cleansing-gels-milks/products/indie-lee-purifying-face-wash?variant=43002314916012,https://cdn.shopify.com/s/files/1/0555/4071/1596/products/702685964737_Indie-Lee_Purifying-Face-Wash-_125ml.jpg?v=1674223057,"Complete list of ingredients

water (aqua/eau), capryloyl/caproyl methyl glucamide, lauroyl/myristoyl methyl glucamide, coco glucoside, sucrose cocoate, glycerin, spondias mombin pulp extract, mangifera indica (mango) pulp extract, caprylic/capric triglyceride, citrus aurantium dulcis (orange) peel extract, citrus nobilis (mandarin orange) fruit extract, rose damascena flower extract, vanilla plantifolia fruit extract, vitis vinifera (grape) fruit extract, citrus limon (lemon) peel extract, eugenia caryophyllus (clove) flower extract, lavendula angustifloia (lavender) flower/leaf/stem extract, jasminum officinale (jasmine) flower extract, citrus reticulata (tangerine) fruit extract, arctium lappa root extract, xanthan gum, citric acid, sodium benzoate, potassium sorbate, propanediol, pentylene glycol (natural), phenethyl alcohol (natural)

this list of ingredients is subject to change; please refer to the packaging of the purchased product.",',0
Skincare,Cleansing Gels & Milks,'7383232381100,'41811433226412,Indie Lee,Purifying Face Wash,https://ohmycream.co.uk/collections/skincare-cleansing-gels-milks/products/indie-lee-purifying-face-wash?variant=41811433226412,https://cdn.shopify.com/s/files/1/0555/4071/1596/products/702685964638_Indie-Lee_Purifying-Face-Wash-_30ml_31cdff79-f879-44e6-a703-a886bcfd98da.jpg?v=1674223057,"Complete list of ingredients

water (aqua/eau), capryloyl/caproyl methyl glucamide, lauroyl/myristoyl methyl glucamide, coco glucoside, sucrose cocoate, glycerin, spondias mombin pulp extract, mangifera indica (mango) pulp extract, caprylic/capric triglyceride, citrus aurantium dulcis (orange) peel extract, citrus nobilis (mandarin orange) fruit extract, rose damascena flower extract, vanilla plantifolia fruit extract, vitis vinifera (grape) fruit extract, citrus limon (lemon) peel extract, eugenia caryophyllus (clove) flower extract, lavendula angustifloia (lavender) flower/leaf/stem extract, jasminum officinale (jasmine) flower extract, citrus reticulata (tangerine) fruit extract, arctium lappa root extract, xanthan gum, citric acid, sodium benzoate, potassium sorbate, propanediol, pentylene glycol (natural), phenethyl alcohol (natural)

this list of ingredients is subject to change; please refer to the packaging of the purchased product.",',0
Skincare,Cleansing Gels & Milks,'7383220420780,'41811416973484,Antipodes,Juliet Skin Brightening Gel Cleanser,https://ohmycream.co.uk/collections/skincare-cleansing-gels-milks/products/antipodes-juliet-skin-brightening-gel-cleanser?variant=41811416973484,https://cdn.shopify.com/s/files/1/0555/4071/1596/files/2024_09_Antipodes_Juliet_Gel_Nettoyant_Anti-Imperfections_Packshot_1.jpg?v=1726585164,"Complete list of ingredients

aqua (water), decyl glucoside, glycerin, sodium citrate, coco-glucoside, glyceryl oleate , vitis vinifera (grape) seed extract, vitis vinifera (grape) skin extract, actinidia deliciosa (kiwi) fruit extract, mel (nz manuka honey ), persea gratissima (avocado pear) oil, hibiscus sabdariffa (hibiscus) flower extract, phormium tenax (harakeke) extract, ribes nigrum (blackcurrant) fruit extract, rubus idaeus/ursinus (boysenberry) fruit extract, simmondsia chinensis (jojoba) seed oil, chamomilla recutita (chamomile) flower extract, camellia sinensis (green tea) leaf extract, xanthan gum, sclerotium gum, bisabolol, calcium gluconate, citric acid, gluconolactone, sodium benzoate, potassium sorbate, parfum

this list of ingredients is subject to change; please refer to the packaging of the purchased product.",',0
Skincare,Cleansing Gels & Milks,'7383221665964,'41811418742956,Dermalogica,UltraCalming Cleanser,https://ohmycream.co.uk/collections/skincare-cleansing-gels-milks/products/dermalogica-ultracalming-cleanser?variant=41811418742956,https://cdn.shopify.com/s/files/1/0555/4071/1596/products/666151010444_DERMALOGICA_UltraCalming_Cleanser_500_ml.jpg?v=1658162336,"Complete list of ingredients

water (aqua), cetearyl alcohol, bisabolol, zingiber officinale (ginger) root extract, leuconostoc/radish root ferment filtrate, glycerin, avena sativa (oat) kernel extract, cucumis sativus (cucumber) fruit extract, butylene glycol, pentylene glycol, hydroxyphenyl propamidobenzoic acid, citrus medica limonum (lemon) fruit extract, fumaria officinalis flower/leaf/stem extract, fumaric acid, rubus idaeus (raspberry) fruit extract, lavandula angustifolia (lavender) flower extract, echinacea purpurea extract, acrylates/c10-30 alkyl acrylate crosspolymer, cocamidopropyl pg-dimonium chloride phosphate, disodium lauryl sulfosuccinate, cetyl trimethyl ammonium chloride, salix alba bark extract, usnea barbata (lichen) extract, glyceryl caprylate, tetrasodium edta, panthenol, aminomethyl propanol.

*vegan

this list of ingredients is subject to change; please refer to the packaging of the purchased product.",',0
Skincare,Cleansing Gels & Milks,'7383221665964,'41811418710188,Dermalogica,UltraCalming Cleanser,https://ohmycream.co.uk/collections/skincare-cleansing-gels-milks/products/dermalogica-ultracalming-cleanser?variant=41811418710188,https://cdn.shopify.com/s/files/1/0555/4071/1596/products/666151010437_DERMALOGICA_UltraCalming_Cleanser_250_ml.jpg?v=1658162336,"Complete list of ingredients

water (aqua), cetearyl alcohol, bisabolol, zingiber officinale (ginger) root extract, leuconostoc/radish root ferment filtrate, glycerin, avena sativa (oat) kernel extract, cucumis sativus (cucumber) fruit extract, butylene glycol, pentylene glycol, hydroxyphenyl propamidobenzoic acid, citrus medica limonum (lemon) fruit extract, fumaria officinalis flower/leaf/stem extract, fumaric acid, rubus idaeus (raspberry) fruit extract, lavandula angustifolia (lavender) flower extract, echinacea purpurea extract, acrylates/c10-30 alkyl acrylate crosspolymer, cocamidopropyl pg-dimonium chloride phosphate, disodium lauryl sulfosuccinate, cetyl trimethyl ammonium chloride, salix alba bark extract, usnea barbata (lichen) extract, glyceryl caprylate, tetrasodium edta, panthenol, aminomethyl propanol.

*vegan

this list of ingredients is subject to change; please refer to the packaging of the purchased product.",',0
Skincare,Cleansing Gels & Milks,'7383230382252,'41811431096492,Patyka,Detox Cleansing Foam,https://ohmycream.co.uk/collections/skincare-cleansing-gels-milks/products/patyka-detox-cleansing-foam?variant=41811431096492,https://cdn.shopify.com/s/files/1/0555/4071/1596/products/Patyka_Clean_Mousse-Nettoyante-Detox_150ml.jpg?v=1658162437,"Complete list of ingredients

98.3% of the total ingredients are of natural origin 10% of the total ingredients are from organic farming

ingredients: aqua (water), coco-glucoside, sodium lauryl glucose carboxylate, lauryl glucoside, apricot kernel oil polyglyceryl-6 esters, perfume (fragrance), sodium citrate, levulinic acid, sodium benzoate, cocamidopropyl betaine, glycerin, citric acid , sodium levulinate, sorbic acid, aloe barbadensis leaf juice powder *, limonen * *, geraniol * *, coumarin * *, linalool * *, citronellol * *, moringa oleifera leaf extract *

* ingredients from organic farming ** made using organic ingredients

this list of ingredients is subject to change; please refer to the packaging of the purchased product.",'5.0,1
Skincare,Cleansing Gels & Milks,'7383232250028,'41811433062572,Indie Lee,Brightening Cleanser,https://ohmycream.co.uk/collections/skincare-cleansing-gels-milks/products/indie-lee-brightening-cleanser?variant=41811433062572,https://cdn.shopify.com/s/files/1/0555/4071/1596/products/702685964478_Indie-Lee_Brightening-Cleanser.jpg?v=1674222487,"Complete list of ingredients

water (aqua/eau), decyl glucoside (veg. oils & sugar), disodium coco-glucoside citrate, coco glucoside (coconut and sunflower oil), glyceryl oleate, hydrolyzed wheat protein, xanthan gum, fragaria chiloensis (strawberry) seed oil, lycopene (tomato), propanediol, ethylhexylglycerin, potassium sorbate

this list of ingredients is subject to change; please refer to the packaging of the purchased product.",'4.0,3
Skincare,Cleansing Gels & Milks,'7383232250028,'41811433029804,Indie Lee,Brightening Cleanser,https://ohmycream.co.uk/collections/skincare-cleansing-gels-milks/products/indie-lee-brightening-cleanser?variant=41811433029804,https://cdn.shopify.com/s/files/1/0555/4071/1596/products/702685964546_Indie-Lee_Brightening-Cleanser-_30ml_d997dcfa-bbd1-41ac-a980-543d6ee6c6df.jpg?v=1674222487,"Complete list of ingredients

water (aqua/eau), decyl glucoside (veg. oils & sugar), disodium coco-glucoside citrate, coco glucoside (coconut and sunflower oil), glyceryl oleate, hydrolyzed wheat protein, xanthan gum, fragaria chiloensis (strawberry) seed oil, lycopene (tomato), propanediol, ethylhexylglycerin, potassium sorbate

this list of ingredients is subject to change; please refer to the packaging of the purchased product.",'4.0,3
Skincare,Cleansing Gels & Milks,'7476380369068,'42284626116780,Antipodes,Gospel Vitamin C Skin Radiance Cleansing Gel,https://ohmycream.co.uk/collections/skincare-cleansing-gels-milks/products/gospel-vitamin-c-skin-radiance-cleansing-gel?variant=42284626116780,https://cdn.shopify.com/s/files/1/0555/4071/1596/products/GospelVitamineCAntipodes.jpg?v=1670411174,"Complete list of ingredients

aqua (water), sodium coco-sulfate, lauryl glucoside, glycerin, glyceryl oleate, decyl glucoside, terminalia ferdinandiana (kakadu plum) fruit extract, nelumbo nucifera (lotus) seed extract, hibiscus sabdariffa (hibiscus) flower extract, vitis vinifera (grape) seed extract, actinidia deliciosa (kiwifruit) fruit extract, squalane (olive) extract, phormium tenax (harakeke) extract, limnanthes alba (meadowfoam) seed oil, simmondsia chinensis (jojoba) seed oil, bisabolol, citric acid, potassium sorbate, gluconolactone, sodium benzoate, sodium chloride, benzyl alcohol, dehydroacetic acid, parfum: limonene, linalool, coumarin

this list of ingredients is subject to change; please refer to the packaging of the purchased product.",',0
Skincare,Cleansing Gels & Milks,'7578268041388,'42498678751404,Augustinus Bader,The Foaming Cleanser,https://ohmycream.co.uk/collections/skincare-cleansing-gels-milks/products/augustinus-bader-the-foaming-cleanser?variant=42498678751404,https://cdn.shopify.com/s/files/1/0555/4071/1596/products/TheFoamingCleanser_AugustinusBader.jpg?v=1679995592,"Complete list of ingredients

aqua/water/eau, glycerin, sodium cocoyl isethionate, behenyl alcohol, sodium cocoyl glycinate, glycol distearate, sodium lauryl sulfoacetate, arachidyl alcohol, cetearyl alcohol, leuconostoc/radish root ferment filtrate, citric acid, arachidyl glucoside, hydroxyacetophenone, lactobacillus, niacinamide, xanthan gum, sodium citrate, cocos nucifera (coconut) fruit extract, galactoarabinan, quillaja saponaria wood extract, propanediol, lansium domesticum leaf extract, maltodextrin, caprylic/capric triglyceride, hydrolyzed rice protein, tocopheryl acetate, moringa oleifera seed oil, alanyl glutamine, arginine, ceramide np, ceramide ap, glycine, lysine, pentylene glycol, phytosterols, proline, sodium cetearyl sulfate, orobanche rapum extract, sodium hydroxide, ascorbic acid, behenic acid, brassica alba seed extract, hydrogenated lecithin, leontopodium alpinum flower/leaf extract, oleic acid, oligopeptide-177, oligopeptide-6, palmitic acid, phenylalanine, potassium sorbate, sodium chloride, stearic acid, sunflower seed acid.

this list of ingredients is subject to change; please refer to the packaging of the purchased product.",',0
Skincare,Cleansing Gels & Milks,'7604585070764,'42490008535212,Les Filles En Rouje,Cleansing Milk Gel Cleanser,https://ohmycream.co.uk/collections/skincare-cleansing-gels-milks/products/les-filles-en-rouje-cleansing-milk-gel-cleanser?variant=42490008535212,https://cdn.shopify.com/s/files/1/0555/4071/1596/products/LeNettoyantVisage_LesFillesenRouje.jpg?v=1681892458,"Complete list of ingredients

coco-caprylate/caprate, caprylic/capric triglyceride, glycerin, aqua (water/eau), polyglyceryl-10 myristate, squalane, parfum (fragrance), 1,2-hexanediol, caprylyl glycol, hibiscus sabdariffa flower extract, papain, carbomer, citrus paradisi (grapefruit) fruit extract, algin

this list of ingredients is subject to change; please refer to the packaging of the purchased product.",'5.0,1
Skincare,Cleansing Gels & Milks,'7754576461996,'42924215992492,Dr. Barbara Sturm,Cleanser Cleansing Foam,https://ohmycream.co.uk/collections/skincare-cleansing-gels-milks/products/dr-barbara-sturm-cleanser-cleansing-foam?variant=42924215992492,https://cdn.shopify.com/s/files/1/0555/4071/1596/files/Cleanser_BarbaraSturm.jpg?v=1706097166,"Complete list of ingredients

aqua/water/eau, sodium cocoamphoacetate, lauryl glucoside, glycerin, aloe barbadensis leaf juice, panthenol, urea, lactobacillus/portulaca oleracea ferment extract, salicylic acid, leuconostoc/radish root ferment filtrate, sodium cocoyl glutamate sodium lauryl glucose carboxylate, citric acid, benzyl alcohol, phenoxyethanol, potassium sorbate, tocopherol, pantolactone, sodium benzoate.

this list of ingredients is subject to change; please refer to the packaging of the purchased product.",',0
Skincare,Cleansing Gels & Milks,'8003642425516,'43651575251116,Patyka,The Perfect Skin Ritual Set,https://ohmycream.co.uk/collections/skincare-cleansing-gels-milks/products/patyka-perfect-skin-ritual-set?variant=43651575251116,https://cdn.shopify.com/s/files/1/0555/4071/1596/files/PatykaRituelPeauParfaite.jpg?v=1728564376,"Complete list of ingredients

flash melting cleansing oil : helianthus annuus (sunflower) seed oil*, polyglyceryl-4 oleate, simmondsia chinensis (jojoba) seed oil*, apricot kernel oil polyglyceryl-6 esters, parfum (fragrance), tocopherol, limonene** *ingredients from organic farming **processed from organic ingredients 100% of all ingredients are of natural origin 94.9% of all ingredients are organically produced

detox cleansing foam : aqua (water), coco-glucoside, sodium lauryl glucose carboxylate, lauryl glucoside, apricot kernel oil polyglyceryl-6 esters, parfum (fragrance), sodium citrate, levulinic acid, sodium benzoate, cocamidopropyl betaine, glycerin, citric acid, sodium levulinate, sorbic acid, aloe barbadensis leaf juice powder*, limonene**, geraniol**, coumarin**, linalool**, citronellol**, moringa oleifera leaf extract* *ingredients from organic farming **processed from organic ingredients 98.3% of all ingredients are of natural origin 10% of the total ingredients are from organic farming

radiance sorbet scrub : aqua (water), glycerin, rubus idaeus (raspberry) fruit water, apricot kernel oil polyglyceryl-6 esters, prunus armeniaca (apricot) seed powder, xanthan gum, silica, chondrus crispus (carrageenan) powder, parfum (fragrance), sodium benzoate, levulinic acid, sodium levulinate, ci 77491 (iron oxides), sodium phytate, aloe barbadensis leaf juice powder, limonene, citric acid, potassium sorbate, palmaria palmata extract, alcohol 99% of all ingredients are of natural origin / 12% of all ingredients are organically grown

this list of ingredients is subject to change; please refer to the packaging of the purchased product.",'5.0,1
Skincare,Cleansing Gels & Milks,'8026916651180,'43753805611180,Ulé,Rêve of Pure Cleansing Gel Refill,https://ohmycream.co.uk/collections/skincare-cleansing-gels-milks/products/ule-reve-of-pure-cleansing-gel-refill?variant=43753805611180,https://cdn.shopify.com/s/files/1/0555/4071/1596/files/2024_09_Ule_Reve_of_Pure_Gel_Nettoyant_Anti-Pollution_Recharge_Packshot.jpg?v=1725873462,"Complete list of ingredients

ingredients : aqua (water), glycerin, decyl glucoside, propanediol, centaurea cyanus flower water, polyglyceryl-4 caprate, sodium lauroyl sarcosinate, betaine, sodium polyacrylate starch, xanthan gum, 1,2-hexanediol, citric acid, phenethyl alcohol, centella asiatica juice, coleus forskohlii juice, ocimum tenuiflorum juice, sodium benzoate, lavandula angustifolia (lavender) flower extract, parfum (fragrance), vinegar, linalool, potassium sorbate, yeast extract, caprylyl glycol, tocopherol

this list of ingredients is subject to change; please refer to the packaging of the purchased product.",'5.0,1
