Major Category,Specific Category,Product ID,SKU ID,Product Brand,Product Desc,Product URL,Product Image Link,Product Ingredients,Rating,User Reviews
Bath & Body,Body Wash,'MUK200055563,'UK200055563,Naturium,The Booster Hyaluronic Acid Body Wash 500 ML,https://www.spacenk.com/uk/bath-body/body-cleanser/body-wash/the-booster-hyaluronic-acid-body-wash-MUK200055563.html?dwvar_MUK200055563_size=UK200055563&pid=MUK200055563&quantity=1,https://www.spacenk.com/dw/image/v2/ABCE_PRD/on/demandware.static/-/Sites-spacenkmastercatalog/default/dwa8a03dc0/products/NATURIUM/UK200055563_NATURIUM.jpg?sw=582&sh=582,"Aqua/water/eau, glycerin, cocamidopropyl hydroxysultaine, guar hydroxypropyltrimonium chloride, coco-glucoside, sodium lauroyl glutamate, sodium methyl cocoyl taurate, panthenol, hydrolyzed hyaluronic acid, sodium hyaluronate, cyanocobalamin, nelumbo nucifera root water, beta-glucan, cocamidopropylamine oxide, hydroxyacetophenone, trisodium ethylenediamine disuccinate, caprylyl glycol, 1,2-hexanediol, citric acid, sodium benzoate, sodium hydroxide, phenoxyethanol.",'4.4,'35
Bath & Body,Body Wash,'MUK200037923,'UK200037923,Naturium,The Smoother Glycolic Acid Exfoliating Body Wash 500 ML,https://www.spacenk.com/uk/bath-body/body-cleanser/body-wash/the-smoother-glycolic-acid-exfoliating-body-wash-MUK200037923.html?dwvar_MUK200037923_size=UK200037923&pid=MUK200037923&quantity=1,https://www.spacenk.com/dw/image/v2/ABCE_PRD/on/demandware.static/-/Sites-spacenkmastercatalog/default/dwa1c6abdf/products/NATURIUM/UK200037923_NATURIUM.jpg?sw=582&sh=582,"Aqua, sodium cocoyl isethionate, glycolic acid, sodium hydroxide, sodium methyl cocoyl taurate, glycol distearate, lactic acid, malic acid, pyruvic acid, tartaric acid, sodium pca, polyquaternium-73, cocamide mipa, cocamidopropyl hydroxysultaine, chondrus crispus extract, polyquaternium-10, glycerin, caprylyl glycol, didecydimonium chloride, methylpropanediol, polyquaternium-80, citric acid, tetrasodium glutamate diacetate, sodium lactate.",'4.5,'645
Bath & Body,Body Wash,'MUK200037923,'UK200056863,Naturium,The Smoother Glycolic Acid Exfoliating Body Wash 100 ML,https://www.spacenk.com/uk/bath-body/body-cleanser/body-wash/the-smoother-glycolic-acid-exfoliating-body-wash-MUK200037923.html?dwvar_MUK200037923_size=UK200056863&pid=MUK200037923&quantity=1,https://www.spacenk.com/dw/image/v2/ABCE_PRD/on/demandware.static/-/Sites-spacenkmastercatalog/default/dwe6566ee4/products/NATURIUM/UK200056863_NATURIUM.jpg?sw=582&sh=582,"Aqua, sodium cocoyl isethionate, glycolic acid, sodium hydroxide, sodium methyl cocoyl taurate, glycol distearate, lactic acid, malic acid, pyruvic acid, tartaric acid, sodium pca, polyquaternium-73, cocamide mipa, cocamidopropyl hydroxysultaine, chondrus crispus extract, polyquaternium-10, glycerin, caprylyl glycol, didecydimonium chloride, methylpropanediol, polyquaternium-80, citric acid, tetrasodium glutamate diacetate, sodium lactate.",'4.5,'645
Bath & Body,Body Wash,'MUK200037922,'UK200037922,Naturium,The Glow Getter Multi-Oil Hydrating Body Wash 500 ML,https://www.spacenk.com/uk/bath-body/body-cleanser/body-wash/the-glow-getter-multi-oil-hydrating-body-wash-MUK200037922.html?dwvar_MUK200037922_size=UK200037922&pid=MUK200037922&quantity=1,https://www.spacenk.com/dw/image/v2/ABCE_PRD/on/demandware.static/-/Sites-spacenkmastercatalog/default/dw0c9d9830/products/NATURIUM/UK200037922_NATURIUM.jpg?sw=582&sh=582,"Glycerin, aqua, cocamidopropyl betaine, disodium cocoamphodiacetate, hippophae rhamnoides fruit/seed oil, rosa canina (rose hips) fruit oil, simmondsia chinensis (jojoba) seed oil, squalane, pyrus malus (apple) fruit extract, polyquaternium-10, maltodextrin, sorbitan oleate decylglucoside crosspolymer, phenoxyethanol, cocos nucifera (coconut) fruit extract, vanilla planifolia fruit extract, gardenia jasminoides fruit extract, eugenia caryophyllus (clove) flower extract, prunus armeniaca (apricot) fruit extract, prunus persica (peach) fruit extract, citric acid, ethylhexylglycerin, tetrasodium glutamate diacetate.",'4.6,"'1,300"
Bath & Body,Handwash,'MUK200006989,'UK200006989,Aesop,Resurrection Aromatique Hand Wash 500 ML,https://www.spacenk.com/uk/bath-body/body-cleanser/handwash/resurrection-aromatique-hand-wash-MUK200006989.html?dwvar_MUK200006989_size=UK200006989&pid=MUK200006989&quantity=1,https://www.spacenk.com/dw/image/v2/ABCE_PRD/on/demandware.static/-/Sites-spacenkmastercatalog/default/dw856f1f60/products/AESOP/UK200006989_AESOP.jpg?sw=582&sh=582,"Water (aqua), sodium laureth sulfate, coco-betaine, cocamide dea, sea salt (maris sal ), citrus nobilis (mandarin orange) peel oil, cedrus atlantica (cedarwood) bark oil, lavandula angustifolia (lavender) oil, citrus aurantium dulcis (orange) oil, rosmarinus officinalis (rosemary) leaf oil, citric acid, methylchloroisothiazolinone, methylisothiazolinone, d-limonene, linalool.",'4.8,"'1,042"
Bath & Body,Body Wash,'MUK200039377,'UK200039377,Naturium,The Perfector Salicylic Acid Body Wash 500 ML,https://www.spacenk.com/uk/bath-body/body-cleanser/body-wash/the-perfector-salicylic-acid-body-wash-MUK200039377.html?dwvar_MUK200039377_size=UK200039377&pid=MUK200039377&quantity=1,https://www.spacenk.com/dw/image/v2/ABCE_PRD/on/demandware.static/-/Sites-spacenkmastercatalog/default/dwa98b4aae/products/NATURIUM/UK200039377_NATURIUM.jpg?sw=582&sh=582,"Water (aqua/eau), cocamidopropyl hydroxysultaine, decyl glucoside, disodium cocoamphodiacetate, glycerin, sodium chloride, acrylates/c10-30 alkyl acrylate crosspolymer, cocamidopropyl dimethylamine, salicylic acid, helianthus annuus (sunflower) seed oil, carthamus tinctorius (safflower) seed oil, olea europaea (olive) fruit oil, phenoxyethanol, sodium hydroxide, ethylhexylglycerin, tetrasodium glutamate diacetate, hexylene glycol, polysorbate 80.",'4.4,'493
Bath & Body,Handwash,'MUK300056319,'UK300056319,Aesop,Resurrection Aromatique Hand Wash 500ml Refill 50,https://www.spacenk.com/uk/bath-body/body-cleanser/handwash/resurrection-aromatique-hand-wash-500ml-refill-MUK300056319.html?dwvar_MUK300056319_size=UK300056319&pid=MUK300056319&quantity=1,https://www.spacenk.com/dw/image/v2/ABCE_PRD/on/demandware.static/-/Sites-spacenkmastercatalog/default/dw2a275420/products/AESOP/UK300056319_AESOP.jpg?sw=582&sh=582,"Water (aqua), sodium laureth sulfate, coco-betaine, cocamide dea, sea salt (maris sal ), citrus nobilis (mandarin orange) peel oil, cedrus atlantica (cedarwood) bark oil, lavandula angustifolia (lavender) oil, citrus aurantium dulcis (orange) oil, rosmarinus officinalis (rosemary) leaf oil, citric acid, methylchloroisothiazolinone, methylisothiazolinone, d-limonene, linalool.",'4.8,'56
Bath & Body,Body Wash,'MUK200037924,'UK200037924,Naturium,The Brightener Vitamin C Brightening Body Wash 500 ML,https://www.spacenk.com/uk/bath-body/body-cleanser/body-wash/the-brightener-vitamin-c-brightening-body-wash-MUK200037924.html?dwvar_MUK200037924_size=UK200037924&pid=MUK200037924&quantity=1,https://www.spacenk.com/dw/image/v2/ABCE_PRD/on/demandware.static/-/Sites-spacenkmastercatalog/default/dw1f60e48e/products/NATURIUM/UK200037924_NATURIUM.jpg?sw=582&sh=582,"Aqua, sodium cocoyl isethionate, cocamidopropyl, hydroxysultaine, glycerin, coco-glucoside, sodium methyl cocoyl taurate, sodium hyaluronate, acrylates/c10-30 alkyl acrylate crosspolymer, ascorbyl glucoside, papain, niacinamide, bromelain, sodium pca, vaccinium myrtillus (bilberry) extract, saccharum officinarum (sugar cane) extract, citrus limon (lemon) fruit extract, acer saccharum (sugar maple) extract, citrus aurantium dulcis (orange) fruit extract, glycol distearate, polyquaternium-51, caprylic/capric triglyceride, citrus aurantium amara (orange) leaf/twig extract, phenoxyethanol, cocamide mipa, triethyl citrate, sodium hydroxide, ethylhexylglycerin, urea, tetrasodium glutamate diacetate, trehalose, maltodextrin.",'4.2,'172
Bath & Body,Handwash,'MUK300055877,'UK300055877,Aesop,Reverence Aromatique Hand Wash 500 ML,https://www.spacenk.com/uk/bath-body/body-cleanser/handwash/reverence-aromatique-hand-wash-MUK300055877.html?dwvar_MUK300055877_size=UK300055877&pid=MUK300055877&quantity=1,https://www.spacenk.com/dw/image/v2/ABCE_PRD/on/demandware.static/-/Sites-spacenkmastercatalog/default/dwa5295240/products/AESOP/UK300055877_AESOP.jpg?sw=582&sh=582,"Water (aqua), sodium laureth sulfate, acrylates copolymer, pumice, coco-betaine, polysorbate 20, citrus aurantium bergamia (bergamot) fruit oil, sodium cocoamphoacetate, sodium hydroxide, citrus aurantium amara (bitter orange) leaf/twig oil, vetiveria zizanoides root oil, citrus grandis (grapefruit) peel oil, fusanus spicatus wood oil, methylchloroisothiazolinone, methylisothiazolinone, d-limonene, linalool, farnesol.",'4.7,'320
Bath & Body,Body Lotion,'MUK200040317,'UK200040317,Naturium,KP Scrub & Mask 226 G,https://www.spacenk.com/uk/bath-body/body-moisturiser-oils/body-lotion/kp-scrub-mask-MUK200040317.html?dwvar_MUK200040317_size=UK200040317&pid=MUK200040317&quantity=1,https://www.spacenk.com/dw/image/v2/ABCE_PRD/on/demandware.static/-/Sites-spacenkmastercatalog/default/dw2db02921/products/NATURIUM/UK200040317_NATURIUM.jpg?sw=582&sh=582,"Aqua/water/eau, pumice, glycolic acid, stearic acid, cetearyl alcohol, ci 77891 (titanium dioxide), sodium hydroxide, jojoba esters, gluconolactone, glycerin, sodium cocoyl isethionate, dimethicone, salicylic acid, simmondsia chinensis seed oil, squalane, sodium hyaluronate, leuconostoc/radish root ferment filtrate, bisabolol, c12-15 alkyl benzoate, hippophae rhamnoides fruit/seed oil, niacinamide, rosa canina fruit oil, camellia sinensis leaf extract, glycyrrhiza glabra root extract, glycine soja oil, steareth-20, xanthan gum, steareth-21, phenoxyethanol, ethylhexylglycerin, tetrasodium glutamate diacetate, tocopherol.",'4.3,'151
Bath & Body,Body Wash,'MUK200006990,'UK200006990,Aesop,Geranium Leaf Body Cleanser 500ml 500 ML,https://www.spacenk.com/uk/bath-body/body-cleanser/body-wash/geranium-leaf-body-cleanser-MUK200006990.html?dwvar_MUK200006990_size=UK200006990&pid=MUK200006990&quantity=1,https://www.spacenk.com/dw/image/v2/ABCE_PRD/on/demandware.static/-/Sites-spacenkmastercatalog/default/dw4ab6bfac/products/AESOP/UK200006990_AESOP.jpg?sw=582&sh=582,Cleansing ingredients include: sodium laureth sulfate -coconut-derived cleansing agent. geranium leaf oil - disinfects and purifies the skin. mandarin rind - disinfects skin. geranium bourbon oil - soothes the skin. also possesses antiseptic properties. bergamot oil - disinfects and purifies the skin. these botanical ingredients all perform anti-bacterial and deodorising functions.,'4.7,'222
Bath & Body,Body Wash,'MUK200006990,'UK300056574,Aesop,Geranium Leaf Body Cleanser 100 ML,https://www.spacenk.com/uk/bath-body/body-cleanser/body-wash/geranium-leaf-body-cleanser-MUK200006990.html?dwvar_MUK200006990_size=UK300056574&pid=MUK200006990&quantity=1,https://www.spacenk.com/dw/image/v2/ABCE_PRD/on/demandware.static/-/Sites-spacenkmastercatalog/default/dwbf05bc08/products/AESOP/UK300056574_AESOP.jpg?sw=582&sh=582,Cleansing ingredients include: sodium laureth sulfate -coconut-derived cleansing agent. geranium leaf oil - disinfects and purifies the skin. mandarin rind - disinfects skin. geranium bourbon oil - soothes the skin. also possesses antiseptic properties. bergamot oil - disinfects and purifies the skin. these botanical ingredients all perform anti-bacterial and deodorising functions.,'4.7,'222
Bath & Body,Body Wash,'MUK300056321,'UK300056321,Aesop,Geranium Leaf Body Cleanser 500ml Refill 50,https://www.spacenk.com/uk/bath-body/body-cleanser/body-wash/geranium-leaf-body-cleanser-500ml-refill-MUK300056321.html?dwvar_MUK300056321_size=UK300056321&pid=MUK300056321&quantity=1,https://www.spacenk.com/dw/image/v2/ABCE_PRD/on/demandware.static/-/Sites-spacenkmastercatalog/default/dw2c336dd4/products/AESOP/UK300056321_AESOP.jpg?sw=582&sh=582,"Water (aqua), sodium laureth sulfate, coco-betaine, cocamide mipa, propylene glycol, phenoxyethanol, sea salt (maris sal), citrus aurantium bergamia (bergamot) fruit oil, citrus nobilis (mandarin orange) peel oil, pelargonium graveolens extract, ethylhexylglycerin, polysorbate 20, magnesium nitrate, citric acid, methylchloroisothiazolinone, magnesium chloride, methylisothiazolinone, d-limonene, citronellol, linalool, geraniol.",'4.7,'31
Bath & Body,Bath & Body Sets,'MUK200054551,'UK200054551,Ouai,Wanna-Get-A-OUAI Travel Kit 209 ,https://www.spacenk.com/uk/bath-body/bath-body-sets/bath-body-sets/wanna-get-a-ouai-travel-kit-MUK200054551.html?dwvar_MUK200054551_size=UK200054551&pid=MUK200054551&quantity=1,https://www.spacenk.com/dw/image/v2/ABCE_PRD/on/demandware.static/-/Sites-spacenkmastercatalog/default/dw355511d5/products/OUAI/UK200054551_OUAI.jpg?sw=582&sh=582,"Body cleanser st. barts ingredients: aqua (water, eau), sodium c14-16 olefin sulfonate, glycerin, cocamidopropyl betaine, peg-40 hydrogenated castor oil, sodium chloride, sodium methyl cocoyl taurate, peg-150 pentaerythrityl tetrastearate, parfum (fragrance), acrylates copolymer, simmondsia chinensis (jojoba) seed oil, rosa canina fruit oil, lactobacillus ferment, sodium hyaluronate, peg-6 caprylic/capric glycerides, cocamide mipa, polysorbate 20, polyquaternium-7, disodium edta, tocopherol, hydroxyacetophenone, sodium hydroxide, benzophenone-4, isopropyl alcohol, propylene glycol, sodium benzoate, phenoxyethanol, ethylhexylglycerin, benzyl salicylate, coumarin, hydroxycitronellal, limonene, linalool, ext violet 2 (ci 60730). body crème st. barts ingredients: aqua (water, eau), caprylic/capric triglyceride, phenyl trimethicone, cetyl alcohol, isododecane, methyl glucose sesquistearate, glycerin, hydroxyethyl acrylate/sodium acryloyldimethyl taurate copolymer, cocos nucifera (coconut) oil, sodium stearoyl glutamate, glyceryl stearate citrate, cetearyl alcohol, butyrospermum parkii (shea) butter, theobroma grandiflorum seed butter, lactobacillus ferment, squalane, xanthan gum, citric acid, polysorbate 60, ethylhexylglycerin, glyceryl caprylate, tocopherol, sodium phytate, isopropyl alcohol, propylene glycol, alcohol, sorbitan isostearate, benzophenone-4, phenoxyethanol, yellow 5 (ci 19140), yellow 6 (ci 15985), parfum (fragrance), benzyl salicylate, linalool, limonene, hydroxycitronellal, coumarin. st. barts hair & body mist: ingredients / ingrédients: water / aqua / eau, alcohol denat., polysorbate 20, fragrance / parfum, phenoxyethanol, benzyl salicylate, coumarin, hydroxycitronellal, limonene, linalool, isoeugenol. hair & body mist: water / aqua / eau, alcohol denat., polysorbate 20, fragrance / parfum, phenoxyethanol, benzyl salicylate, coumarin, hydroxycitronellal, limonene, linalool",'4.9,'62
Bath & Body,Body Wash,'MUK200038329,'UK200038329,Space nk,Caribbean Shores Body Wash 500 ML,https://www.spacenk.com/uk/bath-body/body-cleanser/body-wash/caribbean-shores-body-wash-MUK200038329.html?dwvar_MUK200038329_size=UK200038329&pid=MUK200038329&quantity=1,https://www.spacenk.com/dw/image/v2/ABCE_PRD/on/demandware.static/-/Sites-spacenkmastercatalog/default/dw9a07db22/products/NK/UK200038329_NK.jpg?sw=582&sh=582,"Aqua (water/eau), cocamidopropyl betaine, glycerin, disodium cocoamphodiacetate, sodium lauroyl sarcosinate, sodium chloride, citric acid, polysorbate 20, laureth-4, parfum (fragrance), sodium benzoate, potassium sorbate, disodium edta, hydrolyzed jojoba esters, aloe barbadensis leaf juice, maltose, fructose, agave tequilana leaf extract, withania somnifera root extract. allergens: benzyl salicylate. limonene. linalool. benzyl alcohol.",'4.6,'129
Bath & Body,Body Wash,'MUK200038329,'UK200048731,Space nk,Caribbean Shores Body Wash 100 ML,https://www.spacenk.com/uk/bath-body/body-cleanser/body-wash/caribbean-shores-body-wash-MUK200038329.html?dwvar_MUK200038329_size=UK200048731&pid=MUK200038329&quantity=1,https://www.spacenk.com/dw/image/v2/ABCE_PRD/on/demandware.static/-/Sites-spacenkmastercatalog/default/dw9553f0ef/products/NK/UK200048731_NK.jpg?sw=582&sh=582,"Aqua (water/eau), cocamidopropyl betaine, glycerin, disodium cocoamphodiacetate, sodium lauroyl sarcosinate, sodium chloride, citric acid, polysorbate 20, laureth-4, parfum (fragrance), sodium benzoate, potassium sorbate, disodium edta, hydrolyzed jojoba esters, aloe barbadensis leaf juice, maltose, fructose, agave tequilana leaf extract, withania somnifera root extract. allergens: benzyl salicylate. limonene. linalool. benzyl alcohol.",'4.6,'129
Bath & Body,Handwash,'MUK200027390,'UK200027390,Diptyque,Refill Softening Hand Wash 350 ML,https://www.spacenk.com/uk/bath-body/body-cleanser/handwash/refill-softening-hand-wash-MUK200027390.html?dwvar_MUK200027390_size=UK200027390&pid=MUK200027390&quantity=1,https://www.spacenk.com/dw/image/v2/ABCE_PRD/on/demandware.static/-/Sites-spacenkmastercatalog/default/dw3797fe77/products/DIPTYQUE/UK200027390_DIPTYQUE.jpg?sw=582&sh=582,Aqua (water) - cocamidopropyl betaine - decyl glucoside - polysorbate 20 – glycerin - parfum (fragrance) - pentylene glycol - acrylates copolymer - sodium chloride - sodium lauroyl lactylate - lavandula angustifolia (lavender) flower water - tetrasodium glutamate diacetate - coco-glucoside - glyceryl oleate - mel (honey) – linalool – chlorphenesin – coumarin - sodium benzoate - citric acid – limonene - sodium hydroxide – citronellol – tocopherol - hydrogenated palm glycerides citrate - rosmarinus officinalis (rosemary) leaf water - alpha-isomethyl ionone – maltodextrin - benzyl alcohol - dehydroacetic acid,'4.6,'51
Bath & Body,Handwash,'MUK300056320,'UK300056320,Aesop,Reverence Aromatique Hand Wash 500ml Refill 50,https://www.spacenk.com/uk/bath-body/body-cleanser/handwash/reverence-aromatique-hand-wash-500ml-refill-MUK300056320.html?dwvar_MUK300056320_size=UK300056320&pid=MUK300056320&quantity=1,https://www.spacenk.com/dw/image/v2/ABCE_PRD/on/demandware.static/-/Sites-spacenkmastercatalog/default/dw08b63fa4/products/AESOP/UK300056320_AESOP.jpg?sw=582&sh=582,"Water (aqua), sodium laureth sulfate, acrylates copolymer, pumice, coco-betaine, polysorbate 20, citrus aurantium bergamia (bergamot) fruit oil, sodium cocoamphoacetate, sodium hydroxide, citrus aurantium amara (bitter orange) leaf/twig oil, vetiveria zizanoides root oil, citrus grandis (grapefruit) peel oil, fusanus spicatus wood oil, methylchloroisothiazolinone, methylisothiazolinone, d-limonene, linalool, farnesol.",'4.7,'22
Bath & Body,Handwash,'MUK200027116,'UK200027116,Aesop,Resurrection Duet ,https://www.spacenk.com/uk/bath-body/body-cleanser/handwash/resurrection-duet-MUK200027116.html?dwvar_MUK200027116_size=UK200027116&pid=MUK200027116&quantity=1,https://www.spacenk.com/dw/image/v2/ABCE_PRD/on/demandware.static/-/Sites-spacenkmastercatalog/default/dw0f368d80/products/AESOP/UK200027116_AESOP.jpg?sw=582&sh=582,"Resurrection aromatique hand wash: water (aqua), sodium hydroxypropylsulfonate laurylglucoside crosspolymer, cocamidopropyl hydroxysultaine, sodium methyl cocoyl taurate, peg-40 hydrogenated castor oil, sodium chloride, 1,2-hexanediol, peg-120 methyl glucose dioleate, citrus nobilis (mandarin orange) peel oil, ethylhexylglycerin, cedrus atlantica (cedarwood) bark oil, lavandula angustifolia (lavender) oil, citrus aurantium dulcis (orange) oil, sodium dehydroacetate, rosmarinus officinalis (rosemary) leaf oil, coconut acid, citric acid, tocopherol, limonene, linalool resurrection aromatique hand balm: water (aqua), glycerin, prunus amygdalus dulcis (sweet almond) oil, stearic acid, cetearyl alcohol, ceteareth-20, cocos nucifera (coconut) oil, macadamia ternifolia seed oil, citrus nobilis (mandarin orange) peel oil, glyceryl stearate, cedrus atlantica (cedarwood) bark oil, aloe barbadensis leaf juice, lavandula angustifolia (lavender) oil, butyrospermum parkii (shea butter), theobroma cacao (cocoa) seed butter, citrus aurantium dulcis (orange) oil, tocopherol, helianthus annuus (sunflower) seed oil, phenoxyethanol, rosmarinus officinalis (rosemary) leaf oil, citrus grandis (grapefruit) seed extract, triticum vulgare (wheat) germ oil, glycine soja (soybean) oil, disodium edta, sodium citrate, daucus carota sativa (carrot) root extract, beta-carotene, d-limonene, linalool. contains nut derivatives.",'4.7,'109
Bath & Body,Scrubs & Exfoliants,'MUK200019656,'UK200019656,Aesop,Geranium Leaf Body Scrub 180 ML,https://www.spacenk.com/uk/bath-body/body-cleanser/scrubs-exfoliants/geranium-leaf-body-scrub-MUK200019656.html?dwvar_MUK200019656_size=UK200019656&pid=MUK200019656&quantity=1,https://www.spacenk.com/dw/image/v2/ABCE_PRD/on/demandware.static/-/Sites-spacenkmastercatalog/default/dwa1df873e/products/AESOP/UK200019656_AESOP.jpg?sw=582&sh=582,"Water (aqua), sodium laureth sulfate, pumice, acrylates copolymer, coco-betaine, phenoxyethanol, polysorbate 20, sodium lauroamphoacetate, bambusa vulgaris (bamboo) stem extract, citrus aurantium bergamia (bergamot) fruit oil, citrus nobilis (mandarin orange) peel oil, pelargonium graveolens extract, sodium hydroxide, ethylhexylglycerin, methylisothiazolinone, d-limonene, citronellol, linalool, geraniol",'4.8,'235
Bath & Body,Handwash,'MUK300056794,'UK300056794,Aesop,Resurrection Rinse-Free Hand Mist 50 ML,https://www.spacenk.com/uk/bath-body/body-cleanser/handwash/resurrection-rinse-free-hand-mist-MUK300056794.html?dwvar_MUK300056794_size=UK300056794&pid=MUK300056794&quantity=1,https://www.spacenk.com/dw/image/v2/ABCE_PRD/on/demandware.static/-/Sites-spacenkmastercatalog/default/dwa86fa77a/products/AESOP/UK300056794_AESOP.jpg?sw=582&sh=582,"Alcohol denat., water (aqua), glycerin, saccharide isomerate, citrus nobilis (mandarin orange) peel oil, aloe barbadensis leaf juice, cedrus atlantica (cedarwood) bark oil, lavandula angustifolia (lavender) oil, citrus aurantium dulcis (orange) oil, rosmarinus officinalis (rosemary) leaf oil, citric acid, sodium citrate, limonene, linalool.",'4.9,'50
Bath & Body,Body Wash,'MUK200034056,'UK200034056,Sol de janeiro,4Play Shower Gel 100,https://www.spacenk.com/uk/bath-body/body-cleanser/body-wash/4play-shower-gel-MUK200034056.html?dwvar_MUK200034056_size=UK200034056&pid=MUK200034056&quantity=1,https://www.spacenk.com/dw/image/v2/ABCE_PRD/on/demandware.static/-/Sites-spacenkmastercatalog/default/dwe0e1a951/products/SOL_DE_JAN/UK200034056_SOL_DE_JAN.jpg?sw=582&sh=582,"Aqua (water, eau), sodium cocoyl isethionate, cocamidopropyl betaine, acrylates copolymer, parfum (fragrance), coconut acid, cocamide mipa, cocos nucifera (coconut) oil, theobroma grandiflorum seed butter, helianthus annuus (sunflower) seed oil, euterpe oleracea fruit oil, tocopherol, caprylyl glycol, glycerin, ethylhexylglycerin, glycol stearate, sodium isethionate, guar hydroxypropyltrimonium chloride, phenoxyethanol, sodium chloride, citric acid, sodium hydroxide, disodium edta, isopropanolamine, benzyl salicylate, coumarin, hydroxycitronellal, limonene.",'4.9,"'5,412"
Bath & Body,Body Wash,'MUK200034056,'UK200034057,Sol de janeiro,4Play Shower Gel 385 ML,https://www.spacenk.com/uk/bath-body/body-cleanser/body-wash/4play-shower-gel-MUK200034056.html?dwvar_MUK200034056_size=UK200034057&pid=MUK200034056&quantity=1,https://www.spacenk.com/dw/image/v2/ABCE_PRD/on/demandware.static/-/Sites-spacenkmastercatalog/default/dwc448cd3a/products/SOL_DE_JAN/UK200034057_SOL_DE_JAN.jpg?sw=582&sh=582,"Aqua (water, eau), sodium cocoyl isethionate, cocamidopropyl betaine, acrylates copolymer, parfum (fragrance), coconut acid, cocamide mipa, cocos nucifera (coconut) oil, theobroma grandiflorum seed butter, helianthus annuus (sunflower) seed oil, euterpe oleracea fruit oil, tocopherol, caprylyl glycol, glycerin, ethylhexylglycerin, glycol stearate, sodium isethionate, guar hydroxypropyltrimonium chloride, phenoxyethanol, sodium chloride, citric acid, sodium hydroxide, disodium edta, isopropanolamine, benzyl salicylate, coumarin, hydroxycitronellal, limonene.",'4.9,"'5,412"
Bath & Body,Body Wash,'MUK200034056,'UK200034058,Sol de janeiro,4Play Shower Gel 90 ML,https://www.spacenk.com/uk/bath-body/body-cleanser/body-wash/4play-shower-gel-MUK200034056.html?dwvar_MUK200034056_size=UK200034058&pid=MUK200034056&quantity=1,https://www.spacenk.com/dw/image/v2/ABCE_PRD/on/demandware.static/-/Sites-spacenkmastercatalog/default/dw18a5b081/products/SOL_DE_JAN/UK200034058_SOL_DE_JAN.jpg?sw=582&sh=582,"Aqua (water, eau), sodium cocoyl isethionate, cocamidopropyl betaine, acrylates copolymer, parfum (fragrance), coconut acid, cocamide mipa, cocos nucifera (coconut) oil, theobroma grandiflorum seed butter, helianthus annuus (sunflower) seed oil, euterpe oleracea fruit oil, tocopherol, caprylyl glycol, glycerin, ethylhexylglycerin, glycol stearate, sodium isethionate, guar hydroxypropyltrimonium chloride, phenoxyethanol, sodium chloride, citric acid, sodium hydroxide, disodium edta, isopropanolamine, benzyl salicylate, coumarin, hydroxycitronellal, limonene.",'4.9,"'5,412"
Bath & Body,Body Wash,'MUK300056274,'UK300056274,Aesop,Citrus Melange Body Cleanser 500 ML,https://www.spacenk.com/uk/bath-body/body-cleanser/body-wash/citrus-melange-body-cleanser-MUK300056274.html?dwvar_MUK300056274_size=UK300056274&pid=MUK300056274&quantity=1,https://www.spacenk.com/dw/image/v2/ABCE_PRD/on/demandware.static/-/Sites-spacenkmastercatalog/default/dw2437b7ba/products/AESOP/UK300056274_AESOP.jpg?sw=582&sh=582,"Water (aqua), sodium laurylglucosides hydroxypropylsulfonate, cocamidopropyl betaine, glycerin, sodium methyl cocoyl taurate, peg-40 hydrogenated castor oil, sodium chloride, polysorbate 60, glyceryl caprylate, phenoxyethanol, peg-120 methyl glucose dioleate, citrus grandis (grapefruit) peel oil, citrus medica limonum (lemon) peel oil, sodium dehydroacetate, coconut acid, citrus aurantium amara (bitter orange) leaf/twig oil, citric acid, jasminum officinale (jasmine) oil, tocopherol, limonene, linalool, citral.",'4.6,'71
Bath & Body,Handwash,'MUK200027148,'UK200027148,Diptyque,Softening Hand Wash 350 ML,https://www.spacenk.com/uk/bath-body/body-cleanser/handwash/softening-hand-wash-MUK200027148.html?dwvar_MUK200027148_size=UK200027148&pid=MUK200027148&quantity=1,https://www.spacenk.com/dw/image/v2/ABCE_PRD/on/demandware.static/-/Sites-spacenkmastercatalog/default/dw33d6fd5d/products/DIPTYQUE/UK200027148_DIPTYQUE.jpg?sw=582&sh=582,Aqua (water) - polysorbate 20 - glycerin - cocamidopropyl betaine - decyl glucoside - acrylates copolymer - parfum (fragrance) - sodium chloride - sodium lauroyl lactylate - lavandula angustifolia (lavender) flower water - rosmarinus officinalis (rosemary) leaf water - coco-glucoside - glyceryl oleate - mel (honey) - tetrasodium glutamate diacetate - maltodextrin - hydrogenated palm glycerides citrate - linalool - coumarin - limonene - citronellol - alpha-isomethyl ionone - sodium hydroxide - citric acid - chlorphenesin - benzoic acid - sodium benzoate - benzyl alcohol - dehydroacetic acid - methyl benzoate - tocopherol - bht - caramel.,'4.6,'95
Bath & Body,Bath & Body Sets,'MUK200039748,'UK200039748,Sol de janeiro,Beija Flor Jet Set ,https://www.spacenk.com/uk/bath-body/bath-body-sets/bath-body-sets/beija-flor-jet-set-MUK200039748.html?dwvar_MUK200039748_size=UK200039748&pid=MUK200039748&quantity=1,https://www.spacenk.com/dw/image/v2/ABCE_PRD/on/demandware.static/-/Sites-spacenkmastercatalog/default/dw5b201a42/products/SOL_DE_JAN/UK200039748_SOL_DE_JAN.jpg?sw=582&sh=582,"Beija flor body wash aqua (water, eau), sodium cocoyl isethionate, stearic acid, sodium methyl cocoyl taurate, glycol distearate, cocamidopropyl hydroxysultaine, glycerin, parfum (fragrance), squalane, caryodendron orinocense (cacay) seed oil, hibiscus sabdariffa flower extract, ethylhexylglycerin, tetrasodium glutamate diacetate, polyquaternium-7, sodium isethionate, sodium hydroxide, sodium methyltaurate, xanthan gum, phenoxyethanol beija flor cream aqua (water, eau), cetearyl alcohol, parfum (fragrance), caprylic/capric triglyceride, isopentyldiol, glyceryl stearate, c13-16 isoparaffin, glycerin, pyrus malus (apple) fruit extract, cetyl alcohol, cocos nucifera (coconut) oil, caryodendron orinocense (cacay) seed oil, butyrospermum parkii (shea) butter, behenyl alcohol, squalane, collagen amino acid, theobroma grandiflorum (cupuaçu) seed butter, copaifera officinalis (balsam copaiba) resin, astrocaryum vulgare (tucumã) kernel oil, astrocaryum murumuru seed butter, daucus carota sativa (carrot) root extract, tocopherol, oryza sativa (rice) bran extract, rosmarinus officinalis (rosemary) leaf extract, helianthus annuus (sunflower) seed oil, helianthus annuus (sunflower) extract, ethylhexylglycerin, pentylene glycol, heptyl undecylenate, potassium cetyl phosphate, tetrasodium glutamate diacetate, xanthan gum, citric acid, sodium hydroxide, phenoxyethanol, mica, alpha-isomethyl ionone, benzyl salicylate, ci 77891 (titanium dioxide). cheirosa 68 perfume mist alcohol denat., aqua (water, eau), parfum (fragrance), alpha-isomethyl ionone, benzyl salicylate.",'4.8,'748
Bath & Body,Body Wash,'MUK200053546,'UK200053546,Sol de janeiro,Delicia Drench Shower Oil 90 ML,https://www.spacenk.com/uk/bath-body/body-cleanser/body-wash/delicia-drench-shower-oil-MUK200053546.html?dwvar_MUK200053546_size=UK200053546&pid=MUK200053546&quantity=1,https://www.spacenk.com/dw/image/v2/ABCE_PRD/on/demandware.static/-/Sites-spacenkmastercatalog/default/dw35cf80db/products/SOL_DE_JAN/UK200053546_SOL_DE_JAN.jpg?sw=582&sh=582,"Glycerin, aqua (water, eau), cocamidopropyl betaine, disodium cocoamphodiacetate, parfum (fragrance), lactobacillus/hibiscus sabdariffa flower ferment filtrate (prebiotic hibiscus), platonia insignis (bacuri) seed butter, copaifera officinalis (balsam copaiba) resin*, passiflora edulis (passionflower) seed oil*, bertholletia excelsa (brazil nut) seed oil, cocos nucifera (coconut) oil, euterpe oleracea (açaí) fruit oil, helianthus annuus (sunflower) seed oil, gardenia jasminoides (gardenia) fruit extract, carapa guaianensis (andiroba) seed oil, phenoxyethanol, sodium chloride, polyquaternium-10, citric acid, hydroxyethylcellulose, ethylhexylglycerin, tetrasodium glutamate diacetate, maltodextrin, sodium hydroxide, butylene glycol, tocopherol, alpha-isomethyl ionone, hydroxycitronellal. *brazilian soothing complex",'4.8,'366
Bath & Body,Body Wash,'MUK200053546,'UK200053547,Sol de janeiro,Delicia Drench Shower Oil 385 ML,https://www.spacenk.com/uk/bath-body/body-cleanser/body-wash/delicia-drench-shower-oil-MUK200053546.html?dwvar_MUK200053546_size=UK200053547&pid=MUK200053546&quantity=1,https://www.spacenk.com/dw/image/v2/ABCE_PRD/on/demandware.static/-/Sites-spacenkmastercatalog/default/dw3db84e95/products/SOL_DE_JAN/UK200053547_SOL_DE_JAN.jpg?sw=582&sh=582,"Glycerin, aqua (water, eau), cocamidopropyl betaine, disodium cocoamphodiacetate, parfum (fragrance), lactobacillus/hibiscus sabdariffa flower ferment filtrate (prebiotic hibiscus), platonia insignis (bacuri) seed butter, copaifera officinalis (balsam copaiba) resin*, passiflora edulis (passionflower) seed oil*, bertholletia excelsa (brazil nut) seed oil, cocos nucifera (coconut) oil, euterpe oleracea (açaí) fruit oil, helianthus annuus (sunflower) seed oil, gardenia jasminoides (gardenia) fruit extract, carapa guaianensis (andiroba) seed oil, phenoxyethanol, sodium chloride, polyquaternium-10, citric acid, hydroxyethylcellulose, ethylhexylglycerin, tetrasodium glutamate diacetate, maltodextrin, sodium hydroxide, butylene glycol, tocopherol, alpha-isomethyl ionone, hydroxycitronellal. *brazilian soothing complex",'4.8,'366
Bath & Body,Body Wash,'MUK200018333,'UK200018333,Aesop,A Rose By Any Other Name Body Cleanser 500 ML,https://www.spacenk.com/uk/bath-body/body-cleanser/body-wash/a-rose-by-any-other-name-body-cleanser-MUK200018333.html?dwvar_MUK200018333_size=UK200018333&pid=MUK200018333&quantity=1,https://www.spacenk.com/dw/image/v2/ABCE_PRD/on/demandware.static/-/Sites-spacenkmastercatalog/default/dw794af8da/products/AESOP/UK200018333_AESOP.jpg?sw=582&sh=582,"Water (aqua), sodium laureth sulfate, coco-betaine, cocamide mipa, sea salt (maris sal), phenoxyethanol, rosa damascena flower oil, ethylhexylglycerin, magnesium nitrate, citric acid, elettaria cardamomum seed oil, piper nigrum (black pepper) fruit oil, methylchloroisothiazolinone, magnesium chloride, methylisothiazolinone, citronellol.",'4.4,'74
Bath & Body,Body Wash,'MUK200052842,'UK200052842,Space nk,Paros Tides Body Wash 50,https://www.spacenk.com/uk/bath-body/body-cleanser/body-wash/paros-tides-body-wash-MUK200052842.html?dwvar_MUK200052842_size=UK200052842&pid=MUK200052842&quantity=1,https://www.spacenk.com/dw/image/v2/ABCE_PRD/on/demandware.static/-/Sites-spacenkmastercatalog/default/dwe6c5e4d9/products/NK/UK200052842_NK.jpg?sw=582&sh=582,"Aqua (water), cocamidopropyl betaine, disodium cocoamphodiacetate, sodium lauroyl sarcosinate, sodium chloride, glycerin, laureth-4, parfum (fragrance), citric acid, sodium benzoate, potassium sorbate, maris sal (sea salt), lactobacillus/punica granatum fruit ferment extract, disodium edta, squalane, ocimum sanctum leaf extract. allergens: geraniol. limonene. linalool. alpha-isomethyl ionone. tetramethyl acetyloctahydronaphthalenes. linalyl acetate. pinene.",'4.8,'37
Bath & Body,Body Wash,'MUK200052842,'UK200052907,Space nk,Paros Tides Body Wash 10,https://www.spacenk.com/uk/bath-body/body-cleanser/body-wash/paros-tides-body-wash-MUK200052842.html?dwvar_MUK200052842_size=UK200052907&pid=MUK200052842&quantity=1,https://www.spacenk.com/dw/image/v2/ABCE_PRD/on/demandware.static/-/Sites-spacenkmastercatalog/default/dw14828f73/products/NK/UK200052907_NK.jpg?sw=582&sh=582,"Aqua (water), cocamidopropyl betaine, disodium cocoamphodiacetate, sodium lauroyl sarcosinate, sodium chloride, glycerin, laureth-4, parfum (fragrance), citric acid, sodium benzoate, potassium sorbate, maris sal (sea salt), lactobacillus/punica granatum fruit ferment extract, disodium edta, squalane, ocimum sanctum leaf extract. allergens: geraniol. limonene. linalool. alpha-isomethyl ionone. tetramethyl acetyloctahydronaphthalenes. linalyl acetate. pinene.",'4.8,'37
Bath & Body,Scrubs & Exfoliants,'MUK200031218,'UK200031218,Ouai,Scalp & Body Scrub (St Barts) 250 G,https://www.spacenk.com/uk/bath-body/body-cleanser/scrubs-exfoliants/scalp-body-scrub-st-barts-MUK200031218.html?dwvar_MUK200031218_size=UK200031218&pid=MUK200031218&quantity=1,https://www.spacenk.com/dw/image/v2/ABCE_PRD/on/demandware.static/-/Sites-spacenkmastercatalog/default/dwa3a7d6db/products/OUAI/UK200031218_OUAI.jpg?sw=582&sh=582,"Sucrose, water / aqua / eau, sodium lauroyl methyl isethionate, glycerin, cocamide mea, propanediol, peg-100 stearate, glyceryl stearate, silica, sodium lauroamphoacetate, prunus amygdalus dulcis (sweet almond) oil, c12-15 alkyl benzoate, cocos nucifera (coconut) oil, menthyl lactate, epilobium angustifolium flower/leaf/stem extract, hydrolyzed hibiscus esculentus extract, apium graveolens (celery) seed extract, panthenol, aloe barbadensis leaf juice, caprylyl glycol, caprylic/capric triglyceride, peg-150 distearate, cocamide mipa, trisodium ethylenediamine disuccinate, lactobacillus ferment lysate, bht, leuconostoc/radish root ferment filtrate, phenoxyethanol, citric acid, sodium benzoate, benzoic acid, sodium metabisulfite, sodium hydroxide, potassium sorbate, fragrance / parfum, benzyl salicylate, coumarin, hydroxycitronellal, limonene, linalool",'4.6,'164
Bath & Body,Scrubs & Exfoliants,'MUK200031218,'UK200037669,Ouai,Scalp & Body Scrub St. Barts 96 G,https://www.spacenk.com/uk/bath-body/body-cleanser/scrubs-exfoliants/scalp-body-scrub-st-barts-MUK200031218.html?dwvar_MUK200031218_size=UK200037669&pid=MUK200031218&quantity=1,https://www.spacenk.com/dw/image/v2/ABCE_PRD/on/demandware.static/-/Sites-spacenkmastercatalog/default/dw4152b5a9/products/OUAI/UK200037669_OUAI.jpg?sw=582&sh=582,"Sucrose, water / aqua / eau, sodium lauroyl methyl isethionate, glycerin, cocamide mea, propanediol, peg-100 stearate, glyceryl stearate, silica, sodium lauroamphoacetate, prunus amygdalus dulcis (sweet almond) oil, c12-15 alkyl benzoate, cocos nucifera (coconut) oil, menthyl lactate, epilobium angustifolium flower/leaf/stem extract, hydrolyzed hibiscus esculentus extract, apium graveolens (celery) seed extract, panthenol, aloe barbadensis leaf juice, caprylyl glycol, caprylic/capric triglyceride, peg-150 distearate, cocamide mipa, trisodium ethylenediamine disuccinate, lactobacillus ferment lysate, bht, leuconostoc/radish root ferment filtrate, phenoxyethanol, citric acid, sodium benzoate, benzoic acid, sodium metabisulfite, sodium hydroxide, potassium sorbate, fragrance / parfum, benzyl salicylate, coumarin, hydroxycitronellal, limonene, linalool",'4.6,'164
Bath & Body,Body Wash,'MUK200037925,'UK200037925,Naturium,The Multi-Vitamin Daily Nutrients Body Wash 500 ML,https://www.spacenk.com/uk/bath-body/body-cleanser/body-wash/the-multi-vitamin-daily-nutrients-body-wash-MUK200037925.html?dwvar_MUK200037925_size=UK200037925&pid=MUK200037925&quantity=1,https://www.spacenk.com/dw/image/v2/ABCE_PRD/on/demandware.static/-/Sites-spacenkmastercatalog/default/dw2c4cf5f0/products/NATURIUM/UK200037925_NATURIUM.jpg?sw=582&sh=582,"Aqua, sodium cocoyl methyl isethionate, sodium cocoyl isethionate, cocamidopropyl hydroxysultaine, cocamidopropyl betaine, glycerin, coco-glucoside, polyquaternium-73, anthemis nobilis flower oil, niacinamide, panthenol, camellia sinensis leaf extract, ascorbyl glucoside, hippophae rhamnoides fruit/seed oil, pyrus malus (apple) fruit extract, polyquaternium-10, magnesium pca, manganese pca, zinc pca, sodium pca, sodium lactate, pca, serine, alanine, glycine, glutamic acid, lysine hcl, threonine, arginine, proline, lauryl glucoside, tocopheryl acetate, betaine, caprylyl glycol, didecydimonium chloride, methylpropanediol, polyquaternium-80, chamomilla recutita (matricaria) flower extract, citrus aurantium bergamia (bergamot) fruit extract, citrus limon (lemon) peel extract, lavandula angustifolia (lavender) flower/leaf/stem extract, rosmarinus officinalis (rosemary) leaf extract, rubus idaeus (raspberry) fruit extract, salvia officinalis (sage) leaf extract, vanilla planifolia fruit extract, decyl glucoside, tetrasodium glutamate diacetate, citric acid.",'4.5,'146
Bath & Body,Body Wash,'MUK200049675,'UK200049675,Naturium,The Purifier Niacinamide Serum Body Wash 500 ML,https://www.spacenk.com/uk/bath-body/body-cleanser/body-wash/the-purifier-niacinamide-serum-body-wash-MUK200049675.html?dwvar_MUK200049675_size=UK200049675&pid=MUK200049675&quantity=1,https://www.spacenk.com/dw/image/v2/ABCE_PRD/on/demandware.static/-/Sites-spacenkmastercatalog/default/dwda64ef17/products/NATURIUM/UK200049675_NATURIUM.jpg?sw=582&sh=582,"Aqua/water/eau, cocamidopropyl hydroxysultaine, sodium cocoyl isethionate, niacinamide, glycerin, sodium chloride, glycol distearate, sodium methyl cocoyl taurate, coconut acid, sodium isethionate, pca glyceryl oleate, tetrasodium glutamate diacetate, xylitol, ethylhexylglycerin, sodium phosphate, sodium hydroxide, citric acid, phenoxyethanol.",'4.6,'75
Bath & Body,Body Wash,'MUK200038322,'UK200038322,Space nk,Nordic Wilds Body Wash 500 ML,https://www.spacenk.com/uk/bath-body/body-cleanser/body-wash/nordic-wilds-body-wash-MUK200038322.html?dwvar_MUK200038322_size=UK200038322&pid=MUK200038322&quantity=1,https://www.spacenk.com/dw/image/v2/ABCE_PRD/on/demandware.static/-/Sites-spacenkmastercatalog/default/dwb5b4086e/products/NK/UK200038322_NK.jpg?sw=582&sh=582,"Aqua (water/eau), cocamidopropyl betaine, laureth-4, disodium cocoamphodiacetate, sodium lauroyl sarcosinate, sodium chloride, glycerin, citric acid, parfum (fragrance), sodium benzoate, potassium sorbate, betula alba juice, propanediol, galactoarabinan, disodium edta, centella asiatica extract, albatrellus confluens extract, phenoxyethanol, chlorphenesin, rhodiola rosea root extract. allergens: coumarin. geraniol. limonene. linalool.",'4.6,'129
Bath & Body,Body Wash,'MUK200038322,'UK200048727,Space nk,Nordic Wilds Body Wash 100 ML,https://www.spacenk.com/uk/bath-body/body-cleanser/body-wash/nordic-wilds-body-wash-MUK200038322.html?dwvar_MUK200038322_size=UK200048727&pid=MUK200038322&quantity=1,https://www.spacenk.com/dw/image/v2/ABCE_PRD/on/demandware.static/-/Sites-spacenkmastercatalog/default/dwac86a0e0/products/NK/UK200048727_NK.jpg?sw=582&sh=582,"Aqua (water/eau), cocamidopropyl betaine, laureth-4, disodium cocoamphodiacetate, sodium lauroyl sarcosinate, sodium chloride, glycerin, citric acid, parfum (fragrance), sodium benzoate, potassium sorbate, betula alba juice, propanediol, galactoarabinan, disodium edta, centella asiatica extract, albatrellus confluens extract, phenoxyethanol, chlorphenesin, rhodiola rosea root extract. allergens: coumarin. geraniol. limonene. linalool.",'4.6,'129
Bath & Body,Scrubs & Exfoliants,'MUK200038361,'UK200038361,Ouai,Body Cleanser St Barts 30,https://www.spacenk.com/uk/bath-body/body-cleanser/scrubs-exfoliants/body-cleanser-st-barts-MUK200038361.html?dwvar_MUK200038361_size=UK200038361&pid=MUK200038361&quantity=1,https://www.spacenk.com/dw/image/v2/ABCE_PRD/on/demandware.static/-/Sites-spacenkmastercatalog/default/dw4685e476/products/OUAI/UK200038361_OUAI.jpg?sw=582&sh=582,,'4.7,'72
Bath & Body,Scrubs & Exfoliants,'MUK200038361,'UK200054242,Ouai,Body Cleanser St Barts 89 ,https://www.spacenk.com/uk/bath-body/body-cleanser/scrubs-exfoliants/body-cleanser-st-barts-MUK200038361.html?dwvar_MUK200038361_size=UK200054242&pid=MUK200038361&quantity=1,https://www.spacenk.com/dw/image/v2/ABCE_PRD/on/demandware.static/-/Sites-spacenkmastercatalog/default/dw1e90baa8/products/OUAI/UK200054242_OUAI.jpg?sw=582&sh=582,,'4.7,'72
Bath & Body,Aromatherapy Treatments,'MUK200026464,'UK200026463,Olverum,Bath Oil 125 ML,https://www.spacenk.com/uk/bath-body/aromatherapy/aromatherapy-treatments/bath-oil-MUK200026464.html?dwvar_MUK200026464_size=UK200026463&pid=MUK200026464&quantity=1,https://www.spacenk.com/dw/image/v2/ABCE_PRD/on/demandware.static/-/Sites-spacenkmastercatalog/default/dwed04faae/products/OLVERUM/UK200026463_OLVERUM.jpg?sw=582&sh=582,"Isopropyl myristate, abies sibirica (siberian fir) needle oil, arachis hypogaea (ground nut) oil, lavandula hybrida (lavandin) oil, eucalyptus globulus (eucalyptus) leaf oil, citrus limon (lemon) peel oil, limonene*, litsea cubeba (exotic verbena) fruit oil rosmarinus officinalis (rosemary) leaf oil, parfum (fragrance)**, lavandula angustifolia (lavender) oil, cocos nucifera oil, tocopherol, linalool*, citral*, citrus aurantifolia (lime) oil, juniperus communis (juniper) fruit oil, geraniol*, benzyl alcohol*, coumarin*, pelargonium graveolens (geranium flower) oil, citronellol*, cocos nucifera oil, tocopherol, ci 75810 (chlorophyllin-copper complex). *components of natural essential oil ** refers to natural essential oils",'4.7,'354
Bath & Body,Aromatherapy Treatments,'MUK200026464,'UK200026464,Olverum,Bath Oil 250 ML,https://www.spacenk.com/uk/bath-body/aromatherapy/aromatherapy-treatments/bath-oil-MUK200026464.html?dwvar_MUK200026464_size=UK200026464&pid=MUK200026464&quantity=1,https://www.spacenk.com/dw/image/v2/ABCE_PRD/on/demandware.static/-/Sites-spacenkmastercatalog/default/dw1e88ac94/products/OLVERUM/UK200026464_OLVERUM.jpg?sw=582&sh=582,"Isopropyl myristate, abies sibirica (siberian fir) needle oil, arachis hypogaea (ground nut) oil, lavandula hybrida (lavandin) oil, eucalyptus globulus (eucalyptus) leaf oil, citrus limon (lemon) peel oil, limonene*, litsea cubeba (exotic verbena) fruit oil rosmarinus officinalis (rosemary) leaf oil, parfum (fragrance)**, lavandula angustifolia (lavender) oil, cocos nucifera oil, tocopherol, linalool*, citral*, citrus aurantifolia (lime) oil, juniperus communis (juniper) fruit oil, geraniol*, benzyl alcohol*, coumarin*, pelargonium graveolens (geranium flower) oil, citronellol*, cocos nucifera oil, tocopherol, ci 75810 (chlorophyllin-copper complex). *components of natural essential oil ** refers to natural essential oils",'4.7,'354
Bath & Body,Aromatherapy Treatments,'MUK200026464,'UK200041226,Olverum,Bath Oil 60 ML,https://www.spacenk.com/uk/bath-body/aromatherapy/aromatherapy-treatments/bath-oil-MUK200026464.html?dwvar_MUK200026464_size=UK200041226&pid=MUK200026464&quantity=1,https://www.spacenk.com/dw/image/v2/ABCE_PRD/on/demandware.static/-/Sites-spacenkmastercatalog/default/dwa4cb8968/products/OLVERUM/UK200041226_OLVERUM.jpg?sw=582&sh=582,"Isopropyl myristate, abies sibirica (siberian fir) needle oil, arachis hypogaea (ground nut) oil, lavandula hybrida (lavandin) oil, eucalyptus globulus (eucalyptus) leaf oil, citrus limon (lemon) peel oil, limonene*, litsea cubeba (exotic verbena) fruit oil rosmarinus officinalis (rosemary) leaf oil, parfum (fragrance)**, lavandula angustifolia (lavender) oil, cocos nucifera oil, tocopherol, linalool*, citral*, citrus aurantifolia (lime) oil, juniperus communis (juniper) fruit oil, geraniol*, benzyl alcohol*, coumarin*, pelargonium graveolens (geranium flower) oil, citronellol*, cocos nucifera oil, tocopherol, ci 75810 (chlorophyllin-copper complex). *components of natural essential oil ** refers to natural essential oils",'4.7,'354
Bath & Body,Body Wash,'MUK200051156,'UK200051156,Sol de janeiro,Bom Dia Bright Body Wash 385 ML,https://www.spacenk.com/uk/bath-body/body-cleanser/body-wash/bom-dia-bright-body-wash-MUK200051156.html?dwvar_MUK200051156_size=UK200051156&pid=MUK200051156&quantity=1,https://www.spacenk.com/dw/image/v2/ABCE_PRD/on/demandware.static/-/Sites-spacenkmastercatalog/default/dw87eabc9a/products/SOL_DE_JAN/UK200051156_SOL_DE_JAN.jpg?sw=582&sh=582,"Aqua (water, eau), sodium cocoyl isethionate, glycerin, sodium c14-16 olefin sulfonate, cocamide mipa, cocamidopropyl betaine, parfum (fragrance), salicylic acid, lactic acid, salix alba bark extract, carica papaya fruit extract, musa sapientum (banana) pulp extract, mangifera indica (mango) pulp extract, spondias mombin (cajá) pulp extract, corallina officinalis extract, melia azadirachta leaf extract, melia azadirachta flower extract, coccina indica fruit extract, solanum melongena fruit extract, aloe barbadensis flower extract, ocimium sanctum leaf extract, curcuma longa root extract, coconut acid, sodium isethionate, sodium chloride, sodium hydroxide, dehydroacetic acid, ethylene brassylate, potassium sorbate, benzyl alcohol, phenoxyethanol.",'4.7,'26
Bath & Body,Body Wash,'MUK200051156,'UK200051157,Sol de janeiro,Bom Dia Bright Body Wash 90 ML,https://www.spacenk.com/uk/bath-body/body-cleanser/body-wash/bom-dia-bright-body-wash-MUK200051156.html?dwvar_MUK200051156_size=UK200051157&pid=MUK200051156&quantity=1,https://www.spacenk.com/dw/image/v2/ABCE_PRD/on/demandware.static/-/Sites-spacenkmastercatalog/default/dw3654e5c7/products/SOL_DE_JAN/UK200051157_SOL_DE_JAN.jpg?sw=582&sh=582,"Aqua (water, eau), sodium cocoyl isethionate, glycerin, sodium c14-16 olefin sulfonate, cocamide mipa, cocamidopropyl betaine, parfum (fragrance), salicylic acid, lactic acid, salix alba bark extract, carica papaya fruit extract, musa sapientum (banana) pulp extract, mangifera indica (mango) pulp extract, spondias mombin (cajá) pulp extract, corallina officinalis extract, melia azadirachta leaf extract, melia azadirachta flower extract, coccina indica fruit extract, solanum melongena fruit extract, aloe barbadensis flower extract, ocimium sanctum leaf extract, curcuma longa root extract, coconut acid, sodium isethionate, sodium chloride, sodium hydroxide, dehydroacetic acid, ethylene brassylate, potassium sorbate, benzyl alcohol, phenoxyethanol.",'4.7,'26
Bath & Body,Body Wash,'MUK200040186,'UK200040186,Sol de janeiro,Beija Flor™ Body Wash ,https://www.spacenk.com/uk/bath-body/body-cleanser/body-wash/beija-flor-body-wash-MUK200040186.html?dwvar_MUK200040186_size=UK200040186&pid=MUK200040186&quantity=1,https://www.spacenk.com/dw/image/v2/ABCE_PRD/on/demandware.static/-/Sites-spacenkmastercatalog/default/dw25053e1b/products/SOL_DE_JAN/UK200040186_SOL_DE_JAN.jpg?sw=582&sh=582,"Aqua (water, eau), sodium cocoyl isethionate, stearic acid, sodium methyl cocoyl taurate, glycol distearate, cocamidopropyl hydroxysultaine, glycerin, parfum (fragrance), squalane, caryodendron orinocense (cacay) seed oil, hibiscus sabdariffa flower extract, ethylhexylglycerin, tetrasodium glutamate diacetate, polyquaternium-7, sodium isethionate, sodium hydroxide, sodium methyltaurate, xanthan gum, phenoxyethanol",'4.7,'485
Bath & Body,Body Wash,'MUK200040186,'UK200040187,Sol de janeiro,Beija Flor™ Body Wash ,https://www.spacenk.com/uk/bath-body/body-cleanser/body-wash/beija-flor-body-wash-MUK200040186.html?dwvar_MUK200040186_size=UK200040187&pid=MUK200040186&quantity=1,https://www.spacenk.com/dw/image/v2/ABCE_PRD/on/demandware.static/-/Sites-spacenkmastercatalog/default/dw86e176f8/products/SOL_DE_JAN/UK200040187_SOL_DE_JAN.jpg?sw=582&sh=582,"Aqua (water, eau), sodium cocoyl isethionate, stearic acid, sodium methyl cocoyl taurate, glycol distearate, cocamidopropyl hydroxysultaine, glycerin, parfum (fragrance), squalane, caryodendron orinocense (cacay) seed oil, hibiscus sabdariffa flower extract, ethylhexylglycerin, tetrasodium glutamate diacetate, polyquaternium-7, sodium isethionate, sodium hydroxide, sodium methyltaurate, xanthan gum, phenoxyethanol",'4.7,'485
Bath & Body,Handwash,'MUK200027157,'UK200027157,Nursem,Caring Hand Wash 300 ML,https://www.spacenk.com/uk/bath-body/body-cleanser/handwash/caring-hand-wash-MUK200027157.html?dwvar_MUK200027157_size=UK200027157&pid=MUK200027157&quantity=1,https://www.spacenk.com/dw/image/v2/ABCE_PRD/on/demandware.static/-/Sites-spacenkmastercatalog/default/dwad2e0d63/products/NURSEM/UK200027157_NURSEM.jpg?sw=582&sh=582,"Aqua (water), lauryl glucoside, cocamidopropyl betaine, coco-glucoside, betaine, glycerin, sodium chloride, acrylates/c10-30 alkyl acrylate crosspolymer, polyglyceryl-4 caprate, polyglyceryl-6 caprylate, panthenol, sodium benzoate, limonene, xylitylglucoside, citrus paradisi (grapefruit) peel oil, potassium sorbate, anhydroxylitol, citrus aurantium bergamia (bergamot) peel oil, aloe barbadensis leaf juice, caramel, citrus aurantium amara (bitter orange) leaf/twig oil, persea gratissima (avocado) oil, xylitol, linalool, sodium hydroxide, triticum vulgare (wheat) germ oil, tocopheryl acetate",'4.6,'60
Bath & Body,Body Wash,'MUK200054271,'UK200054271,Nécessaire,The Body Wash - Eucalyptus 500 ML,https://www.spacenk.com/uk/bath-body/body-cleanser/body-wash/the-body-wash---eucalyptus-MUK200054271.html?dwvar_MUK200054271_size=UK200054271&pid=MUK200054271&quantity=1,https://www.spacenk.com/dw/image/v2/ABCE_PRD/on/demandware.static/-/Sites-spacenkmastercatalog/default/dw0f2df4e6/products/NECESSAIRE/UK200054271_NECESSAIRE.jpg?sw=582&sh=582,"Aqua/water/eau, sodium laurylglucosides hydroxypropylsulfonate, caprylyl/capryl glucoside, disodium cocoamphodiacetate, glycerin, sodium chloride, sodium methyl cocoyl taurate, niacinamide, tocopherol, saccharum officinarum (sugar cane) extract, pyrus malus (apple) fruit extract, citrus aurantium dulcis (orange) fruit extract, citrus limon (lemon) fruit extract, camellia sinensis leaf extract, sclerocarya birrea seed oil, caryodendron orinocense seed oil, limnanthes alba (meadowfoam) seed oil, caprylyl glycol, phenoxyethanol, citric acid, chlorphenesin, sodium phytate, eucalyptus globulus (eucalyptus) leaf oil, lavandula angustifolia (lavender) oil, abies sibirica (siberian fir) oil, zingiber officinale (ginger) root oil, citrus aurantium dulcis (orange) peel oil, pogostemon cablin (patchouli) oil, limonene, linalool.",'4.2,'24
Bath & Body,Body Wash,'MUK200054274,'UK200054274,Nécessaire,The Body Wash Olibanum 500 ML,https://www.spacenk.com/uk/bath-body/body-cleanser/body-wash/the-body-wash-olibanum-MUK200054274.html?dwvar_MUK200054274_size=UK200054274&pid=MUK200054274&quantity=1,https://www.spacenk.com/dw/image/v2/ABCE_PRD/on/demandware.static/-/Sites-spacenkmastercatalog/default/dwd67c3631/products/NECESSAIRE/UK200054274_NECESSAIRE.jpg?sw=582&sh=582,"Aqua/water/eau, sodium laurylglucosides hydroxypropylsulfonate, coco-glucoside, disodium cocoamphodiacetate, glycerin, sodium methyl cocoyl taurate, sodium chloride, niacinamide, papain, bromelain, superoxide dismutase, tocopherol, tetrahexyldecyl ascorbate, illite, glucose, maltodextrin, citric acid, caprylyl glycol, boswellia carterii oil, fragrance (parfum), chlorphenesin, phenoxyethanol, acrylates crosspolymer-4, hydroxycitronellal, tetramethyl acetyloctahydronaphthalenes.",'4.0,'8
Bath & Body,Handwash,'MUK200027391,'UK200027391,Diptyque,Refill Exfoliating Hand Wash 350 ML,https://www.spacenk.com/uk/bath-body/body-cleanser/handwash/refill-exfoliating-hand-wash-MUK200027391.html?dwvar_MUK200027391_size=UK200027391&pid=MUK200027391&quantity=1,https://www.spacenk.com/dw/image/v2/ABCE_PRD/on/demandware.static/-/Sites-spacenkmastercatalog/default/dwb403d8ca/products/DIPTYQUE/UK200027391_DIPTYQUE.jpg?sw=582&sh=582,Aqua (water) - cocamidopropyl betaine - decyl glucoside - polysorbate 20 – glycerin - acrylates copolymer - pentylene glycol – pumice - sodium chloride - parfum (fragrance) - sodium lauroyl lactylate - coco-glucoside - glyceryl oleate - olea europaea (olive) seed – chlorphenesin - sodium hydroxide - sodium benzoate - citric acid - tetrasodium glutamate diacetate – maltodextrin - laurus nobilis leaf extract - potassium sorbate – tocopherol - hydrogenated palm glycerides citrate – caramel – limonene – linalool - hexyl cinnamal,'4.3,'27
Bath & Body,Body Wash,'MUK200038320,'UK200038320,Space nk,Nordic Wilds Hand Wash 350 ML,https://www.spacenk.com/uk/bath-body/body-cleanser/body-wash/nordic-wilds-hand-wash-MUK200038320.html?dwvar_MUK200038320_size=UK200038320&pid=MUK200038320&quantity=1,https://www.spacenk.com/dw/image/v2/ABCE_PRD/on/demandware.static/-/Sites-spacenkmastercatalog/default/dw6eb0b317/products/NK/UK200038320_NK.jpg?sw=582&sh=582,"Aqua (water/eau), sodium c14-16 olefin sulfonate, cocamidopropyl betaine, acrylates copolymer, sodium cocoyl isethionate, lauryl glucoside, glycerin, phenoxyethanol, parfum (fragrance), sodium chloride, laureth-4, sodium benzoate, styrene/vp copolymer, disodium edta, tocopherol, cocos nucifera (coconut) oil, ethylhexylglycerin, betula alba juice, galactoarabinan, sodium dodoxynol-40 sulfate, centella asiatica extract, sorbic acid, chlorphenesin, rhodiola rosea root extract, potassium sorbate. allergens: geraniol. limonene. linalool.",'4.8,'25
Bath & Body,Hand & Feet,'MUK200038315,'UK200038315,Space nk,Parisian Gardens Hand Crème 75 ML,https://www.spacenk.com/uk/bath-body/body-moisturiser-oils/hand-feet/parisian-gardens-hand-creme-MUK200038315.html?dwvar_MUK200038315_size=UK200038315&pid=MUK200038315&quantity=1,https://www.spacenk.com/dw/image/v2/ABCE_PRD/on/demandware.static/-/Sites-spacenkmastercatalog/default/dw2044b5ba/products/NK/UK200038315_NK.jpg?sw=582&sh=582,"Ingredients: aqua (water/eau), caprylic/capric triglyceride, glycerin, arachidyl alcohol, simmondsia chinensis (jojoba) seed oil, behenyl alcohol, phenoxyethanol, arachidyl glucoside, carbomer, parfum (fragrance), sodium hydroxide, xanthan gum, disodium edta, ethylhexylglycerin, propylene glycol, aloe barbadensis leaf juice, avena sativa (oat) kernel oil, moringa oleifera leaf extract, sorbitol, anthemis nobilis flower extract, sambucus nigra flower extract, citric acid, potassium sorbate, tocopherol, sodium benzoate. allergens: citronellol. geraniol. hexyl cinnamal. hydroxycitronellal. limonene. linalool. alpha-isomethyl ionone.",'4.5,'99
Bath & Body,Hand & Feet,'MUK200038315,'UK200038399,Space nk,Parisian Gardens Hand Crème 30 ML,https://www.spacenk.com/uk/bath-body/body-moisturiser-oils/hand-feet/parisian-gardens-hand-creme-MUK200038315.html?dwvar_MUK200038315_size=UK200038399&pid=MUK200038315&quantity=1,https://www.spacenk.com/dw/image/v2/ABCE_PRD/on/demandware.static/-/Sites-spacenkmastercatalog/default/dw6b3ccefe/products/NK/UK200038399_NK.jpg?sw=582&sh=582,"Ingredients: aqua (water/eau), caprylic/capric triglyceride, glycerin, arachidyl alcohol, simmondsia chinensis (jojoba) seed oil, behenyl alcohol, phenoxyethanol, arachidyl glucoside, carbomer, parfum (fragrance), sodium hydroxide, xanthan gum, disodium edta, ethylhexylglycerin, propylene glycol, aloe barbadensis leaf juice, avena sativa (oat) kernel oil, moringa oleifera leaf extract, sorbitol, anthemis nobilis flower extract, sambucus nigra flower extract, citric acid, potassium sorbate, tocopherol, sodium benzoate. allergens: citronellol. geraniol. hexyl cinnamal. hydroxycitronellal. limonene. linalool. alpha-isomethyl ionone.",'4.5,'99
Bath & Body,Body Wash,'MUK200054272,'UK200054272,Nécessaire,The Body Wash Santal 500 ML,https://www.spacenk.com/uk/bath-body/body-cleanser/body-wash/the-body-wash-santal-MUK200054272.html?dwvar_MUK200054272_size=UK200054272&pid=MUK200054272&quantity=1,https://www.spacenk.com/dw/image/v2/ABCE_PRD/on/demandware.static/-/Sites-spacenkmastercatalog/default/dw32bbfa7f/products/NECESSAIRE/UK200054272_NECESSAIRE.jpg?sw=582&sh=582,"Aqua/water/eau, sodium laurylglucosides hydroxypropylsulfonate, coco-glucoside, disodium cocoamphodiacetate, glycerin, sodium methyl cocoyl taurate, sodium chloride, magnesium sulfate, niacinamide, magnesium pca, zinc pca, silica, tocopherol, citric acid, caprylyl glycol, helianthus annuus (sunflower) seed oil, santalum album (sandalwood) oil, fragrance (parfum), chlorphenesin, phenoxyethanol, acrylates crosspolymer-4, hydroxycitronellal, tetramethyl acetyloctahydronaphthalenes.",'4.5,'33
Bath & Body,Handwash,'MUK200038327,'UK200038327,Space nk,Caribbean Shores Hand Wash 350 ML,https://www.spacenk.com/uk/bath-body/body-cleanser/handwash/caribbean-shores-hand-wash-MUK200038327.html?dwvar_MUK200038327_size=UK200038327&pid=MUK200038327&quantity=1,https://www.spacenk.com/dw/image/v2/ABCE_PRD/on/demandware.static/-/Sites-spacenkmastercatalog/default/dw9f199dc9/products/NK/UK200038327_NK.jpg?sw=582&sh=582,"Aqua (water/eau), disodium cocoamphodiacetate, glycerin, sodium cocoyl isethionate, polysorbate 20, acrylates copolymer, parfum (fragrance), phenoxyethanol, hydrated silica, citric acid, prunus armeniaca (apricot) seed powder, ethylhexylglycerin, disodium edta, aloe barbadensis leaf juice, hydrolyzed jojoba esters, maltose, fructose, agave tequilana leaf extract, withania somnifera root extract, tocopherol, potassium sorbate. allergens: benzyl salicylate. limonene. linalool. benzyl alcohol.",'4.7,'35
Bath & Body,Bath Oils,'MUK200052843,'UK200052843,Space nk,Paros Tides Bubble Bath 50,https://www.spacenk.com/uk/bath-body/body-cleanser/bath-oils/paros-tides-bubble-bath-MUK200052843.html?dwvar_MUK200052843_size=UK200052843&pid=MUK200052843&quantity=1,https://www.spacenk.com/dw/image/v2/ABCE_PRD/on/demandware.static/-/Sites-spacenkmastercatalog/default/dwb1a4666b/products/NK/UK200052843_NK.jpg?sw=582&sh=582,"Aqua (water), sodium c14-16 olefin sulfonate, coco-betaine, cocamidopropyl betaine, polysorbate 20, parfum (fragrance), citric acid, sodium chloride, sodium benzoate, glycerin, potassium sorbate, maris sal (sea salt), lactobacillus/punica granatum fruit ferment extract, sodium hydroxide, disodium edta, squalene, ocimum sanctum leaf extract. allergens: geraniol. limonene. linalool. alpha-isomethyl ionone. tetramethyl acetyloctahydronaphthalenes. linalyl acetate. pinene.",'4.6,'11
Bath & Body,Body Wash,'MUK200033171,'UK200033171,Nécessaire,The Body Wash Eucalyptus 25,https://www.spacenk.com/uk/bath-body/body-cleanser/body-wash/the-body-wash-eucalyptus-MUK200033171.html?dwvar_MUK200033171_size=UK200033171&pid=MUK200033171&quantity=1,https://www.spacenk.com/dw/image/v2/ABCE_PRD/on/demandware.static/-/Sites-spacenkmastercatalog/default/dw9ab0fa3d/products/NECESSAIRE/UK200033171_NECESSAIRE.jpg?sw=582&sh=582,Aqua/water/eau sodium laurylglucosides hydroxypropylsulfonate caprylyl/capryl glucoside disodium cocoamphodiacetate glycerin sodium chloride sodium methyl cocoyl taurate niacinamide tocopherol saccharum officinarum (sugar cane) extract pyrus malus (apple) fruit extract citrus aurantium dulcis (orange) fruit extract citrus limon (lemon) fruit extract camellia sinensis leaf extract sclerocarya birrea seed oil caryodendron orinocense seed oil limnanthes alba (meadowfoam) seed oil caprylyl glycol phenoxyethanol citric acid chlorphenesin sodium phytate eucalyptus globulus (eucalyptus) leaf oil lavandula angustifolia (lavender) oil abies sibirica (siberian fir) oil zingiber officinale (ginger) root oil citrus aurantium dulcis (orange) peel oil pogostemon cablin (patchouli) oil limonene linalool,'4.5,"'1,295"
Bath & Body,Body Wash,'MUK200028003,'UK200028003,Jo loves,Jo by Jo Loves Bath & Shower Gel 275 ML,https://www.spacenk.com/uk/bath-body/body-cleanser/body-wash/jo-by-jo-loves-bath-shower-gel-MUK200028003.html?dwvar_MUK200028003_size=UK200028003&pid=MUK200028003&quantity=1,https://www.spacenk.com/dw/image/v2/ABCE_PRD/on/demandware.static/-/Sites-spacenkmastercatalog/default/dw43b86d31/products/JO_LOVES/UK200028003_JO_LOVES.jpg?sw=582&sh=582,,'4.8,'24
Bath & Body,Handwash,'MUK200027117,'UK200027117,Aesop,Reverence Duet ,https://www.spacenk.com/uk/bath-body/body-cleanser/handwash/reverence-duet-MUK200027117.html?dwvar_MUK200027117_size=UK200027117&pid=MUK200027117&quantity=1,https://www.spacenk.com/dw/image/v2/ABCE_PRD/on/demandware.static/-/Sites-spacenkmastercatalog/default/dw584fe7b4/products/AESOP/UK200027117_AESOP.jpg?sw=582&sh=582,"Reverence aromatique hand wash: water (aqua), sodium lauroamphoacetate, sodium methyl cocoyl taurate, acrylates copolymer, pumice, sodium chloride, coco-betaine, 1,2-hexanediol, phenoxyethanol, citrus aurantium bergamia (bergamot) fruit oil, coconut acid, citrus aurantium amara (bitter orange) leaf/twig oil, ethylhexylglycerin, vetiveria zizanoides root oil, citrus grandis (grapefruit) peel oil, fusanus spicatus wood oil, limonene, linalool, farnesol, geraniol, citral reverence aromatique hand balm: water (aqua), glycerin, prunus amygdalus dulcis (sweet almond) oil, stearic acid, cetearyl alcohol, ceteareth-20, cocos nucifera (coconut) oil, macadamia ternifolia seed oil, citrus aurantium bergamia (bergamot) fruit oil, glyceryl stearate, peg-100 stearate, phenoxyethanol, tocopherol, butyrospermum parkii (shea butter), theobroma cacao (cocoa) seed butter, potassium lactate, citrus aurantium amara (bitter orange) oil, vetiveria, zizanoides root oil, triticum vulgare (wheat) germ oil, glycine soja (soybean) oil, lactic acid, citrus grandis (grapefruit) peel oil, fusanus spicatus wood oil, disodium edta, benzoic acid, dehydroacetic acid, ethylhexylglycerin, aloe barbadensis leaf juice*, daucus carota sativa (carrot) root extract, beta-carotene, d-limonene *, linalool *, farnesol *, citral *. contains nut derivatives.",'4.7,'24
Bath & Body,Body Wash,'MUK200034206,'UK200034206,Byredo,Bal D' Afrique Body Wash 225 ML,https://www.spacenk.com/uk/bath-body/body-cleanser/body-wash/bal-d-afrique-body-wash-MUK200034206.html?dwvar_MUK200034206_size=UK200034206&pid=MUK200034206&quantity=1,https://www.spacenk.com/dw/image/v2/ABCE_PRD/on/demandware.static/-/Sites-spacenkmastercatalog/default/dw7b216fa6/products/BYREDO/UK200034206_BYREDO.jpg?sw=582&sh=582,"Aqua (water), sodium laureth sulfate, cocamidopropyl betaine, parfum (fragrance), peg-7 glyceryl cocoate, decyl glucoside, dipropylene glycol, glycerin, ppg-26-buteth-26, peg-200 hydrogenated glyceryl palmate, peg-40 hydrogenated castor oil, peg-55 propylene glycol oleate, propylene glycol, sodium benzoate, limonene, citric acid, tocopheryl acetate, butyl methoxydibenzoylmethane, sodium gluconate, alpha-isomethyl ionone, hydroxycitronellal, linalool, coumarin.",'4.6,'21
Bath & Body,Body Wash,'MUK200050782,'UK200050782,Caudalie,Rose de Vigne Shower Gel 200 ML,https://www.spacenk.com/uk/bath-body/body-cleanser/body-wash/rose-de-vigne-shower-gel-MUK200050782.html?dwvar_MUK200050782_size=UK200050782&pid=MUK200050782&quantity=1,https://www.spacenk.com/dw/image/v2/ABCE_PRD/on/demandware.static/-/Sites-spacenkmastercatalog/default/dwce5c7dd9/products/CAUDALIE/UK200050782_CAUDALIE.jpg?sw=582&sh=582,"Aqua/water/eau, decyl glucoside, sodium cocoyl glutamate, glycerin, sucrose cocoate, acrylates/c10-30 alkyl acrylate crosspolymer, caprylyl glycol, potassium sorbate, citric acid, limonene, linalool, hydroxycitronellal, citronellol, aloe barbadensis leaf juice powder, parfum (fragrance).(171/009)",'4.7,'33
Bath & Body,Handwash,'MUK200028664,'UK200028664,Ouai,Hand Wash 88 ML,https://www.spacenk.com/uk/bath-body/body-cleanser/handwash/hand-wash-MUK200028664.html?dwvar_MUK200028664_size=UK200028664&pid=MUK200028664&quantity=1,https://www.spacenk.com/dw/image/v2/ABCE_PRD/on/demandware.static/-/Sites-spacenkmastercatalog/default/dw0b8cf4a5/products/OUAI/UK200028664_OUAI.jpg?sw=582&sh=582,"Water / aqua / eau, glycerin, sodium c14-16 olefin sulfonate, acrylates copolymer, cocamidopropyl betaine, jojoba esters, peg-40 hydrogenated castor oil, sodium methyl cocoyl taurate, cocamide mipa, polyquaternium-7, simmondsia chinensis (jojoba) seed oil, rosa canina fruit oil, persea gratissima (avocado) oil, polysorbate 20,peg-150 pentaerythrityl tetrastearate, peg-6 caprylic/capric glycerides, disodium edta,benzophenone-4, sodium chloride, tetrasodium edta, sodium hydroxide, tocopherol, hydroxyacetophenone, propylene glycol, isopropyl alcohol, ethylhexylglycerin, sodium benzoate, phenoxyethanol, fragrance / parfum, ci 60730 (ext. violet 2), citronellol, limonene, hydroxycitronellal, linalool.",'4.2,'21
Bath & Body,Skincare Set,'MUK200040548,'UK200040548,Aesop,Amsterdam City Kit ,https://www.spacenk.com/uk/skincare/skincare-sets/skincare-set/amsterdam-city-kit-MUK200040548.html?dwvar_MUK200040548_size=UK200040548&pid=MUK200040548&quantity=1,https://www.spacenk.com/dw/image/v2/ABCE_PRD/on/demandware.static/-/Sites-spacenkmastercatalog/default/dw2d106da6/products/AESOP/UK200040548_AESOP.jpg?sw=582&sh=582,"Shampoo, 50 ml - water (aqua), sodium lauroamphoacetate, sodium methyl cocoyl taurate, cocamidopropyl hydroxysultaine, sodium chloride, glycerin, citric acid, caprylyl/capryl glucoside, phenoxyethanol, boswellia carterii oil, citrus aurantium bergamia (bergamot) fruit oil, panthenol, cedrus atlantica (cedarwood) bark oil, guar hydroxypropyltrimonium chloride, coconut acid, sodium cocoyl glutamate, sodium dehydroacetate, glyceryl caprylate, polyglyceryl-6 oleate, sodium surfactin, benzoic acid, dehydroacetic acid, limonene, linalool. conditioner, 50 ml - water (aqua), brassica alcohol, squalane, glycerin, behentrimonium methosulfate, cetearyl alcohol, stearyl alcohol, 1,2-hexanediol, quaternium-87, hydroxyethylcellulose, boswellia carterii oil, ethylhexylglycerin, citrus aurantium bergamia (bergamot) fruit oil, cedrus atlantica (cedarwood) bark oil, panthenol, sodium pca, sodium lactate, sodium dehydroacetate, sodium gluconate, tocopherol, citric acid, arginine, jojoba esters, hydrolyzed vegetable protein, aspartic acid, helianthus annuus (sunflower) seed wax, pca, glycine soja (soybean) oil, sodium acetate, glycine, alanine, serine, valine, polyglycerin-3, cellulose, isoleucine, proline, threonine, phenoxyethanol, histidine, phenylalanine, potassium sorbate, disodium edta, limonene, linalool. geranium leaf body cleanser, 50 ml - water (aqua), sodium laureth sulfate, coco-betaine, glycerin, phenoxyethanol, citrus aurantium bergamia (bergamot) fruit oil, citrus nobilis (mandarin orange) peel oil, pelargonium graveolens extract, sodium dehydroacetate, polysorbate 20, citric acid, limonene, linalool, citronellol, geraniol geranium leaf body balm 50, ml - water (aqua), prunus amygdalus dulcis (sweet almond) oil, glycerin, cetearyl alcohol, palmitic acid, ceteareth-20, cocos nucifera (coconut) oil, macadamia ternifolia seed oil, stearic acid, glyceryl stearate, citrus aurantium bergamia (bergamot) fruit oil, citrus nobilis (mandarin orange) peel oil, pelargonium graveolens extract, aloe barbadensis leaf juice, butyrospermum parkii (shea) butter, phenoxyethanol, theobroma cacao (cocoa) seed butter, tocopherol, helianthus annuus (sunflower) seed oil, triticum vulgare (wheat) germ oil, glycine soja (soybean) oil, disodium edta, benzalkonium chloride, sodium citrate, beta-carotene, daucus carota sativa (carrot) root extract, limonene, linalool, citronellol, geraniol, citral. fabulous face cleanser, 15 ml - water (aqua), olive oil peg-7 esters, sodium laureth sulfate, glycerin , peg-150 distearate, phenoxyethanol, aloe barbadensis leaf juice, sea salt (maris sal), citrus aurantium bergamia (bergamot) fruit oil, coco-betaine, sodium dehydroacetate, sodium gluconate, rosmarinus officinalis (rosemary) leaf oil, citric acid, camellia sinensis leaf extract, anthemis nobilis flower oil, limonene, linalool. b & tea balancing toner, 15 ml - water (aqua), aloe barbadensis leaf juice, polysorbate 80, hamamelis virginiana (witch hazel) water, benzyl alcohol, sodium gluconate, sodium lactate, phenoxyethanol, sorbitol, panthenol, cananga odorata flower oil, disodium edta, sodium citrate, benzoic acid, camellia sinensis leaf extract, benzalkonium chloride, dehydroacetic acid, ethylhexylglycerin, citric acid, linalool, benzyl benzoate, benzyl salicylate, farnesol, geraniol, eugenol, isoeugenol. camellia nut facial hydrating cream, 15 ml - water (aqua), glycerin, camellia japonica seed oil, aloe barbadensis leaf juice, cetearyl alcohol, glyceryl behenate, rosa canina seed extract, c12-16 alcohols, coco-caprylate/caprate , macadamia integrifolia seed oil, theobroma cacao (cocoa) seed butter, cocos nucifera (coconut) oil, microcrystalline cellulose, palmitic acid, glycine soja (soybean) oil, helianthus annuus (sunflower) seed wax, hydrogenated lecithin, hydroxyacetophenone, triticum vulgare (wheat) germ oil, xanthan gum, fusanus spicatus wood oil, olea europaea (olive) fruit oil, benzyl alcohol, cellulose gum, sodium dehydroacetate, tocopherol, citric acid, lavandula angustifolia (lavender) oil, rosmarinus officinalis (rosemary) leaf oil, ormenis multicaulis oil, rhus succedanea fruit wax, shorea robusta resin, sodium gluconate, beta-carotene, daucus carota sativa (carrot) root extract, farnesol, linalool, limonene. toothpaste, 10 ml - calcium carbonate, xylitol, water (aqua), cellulose gum, cocamidopropyl betaine, glycerin, tetrasodium pyrophosphate, mentha viridis (spearmint) leaf oil, sodium benzoate, sodium chloride, pimpinella anisum (anise) seed oil, elettaria cardamomum seed oil, melaleuca alternifolia (tea tree) leaf oil, hippophae rhamnoides fruit juice, eugenia caryophyllus (clove) flower oil, wasabia japonica root powder , potassium sorbate, lactic acid, limonene, eugenol. mouthwash, 50 ml - water (aqua), glycerin, xylitol, peg-40 hydrogenated castor oil, sodium benzoate, mentha viridis (spearmint) leaf oil, potassium sorbate , cocamidopropyl betaine, citric acid, sodium citrate, pimpinella anisum (anise) seed oil, melaleuca alternifolia (tea tree) leaf oil, sodium chloride, eugenia caryophyllus (clove) flower oil, limonene, eugenol.",'4.8,'6
Bath & Body,Body Wash,'MUK200053927,'UK200053927,Elemis,Frangipani Monoi Shower Cream 200 ML,https://www.spacenk.com/uk/bath-body/body-cleanser/body-wash/frangipani-monoi-shower-cream-MUK200053927.html?dwvar_MUK200053927_size=UK200053927&pid=MUK200053927&quantity=1,https://www.spacenk.com/dw/image/v2/ABCE_PRD/on/demandware.static/-/Sites-spacenkmastercatalog/default/dw7a5f1bd5/products/ELEMIS/UK200053927_ELEMIS.jpg?sw=582&sh=582,"Aqua/water/eau, glycerin, coco-betaine, sesamum indicum (sesame) seed oil, ammonium lauryl sulfate, fragrance (parfum), phenoxyethanol, xanthan gum, cocos nucifera (coconut/coprah) oil, carbomer, polyquaternium-10, sodium hydroxide, disodium edta, linalool, ethylhexylglycerin, caprylyl glycol, plumeria alba (frangipani) flower extract, 1,2-hexanediol, plumeria rubra (frangipani) flower extract, amyl cinnamal, hydroxycitronellal, benzoic acid, gardenia tahitensis (tiare) flower extract, caramel, tocopherol.",'4.4,'46
Bath & Body,Handwash,'MUK200052846,'UK200052846,Space nk,Paros Tides Hand Wash 35,https://www.spacenk.com/uk/bath-body/body-cleanser/handwash/paros-tides-hand-wash-MUK200052846.html?dwvar_MUK200052846_size=UK200052846&pid=MUK200052846&quantity=1,https://www.spacenk.com/dw/image/v2/ABCE_PRD/on/demandware.static/-/Sites-spacenkmastercatalog/default/dwddc9d2fd/products/NK/UK200052846_NK.jpg?sw=582&sh=582,"Aqua (water), polysorbate 20, lauryl glucoside, acrylates copolymer, hydrated silica, sodium cocoamphoacetate, cocamidopropyl betaine, olea europaea (olive) seed, parfum (fragrance), phenoxyethanol, sodium chloride, propanediol, sodium hydroxide, ethylhexylglycerin, glycerin, maris sal (sea salt), squalane, o-cymen-5-ol, butyrospermum parkii nut shell powder, disodium edta, lactobacillus/punica granatum fruit ferment extract, citric acid, ocimum sanctum leaf extract. allergens: geraniol. limonene. linalool. alpha-isomethyl ionone. tetramethyl acetyloctahydronaphthalenes. linalyl acetate. pinene.",'4.6,'21
Bath & Body,Body Wash,'MUK200039471,'UK200039471,Aesop,Polish Exfoliating Soap Bar 150 G,https://www.spacenk.com/uk/bath-body/body-cleanser/body-wash/polish-exfoliating-soap-bar-MUK200039471.html?dwvar_MUK200039471_size=UK200039471&pid=MUK200039471&quantity=1,https://www.spacenk.com/dw/image/v2/ABCE_PRD/on/demandware.static/-/Sites-spacenkmastercatalog/default/dwe62ca05b/products/AESOP/UK200039471_AESOP.jpg?sw=582&sh=582,"Sodium palmate, sodium palm kernelate, water (aqua), glycerin, pumice, abies sibirica oil, pinus sylvestris leaf oil, vitis vinifera (grape) seed powder, sodium citrate, tetrasodium glutamate diacetate, rosmarinus officinalis (rosemary) leaf oil, cedrus atlantica (cedarwood) bark oil, eugenia caryophyllus (clove) flower oil, sodium benzoate, salvia officinalis (sage) oil, citric acid, sodium chloride, tocopherol, glycine soja (soybean) oil, limonene, eugenol.",'4.7,'16
Bath & Body,Body Wash,'MUK200015028,'UK200015028,This works,Energy Bank Shower Gel 250 ML,https://www.spacenk.com/uk/bath-body/body-cleanser/body-wash/energy-bank-shower-gel-MUK200015028.html?dwvar_MUK200015028_size=UK200015028&pid=MUK200015028&quantity=1,https://www.spacenk.com/dw/image/v2/ABCE_PRD/on/demandware.static/-/Sites-spacenkmastercatalog/default/dwe8a015d4/products/THIS_WORKS/UK200015028_THIS_WORKS.jpg?sw=582&sh=582,"Aqua (water), cocoglucoside, cocamidopropyl betaine, sodium lauroyl oat amino acids, parfum (fragrance), panthenol, phenoxyethanol, sodium hydroxymethylglycinate, ethylhexylglycerin, citric acid, linalool, citronellol, geraniol, limonene, benzyl benzoate, benzyl salicylate, farnesol, citral, eugenol, isoeugenol.",'4.3,'46
Bath & Body,Body Wash,'MUK200019311,'UK200019311,Malin + goetz,Eucalyptus Hand and Body Wash 473 ML,https://www.spacenk.com/uk/bath-body/body-cleanser/body-wash/eucalyptus-hand-and-body-wash-MUK200019311.html?dwvar_MUK200019311_size=UK200019311&pid=MUK200019311&quantity=1,https://www.spacenk.com/dw/image/v2/ABCE_PRD/on/demandware.static/-/Sites-spacenkmastercatalog/default/dw062230f7/products/MALIN_GO/UK200019311_MALIN_GO.jpg?sw=582&sh=582,"Water/aqua/eau, ammonium lauryl sulfate, sodium laureth sulfate, glycerin, cocamide mipa, phenoxyethanol, polyquaternium-10, eucalyptus globulus leaf oil, citric acid, sodium benzoate, potassium sorbate, disodium edta, polyquaternium-7, sodium citrate, eucalyptus globulus leaf extract, citrus limon (lemon) fruit extract, citrus aurantium dulcis (orange) fruit extract, sodium pca, sodium lactate, arginine, aspartic acid, pca, glycine, alanine, serine, valine, threonine, proline, isoleucine, phenylalanine, histidine, limonene.",'4.8,'5
Bath & Body,Handwash,'MUK200028840,'UK200028840,This works,Stress Check Hand Shield 50 ML,https://www.spacenk.com/uk/bath-body/body-cleanser/handwash/stress-check-hand-shield-MUK200028840.html?dwvar_MUK200028840_size=UK200028840&pid=MUK200028840&quantity=1,https://www.spacenk.com/dw/image/v2/ABCE_PRD/on/demandware.static/-/Sites-spacenkmastercatalog/default/dw28ddbd44/products/THIS_WORKS/UK200028840_THIS_WORKS.jpg?sw=582&sh=582,"Alcohol denat. (sd alcohol 40-b), aqua (water), glycerin, parfum (fragrance), sodium hyaluronate, linalool*, limonene*, cinnamomum camphora linalooliferum wood oil, citrus aurantium amara (bitter orange) flower oil, lavandula angustifolia (lavender) oil, ormenis multicaulis (chamomile) oil, pogostemon cablin (patchouli) leaf oil, vetiveria zizanoides (vetivert) root oil.* naturally occuring in essential oils",'4.6,'33
Bath & Body,Scrubs & Exfoliants,'MUK200037264,'UK200037264,Sol de janeiro,Bom Dia Scrub 220 G,https://www.spacenk.com/uk/bath-body/body-cleanser/scrubs-exfoliants/bom-dia-scrub-MUK200037264.html?dwvar_MUK200037264_size=UK200037264&pid=MUK200037264&quantity=1,https://www.spacenk.com/dw/image/v2/ABCE_PRD/on/demandware.static/-/Sites-spacenkmastercatalog/default/dwba7d2989/products/SOL_DE_JAN/UK200037264_SOL_DE_JAN.jpg?sw=582&sh=582,"Aqua (water, eau), synthetic wax, lactic acid, cetearyl alcohol, hydrated silica, cetyl alcohol, stearyl alcohol, helianthus annuus (sunflower) seed oil, glycerin, sodium hydroxide, parfum (fragrance), lauryl laurate, salicylic acid, xanthan gum, hydroxyethyl acrylate/sodium acryloyldimethyl taurate copolymer, ethylhexylglycerin, sodium benzoate, glycolic acid, passiflora edulis (passionfruit/maracujá) seed powder, potassium sorbate, citric acid, bambusa arundinacea (bamboo) stem extract, sodium phytate, ethylene brassylate, sorbitan isostearate, vaccinium myrtillus (bilbery) fruit extract, ananas sativus (pineapple) fruit extract, saccharum officinarum (sugar cane) extract, carica papaya (papaya) fruit extract, mangifera indica (mango) fruit extract, citrus aurantium dulcis (orange) fruit extract, citrus limon (lemon) fruit extract, haematococcus pluvialis oil, leuconostoc/radish root ferment filtrate, lactobacillus ferment, acer saccharum (sugar maple) extract, astaxanthin, red 33 (ci 17200), tocopherol, rosmarinus officinalis (rosemary) extract.",'4.7,'68
Bath & Body,Body Wash,'MUK200030118,'UK200030118,Jo loves,Mango Thai Lime A Bath & Shower Gel 275 ML,https://www.spacenk.com/uk/bath-body/body-cleanser/body-wash/mango-thai-lime-a-bath-shower-gel-MUK200030118.html?dwvar_MUK200030118_size=UK200030118&pid=MUK200030118&quantity=1,https://www.spacenk.com/dw/image/v2/ABCE_PRD/on/demandware.static/-/Sites-spacenkmastercatalog/default/dwf8cde39d/products/JO_LOVES/UK200030118_JO_LOVES.jpg?sw=582&sh=582,"Aqua (water), sodium laureth sulfate, glycerin, cocamidopropyl betaine, parfum (fragrance),ppg-5-ceteth-20, decyl glucoside, peg-7 glyceryl cocoate, limonene, coco-glucoside, propylene glycol, glyceryl oleate, peg-55 propylene glycol oleate, panthenol, linalool, aloe barbadensis leaf juice, citric acid, butylphenyl methylpropional, citronellol, triethylene glycol, citral, benzyl alcohol, magnesium nitrate, magnesium chloride, methylchloroisothiazolinone, hydrogenated palm glycerides citrate, tocopherol, methylisothiazolinone, potassium sorbate",'4.6,'26
Bath & Body,Bath Oils,'MUK200027403,'UK200027403,Neom,Perfect Night's Sleep Bath Foam 200 ML,https://www.spacenk.com/uk/bath-body/body-cleanser/bath-oils/perfect-nights-sleep-bath-foam-MUK200027403.html?dwvar_MUK200027403_size=UK200027403&pid=MUK200027403&quantity=1,https://www.spacenk.com/dw/image/v2/ABCE_PRD/on/demandware.static/-/Sites-spacenkmastercatalog/default/dw5e1517f1/products/NEOM/UK200027403_NEOM.jpg?sw=582&sh=582,"Aqua (water), sodium coco-sulphate, parfum*, cocamidopropyl betaine, decyl glucoside, aloe barbadensis leaf juice powder, glycerin, coco-glucoside, sucrose laurate, althaea officinalis (marshmallow) extract, prunus amygdalus dulcis (sweet almond) seed extract, cocos nucifera (coconut) fruit extract, helianthus annuus (sunflower) seed oil, tocopherol (vitamin e), alcohol, citric acid, dehydroacetic acid, benzyl alcohol, sodium benzoate, linalool, citronellol, geraniol, limonene. *made with 100% natural essential oils including english lavender, sweet basil & jasmine. made with 70% certified organic ingredient",'4.7,'62
Bath & Body,Body Wash,'MUK200030249,'UK200030249,Dermalogica,Conditioning Body Wash 295 ML,https://www.spacenk.com/uk/bath-body/body-cleanser/body-wash/conditioning-body-wash-MUK200030249.html?dwvar_MUK200030249_size=UK200030249&pid=MUK200030249&quantity=1,https://www.spacenk.com/dw/image/v2/ABCE_PRD/on/demandware.static/-/Sites-spacenkmastercatalog/default/dw4d23bcae/products/DERMALOGIC/UK200030249_DERMALOGIC.jpg?sw=582&sh=582,"Water/aqua/eau, sodium c14-16 olefin sulfonate, disodium laureth sulfosuccinate, cocamidopropyl betaine, lavandula hybrida oil, cetyl betaine, amyris balsamifera bark oil, rosmarinus officinalis (rosemary) leaf oil, sodium pca, juniperus mexicana oil, melaleuca alternifolia (tea tree) leaf oil, eucalyptus globulus leaf oil, citrus aurantium dulcis (orange) peel oil, lavandula angustifolia (lavender) flower/leaf/stem extract, santalum album (sandalwood) oil, cananga odorata flower oil, pogostemon cablin leaf oil, salvia sclarea (clary) oil, panthenol, sodium chloride, citrus limon (lemon)peel oil, quaternium-75, acrylates/beheneth-25 methacrylate copolymer, ethylhexylglycerin, tetrasodium glutamate diacetate, tocopherol, linalool, citral, limonene, sodium hydroxide, phenoxyethanol.",'4.5,'13
Bath & Body,Body Wash,'MUK200055020,'UK200055020,Aesop,Eleos Aromatique Body Cleanser 180 ML,https://www.spacenk.com/uk/bath-body/body-cleanser/body-wash/eleos-aromatique-body-cleanser-MUK200055020.html?dwvar_MUK200055020_size=UK200055020&pid=MUK200055020&quantity=1,https://www.spacenk.com/dw/image/v2/ABCE_PRD/on/demandware.static/-/Sites-spacenkmastercatalog/default/dw7f0335d2/products/AESOP/UK200055020_AESOP.jpg?sw=582&sh=582,"Water (aqua), sodium cocoyl isethionate, butyrospermum parkii (shea) butter, glycerin, decyl glucoside, propanediol, lavandula angustifolia (lavender) oil, potassium cocoyl glycinate, coconut acid, arachidyl alcohol, cedrus atlantica (cedarwood) bark oil, cetearyl alcohol, glyceryl stearate se, pentaerythrityl tetraisostearate, simmondsia chinensis (jojoba) seed oil, behenyl alcohol, coco-glucoside, glyceryl oleate, rosmarinus officinalis (rosemary) leaf oil, potassium cocoate, arachidyl glucoside, citric acid, xanthan gum, eugenia caryophyllus (clove) flower oil, sodium dehydroacetate, sodium gluconate, sodium isethionate, saccharide isomerate, guar hydroxypropyltrimonium chloride, pogostemon cablin oil, tocopherol, helianthus annuus (sunflower) seed oil, sodium citrate, hydrogenated palm glycerides citrate, linalool, eugenol, limonene, geraniol.",'3.7,'37
Bath & Body,Body Wash,'MUK200055020,'UK200055021,Aesop,Eleos Aromatique Body Cleanser 500 ML,https://www.spacenk.com/uk/bath-body/body-cleanser/body-wash/eleos-aromatique-body-cleanser-MUK200055020.html?dwvar_MUK200055020_size=UK200055021&pid=MUK200055020&quantity=1,https://www.spacenk.com/dw/image/v2/ABCE_PRD/on/demandware.static/-/Sites-spacenkmastercatalog/default/dw33485514/products/AESOP/UK200055021_AESOP.jpg?sw=582&sh=582,"Water (aqua), sodium cocoyl isethionate, butyrospermum parkii (shea) butter, glycerin, decyl glucoside, propanediol, lavandula angustifolia (lavender) oil, potassium cocoyl glycinate, coconut acid, arachidyl alcohol, cedrus atlantica (cedarwood) bark oil, cetearyl alcohol, glyceryl stearate se, pentaerythrityl tetraisostearate, simmondsia chinensis (jojoba) seed oil, behenyl alcohol, coco-glucoside, glyceryl oleate, rosmarinus officinalis (rosemary) leaf oil, potassium cocoate, arachidyl glucoside, citric acid, xanthan gum, eugenia caryophyllus (clove) flower oil, sodium dehydroacetate, sodium gluconate, sodium isethionate, saccharide isomerate, guar hydroxypropyltrimonium chloride, pogostemon cablin oil, tocopherol, helianthus annuus (sunflower) seed oil, sodium citrate, hydrogenated palm glycerides citrate, linalool, eugenol, limonene, geraniol.",'3.7,'37
Bath & Body,Scrubs & Exfoliants,'MUK300052940,'UK300052940,Ouai,Scalp & Body Scrub 250 G,https://www.spacenk.com/uk/bath-body/body-cleanser/scrubs-exfoliants/scalp-body-scrub-MUK300052940.html?dwvar_MUK300052940_size=UK300052940&pid=MUK300052940&quantity=1,https://www.spacenk.com/dw/image/v2/ABCE_PRD/on/demandware.static/-/Sites-spacenkmastercatalog/default/dw8903c49b/products/OUAI/UK300052940_OUAI.jpg?sw=582&sh=582,"Sucrose, aqua (water, eau), sodium lauroyl methyl isethionate, glycerin, cocamide mea, sodium lauroamphoacetate, propanediol, peg-100 stearate, glyceryl stearate, silica, prunus amygdalus dulcis (sweet almond) oil, c12-15 alkyl benzoate, cocos nucifera (coconut) oil, menthyl lactate, epilobium angustifolium flower/leaf/stem extract, hydrolyzed hibiscus esculentus extract, apium graveolens (celery) seed extract, biotinoyl tripeptide-1, panthenol, aloe barbadensis leaf juice, capryloyl glycine, xylitylglucoside, saccharide isomerate, apigenin, oleanolic acid, hexylene glycol, ppg-26-buteth-26, peg-40 hydrogenated castor oil, caprylyl glycol, caprylic/capric triglyceride, peg-150 distearate, parfum (fragrance), cocamide mipa, sodium benzoate, trisodium ethylenediamine disuccinate, lactobacillus ferment lysate, bht, butylene glycol, leuconostoc/radish root ferment filtrate, phenoxyethanol, sodium citrate, citric acid, sodium metabisulfite, sodium hydroxide, linalool, benzyl salicylate, citronellol, geraniol, butylphenyl methylpropional",'4.1,'157
Bath & Body,Handwash,'MUK200006655,'UK200006655,Malin + goetz,Rum Hand and Body Wash 250 ML,https://www.spacenk.com/uk/bath-body/body-cleanser/handwash/rum-hand-and-body-wash-MUK200006655.html?dwvar_MUK200006655_size=UK200006655&pid=MUK200006655&quantity=1,https://www.spacenk.com/dw/image/v2/ABCE_PRD/on/demandware.static/-/Sites-spacenkmastercatalog/default/dwc27d8177/products/MALIN_GO/UK200006655_MALIN_GO.jpg?sw=582&sh=582,"Water/aqua/eau, ammonium lauryl sulfate, sodium laureth sulfate, glycerin, cocamide mipa, phenoxyethanol, polyquaternium-10, fragrance (parfum), sodium benzoate, potassium sorbate, citric acid, disodium edta, polyquaternium-7, sodium citrate, polysorbate 20, citrus limon (lemon) fruit extract, citrus aurantium dulcis (orange) fruit extract, sodium pca, sodium lactate, arginine, aspartic acid, pca, glycine, alanine, serine, valine, threonine, proline, isoleucine, phenylalanine, histidine.",'4.3,'94
Bath & Body,Handwash,'MUK200006655,'UK200011069,Malin + goetz,Rum Hand and Body Wash 473 ML,https://www.spacenk.com/uk/bath-body/body-cleanser/handwash/rum-hand-and-body-wash-MUK200006655.html?dwvar_MUK200006655_size=UK200011069&pid=MUK200006655&quantity=1,https://www.spacenk.com/dw/image/v2/ABCE_PRD/on/demandware.static/-/Sites-spacenkmastercatalog/default/dw05311e96/products/MALIN_GO/UK200011069_MALIN_GO.jpg?sw=582&sh=582,"Water/aqua/eau, ammonium lauryl sulfate, sodium laureth sulfate, glycerin, cocamide mipa, phenoxyethanol, polyquaternium-10, fragrance (parfum), sodium benzoate, potassium sorbate, citric acid, disodium edta, polyquaternium-7, sodium citrate, polysorbate 20, citrus limon (lemon) fruit extract, citrus aurantium dulcis (orange) fruit extract, sodium pca, sodium lactate, arginine, aspartic acid, pca, glycine, alanine, serine, valine, threonine, proline, isoleucine, phenylalanine, histidine.",'4.3,'94
Bath & Body,Bath Oils,'MUK137321578,'UK137321578,Aromatherapy associates,Deep Relax Bath and Shower Oil 55 ML,https://www.spacenk.com/uk/bath-body/body-cleanser/bath-oils/deep-relax-bath-and-shower-oil-MUK137321578.html?dwvar_MUK137321578_size=UK137321578&pid=MUK137321578&quantity=1,https://www.spacenk.com/dw/image/v2/ABCE_PRD/on/demandware.static/-/Sites-spacenkmastercatalog/default/dwc275ae3a/products/AROMASSOC/UK137321578_AROMASSOC.jpg?sw=582&sh=582,,'4.8,'346
Bath & Body,Handwash,'MUK200034211,'UK200034211,Byredo,Vetyver Hand Wash 450 ML,https://www.spacenk.com/uk/bath-body/body-cleanser/handwash/vetyver-hand-wash-MUK200034211.html?dwvar_MUK200034211_size=UK200034211&pid=MUK200034211&quantity=1,https://www.spacenk.com/dw/image/v2/ABCE_PRD/on/demandware.static/-/Sites-spacenkmastercatalog/default/dwffa12959/products/BYREDO/UK200034211_BYREDO.jpg?sw=582&sh=582,"Aqua (water), sodium laureth sulfate, cocamidopropyl betaine, parfum (fragrance), peg-7 glyceryl cocoate, decyl glucoside, dipropylene glycol, glycerin, ppg-26-buteth-26, peg-200 hydrogenated glyceryl palmate, peg-40 hydrogenated castor oil, peg-55 propylene glycol oleate, propylene glycol, sodium benzoate, butyl methoxydibenzoylmethane, citric acid, tocopheryl acetate, sodium gluconate, limonene, hydroxycitronellal, alpha-isomethyl ionone, linalool.",'4.8,'16
Bath & Body,Body Wash,'MUK200050771,'UK200050771,Caudalie,Eau des Vignes Shower Gel 200 ML,https://www.spacenk.com/uk/bath-body/body-cleanser/body-wash/eau-des-vignes-shower-gel-MUK200050771.html?dwvar_MUK200050771_size=UK200050771&pid=MUK200050771&quantity=1,https://www.spacenk.com/dw/image/v2/ABCE_PRD/on/demandware.static/-/Sites-spacenkmastercatalog/default/dw78150e23/products/CAUDALIE/UK200050771_CAUDALIE.jpg?sw=582&sh=582,"Aqua/water/eau, decyl glucoside, sodium cocoyl glutamate, glycerin, sucrose cocoate, acrylates/c10-30 alkyl acrylate crosspolymer, caprylyl glycol, potassium sorbate, citric acid, limonene, linalool, coumarin, geraniol, aloe barbadensis leaf juice powder, parfum (fragrance).(205/009)",'4.3,'24
Bath & Body,Body Wash,'MUK200040579,'UK200040579,Fresh,Hesperides Grapefruit Body & Hand Wash 300 ML,https://www.spacenk.com/uk/bath-body/body-cleanser/body-wash/hesperides-grapefruit-body-hand-wash-MUK200040579.html?dwvar_MUK200040579_size=UK200040579&pid=MUK200040579&quantity=1,https://www.spacenk.com/dw/image/v2/ABCE_PRD/on/demandware.static/-/Sites-spacenkmastercatalog/default/dw145ae1bb/products/FRESH/UK200040579_FRESH.jpg?sw=582&sh=582,"Aqua (water), sodium laureth sulfate, decyl glucoside, cocamidopropyl betaine, peg-40 hydrogenated castor oil, peg-120 methyl glucose dioleate, parfum (fragrance), butyrospermum parkii (shea butter), vaccinium myrtillus fruit extract, saccharum officinarum (sugar cane) extract, citrus aurantium dulcis (orange) fruit extract, citrus limon (lemon) fruit extract, acer saccharum (sugar maple) extract, tocopheryl acetate, ascorbic acid, tocopherol, citric acid, polyquaternium-10, laureth-2, benzoic acid, sodium chloride, sodium sulfate, tetrasodium edta, sodium bicarbonate, bht, phenoxyethanol, limonene, linalool, citral <12555/a> disclaimer: fresh product ingredient listings are updated periodically. before using a fresh product, please read the ingredient list on the packaging of your product to be sure that the ingredients are appropriate for your personal use.",'4.6,'115
Bath & Body,Body Wash,'MUK200038324,'UK200038324,Space nk,Nordic Wilds Bubble Bath 500 ML,https://www.spacenk.com/uk/bath-body/body-cleanser/body-wash/nordic-wilds-bubble-bath-MUK200038324.html?dwvar_MUK200038324_size=UK200038324&pid=MUK200038324&quantity=1,https://www.spacenk.com/dw/image/v2/ABCE_PRD/on/demandware.static/-/Sites-spacenkmastercatalog/default/dwcb4f46bc/products/NK/UK200038324_NK.jpg?sw=582&sh=582,"Aqua (water/eau), sodium c14-16 olefin sulfonate, cocamidopropyl betaine, glycerin, cocamide mea, polysorbate 20, lauryl glucoside, parfum (fragrance), disodium lauroamphodiacetate, phenoxyethanol, benzyl alcohol, citric acid, ethylhexylglycerin, betula alba juice, galactoarabinan, tetrasodium edta, propanediol, centella asiatica extract, chlorphenesin, albatrellus confluens (mushroom) extract, rhodiola rosea root extract, tocopherol, potassium sorbate. allergens: benzyl alcohol. geraniol. limonene. linalool.",'4.2,'18
Bath & Body,Body Wash,'MUK200026702,'UK200026702,Jo loves,White Rose & Lemon Leaves A Bath & Shower Gel 275 ML,https://www.spacenk.com/uk/bath-body/body-cleanser/body-wash/white-rose-lemon-leaves-a-bath-shower-gel-MUK200026702.html?dwvar_MUK200026702_size=UK200026702&pid=MUK200026702&quantity=1,https://www.spacenk.com/dw/image/v2/ABCE_PRD/on/demandware.static/-/Sites-spacenkmastercatalog/default/dw679cf977/products/JO_LOVES/UK200026702_JO_LOVES.jpg?sw=582&sh=582,"Aqua (water), sodium laureth sulfate, glycerin, cocamidopropyl betaine, parfum (fragrance), ppg-5-ceteth-20, decyl glucoside, peg-7 glyceryl cocoate, coco-glucoside, propylene glycol, glyceryl oleate, peg-55 propylene glycol oleate, panthenol, citric acid, aloe barbadensis leaf juice, citronellol, geraniol, citral, triethylene glycol, benzyl alcohol, magnesium nitrate, magnesium chloride, methylchloroisothiazolinone, hydrogenated palm glycerides citrate, tocopherol, methylisothiazolinone, potassium sorbate",'4.6,'25
Bath & Body,Scrubs & Exfoliants,'MUK200041600,'UK200041600,Malin + goetz,Eucalyptus Hand and Body Scrub 250 ML,https://www.spacenk.com/uk/bath-body/body-cleanser/scrubs-exfoliants/eucalyptus-hand-and-body-scrub-MUK200041600.html?dwvar_MUK200041600_size=UK200041600&pid=MUK200041600&quantity=1,https://www.spacenk.com/dw/image/v2/ABCE_PRD/on/demandware.static/-/Sites-spacenkmastercatalog/default/dwb5a71ce9/products/MALIN_GO/UK200041600_MALIN_GO.jpg?sw=582&sh=582,"Water/aqua/eau, sodium c14-16 olefin sulfonate, lactic acid, cocamidopropyl betaine, pumice, acrylates copolymer, sodium pca, sodium hydroxide, saccharomyces/rice ferment filtrate, coco-glucoside, glyceryl oleate, eucalyptus globulus leaf oil, mandelic acid, levulinic acid, sodium benzoate, sodium levulinate, mentha piperita (peppermint) oil, sodium gluconate, potassium sorbate, glycerin, niacinamide, pentylene glycol, quartz, citric acid, chlorophyllin-copper complex, tocopherol, hydrogenated palm glycerides citrate, limonene.",'4.8,'4
Bath & Body,Body Wash,'MUK200053193,'UK200053193,Nécessaire,The Body Wash Olibanum 250 ML,https://www.spacenk.com/uk/bath-body/body-cleanser/body-wash/the-body-wash-olibanum-MUK200053193.html?dwvar_MUK200053193_size=UK200053193&pid=MUK200053193&quantity=1,https://www.spacenk.com/dw/image/v2/ABCE_PRD/on/demandware.static/-/Sites-spacenkmastercatalog/default/dwf01b03fd/products/NECESSAIRE/UK200053193_NECESSAIRE.jpg?sw=582&sh=582,"Aqua/water/eau, sodium laurylglucosides hydroxypropylsulfonate, coco-glucoside, disodium cocoamphodiacetate, glycerin, sodium methyl cocoyl taurate, sodium chloride, niacinamide, papain, bromelain, superoxide dismutase, tocopherol, tetrahexyldecyl ascorbate, illite, glucose, maltodextrin, citric acid, caprylyl glycol, boswellia carterii oil, fragrance (parfum), chlorphenesin, phenoxyethanol, acrylates crosspolymer-4, hydroxycitronellal, tetramethyl acetyloctahydronaphthalenes.",'4.4,'13
Bath & Body,Handwash,'MUK200019881,'UK200019881,Byredo,Rose Hand Wash 450 ML,https://www.spacenk.com/uk/bath-body/body-cleanser/handwash/rose-hand-wash-MUK200019881.html?dwvar_MUK200019881_size=UK200019881&pid=MUK200019881&quantity=1,https://www.spacenk.com/dw/image/v2/ABCE_PRD/on/demandware.static/-/Sites-spacenkmastercatalog/default/dw0e3f6400/products/BYREDO/UK200019881_BYREDO.jpg?sw=582&sh=582,"Aqua (water), sodium laureth sulfate, cocamidopropyl betaine, parfum (fragrance), peg-7 glyceryl cocoate, decyl glucoside, dipropylene glycol, glycerin, ppg-26-buteth-26, peg-55 propylene glycol oleate, propylene glycol, peg-200 hydrogenated glyceryl palmate, peg-40 hydrogenated castor oil, sodium benzoate, butyl methoxydibenzoylmethane, citric acid, tocopheryl acetate, sodium gluconate",'4.5,'52
Bath & Body,Body Wash,'MUK300026181,'UK300026181,Byredo,Gypsy Water Body Wash 225 ML,https://www.spacenk.com/uk/bath-body/body-cleanser/body-wash/gypsy-water-body-wash-MUK300026181.html?dwvar_MUK300026181_size=UK300026181&pid=MUK300026181&quantity=1,https://www.spacenk.com/dw/image/v2/ABCE_PRD/on/demandware.static/-/Sites-spacenkmastercatalog/default/dw6566a9f8/products/BYREDO/UK300026181_BYREDO.jpg?sw=582&sh=582,"Aqua (water), sodium laureth sulfate, parfum (fragrance), cocamidopropyl betaine, glycerin, xylitol, peg-7 glyceryl cocoate, decyl glucoside, ppg-26-buteth-26, dipropylene glycol, peg-40 hydrogenated castor oil, peg-200 hydrogenated glyceryl palmate, peg-55 propylene glycol oleate, propylene glycol, sodium chloride, sodium benzoate, hydroxypropyl guar hydroxypropyltrimonium chloride, citric acid, limonene, disodium edta, butyl methoxydibenzoylmethane, linalool.",'4.5,'56
Bath & Body,Scrubs & Exfoliants,'MUK200051447,'UK200051447,Byoma,Smoothing Body Polish 300 ML,https://www.spacenk.com/uk/bath-body/body-cleanser/scrubs-exfoliants/smoothing-body-polish-MUK200051447.html?dwvar_MUK200051447_size=UK200051447&pid=MUK200051447&quantity=1,https://www.spacenk.com/dw/image/v2/ABCE_PRD/on/demandware.static/-/Sites-spacenkmastercatalog/default/dw1faefb1f/products/BYOMA/UK200051447_BYOMA.jpg?sw=582&sh=582,"""""""aqua (water) ammonium lauryl sulfate perlite acrylates/palmeth-25 acrylate copolymer cocamidopropyl betaine pumice panthenol glycerin gluconolactone coco-glucoside cyanocobalamin rhamnose sodium benzoate glucomannan xanthan gum glucose phenoxyethanol anhydroxylitol xylitylglucoside glucuronic acid. xylitol styrene/acrylates copolymer potassium sorbate parfum (fragrance) citric acid geraniol limonene propanediol sodium hydroxide""""""",'4.6,'34
Bath & Body,Handwash,'MUK200038314,'UK200038314,Space nk,Parisian Gardens Hand Wash 350 ML,https://www.spacenk.com/uk/bath-body/body-cleanser/handwash/parisian-gardens-hand-wash-MUK200038314.html?dwvar_MUK200038314_size=UK200038314&pid=MUK200038314&quantity=1,https://www.spacenk.com/dw/image/v2/ABCE_PRD/on/demandware.static/-/Sites-spacenkmastercatalog/default/dw32fffa4e/products/NK/UK200038314_NK.jpg?sw=582&sh=582,"Ingredients: aqua (water/eau), cocamidopropyl betaine, sodium lauroyl sarcosinate, disodium cocoamphodiacetate, sodium chloride, glycerin, laureth-4, citric acid, sodium benzoate, parfum (fragrance), potassium sorbate, propylene glycol, disodium edta, chamomilla recutita (matricaria) flower extract, avena sativa (oat) kernel oil, moringa oleifera leaf extract, sorbitol, sambucus nigra flower extract, ci 17200 (d&c red no. 33) allergens: hexyl cinnamal. hydroxycitronellal. limonene.",'4.5,'16
Bath & Body,Body Wash,'MUK200027147,'UK200027147,Diptyque,Revitalizing Shower Gel 200 ML,https://www.spacenk.com/uk/bath-body/body-cleanser/body-wash/revitalizing-shower-gel-MUK200027147.html?dwvar_MUK200027147_size=UK200027147&pid=MUK200027147&quantity=1,https://www.spacenk.com/dw/image/v2/ABCE_PRD/on/demandware.static/-/Sites-spacenkmastercatalog/default/dw54a78fb5/products/DIPTYQUE/UK200027147_DIPTYQUE.jpg?sw=582&sh=582,Aqua (water) - polysorbate 20 - pentylene glycol - cocamidopropyl betaine - acrylates copolymer - sodium chloride - decyl glucoside - glycerin - sodium lauroyl lactylate - coco- glucoside- glyceryl oleate - hydrolyzed sweet almond protein - hydrolyzed wheat protein - polyquaternium-10 - maltodextrin - hydrogenated palm glycerides citrate - parfum (fragrance) - limonene - hexyl cinnamal - alpha-isomethyl ionone - linalool - butylphenyl methylpropional -sodium hydroxide - citric acid - sodium benzoate - benzyl alcohol - tocopherol - tbhq - bht - caramel.,'4.3,'35
Bath & Body,Body Wash,'MUK200053158,'UK200053158,Nécessaire,The Body Wash Santal 250 ML,https://www.spacenk.com/uk/bath-body/body-cleanser/body-wash/the-body-wash-santal-MUK200053158.html?dwvar_MUK200053158_size=UK200053158&pid=MUK200053158&quantity=1,https://www.spacenk.com/dw/image/v2/ABCE_PRD/on/demandware.static/-/Sites-spacenkmastercatalog/default/dw2395e679/products/NECESSAIRE/UK200053158_NECESSAIRE.jpg?sw=582&sh=582,"""aqua/water/eau, sodium laurylglucosides hydroxypropylsulfonate, coco-glucoside, disodium cocoamphodiacetate, glycerin, sodium methyl cocoyl taurate, sodium chloride, magnesium sulfate, niacinamide, magnesium pca, zinc pca, silica, tocopherol, citric acid, caprylyl glycol, helianthus annuus (sunflower) seed oil, santalum album (sandalwood) oil, juniperus virginiana oil, fragrance (parfum), chlorphenesin, phenoxyethanol, acrylates crosspolymer-4, hydroxycitronellal, tetramethyl acetyloctahydronaphthalenes. the list of ingredients is subject to change. please consult the packaging of the product purchased.""",'4.6,'39
Bath & Body,Body Wash,'MUK200051442,'UK200051442,Byoma,Brightening Body Wash 400 ML,https://www.spacenk.com/uk/bath-body/body-cleanser/body-wash/brightening-body-wash-MUK200051442.html?dwvar_MUK200051442_size=UK200051442&pid=MUK200051442&quantity=1,https://www.spacenk.com/dw/image/v2/ABCE_PRD/on/demandware.static/-/Sites-spacenkmastercatalog/default/dw8472bbec/products/BYOMA/UK200051442_BYOMA.jpg?sw=582&sh=582,"""""""aqua (water) ammonium lauryl sulfate cocamidopropyl betaine sodium chloride sodium methyl cocoyl taurate niacinamide helianthus annuus (sunflower) seed oil betaine azelaic acid sodium benzoate glycerin rhamnose glucomannan daucus carota sativa (carrot) seed oil daucus carota sativa (carrot) root extract beta-carotene polyglycerin-6 propanediol xylitylglucoside anhydroxylitol tocopherol xylitol terminalia ferdinandiana fruit extract glucuronic acid glucose xanthan gum phenoxyethanol parfum (fragrance) potassium sorbate citric acid hydroxypropyl guar hydroxypropyltrimonium chloride styrene/acrylates copolymer coco-glucoside geraniol limonene coconut acid""""""",'4.0,'15
Bath & Body,Bath Oils,'MUK200009865,'UK200009865,Aromatherapy associates,Inner Strength Bath and Shower Oil 55 ML,https://www.spacenk.com/uk/bath-body/body-cleanser/bath-oils/inner-strength-bath-and-shower-oil-MUK200009865.html?dwvar_MUK200009865_size=UK200009865&pid=MUK200009865&quantity=1,https://www.spacenk.com/dw/image/v2/ABCE_PRD/on/demandware.static/-/Sites-spacenkmastercatalog/default/dw96c1561f/products/AROMASSOC/UK200009865_AROMASSOC.jpg?sw=582&sh=582,,'4.9,'89
Bath & Body,Bath & Body Sets,'MUK200055270,'UK200055270,Nécessaire,The Body Essentials Kit Santal ,https://www.spacenk.com/uk/bath-body/bath-body-sets/bath-body-sets/the-body-essentials-kit-santal-MUK200055270.html?dwvar_MUK200055270_size=UK200055270&pid=MUK200055270&quantity=1,https://www.spacenk.com/dw/image/v2/ABCE_PRD/on/demandware.static/-/Sites-spacenkmastercatalog/default/dw75271e71/products/NECESSAIRE/UK200055270_NECESSAIRE.jpg?sw=582&sh=582,"The body wash - santal: aqua/water/eau, sodium laurylglucosides hydroxypropylsulfonate, coco-glucoside, disodium cocoamphodiacetate, glycerin, sodium methyl cocoyl taurate, sodium chloride, magnesium sulfate, tocopherol, niacinamide, magnesium pca, zinc pca, silica, citric acid, sodium hydroxide, caprylyl glycol, helianthus annuus (sunflower) seed oil, santalum album (sandalwood) oil, juniperus virginiana oil, fragrance (parfum), chlorphenesin, phenoxyethanol, acrylates crosspolymer-4, hydroxycitronellal, tetramethyl acetyloctahydronaphthalenes. the deodorant - santal: caprylic/capric triglyceride, tapioca starch, helianthus annuus (sunflower) seed wax, polyhydroxystearic acid, ricinus communis (castor) seed oil, mandelic acid, fragrance (parfum), cocos nucifera (coconut) oil, triethyl citrate, zinc ricinoleate, santalum album (sandalwood) oil, niacinamide, panthenol, tocopherol, lactic acid, butyrospermum parkii (shea) butter, helianthus annuus (sunflower) seed oil, aqua/water/eau. the body lotion - santal: aqua/water/eau, helianthus annuus (sunflower) seed oil, glycerin, caprylic/capric triglyceride, niacinamide, shea butter glycerides, cetearyl olivate, cetearyl alcohol, glyceryl stearate, sorbitan olivate, fragrance (parfum), hexapeptide-9, palmitoyl dipeptide-5 diaminobutyroyl hydroxythreonine, palmitoyl dipeptide-5 diaminonhydroxybutyrate, palmitoyl tetrapeptide-7, palmitoyl tripeptide-1, santalum album (sandalwood) oil*, magnesium sulfate, magnesium pca, zinc pca, silica, tocopherol, linoleic acid, linolenic acid, propanediol, xanthan gum, polyacrylate crosspolymer-6, caprylhydroxamic acid, caprylyl glycol, oleic acid, palmitic acid, stearic acid, beta-caryophyllene, linalyl acetate, t-butyl alcohol, alpha-isomethyl ionone, santalol, sclareol, terpineol, tetramethyl acetyloctahydronaphthalenes, trimethylcyclopentenyl methylisopentenol, jasminum officinale oil, juniperus virginiana oil, hydroxycitronellal, pinene, vanillin, geraniol, linalool, limonene.",'4.6,'9
Bath & Body,Body Wash,'MUK200039470,'UK200039470,Aesop,Nurture Bar Soap 150 G,https://www.spacenk.com/uk/bath-body/body-cleanser/body-wash/nurture-bar-soap-MUK200039470.html?dwvar_MUK200039470_size=UK200039470&pid=MUK200039470&quantity=1,https://www.spacenk.com/dw/image/v2/ABCE_PRD/on/demandware.static/-/Sites-spacenkmastercatalog/default/dw529d6bae/products/AESOP/UK200039470_AESOP.jpg?sw=582&sh=582,"Sodium palmate, sodium palm kernelate, water (aqua), glycerin, butyrospermum parkii (shea) butter, lavandula angustifolia (lavender) oil, sodium citrate, tetrasodium glutamate diacetate, cedrus atlantica (cedarwood) bark oil, rosmarinus officinalis (rosemary) leaf oil, eugenia caryophyllus (clove) flower oil, citric acid, sodium chloride, cymbopogon schoenanthus oil, tocopherol, glycine soja (soybean) oil, linalool, eugenol, citral, limonene, geraniol.",'4.8,'10
Bath & Body,Body Wash,'MUK200039462,'UK200039462,Aesop,Refresh Body Cleansing Slab 310 G,https://www.spacenk.com/uk/bath-body/body-cleanser/body-wash/refresh-body-cleansing-slab-MUK200039462.html?dwvar_MUK200039462_size=UK200039462&pid=MUK200039462&quantity=1,https://www.spacenk.com/dw/image/v2/ABCE_PRD/on/demandware.static/-/Sites-spacenkmastercatalog/default/dwfd2cfa64/products/AESOP/UK200039462_AESOP.jpg?sw=582&sh=582,"Sodium palmate, sodium palm kernelate, water (aqua), glycerin, citrus aurantifolia (lime) oil, cananga odorata flower oil, citrus aurantium bergamia (bergamot) fruit oil, sodium citrate, tetrasodium glutamate diacetate, citric acid, sodium chloride, limonene, linalool, benzyl benzoate, benzyl salicylate, farnesol, geraniol.",'4.8,'9
Bath & Body,Body Wash,'MUK200039462,'UK200039472,Aesop,Refresh Body Cleansing Slab 150 G,https://www.spacenk.com/uk/bath-body/body-cleanser/body-wash/refresh-body-cleansing-slab-MUK200039462.html?dwvar_MUK200039462_size=UK200039472&pid=MUK200039462&quantity=1,https://www.spacenk.com/dw/image/v2/ABCE_PRD/on/demandware.static/-/Sites-spacenkmastercatalog/default/dw0c73a361/products/AESOP/UK200039472_AESOP.jpg?sw=582&sh=582,"Sodium palmate, sodium palm kernelate, water (aqua), glycerin, citrus aurantifolia (lime) oil, cananga odorata flower oil, citrus aurantium bergamia (bergamot) fruit oil, sodium citrate, tetrasodium glutamate diacetate, citric acid, sodium chloride, limonene, linalool, benzyl benzoate, benzyl salicylate, farnesol, geraniol.",'4.8,'9
Bath & Body,Body Wash,'MUK300026179,'UK300026179,Byredo,Mojave Ghost Body Wash 225 ML,https://www.spacenk.com/uk/bath-body/body-cleanser/body-wash/mojave-ghost-body-wash-MUK300026179.html?dwvar_MUK300026179_size=UK300026179&pid=MUK300026179&quantity=1,https://www.spacenk.com/dw/image/v2/ABCE_PRD/on/demandware.static/-/Sites-spacenkmastercatalog/default/dw5cf76971/products/BYREDO/UK300026179_BYREDO.jpg?sw=582&sh=582,"Aqua (water), sodium laureth sulfate, parfum (fragrance), cocamidopropyl betaine, glycerin, xylitol, peg-7 glyceryl cocoate, peg-55 propylene glycol oleate, propylene glycol, decyl glucoside, ppg-26-buteth-26, dipropylene glycol, peg-40 hydrogenated castor oil, peg-200 hydrogenated glyceryl palmate, sodium chloride, sodium benzoate, hydroxypropyl guar hydroxypropyltrimonium chloride, ethylhexyl methoxycinnamate, citric acid, disodium edta, butylphenyl methylpropional, butyl methoxydibenzoylmethane, alpha-isomethyl ionone, limonene, bht.",'4.7,'46
Bath & Body,Bath Salts,'MUK200031905,'UK200031905,Bamford,Geranium Bath Salts 250 G,https://www.spacenk.com/uk/bath-body/body-cleanser/bath-salts/geranium-bath-salts-MUK200031905.html?dwvar_MUK200031905_size=UK200031905&pid=MUK200031905&quantity=1,https://www.spacenk.com/dw/image/v2/ABCE_PRD/on/demandware.static/-/Sites-spacenkmastercatalog/default/dwc74d3732/products/BAMFORD/UK200031905_BAMFORD.jpg?sw=582&sh=582,"Maris sal, sodium chloride, magnesium sulfate heptahydrate, lac powder, eucalyptus globulus (eucalyptus) leaf oil, lavandula angustifolia (lavender) flower oil, pelargonium graveolens (geranium) flower oil, mentha piperita (peppermint) leaf oil, lavandula hybrida (lavandin) flower oil, dipteryx odorata (tonka) bean extract,linalool, citronellol, limonene, geraniol, citral, coumarin. contains 100% natural ingridients",'4.8,'8
Bath & Body,Body Wash,'MUK200025851,'UK200025851,Malin + goetz,Eucalyptus Hand + Body Wash 250 ML,https://www.spacenk.com/uk/bath-body/body-cleanser/body-wash/eucalyptus-hand-body-wash-MUK200025851.html?dwvar_MUK200025851_size=UK200025851&pid=MUK200025851&quantity=1,https://www.spacenk.com/dw/image/v2/ABCE_PRD/on/demandware.static/-/Sites-spacenkmastercatalog/default/dwe2fc88f3/products/MALIN_GO/UK200025851_MALIN_GO.jpg?sw=582&sh=582,"Water/aqua/eau, ammonium lauryl sulfate, sodium laureth sulfate, glycerin, cocamide mipa, phenoxyethanol, polyquaternium-10, eucalyptus globulus leaf oil, citric acid, sodium benzoate, potassium sorbate, disodium edta, polyquaternium-7, sodium citrate, eucalyptus globulus leaf extract, citrus limon (lemon) fruit extract, citrus aurantium dulcis (orange) fruit extract, sodium pca, sodium lactate, arginine, aspartic acid, pca, glycine, alanine, serine, valine, threonine, proline, isoleucine, phenylalanine, histidine, limonene.",'4.5,'17
Bath & Body,Body Wash,'MUK200025895,'UK200025895,Ouai,Body Cleanser 300 ML,https://www.spacenk.com/uk/bath-body/body-cleanser/body-wash/body-cleanser-MUK200025895.html?dwvar_MUK200025895_size=UK200025895&pid=MUK200025895&quantity=1,https://www.spacenk.com/dw/image/v2/ABCE_PRD/on/demandware.static/-/Sites-spacenkmastercatalog/default/dw34825e71/products/OUAI/UK200025895_OUAI.jpg?sw=582&sh=582,"Aqua (water, eau), sodium c14-16 olefin sulfonate, glycerin, cocamidopropyl betaine, sodium methyl cocoyl taurate, peg-40 hydrogenated castor oil, peg-150 pentaerythrityl tetrastearate, acrylates copolymer, simmondsia chinensis (jojoba) seed oil, rosa canina fruit oil, lactobacillus ferment, sodium hyaluronate, sodium hydroxide, benzophenone-4, cocamide mipa, disodium edta, hydroxyacetophenone, peg-6 caprylic/capric glycerides, polyquaternium-7, polysorbate 20, tocopherol, ethylhexylglycerin, sodium chloride, sodium benzote, phenoyxethanol, fragrance (parfum), limonene, citronellol, hydroxycitronellal, linalool, ext violet 2 (ci 60730)",'4.3,'91
Bath & Body,Body Wash,'MUK200024002,'UK200024002,Byredo,Rose of No Man’s Land Body Wash 225 ML,https://www.spacenk.com/uk/bath-body/body-cleanser/body-wash/rose-of-no-mans-land-body-wash-MUK200024002.html?dwvar_MUK200024002_size=UK200024002&pid=MUK200024002&quantity=1,https://www.spacenk.com/dw/image/v2/ABCE_PRD/on/demandware.static/-/Sites-spacenkmastercatalog/default/dwb1d7db19/products/BYREDO/UK200024002_BYREDO.jpg?sw=582&sh=582,,'4.7,'20
Bath & Body,Body Wash,'MUK200056647,'UK200056647,Nécessaire,The Body Wash Fragrance Free 250 ML,https://www.spacenk.com/uk/bath-body/body-cleanser/body-wash/the-body-wash-fragrance-free-MUK200056647.html?dwvar_MUK200056647_size=UK200056647&pid=MUK200056647&quantity=1,https://www.spacenk.com/dw/image/v2/ABCE_PRD/on/demandware.static/-/Sites-spacenkmastercatalog/default/dw172a515f/products/NECESSAIRE/UK200056647_NECESSAIRE.jpg?sw=582&sh=582,Niacinamide: helps strengthen the skin barrier. 5 essential ceramides (ag | ap | eop | ng | np): help repair the skin barrier function. hyaluronic acid (7 molecular weights): helps to deeply hydrate the skin at multiple layers.,'4.7,'6
Bath & Body,Body Wash,'MUK200018329,'UK200018329,Mauli,Reawaken Hand & Body Wash 250 ML,https://www.spacenk.com/uk/bath-body/body-cleanser/body-wash/reawaken-hand-body-wash-MUK200018329.html?dwvar_MUK200018329_size=UK200018329&pid=MUK200018329&quantity=1,https://www.spacenk.com/dw/image/v2/ABCE_PRD/on/demandware.static/-/Sites-spacenkmastercatalog/default/dw0e63314d/products/MAULI/UK200018329_MAULI.jpg?sw=582&sh=582,,'4.3,'27
Bath & Body,Bath & Body Sets,'MUK200038339,'UK200038339,Space nk,Nordic Wilds Body Duo 1000 ML,https://www.spacenk.com/uk/bath-body/bath-body-sets/bath-body-sets/nordic-wilds-body-duo-MUK200038339.html?dwvar_MUK200038339_size=UK200038339&pid=MUK200038339&quantity=1,https://www.spacenk.com/dw/image/v2/ABCE_PRD/on/demandware.static/-/Sites-spacenkmastercatalog/default/dw7b4804cb/products/NK/UK200038339_NK.jpg?sw=582&sh=582,"Body wash/nettoyant pour le corps ingredients: aqua (water/eau), cocamidopropyl betaine, laureth-4, disodium cocoamphodiacetate, sodium lauroyl sarcosinate, sodium chloride, glycerin, citric acid, parfum (fragrance), sodium benzoate, potassium sorbate, betula alba juice, propanediol, galactoarabinan, disodium edta, centella asiatica extract, albatrellus confluens extract, phenoxyethanol, chlorphenesin, rhodiola rosea root extract. allergens: coumarin. geraniol. limonene. linalool. body lotion/lotion pour le corps ingredients: aqua (water/eau), prunus amygdalus dulcis (sweet almond) oil, caprylic/capric triglyceride, glycerin, cetearyl alcohol, butyrospermum parkii (shea) butter, arachidyl alcohol, cetyl alcohol, phenoxyethanol, behenyl alcohol, parfum (fragrance), arachidyl glucoside, helianthus annuus (sunflower) seed oil, carbomer, xanthan gum, ethylhexylglycerin, sodium hydroxide, betula alba juice, galactoarabinan, disodium edta, propanediol, centella asiatica extract, glucose, albatrellus confluens extract, chlorphenesin, rhodiola rosea root extract, citric acid, ascorbyl palmitate, potassium sorbate. allergens: citral. coumarin. eugenol. geraniol. hydroxycitronellal. limonene. linalool.",'4.7,'17
Bath & Body,Body Wash,'MUK200050700,'UK200050700,Joonbyrd,Moon Swim Body Wash 350 ML,https://www.spacenk.com/uk/bath-body/body-cleanser/body-wash/moon-swim-body-wash-MUK200050700.html?dwvar_MUK200050700_size=UK200050700&pid=MUK200050700&quantity=1,https://www.spacenk.com/dw/image/v2/ABCE_PRD/on/demandware.static/-/Sites-spacenkmastercatalog/default/dwc143a56e/products/JOONBYRD/UK200050700_JOONBYRD.jpg?sw=582&sh=582,"Aqua/water/eau, sodium c14-16 olefin sulfonate, decyl glucoside, cocamidopropyl betaine, glycerin, polysorbate 20, isostearamide mipa, parfum (fragrance), sodium cocoyl glutamate, tocopherol, sodium hyaluronate, inulin, withania somnifera root extract, morinda citrifolia fruit extract, camellia sinensis leaf extract, coffea arabica (coffee) seed extract, euterpe oleracea fruit extract, garcinia mangostana fruit extract, punica granatum (pomegranate) fruit extract, ethylhexylglycerin, glyceryl laurate, arginine levulinate, disodium edta, phenoxyethanol, sodium chloride, potassium sorbate, citric acid, sodium hydroxide, caramel, ci 17200 (red 33).",'4.1,'145
Bath & Body,Body Wash,'MUK200050700,'UK200051049,Joonbyrd,Moon Swim Body Wash 50 ML,https://www.spacenk.com/uk/bath-body/body-cleanser/body-wash/moon-swim-body-wash-MUK200050700.html?dwvar_MUK200050700_size=UK200051049&pid=MUK200050700&quantity=1,https://www.spacenk.com/dw/image/v2/ABCE_PRD/on/demandware.static/-/Sites-spacenkmastercatalog/default/dwb5c26440/products/JOONBYRD/UK200051049_JOONBYRD.jpg?sw=582&sh=582,"Aqua/water/eau, sodium c14-16 olefin sulfonate, decyl glucoside, cocamidopropyl betaine, glycerin, polysorbate 20, isostearamide mipa, parfum (fragrance), sodium cocoyl glutamate, tocopherol, sodium hyaluronate, inulin, withania somnifera root extract, morinda citrifolia fruit extract, camellia sinensis leaf extract, coffea arabica (coffee) seed extract, euterpe oleracea fruit extract, garcinia mangostana fruit extract, punica granatum (pomegranate) fruit extract, ethylhexylglycerin, glyceryl laurate, arginine levulinate, disodium edta, phenoxyethanol, sodium chloride, potassium sorbate, citric acid, sodium hydroxide, caramel, ci 17200 (red 33).",'4.1,'145
Bath & Body,Body Wash,'MUK200056072,'UK200056072,Laura mercier,Ambre Vanille Hydrating Body Wash 20,https://www.spacenk.com/uk/bath-body/body-cleanser/body-wash/ambre-vanille-hydrating-body-wash-MUK200056072.html?dwvar_MUK200056072_size=UK200056072&pid=MUK200056072&quantity=1,https://www.spacenk.com/dw/image/v2/ABCE_PRD/on/demandware.static/-/Sites-spacenkmastercatalog/default/dw00ac6d1a/products/LAURA_MERC/UK200056072_LAURA_MERC.jpg?sw=582&sh=582,"Water (aqua/eau), cocamidopropyl hydroxysultaine, sodium cocoyl glutamate, glycerin, acrylates copolymer, peg-150 pentaerythrityl tetrastearate, fragrance (parfum), polysorbate 20, citric acid, peg-6 caprylic/capric glycerides, betaine, pyrus malus (apple) fruit extract, benzyl alcohol, methyl gluceth-20, glycol distearate, polyquaternium-10, borago officinalis seed oil, prunus domestica seed oil, olea europaea (olive) fruit oil, sea water (maris aqua/eau de mer), dehydroacetic acid, glycol stearate, tetrasodium glutamate diacetate, propanediol, glycol, myrtus communis leaf extract, olea europaea (olive) leaf extract, porphyridium cruentum extract, coumarin, anise alcohol. water (aqua/eau), cocamidopropyl hydroxysultaine, sodium cocoyl glutamate, glycerin, acrylates copolymer, peg-150 pentaerythrityl tetrastearate, fragrance (parfum), polysorbate 20, citric acid, peg-6 caprylic/capric glycerides, betaine, pyrus malus (apple) fruit extract, methyl gluceth-20, glycol distearate, polyquaternium-10, borago officinalis seed oil, prunus domestica seed oil, olea europaea (olive) fruit oil, sea water (maris aqua/eau de mer), dehydroacetic acid, glycol stearate, tetrasodium glutamate diacetate, propanediol, glycol, myrtus communis leaf extract, olea europaea (olive) leaf extract, porphyridium cruentum extract, benzyl alcohol, benzyl salicylate, limonene. water (aqua/eau), cocamidopropyl hydroxysultaine, sodium cocoyl glutamate, glycerin, acrylates copolymer, peg-150 pentaerythrityl tetrastearate, fragrance (parfum), polysorbate 20, citric acid, peg-6 caprylic/capric glycerides, betaine, pyrus malus (apple) fruit extract, benzyl alcohol, methyl gluceth-20, glycol distearate, polyquaternium-10, borago officinalis seed oil, prunus domestica seed oil, olea europaea (olive) fruit oil, sea water (maris aqua/eau de mer), dehydroacetic acid, glycol stearate, tetrasodium glutamate diacetate, propanediol, glycol, myrtus communis leaf extract, olea europaea (olive) leaf extract, porphyridium cruentum extract, limonene, benzyl salicylate, citral, linalool, hydroxycitronellal, citronellol.",'4.9,'7
Bath & Body,Bath & Body Sets,'MUK200055267,'UK200055267,Nécessaire,The Body Essentials Eucalyptus ,https://www.spacenk.com/uk/bath-body/bath-body-sets/bath-body-sets/the-body-essentials-eucalyptus-MUK200055267.html?dwvar_MUK200055267_size=UK200055267&pid=MUK200055267&quantity=1,https://www.spacenk.com/dw/image/v2/ABCE_PRD/on/demandware.static/-/Sites-spacenkmastercatalog/default/dwc16b361c/products/NECESSAIRE/UK200055267_NECESSAIRE.jpg?sw=582&sh=582,"The body wash - eucalyptus: aqua/water/eau, sodium laurylglucosides hydroxypropylsulfonate, caprylyl/capryl glucoside, disodium cocoamphodiacetate, glycerin, sodium chloride, sodium methyl cocoyl taurate, niacinamide, tocopherol, saccharum officinarum (sugar cane) extract, pyrus malus (apple) fruit extract, citrus aurantium dulcis (orange) fruit extract, citrus limon (lemon) fruit extract, camellia sinensis leaf extract, sclerocarya birrea seed oil, caryodendron orinocense seed oil, limnanthes alba (meadowfoam) seed oil, caprylyl glycol, phenoxyethanol, citric acid, chlorphenesin, sodium phytate, eucalyptus globulus (eucalyptus) leaf oil, lavandula angustifolia (lavender) oil, abies sibirica (siberian fir) oil, zingiber officinale (ginger) root oil, citrus aurantium dulcis (orange) peel oil, pogostemon cablin (patchouli) oil, limonene, linalool. the deodorant - eucalyptus: caprylic/capric triglyceride, tapioca starch, helianthus annuus (sunflower) seed wax, polyhydroxystearic acid, ricinus communis (castor) seed oil, mandelic acid, fragrance (parfum), cocos nucifera (coconut) oil, triethyl citrate, zinc ricinoleate, eucalyptus globulus (eucalyptus) leaf oil, niacinamide,panthenol, tocopherol, lactic acid, lavandula angustifolia (lavender) oil, abies sibirica (siberian fir) oil, zingiber officinale (ginger) root oil, citrus aurantium dulcis (orange) peel oil, pogostemon cablin (patchouli) oil, butyrospermum parkii (shea) butter, helianthus annuus (sunflower) seed oil, aqua/water/eau. the body lotion - eucalyptus: aqua/water/eau, helianthus annuus (sunflower) seed oil, glycerin, caprylic/capric triglyceride, niacinamide, shea butter glycerides, cetearyl olivate, cetearyl alcohol, glyceryl stearate, sorbitan olivate, fragrance (parfum), acetyl heptapeptide-4, palmitoyl dipeptide-5 diaminobutyroyl hydroxythreonine, palmitoyl dipeptide-5 diaminonhydroxybutyrate, palmitoyl tetrapeptide-7, palmitoyl tripeptide-1, eucalyptus globulus (eucalyptus) leaf oil, sclerocarya birrea seed oil, caryodendron orinocense seed oil, limnanthes alba (meadowfoam) seed oil, tocopherol, linoleic acid, linolenic acid, propanediol, xanthan gum, polyacrylate crosspolymer-6, caprylhydroxamic acid, caprylyl glycol, oleic acid, palmitic acid, stearic acid, lavandula angustifolia (lavender) oil, abies sibirica (siberian fir) oil, zingiber officinale (ginger) root oil, citrus aurantium dulcis (orange) peel oil, pogostemon cablin (patchouli) oil, limonene, linalool, citric acid.",'4.5,'8
Bath & Body,Scrubs & Exfoliants,'MUK200033867,'UK200033867,Kate somerville,ExfoliKate Resurfacing Body Scrub 12,https://www.spacenk.com/uk/bath-body/body-cleanser/scrubs-exfoliants/exfolikate-resurfacing-body-scrub-MUK200033867.html?dwvar_MUK200033867_size=UK200033867&pid=MUK200033867&quantity=1,https://www.spacenk.com/dw/image/v2/ABCE_PRD/on/demandware.static/-/Sites-spacenkmastercatalog/default/dw2aeb48d0/products/KATE_SOMER/UK200033867_KATE_SOMER.jpg?sw=582&sh=582,"Aqua/water/eau, pumice, lactic acid, glycine soja (soybean) oil, sodium cocoyl isethionate, glycerin, cetearyl alcohol, sodium hydroxide, stearyl alcohol, capryloyl glycerin/sebacic acid copolymer, glyceryl stearate, 1,2-hexandiol, caffeine, lactobacillus/pumpkin fruit ferment filtrate, leuconostoc/radish root ferment filtrate, aloe barbadensis leaf extract, bromelain, papain, mel/honey/miel, sodium acrylate/sodium acryloyldimethyl taurate copolymer, salicylic acid, polyisobutene, maltodextrin, coconut acid, sodium isethionate, lavandula angustifolia (lavender) oil, ceteareth-20, caprylyl/capryl glucoside, peg-40 stearate, aniba rosodora (rosewood) wood oil, citrus aurantium bergamia (bergamot) fruit oil, pelargonium graveolens flower oil, citrus aurantium dulcis (orange) peel oil, sorbitan oleate, potassium sorbate, xanthan gum, disodium edta, phenoxyethanol, ethylhexylglycerin, citric acid, limonene, linalool, ci 75810 (chlorophyllin-copper complex)",'4.4,'84
Bath & Body,Handwash,'MUK200054847,'UK200054847,Neom,Hand Wash Real Luxury 300 ML,https://www.spacenk.com/uk/bath-body/body-cleanser/handwash/hand-wash-real-luxury-MUK200054847.html?dwvar_MUK200054847_size=UK200054847&pid=MUK200054847&quantity=1,https://www.spacenk.com/dw/image/v2/ABCE_PRD/on/demandware.static/-/Sites-spacenkmastercatalog/default/dw9e7d8ac9/products/NEOM/UK200054847_NEOM.jpg?sw=582&sh=582,"Aqua (water/eau), sodium coco-sulfate, cocamidopropyl betaine, caprylyl/capryl glucoside, decyl glucoside, linalool, parfum (fragrance)*, citric acid, glycerin, sodium benzoate, aloe barbadensis leaf juice powder, cocoglucoside, glyceryl oleate, sodium gluconate, limonene, cocos nucifera (coconut) water, citronellol, geraniol, eugenol, benzyl benzoate, citral, sodium chloride, fucus vesiculosus extract, leuconostoc/radish root ferment filtrate, benzyl alcohol, sodium hydroxide, maltodextrin, hydrolyzed gardenia florida extract, tocopherol, hydrogenated palm glycerides citrate. *made with 100% natural essential oils. 97% naturally derived ingredients. natural colour""",'4.7,'6
Bath & Body,Body Wash,'MUK200009857,'UK200009857,This works,Deep Sleep Shower Gel 250 ML,https://www.spacenk.com/uk/bath-body/body-cleanser/body-wash/deep-sleep-shower-gel-MUK200009857.html?dwvar_MUK200009857_size=UK200009857&pid=MUK200009857&quantity=1,https://www.spacenk.com/dw/image/v2/ABCE_PRD/on/demandware.static/-/Sites-spacenkmastercatalog/default/dw33b124bc/products/THIS_WORKS/UK200009857_THIS_WORKS.jpg?sw=582&sh=582,"Aqua (water), acrylates crosspolymer-x, cocamidopropyl betaine, polysorbate 20, sodium lauroyl oat amino acids, lavandula angustifolia (lavender) oil, phenoxyethanol, pogostemon cablin oil, cinnamomum camphora (ho wood) oil, vetiveria zizanoids (vetivert) oil, ormensis mixta (chamomile) oil, benzyl alcohol, disodium edta, panthenol, citric acid, sodium hydroxide, ethylhexylglycerin, linalool, geraniol, limonene",'4.0,'45
Bath & Body,Body Wash,'MUK200053159,'UK200053159,Nécessaire,The Body Wash Hinoki 250 ML,https://www.spacenk.com/uk/bath-body/body-cleanser/body-wash/the-body-wash-hinoki-MUK200053159.html?dwvar_MUK200053159_size=UK200053159&pid=MUK200053159&quantity=1,https://www.spacenk.com/dw/image/v2/ABCE_PRD/on/demandware.static/-/Sites-spacenkmastercatalog/default/dw8a7b5b05/products/NECESSAIRE/UK200053159_NECESSAIRE.jpg?sw=582&sh=582,"""aqua/water/eau, sodium laurylglucosides hydroxypropylsulfonate, coco-glucoside, disodium cocoamphodiacetate, glycerin, sodium methyl cocoyl taurate, sodium chloride, sodium hydroxide, lactic acid, glycolic acid, mandelic acid, salicylic acid, gluconolactone, niacinamide, tocopherol, caprylyl glycol, sodium benzoate, chamaecyparis obtusa wood oil, polygonum cuspidatum root extract, fragrance (parfum), chlorphenesin, phenoxyethanol, acrylates crosspolymer-4, benzyl salicylate, linalool, tetramethyl acetyloctahydronaphthalenes. the list of ingredients is subject to change. please consult the packaging of the product purchased.""",'3.8,'13
Bath & Body,Body Wash,'MUK200051444,'UK200051444,Byoma,Sensitive Body Wash 400 ML,https://www.spacenk.com/uk/bath-body/body-cleanser/body-wash/sensitive-body-wash-MUK200051444.html?dwvar_MUK200051444_size=UK200051444&pid=MUK200051444&quantity=1,https://www.spacenk.com/dw/image/v2/ABCE_PRD/on/demandware.static/-/Sites-spacenkmastercatalog/default/dw1e4bba47/products/BYOMA/UK200051444_BYOMA.jpg?sw=582&sh=582,"""""""aqua (water) cocamidopropyl betaine glycerin urea sodium methyl cocoyl taurate acrylates copolymer panthenol avena sativa (oat) kernel flour phenoxyethanol hippophae rhamnoides (seabuckthorn) fruit oil sodium benzoate calendula officinalis flower styrene/acrylates copolymer sodium chloride rhamnose xanthan gum allantoin glucomannan xylitylglucoside sodium hydroxide helianthus annuus (sunflower) seed oil potassium sorbate anhydroxylitol coco-glucoside xylitol glucuronic acid coconut acid glucose inulin citric acid lecithin propanediol""""""",'4.7,'14
Bath & Body,Bath Salts,'MUK200052091,'UK200052091,Olverum,Bath Salts Refill 400 G,https://www.spacenk.com/uk/bath-body/body-cleanser/bath-salts/bath-salts-refill-MUK200052091.html?dwvar_MUK200052091_size=UK200052091&pid=MUK200052091&quantity=1,https://www.spacenk.com/dw/image/v2/ABCE_PRD/on/demandware.static/-/Sites-spacenkmastercatalog/default/dw22ca2588/products/OLVERUM/UK200052091_OLVERUM.jpg?sw=582&sh=582,"Maris sal (sea salt), sodium chloride, maltodextrin, persea gratissima (avocado) oil, abies sibirica (siberian fir) needle oil, lavandula hybrida (lavandin) oil, eucalyptus globulus (eucalyptus) leaf oil, citrus limon (lemon) peel oil, rosmarinus officinalis (rosemary) leaf oil, litsea cubeba (exotic verbena) fruit oil, lavandula angustifolia (lavender) oil, citrus aurantifolia (lime) oil, juniperus communis (juniper) fruit oil, pelargonium graveolens (geranium flower) oil, helianthus annuus seed oil, tocopherol, **parfum (fragrance), citral*, limonene*, linalool* *components of natural essential oil ** refers to natural essential oils""",'5.0,'2
Bath & Body,Bath Salts,'MUK200035275,'UK200035275,Susanne kaufmann,St John's Wort Bath 400 G,https://www.spacenk.com/uk/bath-body/body-cleanser/bath-salts/st-johns-wort-bath-MUK200035275.html?dwvar_MUK200035275_size=UK200035275&pid=MUK200035275&quantity=1,https://www.spacenk.com/dw/image/v2/ABCE_PRD/on/demandware.static/-/Sites-spacenkmastercatalog/default/dw0faf436a/products/SUSANNE_K/UK200035275_SUSANNE_K.jpg?sw=582&sh=582,"Sodium bicarbonate, zea mays (corn) starch, citric acid, olea europaea (olive) fruit oil, theobroma cacao (cocoa) seed butter, parfum, sodium citrate, hypericum perforatum flower/leaf extract, beta vulgaris (beet) extract, cyamopsis tetragonoloba (guar) gum, hydrolyzed milk protein, magnesium stearate, xanthan gum, maltodextrin.",'4.8,'31
Bath & Body,Scrubs & Exfoliants,'MUK200051766,'UK200051766,Dedcool,Xtra Milk Dryer Sheets ,https://www.spacenk.com/uk/bath-body/body-cleanser/scrubs-exfoliants/xtra-milk-dryer-sheets-MUK200051766.html?dwvar_MUK200051766_size=UK200051766&pid=MUK200051766&quantity=1,https://www.spacenk.com/dw/image/v2/ABCE_PRD/on/demandware.static/-/Sites-spacenkmastercatalog/default/dw28d9d63f/products/DEDCOOL/UK200051766_DEDCOOL.jpg?sw=582&sh=582,Contains fabric softening agents (cationic and nonionic types) and fragrance in a non-woven sheet.,'5.0,'1
Bath & Body,Body Wash,'MUK200019381,'UK200019381,Diptyque,Do Son Shower Oil 200 ML,https://www.spacenk.com/uk/bath-body/body-cleanser/body-wash/do-son-shower-oil-MUK200019381.html?dwvar_MUK200019381_size=UK200019381&pid=MUK200019381&quantity=1,https://www.spacenk.com/dw/image/v2/ABCE_PRD/on/demandware.static/-/Sites-spacenkmastercatalog/default/dw71f0b635/products/DIPTYQUE/UK200019381_DIPTYQUE.jpg?sw=582&sh=582,"Ricinus communis (castor) seed oil, mipa-laureth sulfate, laureth-4, prunus armeniaca (apricot) kernel oil, parfum (frarance), oleic/linoleic/linolenic polyglycerides, propylene glycol, linalool, helianthus annuus (sunflower) seed oil, bht, tocopherol",'4.4,'79
Bath & Body,Body Wash,'MUK200032582,'UK200032582,Maison margiela,Replica Lazy Sunday Morning Shower Gel 200 ML,https://www.spacenk.com/uk/bath-body/body-cleanser/body-wash/replica-lazy-sunday-morning-shower-gel-MUK200032582.html?dwvar_MUK200032582_size=UK200032582&pid=MUK200032582&quantity=1,https://www.spacenk.com/dw/image/v2/ABCE_PRD/on/demandware.static/-/Sites-spacenkmastercatalog/default/dwe79c1215/products/MAISON_M/UK200032582_MAISON_M.jpg?sw=582&sh=582,Aqua / water • sodium laureth sulfate • glycerin • parfum / fragrance • coco-betaine • oleth-20 • ppg-5-ceteth-20 • sodium chloride • sodium benzoate • sodium hydroxide • citric acid • peg-55 propylene glycol oleate • salicylic acid • propylene glycol • trisodium ethylenediamine disuccinate • peg-150 distearate • polyquaternium-7 • benzyl alcohol • geraniol • citronellol • linalool • cinnamyl alcohol • hydroxycitronellal • ci 60730 / ext. violet 2,'4.3,'16
Bath & Body,Body Wash,'MUK200038318,'UK200038318,Space nk,Parisian Gardens Bubble Bath 500 ML,https://www.spacenk.com/uk/bath-body/body-cleanser/body-wash/parisian-gardens-bubble-bath-MUK200038318.html?dwvar_MUK200038318_size=UK200038318&pid=MUK200038318&quantity=1,https://www.spacenk.com/dw/image/v2/ABCE_PRD/on/demandware.static/-/Sites-spacenkmastercatalog/default/dw8d569c4b/products/NK/UK200038318_NK.jpg?sw=582&sh=582,"Aqua (water/eau), butyrospermum parkii (shea) butter, glycerin, cetearyl alcohol, vitis vinifera (grape) seed oil, caprylic/capric triglyceride, cetyl alcohol, arachidyl alcohol, phenoxyethanol, behenyl alcohol, arachidyl glucoside, carbomer, xanthan gum, parfum (fragrance), ethylhexylglycerin, moringa oleifera seed oil, sodium hydroxide, sambucus nigra flower extract, avena sativa (oat) kernel oil, glucose, chamomilla recutita (matricaria) flower extract, citric acid, sodium benzoate, potassium sorbate. allergens: citronellol. geraniol. hexyl cinnamal. hydroxycitronellal. limonene. linalool. alpha-isomethyl ionone.",'4.4,'46
Bath & Body,Body Wash,'MUK200054273,'UK200054273,Nécessaire,The Body Wash Pump Hinoki 500 ML,https://www.spacenk.com/uk/bath-body/body-cleanser/body-wash/the-body-wash-pump-hinoki-MUK200054273.html?dwvar_MUK200054273_size=UK200054273&pid=MUK200054273&quantity=1,https://www.spacenk.com/dw/image/v2/ABCE_PRD/on/demandware.static/-/Sites-spacenkmastercatalog/default/dw8f93b60d/products/NECESSAIRE/UK200054273_NECESSAIRE.jpg?sw=582&sh=582,"""aqua/water/eau, sodium laurylglucosides hydroxypropylsulfonate, coco-glucoside, disodium cocoamphodiacetate, glycerin, sodium methyl cocoyl taurate, sodium chloride, sodium hydroxide, lactic acid, glycolic acid, mandelic acid, salicylic acid, gluconolactone, niacinamide, tocopherol, caprylyl glycol, sodium benzoate, chamaecyparis obtusa wood oil, polygonum cuspidatum root extract, fragrance (parfum), chlorphenesin, phenoxyethanol, acrylates crosspolymer-4, benzyl salicylate, linalool, tetramethyl acetyloctahydronaphthalenes. the list of ingredients is subject to change. please consult the packaging of the product purchased.""",'3.7,'14
Bath & Body,Bath Oils,'MUK200028198,'UK200028198,Aromatherapy associates,Rose Bath & Shower Oil 55 ML,https://www.spacenk.com/uk/bath-body/body-cleanser/bath-oils/rose-bath-shower-oil-MUK200028198.html?dwvar_MUK200028198_size=UK200028198&pid=MUK200028198&quantity=1,https://www.spacenk.com/dw/image/v2/ABCE_PRD/on/demandware.static/-/Sites-spacenkmastercatalog/default/dwf6b1f013/products/AROMASSOC/UK200028198_AROMASSOC.jpg?sw=582&sh=582,"Caprylic/capric triglyceride, pelargonium graveolens (geranium) oil, limonene*, citronellol*, cananga odorata (ylang ylang) flower oil, geraniol*, citrus grandis (grapefruit) peel oil, cymbopogon martini (palmarosa) oil, linalool*, citrus aurantium dulcis (orange) peel oil, parfum**, citrus aurantium amara (bitter orange) leaf/twig oil, citrus aurantium bergamia (bergamot) peel oil, rosa damascena (rose) flower oil, vetiveria zizanoides (vetivert) root oil, benzyl benzoate*, citral*, cinnamomum camphora linalooliferum (ho) wood oil, lavandula angustifolia (lavender) oil, citrus limon (lemon) peel oil, cymbopogon citratus (lemongrass) leaf oil, pogostemon cablin (patchouli) leaf oil*, mentha piperita (peppermint) oil, farnesol*, benzyl salicylate*, schinus molle (pink pepper) oil, artemisia pallens (davana) flower oil, boswellia carterii (frankincense) oil, benzyl alcohol*, benzyl cinnamate*. *natural essential oil contents**natural plant extracts",'4.6,'67
Bath & Body,Scrubs & Exfoliants,'MUK200054238,'UK200054238,Ouai,Scalp and Body Scrub Melrose Place Travel Size 96 ,https://www.spacenk.com/uk/bath-body/body-cleanser/scrubs-exfoliants/scalp-and-body-scrub-melrose-place-travel-size-MUK200054238.html?dwvar_MUK200054238_size=UK200054238&pid=MUK200054238&quantity=1,https://www.spacenk.com/dw/image/v2/ABCE_PRD/on/demandware.static/-/Sites-spacenkmastercatalog/default/dwf88671b3/products/OUAI/UK200054238_OUAI.jpg?sw=582&sh=582,"Sucrose, aqua (water, eau), sodium lauroyl methyl isethionate, glycerin, cocamide mea, propanediol, peg-100 stearate, glyceryl stearate, silica, sodium lauroamphoacetate, prunus amygdalus dulcis (sweet almond) oil, c12-15 alkyl benzoate, cocos nucifera (coconut) oil, epilobium angustifolium flower/leaf/stem extract, apium graveolens (celery) seed extract, panthenol, aloe barbadensis leaf juice, caprylyl glycol, caprylic/capric triglyceride, peg-150 distearate, cocamide mipa, trisodium ethylenediamine disuccinate, lactobacillus ferment lysate, leuconostoc/radish root ferment filtrate, pentaerythrityl tetra-di-t-butyl hydroxyhydrocinnamate, tocopheryl acetate, phenoxyethanol, citric acid, sodium benzoate, sodium metabisulfite, sodium hydroxide, potassium sorbate, parfum (fragrance), linalool, citronellol.",'4.4,'9
Bath & Body,Body Wash,'MUK200055971,'UK200055971,Uni,Skin Shield Body Wash 375 ML,https://www.spacenk.com/uk/bath-body/body-cleanser/body-wash/skin-shield-body-wash-MUK200055971.html?dwvar_MUK200055971_size=UK200055971&pid=MUK200055971&quantity=1,https://www.spacenk.com/dw/image/v2/ABCE_PRD/on/demandware.static/-/Sites-spacenkmastercatalog/default/dwc2baba0f/products/UNI/UK200055971_UNI.jpg?sw=582&sh=582,"Water (aqua) glycerin (organic) aloe barbadensis leaf juice (aloe vera) pyrus malus (apple) fruit extract betaine acrylates copolymer glyceryl laurate sodium lauroyl methyl isethionate propanediol caprylhydroxamic acid caprylyl glyceryl ether citrus aurantifolia (lime) fruit extract decyl glucoside tasmanian sea kelp bladderwrack seaweed (fucus vesiculosus extract) red macroalga (kappaphycus alvarezii extract) leuconostoc/radish root ferment filtrate (radish root) olea europaea fruit oil polyglyceryl-4 caprate polyglyceryl-6 caprylate sea water sodium chloride sodium hydroxide sodium lauroyl glycinate sodium pca australian kakadu plum trisodium ethylenediamine disuccinate 2,6-dimethyl-7-octen-2-ol alpha ionone anthemis nobilis (roman chamomile) flower oil beta ionone camphor cis-3-hexenyl acetate citrus aurantium dulcis (orange) peel oil commiphora myrrha oil decanal dodecahydro-tetramethylnaphthofuran ferula galbaniflua (galbanum) resin oil fusanus spicatus (sandalwood) oil gamma octalactone juniperus mexicana (cedar) oil lauraldehyde lavandula angustifolia (lavender) oil methyl benzoate methylbenzyl acetate non-2-enal pelargonium graveolens (geranium) oil phenethyl alcohol rose ketone-4 salvia sclarea (clary sage) oil schinus molle oil thuja plicata (western red cedar) wood oil triethyl citrate undecylenal",'4.4,'280
Bath & Body,Body Wash,'MUK200012852,'UK200012852,Malin + goetz,Cannabis Hand + Body Wash 250 ML,https://www.spacenk.com/uk/bath-body/body-cleanser/body-wash/cannabis-hand-body-wash-MUK200012852.html?dwvar_MUK200012852_size=UK200012852&pid=MUK200012852&quantity=1,https://www.spacenk.com/dw/image/v2/ABCE_PRD/on/demandware.static/-/Sites-spacenkmastercatalog/default/dw0b377233/products/MALIN_GO/UK200012852_MALIN_GO.jpg?sw=582&sh=582,,'4.7,'15
Bath & Body,Handwash,'MUK200054846,'UK200054846,Neom,Hand Wash Great Day 300 ML,https://www.spacenk.com/uk/bath-body/body-cleanser/handwash/hand-wash-great-day-MUK200054846.html?dwvar_MUK200054846_size=UK200054846&pid=MUK200054846&quantity=1,https://www.spacenk.com/dw/image/v2/ABCE_PRD/on/demandware.static/-/Sites-spacenkmastercatalog/default/dwed75c529/products/NEOM/UK200054846_NEOM.jpg?sw=582&sh=582,"Aqua (water/eau), sodium coco-sulfate, caprylyl/capryl glucoside, cocamidopropyl betaine, sodium chloride, olea europaea (olive) seed powder, parfum (fragrance)*, limonene, glycerin, sodium benzoate, aloe barbadensis leaf juice powder, citric acid, sodium gluconate, citrus aurantium dulcis (orange) peel powder, perlite, cellulose, cellulose gum, citral, citronellol, polyglyceryl-3 cocoate, polyglyceryl-4 caprate, polyglyceryl-6 caprylate, polyglyceryl-6 ricinoleate, geraniol, benzoic acid, linalool, citrus nobilis (mandarin orange) fruit extract, phyllanthus emblica extract, sodium hydroxide, leuconostoc/radish root ferment filtrate, potassium sorbate. *made with 100% natural essential oils. 96% naturally derived ingredients. natural colour",'5.0,'1
Bath & Body,Handwash,'MUK200052394,'UK200052394,Oribe,Côte d’Azur Hand Wash 30,https://www.spacenk.com/uk/bath-body/body-cleanser/handwash/cote-dazur-hand-wash-MUK200052394.html?dwvar_MUK200052394_size=UK200052394&pid=MUK200052394&quantity=1,https://www.spacenk.com/dw/image/v2/ABCE_PRD/on/demandware.static/-/Sites-spacenkmastercatalog/default/dw95b7d60d/products/ORIBE/UK200052394_ORIBE.jpg?sw=582&sh=582,"Aqua/water/eau, sodium laureth sulfate, cocamide mea, disodium laureth sulfosuccinate, sodium lauroyl sarcosinate, polysorbate 20, parfum/fragrance, lauramidopropyl betaine, peg-7 glyceryl cocoate, phenoxyethanol, guar hydroxypropyltrimonium chloride, sodium chloride, sodium sulfate, myristamidopropyl betaine, trisodium sulfosuccinate, disodium edta, tocopheryl acetate, polyquaternium-7, caprylyl glycol, bht, glycerin, citrullus lanatus (watermelon) seed oil, laureth-3, panthenol, butylene glycol, lauryl glucoside, decyl glucoside, citric acid, sodium citrate, sodium hydroxide, sodium benzoate, leontopodium alpinum extract, citrus limon (lemon) peel extract, borago officinalis seed oil, limnanthes alba (meadowfoam) seed oil, prunus amygdalus dulcis (sweet almond) oil, vitis vinifera (grape) seed oil, jasminum officinale (jasmine) oil, potassium sorbate, litchi chinensis pericarp extract, peg-150 distearate, limonene, hexyl cinnamal, citral.",'4.7,'16
Bath & Body,Bath Oils,'MUK200035277,'UK200035277,Susanne kaufmann,Mallow Blossom Bath 250 ML,https://www.spacenk.com/uk/bath-body/body-cleanser/bath-oils/mallow-blossom-bath-MUK200035277.html?dwvar_MUK200035277_size=UK200035277&pid=MUK200035277&quantity=1,https://www.spacenk.com/dw/image/v2/ABCE_PRD/on/demandware.static/-/Sites-spacenkmastercatalog/default/dw37e77491/products/SUSANNE_K/UK200035277_SUSANNE_K.jpg?sw=582&sh=582,"Aqua (water), sodium coco-sulfate, caprylyl/capryl glucoside, lauryl glucoside, coco-glucoside, citric acid, sodium cocoyl glutamate, malva sylvestris (mallow) extract, cedrus deodara wood oil, rosmarinus officinalis (rosemary) leaf oil, salvia lavandulifolia herb oil, lavandula angustifolia (lavender) flower extract, glyceryl oleate, glycerin, tocopherol, glyceryl caprylate, polyglyceryl-6 oleate, sodium chloride, sodium benzoate, potassium sorbate, sodium surfactin, hydrogenated palm glycerides citrate, limonene, linalool.",'4.6,'38
Bath & Body,Bath Salts,'MUK200037044,'UK200037044,Mirror water,Soak Bath Salts 400 G,https://www.spacenk.com/uk/bath-body/body-cleanser/bath-salts/soak-bath-salts-MUK200037044.html?dwvar_MUK200037044_size=UK200037044&pid=MUK200037044&quantity=1,https://www.spacenk.com/dw/image/v2/ABCE_PRD/on/demandware.static/-/Sites-spacenkmastercatalog/default/dw7af6484a/products/MIRROR_W/UK200037044_MIRROR_W.jpg?sw=582&sh=582,"Sodium chloride (himalalayan salt), magnesium chloride, vetiveria zizanoides root oil, cedrus atlantica bark oil, picea mariana leaf oil, citrus aurantium bergamia (bergamot) fruit oil, tocopheryl acetate, helianthus annuus (sunflower) seed oil, rosmarinus officinalis (rosemary leaf extract, limonene, linalool.",'2.5,'6
Bath & Body,Body Wash,'MUK200050773,'UK200050773,Caudalie,Fleur de Vigne Shower Gel 200 ML,https://www.spacenk.com/uk/bath-body/body-cleanser/body-wash/fleur-de-vigne-shower-gel-MUK200050773.html?dwvar_MUK200050773_size=UK200050773&pid=MUK200050773&quantity=1,https://www.spacenk.com/dw/image/v2/ABCE_PRD/on/demandware.static/-/Sites-spacenkmastercatalog/default/dw715fc444/products/CAUDALIE/UK200050773_CAUDALIE.jpg?sw=582&sh=582,"Aqua/water/eau, decyl glucoside, sodium cocoyl glutamate, glycerin, sucrose cocoate, acrylates/c10-30 alkyl acrylate crosspolymer, caprylyl glycol, potassium sorbate, citric acid, linalool, citronellol, aloe barbadensis leaf juice powder, parfum (fragrance).(079/047)",'4.4,'16
Bath & Body,Body Wash,'MUK200057080,'UK200057080,Malin + goetz,Mandelic Acid Exfoliating Bar 140 G,https://www.spacenk.com/uk/bath-body/body-cleanser/body-wash/mandelic-acid-exfoliating-bar-MUK200057080.html?dwvar_MUK200057080_size=UK200057080&pid=MUK200057080&quantity=1,https://www.spacenk.com/dw/image/v2/ABCE_PRD/on/demandware.static/-/Sites-spacenkmastercatalog/default/dwb8575631/products/MALIN_GO/UK200057080_MALIN_GO.jpg?sw=582&sh=582,"""+ mandelic + lactic acids. alpha hydroxy acids (ahas) that help loosen and gently dissolve debris on the surface of the skin, leaving the skin smoother and brighter. + volcanic pumice. a mineral-based physical exfoliant that gently buffs away dead skin, debris and excess oil from the surface of the skin. + jojoba seed powder. a biodegradable fine powder that supports gentle exfoliation. + vitamins c + e. help brighten + nourish skin. + eucalyptus. cools, refreshes, purifies.""",'4.5,'2
Bath & Body,Body Wash,'MUK200040205,'UK200040205,Augustinus bader,The Body Cleanser 200 ML,https://www.spacenk.com/uk/bath-body/body-cleanser/body-wash/the-body-cleanser-MUK200040205.html?dwvar_MUK200040205_size=UK200040205&pid=MUK200040205&quantity=1,https://www.spacenk.com/dw/image/v2/ABCE_PRD/on/demandware.static/-/Sites-spacenkmastercatalog/default/dw8c38bc04/products/AUGUSTINUS/UK200040205_AUGUSTINUS.jpg?sw=582&sh=582,"Aqua/water/eau, potassium cocoate, sodium hydroxypropylsulfonate laurylglucoside crosspolymer, sodium chloride, cetyl betaine, glycerin, fragrance/parfum, lauryl betaine, caprylyl/capryl glucoside, polyglyceryl-3 caprylate, tetrasodium glutamate diacetate, potassium hydroxide, potassium olivate, caprylic/capric triglyceride, hydrolyzed rice protein, maltodextrin, niacinamide, tocopheryl acetate, alanyl glutamine, arginine, ceramide np, ceramide ap, cocos nucifera (coconut) oil, glycine, lysine, olea europaea (olive) fruit oil, pentylene glycol, phytosterols, proline, sodium cetearyl sulfate, xanthan gum, behenic acid, brassica alba seed extract, hydrogenated lecithin, leontopodium alpinum flower/leaf extract, oleic acid, oligopeptide-177, oligopeptide-6, palmitic acid, phenylalanine, potassium sorbate, stearic acid, sunflower seed acid, eugenol, linalool.",'3.9,'62
Bath & Body,Body Wash,'MUK200023126,'UK200023126,Kiehl's,Made for All Gentle Body Cleanser 500 ML,https://www.spacenk.com/uk/bath-body/body-cleanser/body-wash/made-for-all-gentle-body-cleanser-MUK200023126.html?dwvar_MUK200023126_size=UK200023126&pid=MUK200023126&quantity=1,https://www.spacenk.com/dw/image/v2/ABCE_PRD/on/demandware.static/-/Sites-spacenkmastercatalog/default/dwb05ee00a/products/KIEHLS_NEW/UK200023126_KIEHLS_NEW.jpg?sw=582&sh=582,"Aqua/water, disodium cocoyl glutamate, coco-betaine, glycerin, hydroxypropyl starch phosphate, sodium cocoyl glutamate, xanthan gum, parfum/fragrance, sodium chloride, sodium hydroxide, citric acid, sodium benzoate, salicylic acid, quillaja saponaria wood extract, aloe barbadensis leaf juice powder",'4.7,'229
Bath & Body,Bath Oils,'MUK137373912,'UK137373912,Aromatherapy associates,De-stress Muscle Bath and Shower Oil 55 ML,https://www.spacenk.com/uk/bath-body/body-cleanser/bath-oils/de-stress-muscle-bath-and-shower-oil-MUK137373912.html?dwvar_MUK137373912_size=UK137373912&pid=MUK137373912&quantity=1,https://www.spacenk.com/dw/image/v2/ABCE_PRD/on/demandware.static/-/Sites-spacenkmastercatalog/default/dwe3af9172/products/AROMASSOC/UK137373912_AROMASSOC.jpg?sw=582&sh=582,,'4.7,'111
Bath & Body,Body Treatments,'MUK200028765,'UK200028765,Dr. dennis gross,Alpha Beta Exfoliating Body Treatment ,https://www.spacenk.com/uk/bath-body/body-treatment/body-treatments/alpha-beta-exfoliating-body-treatment-MUK200028765.html?dwvar_MUK200028765_size=UK200028765&pid=MUK200028765&quantity=1,https://www.spacenk.com/dw/image/v2/ABCE_PRD/on/demandware.static/-/Sites-spacenkmastercatalog/default/dw8b1542e5/products/DR_GROSS/UK200028765_DR_GROSS.jpg?sw=582&sh=582,"Water/aqua/eau, alcohol denat. (sd alcohol 40-b), glycolic acid, potassium hydroxide, lactic acid, salicylic acid*, squalane, glycerin, hexylresorcinol, olive oil glycereth-8 esters, bakuchiol, bromelain, papain, phytic acid, linoleic acid, linolenic acid, soy isoflavones, aloe barbadensis leaf juice, saccharide isomerate, sodium hyaluronate, salix alba (willow) bark extract, phospholipids, copper pca, zinc pca, hydroxyethyl urea, disodium edta, citric acid, sodium citrate, leuconostoc/radish root ferment filtrate, maltodextrin, hamamelis virginiana (witch hazel) water, menthone glycerin acetal, vitis vinifera (grape) fruit extract, jasminum officinale (jasmine) flower/leaf extract, eugenia caryophyllus (clove) flower extract, caprylic/capric triglyceride, lavandula angustifolia (lavender) flower/leaf/stem extract, phenoxyethanol, benzoic acid (* - exfoliant)""",'3.8,'204
Bath & Body,Body Treatments,'MUK200028765,'UK200029211,Dr. dennis gross,Alpha Beta Exfoliating Body Treatment ,https://www.spacenk.com/uk/bath-body/body-treatment/body-treatments/alpha-beta-exfoliating-body-treatment-MUK200028765.html?dwvar_MUK200028765_size=UK200029211&pid=MUK200028765&quantity=1,https://www.spacenk.com/dw/image/v2/ABCE_PRD/on/demandware.static/-/Sites-spacenkmastercatalog/default/dweb546f94/products/DR_GROSS/UK200029211_DR_GROSS.jpg?sw=582&sh=582,"Water/aqua/eau, alcohol denat. (sd alcohol 40-b), glycolic acid, potassium hydroxide, lactic acid, salicylic acid*, squalane, glycerin, hexylresorcinol, olive oil glycereth-8 esters, bakuchiol, bromelain, papain, phytic acid, linoleic acid, linolenic acid, soy isoflavones, aloe barbadensis leaf juice, saccharide isomerate, sodium hyaluronate, salix alba (willow) bark extract, phospholipids, copper pca, zinc pca, hydroxyethyl urea, disodium edta, citric acid, sodium citrate, leuconostoc/radish root ferment filtrate, maltodextrin, hamamelis virginiana (witch hazel) water, menthone glycerin acetal, vitis vinifera (grape) fruit extract, jasminum officinale (jasmine) flower/leaf extract, eugenia caryophyllus (clove) flower extract, caprylic/capric triglyceride, lavandula angustifolia (lavender) flower/leaf/stem extract, phenoxyethanol, benzoic acid (* - exfoliant)""",'3.8,'204
Bath & Body,Aromatherapy Treatments,'MUK200027980,'UK200027980,Olverum,Bath Salts 200 G,https://www.spacenk.com/uk/bath-body/aromatherapy/aromatherapy-treatments/bath-salts-MUK200027980.html?dwvar_MUK200027980_size=UK200027980&pid=MUK200027980&quantity=1,https://www.spacenk.com/dw/image/v2/ABCE_PRD/on/demandware.static/-/Sites-spacenkmastercatalog/default/dwbedaf52f/products/OLVERUM/UK200027980_OLVERUM.jpg?sw=582&sh=582,"Maris sal (sea salt), sodium chloride, maltodextrin, persea gratissima (avocado) oil, abies sibirica (siberian fir) needle oil, lavandula hybrida (lavandin) oil, eucalyptus globulus (eucalyptus) leaf oil, citrus limon (lemon) peel oil, rosmarinus officinalis (rosemary) leaf oil, litsea cubeba (exotic verbena) fruit oil, lavandula angustifolia (lavender) oil, citrus aurantifolia (lime) oil, juniperus communis (juniper) fruit oil, pelargonium graveolens (geranium) flower oil, helianthus annuus seed oil, tocopherol, parfum (fragrance)**, citral*, limonene*, linalool* *components of natural essential oils **refers to natural essential oils",'4.4,'34
Bath & Body,Body Wash,'MUK200031913,'UK200031913,Bamford,Rose Hand And Body Wash ,https://www.spacenk.com/uk/bath-body/body-cleanser/body-wash/rose-hand-and-body-wash-MUK200031913.html?dwvar_MUK200031913_size=UK200031913&pid=MUK200031913&quantity=1,https://www.spacenk.com/dw/image/v2/ABCE_PRD/on/demandware.static/-/Sites-spacenkmastercatalog/default/dw5fc2d983/products/BAMFORD/UK200031913_BAMFORD.jpg?sw=582&sh=582,"Aloe barbadensis leaf juice*, aqua (water), ammonium lauryl sulfate, cocamidopropyl betaine, caprylyl/capryl glucoside, glycerine, sodium benzoate, parfum (fragrance), potassium sorbate, sodium chloride, maris sal, sodium phytate, citrus limon (lemon) peel oil, cananga odorata flower oil, rosa centifolia flower extract, citric acid, anthemis nobilis flower oil, ribes nigrum (black currant) bud extract, pelargonium graveolens leaf oil, benzyl alcohol. *organically grown ingredients",'3.8,'24
Bath & Body,Body Wash,'MUK200006425,'UK200019312,Malin + goetz,Bergamot Body Wash 473 ML,https://www.spacenk.com/uk/bath-body/body-cleanser/body-wash/bergamot-body-wash-MUK200006425.html?dwvar_MUK200006425_size=UK200019312&pid=MUK200006425&quantity=1,https://www.spacenk.com/dw/image/v2/ABCE_PRD/on/demandware.static/-/Sites-spacenkmastercatalog/default/dwa604135d/products/MALIN_GO/UK200006425_MALIN_GO.jpg?sw=582&sh=582,"Aqua/water/eau, ammonium lauryl sulfate, glycerin, sodium laureth sulfate, cocamide mipa, polysorbate 20, fragrance (parfum), polyquaternium-10, polyquaternium-7, citric acid, sodium benzoate, potassium sorbate, disodium edta, sodium citrate, citrus aurantium dulcis (orange) fruit extract, citrus limon (lemon) fruit extract, phenoxyethanol, alanine, arginine, betaine, glutamic acid, glycine, lysine, proline, serine, sodium pca, sorbitol, threonine, limonene, linalool, citral, geraniol, citronellol",'4.3,'76
Bath & Body,Bath & Body Sets,'MUK200038336,'UK200038336,Space nk,Parisian Gardens Body Duo 1000 ML,https://www.spacenk.com/uk/bath-body/bath-body-sets/bath-body-sets/parisian-gardens-body-duo-MUK200038336.html?dwvar_MUK200038336_size=UK200038336&pid=MUK200038336&quantity=1,https://www.spacenk.com/dw/image/v2/ABCE_PRD/on/demandware.static/-/Sites-spacenkmastercatalog/default/dw31bcf358/products/NK/UK200038336_NK.jpg?sw=582&sh=582,"Body wash/nettoyant pour le corps ingredients: aqua (water/eau), cocamidopropyl betaine, glycerin, sodium lauroyl sarcosinate, disodium cocoamphodiacetate, sodium chloride, laureth-4, citric acid, hectorite, sodium benzoate, parfum (fragrance), potassium sorbate, disodium edta, sambucus nigra flower extract, chamomilla recutita (matricaria) flower extract, avena sativa (oat) kernel oil, propylene glycol, moringa oleifera leaf extract, sorbitol, ci 17200 (d&c red no. 33). allergens: hexyl cinnamal. hydroxycitronellal. limonene. body crème/crème corporelle ingredients: aqua (water/eau), butyrospermum parkii (shea) butter, cetyl alcohol, prunus amygdalus dulcis (sweet almond) oil, caprylic/capric triglyceride, glycerin, cetearyl alcohol, arachidyl alcohol, phenoxyethanol, behenyl alcohol, arachidyl glucoside, carbomer, parfum (fragrance), xanthan gum, ethylhexylglycerin, sodium hydroxide, disodium edta, moringa oleifera seed oil, avena sativa (oat) kernel oil, glucose, sambucus nigra flower extract, chamomilla recutita (matricaria) flower extract, citric acid, sodium benzoate, potassium sorbate allergens: citronellol. geraniol. hexyl cinnamal. hydroxycitronellal. limonene. linalool. alpha-isomethyl ionone.",'4.9,'13
Bath & Body,Bath Salts,'MUK200051820,'UK200051820,This works,Deep Sleep Beauty Soak 200 G,https://www.spacenk.com/uk/bath-body/body-cleanser/bath-salts/deep-sleep-beauty-soak-MUK200051820.html?dwvar_MUK200051820_size=UK200051820&pid=MUK200051820&quantity=1,https://www.spacenk.com/dw/image/v2/ABCE_PRD/on/demandware.static/-/Sites-spacenkmastercatalog/default/dw5970a1c2/products/THIS_WORKS/UK200051820_THIS_WORKS.jpg?sw=582&sh=582,"Maris sal (sea salt), parfum (fragrance), lavandula angustifolia (lavender) oil, pogostemon cablin (patchouli) oil, cinnamomum camphora (ho wood) oil, vetivera zizanoides (vetivert) oil, ormenis multicaulis (wild chamomile) flower extract, linalool, geraniol, limonene.",'4.6,'5
Bath & Body,Body Wash,'MUK200054823,'UK200054823,Acqua di parma,Buongiorno Hand & Body Wash 30,https://www.spacenk.com/uk/bath-body/body-cleanser/body-wash/buongiorno-hand-body-wash-MUK200054823.html?dwvar_MUK200054823_size=UK200054823&pid=MUK200054823&quantity=1,https://www.spacenk.com/dw/image/v2/ABCE_PRD/on/demandware.static/-/Sites-spacenkmastercatalog/default/dw121be543/products/ACQUA_DI/UK200054823_ACQUA_DI.jpg?sw=582&sh=582,21219: aqua (water) • disodium cocoyl glutamate • cocamidopropyl betaine • decyl glucoside • peg-40 hydrogenated castor oil • peg-120 methyl glucose dioleate • glycerin • parfum (fragrance) • propylene glycol • disodium laureth sulfosuccinate • benzotriazolyl dodecyl p-cresol • ethylhexyl salicylate • hydroxyacetophenone • citric acid • chlorphenesin • trisodium ethylenediamine disuccinate • panthenol • limonene • octadecyl di-t-butyl-4-hydroxyhydrocinnamate • geraniol • linalool • citral • potassium sorbate • tocopherol • helianthus annuus (sunflower) seed oil • ci 19140 (yellow 5) • ci 15985 (yellow 6),'4.0,'2
Bath & Body,Scrubs & Exfoliants,'MUK200021508,'UK200021508,This works,Perfect Legs 100% Natural Scrub 200 G,https://www.spacenk.com/uk/bath-body/body-cleanser/scrubs-exfoliants/perfect-legs-100-natural-scrub-MUK200021508.html?dwvar_MUK200021508_size=UK200021508&pid=MUK200021508&quantity=1,https://www.spacenk.com/dw/image/v2/ABCE_PRD/on/demandware.static/-/Sites-spacenkmastercatalog/default/dw1b8181a0/products/THIS_WORKS/UK200021508_THIS_WORKS.jpg?sw=582&sh=582,"Caprylic/capric triglyceride, sodium chloride, sodium chloride (pink himalayan salt), candelilla cera (cire de candelilla), cetearyl alcohol, glyceryl stearate se, crambe abyssinica seed oil, ribes nigrum (black currant) seed oil, parfum (fragrance), limonene*, prunus amygdalus dulcis (sweet almond) oil, tocopherol, linalool*, citronellol*, evernia prunastri (oakmoss) extract*, geraniol*, eugenol*, citral*, farnesol*. * naturally occuring in essential oils.",'4.3,'30
Bath & Body,Scrubs & Exfoliants,'MUK200050703,'UK200050703,Joonbyrd,Violet Haze Body Scrub 200 ML,https://www.spacenk.com/uk/bath-body/body-cleanser/scrubs-exfoliants/violet-haze-body-scrub-MUK200050703.html?dwvar_MUK200050703_size=UK200050703&pid=MUK200050703&quantity=1,https://www.spacenk.com/dw/image/v2/ABCE_PRD/on/demandware.static/-/Sites-spacenkmastercatalog/default/dw83b7f18c/products/JOONBYRD/UK200050703_JOONBYRD.jpg?sw=582&sh=582,"Sucrose, aqua/water/eau, glycerin, sodium cocoyl isethionate, parfum (fragrance), sodium lauroyl sarcosinate, stearic acid, butyrospermum parkii (shea) butter, niacinamide, salvia hispanica seed oil, coconut acid, salvia hispanica seed powder, inulin, theobroma cacao (cocoa) seed butter, cocos nucifera (coconut) oil, acanthopanax senticosus (eleuthero) root extract, tocopherol, phyllanthus emblica fruit extract, prunus armeniaca (apricot) kernel extract, sesamum indicum (sesame) seed extract, terminalia ferdinandiana fruit powder, citric acid, sodium benzoate, potassium sorbate, sodium isethionate, disodium edta, arginine levulinate, benzophenone-4, benzyl salicylate, linalool, eugenol, ci 19140 (yellow 5), ci 15985 (yellow 6), ci 17200 (red 33).",'4.8,'46
Bath & Body,Scrubs & Exfoliants,'MUK200050703,'UK200051051,Joonbyrd,Violet Haze Body Scrub 30 ML,https://www.spacenk.com/uk/bath-body/body-cleanser/scrubs-exfoliants/violet-haze-body-scrub-MUK200050703.html?dwvar_MUK200050703_size=UK200051051&pid=MUK200050703&quantity=1,https://www.spacenk.com/dw/image/v2/ABCE_PRD/on/demandware.static/-/Sites-spacenkmastercatalog/default/dw6d8e7e36/products/JOONBYRD/UK200051051_JOONBYRD.jpg?sw=582&sh=582,"Sucrose, aqua/water/eau, glycerin, sodium cocoyl isethionate, parfum (fragrance), sodium lauroyl sarcosinate, stearic acid, butyrospermum parkii (shea) butter, niacinamide, salvia hispanica seed oil, coconut acid, salvia hispanica seed powder, inulin, theobroma cacao (cocoa) seed butter, cocos nucifera (coconut) oil, acanthopanax senticosus (eleuthero) root extract, tocopherol, phyllanthus emblica fruit extract, prunus armeniaca (apricot) kernel extract, sesamum indicum (sesame) seed extract, terminalia ferdinandiana fruit powder, citric acid, sodium benzoate, potassium sorbate, sodium isethionate, disodium edta, arginine levulinate, benzophenone-4, benzyl salicylate, linalool, eugenol, ci 19140 (yellow 5), ci 15985 (yellow 6), ci 17200 (red 33).",'4.8,'46
Bath & Body,Body Wash,'MUK200055665,'UK200055665,Kopari,Tahitian Vanilla Body Wash 266 ML,https://www.spacenk.com/uk/bath-body/body-cleanser/body-wash/tahitian-vanilla-body-wash-MUK200055665.html?dwvar_MUK200055665_size=UK200055665&pid=MUK200055665&quantity=1,https://www.spacenk.com/dw/image/v2/ABCE_PRD/on/demandware.static/-/Sites-spacenkmastercatalog/default/dw6d9f6432/products/KOPARI/UK200055665_KOPARI.jpg?sw=582&sh=582,"Water (aqua), sodium c14-16 olefin sulfonate, cocamidopropyl betaine, sodium chloride, sodium methyl cocoyl taurate, acrylates copolymer, polysorbate 20, benzyl alcohol, fragrance (parfum), phenoxyethanol, cocamide mipa, ethylhexylglycerin, aloe barbadensis leaf juice, glycerin, sodium hydroxide, sodium gluconate, cocos nucifera (coconut) water, coumarin, laminaria digitata extract, tocopherol, cocos nucifera (coconut) fruit juice, sodium benzoate, potassium sorbate, citric acid, sodium ferrocyanide",'4.8,'241
Bath & Body,Body Wash,'MUK200034295,'UK200034295,Nursem,Caring Body Cream 250 ML,https://www.spacenk.com/uk/bath-body/body-cleanser/body-wash/caring-body-cream-MUK200034295.html?dwvar_MUK200034295_size=UK200034295&pid=MUK200034295&quantity=1,https://www.spacenk.com/dw/image/v2/ABCE_PRD/on/demandware.static/-/Sites-spacenkmastercatalog/default/dwc73a031d/products/NURSEM/UK200034295_NURSEM.jpg?sw=582&sh=582,"Aqua (water), glycerin, vitis vinifera (grape) seed oil, caprylic/capric triglyceride, glyceryl stearate se, panthenol, pentaerythrityl tetraisostearate, allantoin, cetearyl alcohol, glyceryl stearate citrate, glycine soja (soybean) oil, sucrose stearate, passiflora edulis (passionfruit) seed oil, sodium pca, sodium benzoate, punica granatum (pomegranate) seed oil, squalane, bisabolol, xanthan gum, citric acid, potassium sorbate, juniperus virginiana (cedarwood) oil, citral, cymbopogon flexuosus (lemongrass) oil, litsea cubeba fruit oil, zingiber officinale (ginger) root oil, aloe barbadensis leaf juice, sodium hyaluronate, tocopheryl acetate, limonene, geraniol, linalool, citronellol, *parfum (fragrance)",'4.6,'24
Bath & Body,Bath & Body Sets,'MUK200052911,'UK200052911,Space nk,Paros Tides Bath Set 130,https://www.spacenk.com/uk/bath-body/bath-body-sets/bath-body-sets/paros-tides-bath-set-MUK200052911.html?dwvar_MUK200052911_size=UK200052911&pid=MUK200052911&quantity=1,https://www.spacenk.com/dw/image/v2/ABCE_PRD/on/demandware.static/-/Sites-spacenkmastercatalog/default/dwe62c0383/products/NK/UK200052911_NK.jpg?sw=582&sh=582,"Body wash/nettoyant pour le corps ingredients: aqua (water), cocamidopropyl betaine, disodium cocoamphodiacetate, sodium lauroyl sarcosinate, sodium chloride, glycerin, laureth-4, parfum (fragrance), citric acid, sodium benzoate, potassium sorbate, maris sal (sea salt), lactobacillus/punica granatum fruit ferment extract, disodium edta, squalane, ocimum sanctum leaf extract. allergens: geraniol. limonene. linalool. alpha-isomethyl ionone. tetramethyl acetyloctahydronaphthalenes. linalyl acetate. pinene. body lotion/lotion pour le corps ingredients: aqua (water), glycerin, vitis vinifera (grape) seed oil, caprylic/capric triglyceride, cetearyl alcohol, butyrospermum parkii (shea) butter, arachidyl alcohol, cetyl alcohol, parfum (fragrance), phenoxyethanol, behenyl alcohol, arachidyl glucoside, carbomer, maris sal (sea salt), simmondsia chinensis (jojoba) seed oil, xanthan gum, punica granatum seed oil, ethylhexylglycerin, squalane, sodium hydroxide, ocimum sanctum leaf extract. allergens: citral. coumarin. geraniol. hydroxycitronellal. limonene. linalool. alpha-isomethyl ionone. tetramethyl acetyloctahydronaphthalenes. linalyl acetate. rose ketones. pinene. bath salts/ sels de bain ingredients: maris sal (sea salt), magnesium chloride, parfum (fragrance), tapioca starch, punica granatum seed oil, squalane, propanediol, aqua (water), ocimum sanctum leaf extract. allergens: geraniol. limonene. linalool. alpha-isomethyl ionone. tetramethyl acetyloctahydronaphthalenes. linalyl acetate. pinene",'4.8,'6
Bath & Body,Bath & Body Sets,'MUK200030062,'UK200030062,Medik8,Smooth Body Exfoliating Kit ,https://www.spacenk.com/uk/bath-body/bath-body-sets/bath-body-sets/smooth-body-exfoliating-kit-MUK200030062.html?dwvar_MUK200030062_size=UK200030062&pid=MUK200030062&quantity=1,https://www.spacenk.com/dw/image/v2/ABCE_PRD/on/demandware.static/-/Sites-spacenkmastercatalog/default/dw64fde61d/products/MEDIK8/UK200030062_MEDIK8.jpg?sw=582&sh=582,"Smooth body scrub: aqua (water), lactic acid, pumice, cetearyl alcohol, squalane, butyrospermum parkii (shea) butter extract, dimethicone, polyglyceryl-4 caprate, helianthus annuus (sunflower) seed wax, sodium hydroxide, coco-glucoside, phenoxyethanol, olea europaea (olive) fruit, polyacrylamide, glycerin, moringa oil/hydrogenated moringa oil esters, c13-14 isoparaffin, acrylates/c10-30 alkyl acrylate crosspolymer, hydrogenated vegetable oil, bambusa arundinacea (bamboo) stem powder, laureth-7, ethylhexylglycerin, dipteryx odorata (tonka) bean extract, tocopherol, coumarin. smooth body lotion: aqua (water), c12-15 alkyl benzoate, urea, squalane, glycerin, lactic acid, butyrospermum parkii (shea) butter extract, cetearyl alcohol, salicylic acid, arachidyl alcohol, sodium hydroxide, betaine, dimethicone, phenoxyethanol, polyacrylamide, behenyl alcohol, cetearyl glucoside, moringa oil/hydrogenated moringa oil esters, c13-14 isoparaffin, arachidyl glucoside, olea europaea (olive) fruit, xanthan gum, acrylates/c10-30 alkyl acrylate crosspolymer, salinicoccus lysate filtrate, laureth-7, disodium edta, ethylhexylglycerin, hydroxyacetophenone, pentylene glycol, tocopheryl acetate, hydrogenated vegetable oil, dipteryx odorata (tonka) bean extract, sodium hyaluronate, tocopherol, coumarin.",'4.6,'36
Bath & Body,Body Lotion,'MUK200038321,'UK200038321,Space nk,Nordic Wilds Hand Lotion 350 ML,https://www.spacenk.com/uk/bath-body/body-moisturiser-oils/body-lotion/nordic-wilds-hand-lotion-MUK200038321.html?dwvar_MUK200038321_size=UK200038321&pid=MUK200038321&quantity=1,https://www.spacenk.com/dw/image/v2/ABCE_PRD/on/demandware.static/-/Sites-spacenkmastercatalog/default/dwc14e60ee/products/NK/UK200038321_NK.jpg?sw=582&sh=582,"Aqua (water/eau), glycerin, vitis vinifera (grape) seed oil, caprylic/capric triglyceride, cetearyl alcohol, butyrospermum parkii (shea) butter, arachidyl alcohol, cetyl alcohol, phenoxyethanol, behenyl alcohol, parfum (fragrance), arachidyl glucoside, carbomer, xanthan gum, ethylhexylglycerin, betula alba juice, propanediol, galactoarabinan, sodium hydroxide, centella asiatica extract, glucose, rhodiola rosea root extract, albatrellus confluens extract, chlorphenesin, citric acid, potassium sorbate. allergens: citral. coumarin. eugenol. geraniol. hydroxycitronellal. limonene. linalool.",'3.7,'3
Bath & Body,Body Wash,'MUK200055972,'UK200055972,Uni,Skin Shield Body Wash Refill 375 ML,https://www.spacenk.com/uk/bath-body/body-cleanser/body-wash/skin-shield-body-wash-refill-MUK200055972.html?dwvar_MUK200055972_size=UK200055972&pid=MUK200055972&quantity=1,https://www.spacenk.com/dw/image/v2/ABCE_PRD/on/demandware.static/-/Sites-spacenkmastercatalog/default/dwa13401d3/products/UNI/UK200055972_UNI.jpg?sw=582&sh=582,"Water (aqua) glycerin (organic) aloe barbadensis leaf juice (aloe vera) pyrus malus (apple) fruit extract betaine acrylates copolymer glyceryl laurate sodium lauroyl methyl isethionate propanediol caprylhydroxamic acid caprylyl glyceryl ether citrus aurantifolia (lime) fruit extract decyl glucoside tasmanian sea kelp bladderwrack seaweed (fucus vesiculosus extract) red macroalga (kappaphycus alvarezii extract) leuconostoc/radish root ferment filtrate (radish root) olea europaea fruit oil polyglyceryl-4 caprate polyglyceryl-6 caprylate sea water sodium chloride sodium hydroxide sodium lauroyl glycinate sodium pca australian kakadu plum trisodium ethylenediamine disuccinate 2,6-dimethyl-7-octen-2-ol alpha ionone anthemis nobilis (roman chamomile) flower oil beta ionone camphor cis-3-hexenyl acetate citrus aurantium dulcis (orange) peel oil commiphora myrrha oil decanal dodecahydro-tetramethylnaphthofuran ferula galbaniflua (galbanum) resin oil fusanus spicatus (sandalwood) oil gamma octalactone juniperus mexicana (cedar) oil lauraldehyde lavandula angustifolia (lavender) oil methyl benzoate methylbenzyl acetate non-2-enal pelargonium graveolens (geranium) oil phenethyl alcohol rose ketone-4 salvia sclarea (clary sage) oil schinus molle oil thuja plicata (western red cedar) wood oil triethyl citrate undecylenal",'4.4,'275
Bath & Body,Body Wash,'MUK200040582,'UK200040582,Fresh,Sugar Lychee Body & Hand Wash 300 ML,https://www.spacenk.com/uk/bath-body/body-cleanser/body-wash/sugar-lychee-body-hand-wash-MUK200040582.html?dwvar_MUK200040582_size=UK200040582&pid=MUK200040582&quantity=1,https://www.spacenk.com/dw/image/v2/ABCE_PRD/on/demandware.static/-/Sites-spacenkmastercatalog/default/dw95481bd8/products/FRESH/UK200040582_FRESH.jpg?sw=582&sh=582,"Aqua (water), glycerin, butylene glycol, cocamidopropyl betaine, coco-betaine, peg-120 methyl glucose dioleate, parfum (fragrance), peg-40 hydrogenated castor oil, disodium cocoyl glutamate, tocopheryl acetate, tocopherol, sodium methyl cocoyl taurate, sodium cocoyl isethionate, polyacrylate crosspolymer-6, sodium stearoyl glutamate, citric acid , benzotriazolyl dodecyl p-cresol, sodium cocoyl glutamate, caprylyl glycol, sodium citrate, ascorbyl tetraisopalmitate, propanediol, caramel, sodium hydroxide, sodium benzoate, limonene, citral, citronellol<18474>",'4.7,'19
Bath & Body,Handwash,'MUK200033751,'UK200033751,Byredo,Suede Rinse Free Hand Cleanser 450 ML,https://www.spacenk.com/uk/bath-body/body-cleanser/handwash/suede-rinse-free-hand-cleanser-MUK200033751.html?dwvar_MUK200033751_size=UK200033751&pid=MUK200033751&quantity=1,https://www.spacenk.com/dw/image/v2/ABCE_PRD/on/demandware.static/-/Sites-spacenkmastercatalog/default/dw04fdd33b/products/BYREDO/UK200033751_BYREDO.jpg?sw=582&sh=582,"Alcohol denat. (sd alcohol 40-b), aqua (water), glycerin, polyglyceryl-4 caprate, aloe barbadensis leaf juice, parfum (fragrance), saccharide isomerate, ammonium acryloyldimethyltaurate/vp copolymer, xylitylglucoside, anhydroxylitol, xylitol, hydrolyzed jojoba esters, citric acid, sodium citrate, potassium sorbate, sodium benzoate, benzyl salicylate, hexyl cinnamal, hydroxycitronellal, limonene, linalool, alpha-isomethyl ionone.​",'4.4,'9
Bath & Body,Handwash,'MUK200050933,'UK200050933,Susanne kaufmann,Hand Soap 250 ML,https://www.spacenk.com/uk/bath-body/body-cleanser/handwash/hand-soap-MUK200050933.html?dwvar_MUK200050933_size=UK200050933&pid=MUK200050933&quantity=1,https://www.spacenk.com/dw/image/v2/ABCE_PRD/on/demandware.static/-/Sites-spacenkmastercatalog/default/dw9d89412f/products/SUSANNE_K/UK200050933_SUSANNE_K.jpg?sw=582&sh=582,"Aqua (water), sodium coco-sulfate, coco-glucoside, glycerin, sodium lauryl glucose carboxylate, lauryl glucoside, parfum, sodium levulinate, sericin, triticum vulgare (wheat) germ oil, equisetum arvense extract, arctium lappa root extract, polyglyceryl-4 caprate, citric acid, glyceryl oleate, sodium chloride, sodium pca, sodium anisate, hydrolyzed wheat protein, sodium citrate, panthenol, bisabolol, sorbic acid, sodium benzoate, potassium sorbate, tocopherol, hydrogenated palm glycerides citrate.",'4.4,'5
Bath & Body,Handwash,'MUK200038260,'UK200038260,Aromatherapy associates,Replenishing Hand & Body Wash 300 ML,https://www.spacenk.com/uk/bath-body/body-cleanser/handwash/replenishing-hand-body-wash-MUK200038260.html?dwvar_MUK200038260_size=UK200038260&pid=MUK200038260&quantity=1,https://www.spacenk.com/dw/image/v2/ABCE_PRD/on/demandware.static/-/Sites-spacenkmastercatalog/default/dw8ce65b12/products/AROMASSOC/UK200038260_AROMASSOC.jpg?sw=582&sh=582,"Aqua (water), sodium c14-16 olefin sulfonate, cocamidopropyl betaine, lauryl glucoside, sodium chloride, glyceryl caprylate/caprate, phenoxyethanol, polysorbate 80, linalool*, parfum (fragrance)**, cinnamomum camphora linalooliferum (ho) wood oil, citric acid, benzoic acid, hydroxypropyl guar hydroxypropyltrimonium chloride, dehydroacetic acid, lavandula angustifolia (lavender) oil, cananga odorata (ylang ylang) flower oil, hydrolyzed oat protein, gluconolactone, potassium sorbate, sodium benzoate, phenethyl alcohol, benzyl alcohol, caprylyl glycol, calcium gluconate, tocopherol. *natural essential oil contents **natural plant extracts",'4.8,'4
Bath & Body,Scrubs & Exfoliants,'MUK200030259,'UK200030259,Drunk elephant,Sugared Koffie Almond Milk Scrub 270 ML,https://www.spacenk.com/uk/bath-body/body-cleanser/scrubs-exfoliants/sugared-koffie-almond-milk-scrub-MUK200030259.html?dwvar_MUK200030259_size=UK200030259&pid=MUK200030259&quantity=1,https://www.spacenk.com/dw/image/v2/ABCE_PRD/on/demandware.static/-/Sites-spacenkmastercatalog/default/dw1aec781d/products/DRUNK_ELEP/UK200030259_DRUNK_ELEP.jpg?sw=582&sh=582,"Sucrose, coffea arabica (coffee) seed extract, hydrogenated vegetable oil, coconut alkanes, cocos nucifera (coconut) oil, helianthus annuus (sunflower) seed oil, prunus amygdalus dulcis (sweet almond) oil, polyglyceryl-3 laurate, silica, coffea arabica (coffee) seed oil, sclerocarya birrea seed oil, passiflora edulis seed oil, simmondsia chinensis (jojoba) seed oil, adansonia digitata seed oil, citrullus lanatus (watermelon) seed oil, coco-caprylate/caprate, prunus amygdalus dulcis (sweet almond) seed extract, prunus amygdalus dulcis (sweet almond) fruit extract, glycerin, caprylic/capric triglyceride, sweet almond oil polyglyceryl-6 esters, sorbitan oleate, water/aqua/eau.",'4.0,'113
Bath & Body,Body Wash,'MUK200026910,'UK200026910,Drunk elephant,Kamili Cream Body Cleanser 240 ML,https://www.spacenk.com/uk/bath-body/body-cleanser/body-wash/kamili-cream-body-cleanser-MUK200026910.html?dwvar_MUK200026910_size=UK200026910&pid=MUK200026910&quantity=1,https://www.spacenk.com/dw/image/v2/ABCE_PRD/on/demandware.static/-/Sites-spacenkmastercatalog/default/dwc4cec969/products/DRUNK_ELEP/UK200026910_DRUNK_ELEP.jpg?sw=582&sh=582,"Water/aqua/eau, sodium laurylglucosides hydroxypropylsulfonate, coco-glucoside, glycerin, cocamidopropyl betaine, sodium methyl cocoyl taurate, sodium chloride, sclerocarya birrea seed oil, coconut alkanes, passiflora edulis seed oil, plukenetia volubilis seed oil, prunus amygdalus dulcis (sweet almond) oil, caprylic/capric triglyceride, cassia hydroxypropyltrimonium chloride, carbomer, sodium pca, panthenol, glycol distearate, sodium lactate, helianthus annuus (sunflower) seed oil, glycine soja (soybean) oil, pca, alanine, arginine, glycine, histidine, isoleucine, phenylalalnine, proline, serine, threonine, valine, coco-caprylate/caprate, aspartic acid, prunus amygdalus dulcis (sweet almond) seed extract, benzoic acid, phenoxyethanol, dehydroacetic acid, sodium acetate",'4.0,'177
Bath & Body,Bath Oils,'MUK200032168,'UK200032168,Bamford,Rose Bath Oil 250 ML,https://www.spacenk.com/uk/bath-body/body-cleanser/bath-oils/rose-bath-oil-MUK200032168.html?dwvar_MUK200032168_size=UK200032168&pid=MUK200032168&quantity=1,https://www.spacenk.com/dw/image/v2/ABCE_PRD/on/demandware.static/-/Sites-spacenkmastercatalog/default/dwb8ebba22/products/BAMFORD/UK200032168_BAMFORD.jpg?sw=582&sh=582,"Helianthus annuus (sunflower) seed oil*, olea europaea (olive) fruit oil*, glyceryl caprylate, polyglyceryl-3 palmitate, parfum (fragrance), prunus amygdalus dulcis (sweet almond) oil, prunus armeniaca (apricot) kernel oil*, tocopherol, citrus limon (lemon) peel oil, cananga odorata flower oil, rosa centifolia flower extract, anthemis nobilis flower oil, ribes nigrum (black currant) bud extract, pelargonium graveolens leaf oil, benzyl alcohol, limonene, geraniol, citronellol, benzyl benzoate, farnesol, benzyl salicylate, citral, linalool, eugenol.",'4.6,'7
Bath & Body,Body Wash,'MUK200053681,'UK200053681,Susanne kaufmann,Body Wash 250 ML,https://www.spacenk.com/uk/bath-body/body-cleanser/body-wash/body-wash-MUK200053681.html?dwvar_MUK200053681_size=UK200053681&pid=MUK200053681&quantity=1,https://www.spacenk.com/dw/image/v2/ABCE_PRD/on/demandware.static/-/Sites-spacenkmastercatalog/default/dwbca8d5f4/products/SUSANNE_K/UK200053681_SUSANNE_K.jpg?sw=582&sh=582,"Aqua/water/eau, sodium coco-sulfate, coco-glucoside, glycerin, pentylene glycol, cocamidopropyl betaine, hydroxypropyl guar hydroxypropyltrimonium chloride, rosa moschata seed oil, sericin, aloe barbadensis leaf powder, achillea millefolium extract, althaea officinalis root extract, chamomilla recutita (matricaria) flower extract, hypericum perforatum extract, salvia officinalis (sage) leaf extract, citric acid, sodium levulinate, sodium chloride, p-anisic acid, coconut acid, sodium hydroxide, maltodextrin, potassium sorbate, linalool, limonene, parfum (fragrance).",'3.0,'2
Bath & Body,Bath Oils,'MUK200035276,'UK200035276,Susanne kaufmann,Bath Oil For The Senses 250 ML,https://www.spacenk.com/uk/bath-body/body-cleanser/bath-oils/bath-oil-for-the-senses-MUK200035276.html?dwvar_MUK200035276_size=UK200035276&pid=MUK200035276&quantity=1,https://www.spacenk.com/dw/image/v2/ABCE_PRD/on/demandware.static/-/Sites-spacenkmastercatalog/default/dw09522096/products/SUSANNE_K/UK200035276_SUSANNE_K.jpg?sw=582&sh=582,"Polyglyceryl-4 caprate, aqua (water), parfum, pentylene glycol, limonene, linalool, benzyl salicylate, alpha-isomethyl ionone, coumarin.",'4.2,'78
Bath & Body,Body Wash,'MUK200056596,'UK200056596,Chloé,Atelier des Fleurs Cedrus Perfumed Soap 10,https://www.spacenk.com/uk/bath-body/body-cleanser/body-wash/atelier-des-fleurs-cedrus-perfumed-soap-MUK200056596.html?dwvar_MUK200056596_size=UK200056596&pid=MUK200056596&quantity=1,https://www.spacenk.com/dw/image/v2/ABCE_PRD/on/demandware.static/-/Sites-spacenkmastercatalog/default/dw8d5eee51/products/CHLOE/UK200056596_CHLOE.jpg?sw=582&sh=582,"Sodium palmate, sodium palm kernelate, aqua/water/eau, parfum/fragrance, palm kernel acid, butyrospermum parkii (shea) butter, sodium chloride, glycerin, decyl glucoside, limonene, linalool, hexyl cinnamal, citronellol, tocopherol, alpha-isomethyl ionone, tetrasodium etidronate, coumarin, helianthus annuus (sunflower) seed oil.",'5.0,'1
Bath & Body,Scrubs & Exfoliants,'MUK200051182,'UK200051182,Bamford,B Vibrant Tonifying Body Polish 200 ML,https://www.spacenk.com/uk/bath-body/body-cleanser/scrubs-exfoliants/b-vibrant-tonifying-body-polish-MUK200051182.html?dwvar_MUK200051182_size=UK200051182&pid=MUK200051182&quantity=1,https://www.spacenk.com/dw/image/v2/ABCE_PRD/on/demandware.static/-/Sites-spacenkmastercatalog/default/dw636ed3bd/products/BAMFORD/UK200051182_BAMFORD.jpg?sw=582&sh=582,"""glycerin**, coffea arabica (coffee) seed powder, butyrospermum parkii (shea) butter*, sucrose*, cocos nucifera (coconut) fruit oil*, carthamus tinctorius (safflower) seed oil*, coffea arabica (coffee) seed extract, sucrose stearate, benzyl alcohol, salicylic acid, sorbic acid, rosmarinus officinalis (rosemary) leaf oil*, tocopherol, helianthus annuus seed oil, citrus aurantium dulcis (orange) peel oil*, mentha piperita (peppermint) leaf oil*, eucalyptus globulus (eucalyptus) leaf oil*, ocimum basilicum (basil) oil*, limonene, citral, linalool, eugenol, geraniol. * organically grown ingredients ** made using organic ingredients""",'3.5,'2
Bath & Body,Scrubs & Exfoliants,'MUK200057897,'UK200057897,Nécessaire,The Body Exfoliator – fragrance free 18,https://www.spacenk.com/uk/bath-body/body-cleanser/scrubs-exfoliants/the-body-exfoliator-%E2%80%93-fragrance-free-MUK200057897.html?dwvar_MUK200057897_size=UK200057897&pid=MUK200057897&quantity=1,https://www.spacenk.com/dw/image/v2/ABCE_PRD/on/demandware.static/-/Sites-spacenkmastercatalog/default/dw8707da69/products/NECESSAIRE/UK200057897_NECESSAIRE.jpg?sw=582&sh=582,Volcanic pumice gentle exfoliating acids (aha / bha / pha) niacinamide,'5.0,'1
Bath & Body,Aromatherapy Treatments,'MUK200048427,'UK200048427,Neom,Perfect Night's Sleep Wellbeing Soak 100 ML,https://www.spacenk.com/uk/bath-body/aromatherapy/aromatherapy-treatments/perfect-nights-sleep-wellbeing-soak-MUK200048427.html?dwvar_MUK200048427_size=UK200048427&pid=MUK200048427&quantity=1,https://www.spacenk.com/dw/image/v2/ABCE_PRD/on/demandware.static/-/Sites-spacenkmastercatalog/default/dw0780bec6/products/NEOM/UK200048427_NEOM.jpg?sw=582&sh=582,"Helianthus annuus (sunflower) seed oil, parfum (fragrance)*, prunus amygdalus dulcis (almond) oil, linalool, simmondsia chinensis (jojoba) seed oil, cocos nucifera (coconut) oil, vitis vinifera (grape) seed oil, limonene, rose canina (rosehip) seed oil, salvia hispanica (chia) seed oil, argania spinosa (argan) kernel oil, plukenetia volubilis seed (sacha inchi) oil, geraniol, citronellol, tocopherol",'4.3,'9
Bath & Body,Body Wash,'MUK200051125,'UK200051125,Neom,Real Luxury Cocooning Shower Cream 500 ML,https://www.spacenk.com/uk/bath-body/body-cleanser/body-wash/real-luxury-cocooning-shower-cream-MUK200051125.html?dwvar_MUK200051125_size=UK200051125&pid=MUK200051125&quantity=1,https://www.spacenk.com/dw/image/v2/ABCE_PRD/on/demandware.static/-/Sites-spacenkmastercatalog/default/dw3cb7a37c/products/NEOM/UK200051125_NEOM.jpg?sw=582&sh=582,"""aqua (water, eau), helianthus annuus (sunflower) seed oil, glycerin, cocamidopropyl betaine, lauryl glucoside, parfum (fragrance)*, xanthan gum, linalool, sodium benzoate, sodium chloride, polyglyceryl-4 caprate, decyl glucoside, aloe barbadensis leaf juice powder, limonene, citric acid, saccharide isomerate, oenothera biennis (evening primrose) oil, sodium lauroyl lactylate, citronellol, eugenol, geraniol, benzyl benzoate, citral, tocopherol, sodium citrate, alcohol, glycine soja (soybean) oil, achillea millefolium extract, chamomilla recutita (matricaria) extract, foeniculum vulgare (fennel) fruit extract, humulus lupulus (hops) extract, melissa officinalis leaf extract, viscum album (mistletoe) leaf extract.""",'4.5,'8
Bath & Body,Handwash,'MUK200052403,'UK200052403,Oribe,Desertland Hand Wash 30,https://www.spacenk.com/uk/bath-body/body-cleanser/handwash/desertland-hand-wash-MUK200052403.html?dwvar_MUK200052403_size=UK200052403&pid=MUK200052403&quantity=1,https://www.spacenk.com/dw/image/v2/ABCE_PRD/on/demandware.static/-/Sites-spacenkmastercatalog/default/dw3a0eee1e/products/ORIBE/UK200052403_ORIBE.jpg?sw=582&sh=582,"Aqua/water/eau, sodium cocoyl isethionate, sodium lauroyl methyl isethionate, sodium lauroyl sarcosinate, cocamide mipa, decyl glucoside, parfum/fragrance, heptyl glucoside, glycerin, acrylates crosspolymer-4, propanediol, phenoxyethanol, coconut acid, sodium isethionate, polyglyceryl-3 cocoate, polyglyceryl-4 caprate, polyglyceryl-6 caprylate, polyglyceryl-6 ricinoleate, guar hydroxypropyltrimonium chloride, caprylyl glycol, sodium phytate, tocopheryl acetate, polyquaternium-7, trisodium ethylenediamine disuccinate, sodium benzoate, oryza sativa (rice) bran extract, citrullus lanatus (watermelon) seed oil, panthenol, helianthus annuus (sunflower) extract, litchi chinensis fruit extract, rosmarinus officinalis (rosemary) leaf extract, tocopherol, leontopodium alpinum flower/leaf extract, citrus limon (lemon) peel extract, borago officinalis seed oil, limnanthes alba (meadowfoam) seed oil, prunus amygdalus dulcis (sweet almond) oil, vitis vinifera (grape) seed oil, jasminum officinale (jasmine) oil, citric acid, potassium sorbate, sorbeth-230 tetraoleate, sorbitan laurate, hexyl cinnamal, linalool, limonene.",'0,'0
Bath & Body,Body Wash,'MUK200055700,'UK200055700,Kopari,Hydrating Body Wash in Coconut 266 ML,https://www.spacenk.com/uk/bath-body/body-cleanser/body-wash/hydrating-body-wash-in-coconut-MUK200055700.html?dwvar_MUK200055700_size=UK200055700&pid=MUK200055700&quantity=1,https://www.spacenk.com/dw/image/v2/ABCE_PRD/on/demandware.static/-/Sites-spacenkmastercatalog/default/dw4df3b8b8/products/KOPARI/UK200055700_KOPARI.jpg?sw=582&sh=582,"Water (aqua), sodium c14-16 olefin sulfonate, cocamidopropyl betaine, sodium methyl cocoyl taurate, acrylates copolymer, polysorbate 20, sodium chloride, benzyl alcohol, fragrance (parfum), phenoxyethanol, cocamide mipa, ethylhexylglycerin, sodium hydroxide, aloe barbadensis leaf juice, glycerin, sodium gluconate, cocos nucifera (coconut) water, hexyl cinnamal, benzyl salicylate, laminaria digitata extract, tocopherol, cocos nucifera (coconut) fruit juice, sodium benzoate, potassium sorbate, citric acid, sodium ferrocyanide",'4.8,'210
Bath & Body,Scrubs & Exfoliants,'MUK200021375,'UK200021375,Mauli,Reawaken Himalayan Hand & Body Scrub 350 G,https://www.spacenk.com/uk/bath-body/body-cleanser/scrubs-exfoliants/reawaken-himalayan-hand-body-scrub-MUK200021375.html?dwvar_MUK200021375_size=UK200021375&pid=MUK200021375&quantity=1,https://www.spacenk.com/dw/image/v2/ABCE_PRD/on/demandware.static/-/Sites-spacenkmastercatalog/default/dw245fc96c/products/MAULI/UK200021375_MAULI.jpg?sw=582&sh=582,"Himalayan pink crystal salt, sweet almond, coconut oil, argan oil, moringa oil, geranium, sweet orange, lime, sandalwood, rose, jasmine sambac, black pepper",'4.4,'19
Bath & Body,Body Wash,'MUK200057079,'UK200057079,Malin + goetz,Vitamin B5 Hydrating Bar Rum 140 G,https://www.spacenk.com/uk/bath-body/body-cleanser/body-wash/vitamin-b5-hydrating-bar-rum-MUK200057079.html?dwvar_MUK200057079_size=UK200057079&pid=MUK200057079&quantity=1,https://www.spacenk.com/dw/image/v2/ABCE_PRD/on/demandware.static/-/Sites-spacenkmastercatalog/default/dw61a4cf2a/products/MALIN_GO/UK200057079_MALIN_GO.jpg?sw=582&sh=582,"""+ vitamin b5 is a humectant that helps pull moisture from the environment to help hydrate, smooth and protect the skin. + hyaluronic acid is a powerful humectant that soothes + cushions. + amino acid blend (8) are the skin’s building blocks that helps bind moisture to the skin + provides a hydrating cleanse. + shea butter is rich in fatty acids that helps keep the skin soft and smooth. """,'4.3,'3
Bath & Body,Body Wash,'MUK200034208,'UK200034208,Byredo,La Tulipe Body Wash 225 ML,https://www.spacenk.com/uk/bath-body/body-cleanser/body-wash/la-tulipe-body-wash-MUK200034208.html?dwvar_MUK200034208_size=UK200034208&pid=MUK200034208&quantity=1,https://www.spacenk.com/dw/image/v2/ABCE_PRD/on/demandware.static/-/Sites-spacenkmastercatalog/default/dwf4631cd3/products/BYREDO/UK200034208_BYREDO.jpg?sw=582&sh=582,"Aqua (water), sodium laureth sulfate, cocamidopropyl betaine, parfum (fragrance), peg-7 glyceryl cocoate, decyl glucoside, dipropylene glycol, glycerin, ppg-26-buteth-26, peg-40 hydrogenated castor oil, peg-200 hydrogenated glyceryl palmate, peg-55 propylene glycol oleate, propylene glycol, sodium benzoate, butyl methoxydibenzoylmethane, tocopheryl acetate, citric acid, sodium gluconate, limonene, hydroxycitronellal, geraniol, linalool, citronellol.",'4.6,'5
Bath & Body,Bath Oils,'MUK200054496,'UK200054496,Rare beauty,Find Comfort Gentle Exfoliating Body Wash Mini 75 ,https://www.spacenk.com/uk/bath-body/body-cleanser/bath-oils/find-comfort-gentle-exfoliating-body-wash-mini-MUK200054496.html?dwvar_MUK200054496_size=UK200054496&pid=MUK200054496&quantity=1,https://www.spacenk.com/dw/image/v2/ABCE_PRD/on/demandware.static/-/Sites-spacenkmastercatalog/default/dw1eea5643/products/RARE/UK200054496_RARE.jpg?sw=582&sh=582,"Ingredients/ingrédients: water/aqua/eau, glycerin, dipropylene glycol, agar, sodium polyacrylate, acrylates copolymer, xanthan gum, phenoxyethanol, disodium edta, tartaric acid, cellulose gum, caprylyl/capryl glucoside, menthoxypropanediol, menthyl lactate, adenosine, betaine, aluminum glycinate, butylene glycol, saccharomyces cerevisiae extract, caffeine, pentylene glycol, centella asiatica extract, sea water/maris aqua/eau de mer, sodium hyaluronate, 1,2-hexanediol, rhodiola rosea root extract, theobroma cacao (cocoa) seed extract, arnica montana flower extract, camellia sinensis leaf extract, caprylyl glycol, acetyl hexapeptide-8.",'4.9,'10
Bath & Body,Handwash,'MUK200052716,'UK200052716,Joonbyrd,Palm Wild Hand Wash 300 ML,https://www.spacenk.com/uk/bath-body/body-cleanser/handwash/palm-wild-hand-wash-MUK200052716.html?dwvar_MUK200052716_size=UK200052716&pid=MUK200052716&quantity=1,https://www.spacenk.com/dw/image/v2/ABCE_PRD/on/demandware.static/-/Sites-spacenkmastercatalog/default/dwa302ef36/products/JOONBYRD/UK200052716_JOONBYRD.jpg?sw=582&sh=582,"Aqua/water/eau, sodium c14-16 olefin sulfonate, lauryl glucoside, cocamidopropyl betaine, glycerin, parfum (fragrance), sodium cocoyl glutamate, sodium chloride, panthenol, allantoin, sodium hyaluronate, inulin, pyrus malus (apple) fruit extract, tocopherol, saccharomyces ferment lysate filtrate, althaea officinalis root extract, coriandrum sativum extract, ocimum basilicum (basil) leaf extract, spiraea ulmaria flower extract, rhodiola rosea root extract, caprylyl glycol, laureth-2, citric acid, triethyl citrate, disodium edta, ethylhexylglycerin, benzoic acid, sodium hydroxide, phenoxyethanol, potassium sorbate, arginine levulinate, peg-90 glyceryl isostearate, salicylic acid, polysorbate 20, sodium benzoate, benzyl alcohol, hexyl cinnamal, coumarin, eugenol, ci 15985 (yellow 6), ci 17200 (red 33).",'4.6,'53
Bath & Body,Handwash,'MUK200052716,'UK200052719,Joonbyrd,Palm Wild Hand Wash 50 ML,https://www.spacenk.com/uk/bath-body/body-cleanser/handwash/palm-wild-hand-wash-MUK200052716.html?dwvar_MUK200052716_size=UK200052719&pid=MUK200052716&quantity=1,https://www.spacenk.com/dw/image/v2/ABCE_PRD/on/demandware.static/-/Sites-spacenkmastercatalog/default/dwcdd997e8/products/JOONBYRD/UK200052719_JOONBYRD.jpg?sw=582&sh=582,"Aqua/water/eau, sodium c14-16 olefin sulfonate, lauryl glucoside, cocamidopropyl betaine, glycerin, parfum (fragrance), sodium cocoyl glutamate, sodium chloride, panthenol, allantoin, sodium hyaluronate, inulin, pyrus malus (apple) fruit extract, tocopherol, saccharomyces ferment lysate filtrate, althaea officinalis root extract, coriandrum sativum extract, ocimum basilicum (basil) leaf extract, spiraea ulmaria flower extract, rhodiola rosea root extract, caprylyl glycol, laureth-2, citric acid, triethyl citrate, disodium edta, ethylhexylglycerin, benzoic acid, sodium hydroxide, phenoxyethanol, potassium sorbate, arginine levulinate, peg-90 glyceryl isostearate, salicylic acid, polysorbate 20, sodium benzoate, benzyl alcohol, hexyl cinnamal, coumarin, eugenol, ci 15985 (yellow 6), ci 17200 (red 33).",'4.6,'53
Bath & Body,Bath & Body Sets,'MUK200040546,'UK200040546,Fresh,Sugar Lemon Body & Hand Wash 300 ML,https://www.spacenk.com/uk/bath-body/bath-body-sets/bath-body-sets/sugar-lemon-body-hand-wash-MUK200040546.html?dwvar_MUK200040546_size=UK200040546&pid=MUK200040546&quantity=1,https://www.spacenk.com/dw/image/v2/ABCE_PRD/on/demandware.static/-/Sites-spacenkmastercatalog/default/dwdd54266e/products/FRESH/UK200040546_FRESH.jpg?sw=582&sh=582,"Aqua (water), sodium laureth sulfate, decyl glucoside, cocamidopropyl betaine, peg-40 hydrogenated castor oil, peg-120 methyl glucose dioleate, butyrospermum parkii (shea) butter, mangifera indica (mango) seed oil, litchi chinensis seed extract, sucrose, tocopheryl acetate, ascorbic acid, tocopherol, parfum (fragrance), citric acid, polyquaternium-10, laureth-2, benzoic acid, sodium chloride, sodium sulfate, tetrasodium edta, sodium bicarbonate, butylene glycol, bht, phenoxyethanol, limonene, linalool, citral, citronellol, geraniol <12994/a> disclaimer: fresh product ingredient listings are updated periodically. before using a fresh product, please read the ingredient list on the packaging of your product to be sure that the ingredients are appropriate for your personal use.",'3.6,'34
Bath & Body,Handwash,'MUK200052801,'UK200052801,Hermès,Eau D'Orange Verte Hand and Body Cleansing Gel Refill 30,https://www.spacenk.com/uk/bath-body/body-cleanser/handwash/eau-dorange-verte-hand-and-body-cleansing-gel-refill-MUK200052801.html?dwvar_MUK200052801_size=UK200052801&pid=MUK200052801&quantity=1,https://www.spacenk.com/dw/image/v2/ABCE_PRD/on/demandware.static/-/Sites-spacenkmastercatalog/default/dwe6a5b25b/products/HERMÈS/UK200052801_HERMÈS.jpg?sw=582&sh=582,Aqua (water) • disodium cocoyl glutamate • cocamidopropyl betaine • erythritol • diglycerin • coco-glucoside • ceteareth-60 myristyl glycol • parfum (fragrance) • sodium cocoyl glutamate • peg-40 hydrogenated castor oil • caprylyl glycol • citric acid • benzyl alcohol • limonene • dipropylene glycol • ethylhexylglycerin • sodium phytate • benzotriazolyl dodecyl p-cresol • o-cymen-5-ol • linalool • alpha-isomethyl ionone • coumarin • sodium hydroxide • tocopherol this list is subject to change over time. please refer to the information on your product’s packaging for the most up-to-date list of ingredients.,'0,'0
Bath & Body,Scrubs & Exfoliants,'MUK200028200,'UK200028200,Aromatherapy associates,Rose Triple Exfoliator 200 ML,https://www.spacenk.com/uk/bath-body/body-cleanser/scrubs-exfoliants/rose-triple-exfoliator-MUK200028200.html?dwvar_MUK200028200_size=UK200028200&pid=MUK200028200&quantity=1,https://www.spacenk.com/dw/image/v2/ABCE_PRD/on/demandware.static/-/Sites-spacenkmastercatalog/default/dw5ef04585/products/AROMASSOC/UK200028200_AROMASSOC.jpg?sw=582&sh=582,"Aqua, caprylic/capric triglycerides, glycerin, simmondsia chinensis (jojoba) seed oil, cetearyl alcohol, jojoba esters, cetearyl olivate, zea mays (corn) cob powder, sorbitan olivate, bambusa arundinacea stem extract, phenoxyethanol, leuconostoc/radish root ferment filtrate, parfum, xanthan gum, ethylhexylglycerin, tocopherol, lactic acid, limonene*, citronellol*, cananga odorata (ylang ylang) flower oil, geraniol*, citrus grandis (grapefruit) peel oil, cymbopogon martini (palmarosa) oil, linalool*, citrus aurantium dulcis (orange) peel oil, citrus aurantium amara (bitter orange) leaf/twig oil, rosa damascena (rose) flower oil, vetiveria zizanoides (vetivert) root oil, cinnamomum camphora linalooliferum (ho) wood oil, lavandula angustifolia (lavender) oil, citrus limon (lemon) peel oil, cymbopogon citratus (lemongrass) leaf oil, pogostemon cablin (patchouli) leaf oil, mentha piperita (peppermint) oil, schinus molle (pink pepper) oil, artemisia pallens (davana) flower oil, boswellia carterii (frankincense) oil. *natural essential oil contents **natural plant extracts",'4.0,'9
Bath & Body,Body Wash,'MUK200039360,'UK200039360,Tatcha,Hinoki Body Wash 200 ML,https://www.spacenk.com/uk/bath-body/body-cleanser/body-wash/hinoki-body-wash-MUK200039360.html?dwvar_MUK200039360_size=UK200039360&pid=MUK200039360&quantity=1,https://www.spacenk.com/dw/image/v2/ABCE_PRD/on/demandware.static/-/Sites-spacenkmastercatalog/default/dw31e1053c/products/TATCHA/UK200039360_TATCHA.jpg?sw=582&sh=582,"Aqua/water/eau, sodium lauroyl methylaminopropionate, cocamidopropyl betaine, glycerin, acrylates copolymer, pentylene glycol, cellulose, sodium myristoyl methyl beta-alanine, polyglyceryl-10 laurate, parfum/fragrance, chamaecyparis obtusa water, chamaecyparis obtusa wood oil, tremella fuciformis polysaccharide, glycosyl trehalose, saccharomyces/rice ferment filtrate, camellia sinensis leaf extract, cladosiphon okamuranus extract, ceramide np, hydrogenated starch hydrolysate, prunus persica (peach) leaf extract, hydroxyethylcellulose, propanediol, butylene glycol, disodium phosphate, sodium nitrate, sodium citrate, linalool, ethylhexylglycerin, phenoxyethanol",'3.7,'23
Bath & Body,Body Wash,'MUK200057359,'UK200057359,Bamford,Geranium Wash Refill Pouch 50,https://www.spacenk.com/uk/bath-body/body-cleanser/body-wash/geranium-wash-refill-pouch-MUK200057359.html?dwvar_MUK200057359_size=UK200057359&pid=MUK200057359&quantity=1,https://www.spacenk.com/dw/image/v2/ABCE_PRD/on/demandware.static/-/Sites-spacenkmastercatalog/default/dwe6faf498/products/BAMFORD/UK200057359_BAMFORD.jpg?sw=582&sh=582,"""water (aqua), ammonium lauryl sulfate, cocamidopropyl betaine, caprylyl/capryl glucoside, glycerin, sodium benzoate, eucalyptus globulus leaf oil, aloe barbadensis leaf juice powder*, potassium sorbate, lavandula angustifolia (lavender) oil, sea salt (maris sal), citric acid, mentha piperita (peppermint) oil, sodium phytate, dipteryx odorata bean extract, lavandula hybrida extract, eucalyptus globulus oil, lavandula oil/ extract, linalyl acetate, pelargonium graveolens flower oil, linalool, limonene, mentha piperita oil, pinene, citronellol, betacaryophyllene, menthol, geraniol.""",'0,'0
Bath & Body,Handwash,'MUK200052799,'UK200052799,Hermès,Eau de Rhubarbe Ecarlate Hand And Body Gel 30,https://www.spacenk.com/uk/bath-body/body-cleanser/handwash/eau-de-rhubarbe-ecarlate-hand-and-body-gel-MUK200052799.html?dwvar_MUK200052799_size=UK200052799&pid=MUK200052799&quantity=1,https://www.spacenk.com/dw/image/v2/ABCE_PRD/on/demandware.static/-/Sites-spacenkmastercatalog/default/dw5f6060e8/products/HERMÈS/UK200052799_HERMÈS.jpg?sw=582&sh=582,This list is subject to change over time. please refer to the information on your product’s packaging for the most up-to-date list of ingredients. ingredients : aqua (water) • disodium cocoyl glutamate • cocamidopropyl betaine • parfum (fragrance) • diglycerin • erythritol • coco-glucoside • ceteareth-60 myristyl glycol • sodium cocoyl glutamate • peg-40 hydrogenated castor oil • caprylyl glycol • citric acid • dipropylene glycol • benzyl alcohol • limonene • ethylhexylglycerin • sodium phytate • benzotriazolyl dodecyl p-cresol • o-cymen-5-ol • linalool • geraniol • citronellol • sodium hydroxide • tocopherol.,'5.0,'2
Bath & Body,Handwash,'MUK200048771,'UK200048771,Mauli,Mauli Rituals x Dishoom Hand & Body Wash 250 ML,https://www.spacenk.com/uk/bath-body/body-cleanser/handwash/mauli-rituals-x-dishoom-hand-body-wash-MUK200048771.html?dwvar_MUK200048771_size=UK200048771&pid=MUK200048771&quantity=1,https://www.spacenk.com/dw/image/v2/ABCE_PRD/on/demandware.static/-/Sites-spacenkmastercatalog/default/dw00fce894/products/MAULI/UK200048771_MAULI.jpg?sw=582&sh=582,"Aqua, sodium myreth sulphate, cocamidopropyl betaine, canaga odorata (geranium) flower oil, citrus sinensis (blood orange) peel oil, pelargonium graveolens (geranium) flower oil, citrus aurantifolia (lime) peel oil, jasminum officinale (jasmine) flower extract, santalum album (sandalwood) wood oil, benzyl alcohol, phenoxyethanol, cirus aurantium bergamia (bergamot) fruit oil, cedrus deodara (cedarwood) wood oil, potassium sorbate, parfum, citric acid, coriandrum sativum (coriander) seed oil.",'4.5,'2
Bath & Body,Scrubs & Exfoliants,'MUK200037667,'UK200037667,Susanne kaufmann,Refining Scalp & Body Scrub 200 ML,https://www.spacenk.com/uk/bath-body/body-cleanser/scrubs-exfoliants/refining-scalp-body-scrub-MUK200037667.html?dwvar_MUK200037667_size=UK200037667&pid=MUK200037667&quantity=1,https://www.spacenk.com/dw/image/v2/ABCE_PRD/on/demandware.static/-/Sites-spacenkmastercatalog/default/dwc9da23af/products/SUSANNE_K/UK200037667_SUSANNE_K.jpg?sw=582&sh=582,"Brassica campestris (rapeseed) seed oil, helianthus annuus (sunflower) seed oil, polyglyceryl-4 oleate, hydrogenated vegetable oil, prunus armeniaca (apricot) seed powder, prunus armeniaca (apricot) kernel oil, ribes nigrum (black currant) seed powder, tocopherol, echium plantagineum seed oil, helianthus annuus (sunflower) seed oil unsaponifiables, cardiospermum halicacabum flower/leaf/vine extract, octyldodecanol, citral, limonene, geraniol, citronellol, parfum.",'0,'0
Bath & Body,Handwash,'MUK200055970,'UK200055970,Uni,Mr Chow Hand Wash 375 ML,https://www.spacenk.com/uk/bath-body/body-cleanser/handwash/mr-chow-hand-wash-MUK200055970.html?dwvar_MUK200055970_size=UK200055970&pid=MUK200055970&quantity=1,https://www.spacenk.com/dw/image/v2/ABCE_PRD/on/demandware.static/-/Sites-spacenkmastercatalog/default/dw54fe1774/products/UNI/UK200055970_UNI.jpg?sw=582&sh=582,"Water, sodium c14-16 olefin sulfonate, cocamidopropyl hydroxysultaine, cocamide mipa, hydroxypropyl bis-hydroxyethyldimonium chloride, kapphaphycus alvarezii extract, sea water, fucus vesiculosus extract, durvillaea potatorum extract, terminalia ferdinandiana fruit extract, olea europaea (olive) fruit oil, aloe barbadensis leaf juice, glycerin, cocamidopropyl pg-dimonium chloride phosphate, polyquaternium-7, phenethyl alcohol, sodium chloride, citric acid, trisodium ethylenediamine disuccinate, caprylhydroxamic acid, fragrance, linalyl acetate, linalool, limonene, citrus limon (lemon) peel oil, beta-caryophyllene",'5.0,'4
Bath & Body,Body Wash,'MUK200038707,'UK200038707,Laura mercier,Ambre Vanille Exfoliating Body Wash 20,https://www.spacenk.com/uk/bath-body/body-cleanser/body-wash/ambre-vanille-exfoliating-body-wash-MUK200038707.html?dwvar_MUK200038707_size=UK200038707&pid=MUK200038707&quantity=1,https://www.spacenk.com/dw/image/v2/ABCE_PRD/on/demandware.static/-/Sites-spacenkmastercatalog/default/dw66a69f41/products/LAURA_MERC/UK200038707_LAURA_MERC.jpg?sw=582&sh=582,"Glycerin, sucrose, aqua/water/eau, sodium cocoyl isethionate, ricinus communis (castor) seed oil, lauryl glucoside, c12-15 alkyl benzoate, cetearyl alcohol, fragrance (parfum), glyceryl stearate, peg-100 stearate, fragaria vesca (strawberry) seed, hectorite, prunus domestica seed oil, borago officinalis seed oil, olea europaea (olive) leaf extract, porphyridium cruentum extract, tetrasodium glutamate diacetate, 1,2-hexanediol, caprylyl glycol, citric acid, maris aqua/sea water/eau de mer, propanediol, benzyl salicylate, coumarin, limonene, potassium sorbate, sodium benzoate, benzyl alcohol.",'3.5,'15
Bath & Body,Body Wash,'MUK200038708,'UK200038708,Laura mercier,Almond Coconut Exfoliating Body Wash 20,https://www.spacenk.com/uk/bath-body/body-cleanser/body-wash/almond-coconut-exfoliating-body-wash-MUK200038708.html?dwvar_MUK200038708_size=UK200038708&pid=MUK200038708&quantity=1,https://www.spacenk.com/dw/image/v2/ABCE_PRD/on/demandware.static/-/Sites-spacenkmastercatalog/default/dw409596d3/products/LAURA_MERC/UK200038708_LAURA_MERC.jpg?sw=582&sh=582,"Glycerin, sucrose, aqua/water/eau, sodium cocoyl isethionate, ricinus communis (castor) seed oil, lauryl glucoside, c12-15 alkyl benzoate, cetearyl alcohol, fragrance (parfum), glyceryl stearate, peg-100 stearate, fragaria vesca (strawberry) seed, hectorite, prunus domestica seed oil, borago officinalis seed oil, olea europaea (olive) leaf extract, porphyridium cruentum extract, tetrasodium glutamate diacetate, 1,2-hexanediol, caprylyl glycol, citric acid, maris aqua/sea water/eau de mer, propanediol, benzyl salicylate, coumarin, limonene, potassium sorbate, sodium benzoate, benzyl alcohol.",'4.0,'7
Bath & Body,Body Wash,'MUK200050034,'UK200050034,Fresh,Lily Jasmine Body Wash 300 ML,https://www.spacenk.com/uk/bath-body/body-cleanser/body-wash/lily-jasmine-body-wash-MUK200050034.html?dwvar_MUK200050034_size=UK200050034&pid=MUK200050034&quantity=1,https://www.spacenk.com/dw/image/v2/ABCE_PRD/on/demandware.static/-/Sites-spacenkmastercatalog/default/dw11256d69/products/FRESH/UK200050034_FRESH.jpg?sw=582&sh=582,"Aqua (water), glycerin, butylene glycol, cocamidopropyl betaine, coco-betaine, peg-120 methyl glucose dioleate, parfum (fragrance), peg-40 hydrogenated castor oil, disodium cocoyl glutamate, tocopheryl acetate, tocopherol, sodium methyl cocoyl taurate, sodium cocoyl isethionate, polyacrylate crosspolymer-6, sodium stearoyl glutamate, citric acid, sodium cocoyl glutamate, caprylyl glycol, sodium citrate, ascorbyl tetraisopalmitate , propanediol, caramel, sodium hydroxide, sodium benzoate, limonene, linalool, citral, citronellol, geraniol<18394>",'4.2,'14
Bath & Body,Body Wash,'MUK200053678,'UK200053678,Mirror water,Butter Brick 95 G,https://www.spacenk.com/uk/bath-body/body-cleanser/body-wash/butter-brick-MUK200053678.html?dwvar_MUK200053678_size=UK200053678&pid=MUK200053678&quantity=1,https://www.spacenk.com/dw/image/v2/ABCE_PRD/on/demandware.static/-/Sites-spacenkmastercatalog/default/dwe6eab8e1/products/MIRROR_W/UK200053678_MIRROR_W.jpg?sw=582&sh=582,"Sodium shea butterate, sodium cocoate, sodium rapeseedate, aqua (water, eau)",'4.7,'10
Bath & Body,Body Wash,'MUK200050846,'UK200050846,Acqua di parma,Fico Hand & Body Wash 300 Ml 30,https://www.spacenk.com/uk/bath-body/body-cleanser/body-wash/fico-hand-body-wash-300-ml-MUK200050846.html?dwvar_MUK200050846_size=UK200050846&pid=MUK200050846&quantity=1,https://www.spacenk.com/dw/image/v2/ABCE_PRD/on/demandware.static/-/Sites-spacenkmastercatalog/default/dwb1f79458/products/ACQUA_DI/UK200050846_ACQUA_DI.jpg?sw=582&sh=582,"Ingredients: ingredients: aqua (water), glycerin, cocamidopropyl betaine, disodium cocoyl glutamate, parfum (fragrance), peg-150 distearate, sodium lauroyl sarcosinate, ppg-26-buteth-26, peg-40 hydrogenated castor oil, hydroxyacetophenone, citric acid, chlorphenesin, limonene, sodium benzoate, tetrasodium glutamate diacetate, linalool, hexyl cinnamal, alpha-isomethyl ionone, citronellol, ascorbyl palmitate",'0,'0
Bath & Body,Aromatherapy Treatments,'MUK200048426,'UK200048426,Neom,Real Luxury Wellbeing Soak 100 ML,https://www.spacenk.com/uk/bath-body/aromatherapy/aromatherapy-treatments/real-luxury-wellbeing-soak-MUK200048426.html?dwvar_MUK200048426_size=UK200048426&pid=MUK200048426&quantity=1,https://www.spacenk.com/dw/image/v2/ABCE_PRD/on/demandware.static/-/Sites-spacenkmastercatalog/default/dw8b514b39/products/NEOM/UK200048426_NEOM.jpg?sw=582&sh=582,"Helianthus annuus (sunflower) seed oil, parfum (fragrance)*, linalool, prunus amygdalus dulcis (almond) oil, argania spinosa (argan) kernel oil, simmondsia chinensis (jojoba) seed oil, limonene, cocos nucifera (coconut) oil, vitis vinifera (grape) seed oil, rose canina (rosehip) seed oil, salvia hispanica (chia) seed oil, plukenetia volubilis (sacha inchi) seed oil, tocopherol, geraniol, citronellol, eugenol, benzyl benzoate, citral.",'4.7,'3
Bath & Body,Body Wash,'MUK200052794,'UK200052794,Hermès,Eau de Citron Noir Hair and Body Shower Gel Refill 20,https://www.spacenk.com/uk/bath-body/body-cleanser/body-wash/eau-de-citron-noir-hair-and-body-shower-gel-refill-MUK200052794.html?dwvar_MUK200052794_size=UK200052794&pid=MUK200052794&quantity=1,https://www.spacenk.com/dw/image/v2/ABCE_PRD/on/demandware.static/-/Sites-spacenkmastercatalog/default/dw132c7ec7/products/HERMÈS/UK200052794_HERMÈS.jpg?sw=582&sh=582,This list is subject to change over time. please refer to the information on your product’s packaging for the most up-to-date list of ingredients. ingredients : aqua (water) • disodium cocoyl glutamate • cocamidopropyl betaine • diglycerin • parfum (fragrance) • coco-glucoside • ceteareth-60 myristyl glycol • sodium cocoyl glutamate • peg-40 hydrogenated castor oil • limonene • caprylyl glycol • citric acid • benzyl alcohol • dipropylene glycol • ethylhexylglycerin • polyquaternium-10 • sodium phytate • benzotriazolyl dodecyl p-cresol • o-cymen-5-ol • citral • linalool • sodium hydroxide • tocopherol.,'0,'0
Bath & Body,Body Wash,'MUK200048715,'UK200048715,This works,Perfect Body Smoothing Wash 200 ML,https://www.spacenk.com/uk/bath-body/body-cleanser/body-wash/perfect-body-smoothing-wash-MUK200048715.html?dwvar_MUK200048715_size=UK200048715&pid=MUK200048715&quantity=1,https://www.spacenk.com/dw/image/v2/ABCE_PRD/on/demandware.static/-/Sites-spacenkmastercatalog/default/dw8822b568/products/THIS_WORKS/UK200048715_THIS_WORKS.jpg?sw=582&sh=582,"Aqua (water), coco-glucoside, cocamidopropyl betaine, glycerin, gluconolactone, benzyl alcohol, dehydroxanthan gum, sodium chloride, polysorbate 20, saccharide isomerate, coconut acid, xanthan gum, ethylhexylglycerin, vaccinium myrtillus (bilberry) fruit extract, parfum (fragrance), sodium hydroxide, saccharum officinarum (sugar cane) extract, limonene*, linalool*, citrus aurantium dulcis (orange) fruit extract, citrus limon (lemon) fruit extract, acer saccharum (sugar maple) extract, citronellol*, geraniol*, evernia prunastri (oakmoss) extract, amyris balsamifera bark oil, boswellia carterii resin extract, cinnamomum camphora linalooliferum wood oil, citrus aurantium dulcis peel oil expressed, pelargonium graveolens (geranium) oil, pogostemon cablin leaf oil, citric acid, sodium citrate, boswellia carterii oil, rosa centifolia flower extract, vanilla planifolia fruit extract, eugenol*, tocopherol, eugenia caryophyllus (clove) bud oil, hibiscus abelmoschus seed extract, styrax tonkinensis resin extract. * naturally occurring essential oils",'3.9,'9
Bath & Body,Bath Salts,'MUK200033440,'UK200033440,Mauli,Sleep Dharma Bath Salts 460 G,https://www.spacenk.com/uk/bath-body/body-cleanser/bath-salts/sleep-dharma-bath-salts-MUK200033440.html?dwvar_MUK200033440_size=UK200033440&pid=MUK200033440&quantity=1,https://www.spacenk.com/dw/image/v2/ABCE_PRD/on/demandware.static/-/Sites-spacenkmastercatalog/default/dwaa0f28d9/products/MAULI/UK200033440_MAULI.jpg?sw=582&sh=582,,'4.5,'4
Bath & Body,Aromatherapy Treatments,'MUK200031541,'UK200031541,Aromatherapy associates,Rose Shower Oil 50 ML,https://www.spacenk.com/uk/bath-body/aromatherapy/aromatherapy-treatments/rose-shower-oil-MUK200031541.html?dwvar_MUK200031541_size=UK200031541&pid=MUK200031541&quantity=1,https://www.spacenk.com/dw/image/v2/ABCE_PRD/on/demandware.static/-/Sites-spacenkmastercatalog/default/dwfb338544/products/AROMASSOC/UK200031541_AROMASSOC.jpg?sw=582&sh=582,"Caprylic/capric triglyceride, mipa-laureth sulfate, laureth-3, helianthus annuus (sunflower) seed oil, parfum**, silica, propylene glycol, limonene*, citronellol*, geraniol*, linalool*, prunus persica (peach) kernel oil, simmondsia chinensis (jojoba) seed oil, benzyl benzoate*, citral*, farnesol*, benzyl salicylate*, tocopherol, benzyl alcohol, benzyl cinnamate*.*natural essential oil contents**natural plant extracts",'4.2,'29
Bath & Body,Handwash,'MUK200055974,'UK200055974,Uni,Restoring Hand Wash 375 ML,https://www.spacenk.com/uk/bath-body/body-cleanser/handwash/restoring-hand-wash-MUK200055974.html?dwvar_MUK200055974_size=UK200055974&pid=MUK200055974&quantity=1,https://www.spacenk.com/dw/image/v2/ABCE_PRD/on/demandware.static/-/Sites-spacenkmastercatalog/default/dw150b797f/products/UNI/UK200055974_UNI.jpg?sw=582&sh=582,"Water (aqua) aloe barbadensis leaf juice (aloe vera) decyl glucoside acrylates copolymer betaine propanediol caprylhydroxamic acid caprylyl glyceryl ether citrus aurantium dulcis (orange) peel oil tasmanian sea kelp bladderwrack seaweed (fucus vesiculosus extract) glycerin (organic) glyceryl laurate red macroalga (kappaphycus alvarezii extract) leuconostoc/radish root ferment filtrate (radish root) limonene melia azadirachta flower extract melia azadirachta leaf extract olea europaea fruit oil sea water sodium hydroxide australian kakadu plum triethyl citrate juniperus mexicana (cedar) oil alpha ionone 2,6-dimethyl-7-octen-2-ol phenethyl alcohol dodecahydro-tetramethylnaphthofuran pelargonium graveolens (geranium) oil salvia sclarea (clary sage) oil anthemis nobilis (roman chamomile) flower oil commiphora myrrha oil fusanus spicatus (sandalwood) oil gamma octalactone methylbenzyl acetate rose ketone-4 lavandula angustifolia (lavender) oil schinus molle oil thuja plicata (western red cedar) wood oil beta ionone camphor cis-3-hexenyl acetate lauraldehyde non-2-enal ferula galbaniflua (galbanum) resin oil methyl benzoate undecylenal decanal",'4.5,'237
Bath & Body,Body Wash,'MUK200055781,'UK200055781,Bulgari,Eau Parfumée Thé Blanc Body Shower Gel 30,https://www.spacenk.com/uk/bath-body/body-cleanser/body-wash/eau-parfumee-the-blanc-body-shower-gel-MUK200055781.html?dwvar_MUK200055781_size=UK200055781&pid=MUK200055781&quantity=1,https://www.spacenk.com/dw/image/v2/ABCE_PRD/on/demandware.static/-/Sites-spacenkmastercatalog/default/dw6ab0df1a/products/BULGARI/UK200055781_BULGARI.jpg?sw=582&sh=582,"Aqua (water), sodium laureth sulfate, cocamidopropyl betaine, ppg-5-ceteth-20, parfum (fragrance), decyl glucoside, glycerin, sodium citrate, peg-120 methyl glucose dioleate, sodium benzoate, citric acid, phytic acid, limonene, linalool, geraniol, coumarin, citral, sodium hydroxide, tocopherol",'4.5,'2
Bath & Body,Body Wash,'MUK200037662,'UK200037662,Olverum,Body Cleanser 250 ML,https://www.spacenk.com/uk/bath-body/body-cleanser/body-wash/body-cleanser-MUK200037662.html?dwvar_MUK200037662_size=UK200037662&pid=MUK200037662&quantity=1,https://www.spacenk.com/dw/image/v2/ABCE_PRD/on/demandware.static/-/Sites-spacenkmastercatalog/default/dwbd656e71/products/OLVERUM/UK200037662_OLVERUM.jpg?sw=582&sh=582,"Aqua (water), sodium methyl cocoyl taurate, cocamidopropyl betaine, sodium methyl oleoyl taurate, glycerin, sodium cocoyl amino acids, coco-betaine, lauroyl/myristoyl methyl glucamide, persea gratissima (avocado) oil, abies sibirica (siberian fir) oil, lavandula hybrida (lavandin) oil, eucalyptus globulus (eucalyptus) leaf oil, citrus limon (lemon) peel oil, rosmarinus officinalis (rosemary) leaf oil, listea cubeba (may chang) fruit oil, lavandula angustifolia (lavender) oil, citrus aurantifolia (lime) oil, juniperus communis (juniper) fruit oil, pelargonium graveolens (geranium) leaf oil, sodium benzoate, potassium sorbate, citric acid, parfum (fragrance)**, citral*, citronellol*, eugenol*, geraniol*, limonene*, linalool* *components of natural essential oil",'4.4,'5
Bath & Body,Scrubs & Exfoliants,'MUK200048844,'UK200048844,Emma hardie,Moringa Luxury Body Scrub 350 G,https://www.spacenk.com/uk/bath-body/body-cleanser/scrubs-exfoliants/moringa-luxury-body-scrub-MUK200048844.html?dwvar_MUK200048844_size=UK200048844&pid=MUK200048844&quantity=1,https://www.spacenk.com/dw/image/v2/ABCE_PRD/on/demandware.static/-/Sites-spacenkmastercatalog/default/dw00bd79b1/products/EMMA_HARD/UK200048844_EMMA_HARD.jpg?sw=582&sh=582,"Sodium chloride, ethylhexyl palmitate, prunus amygdalus dulcis oil, coco-caprylate, peg-6 caprylic/capric glycerides, glyceryl stearate se, parfum, silica, maris sal, glyceryl stearate, peg-100 stearate, crambe abyssinica seed oil, moringa oleifera seed oil, ribes nigrum seed oil, ppg-15 stearyl ether, tocopherol, cannabis sativa seed oil, magnesium pca, bht, helianthus annuus seed oil, rosmarinus officinalis leaf extract",'4.4,'7
Bath & Body,Body Wash,'MUK200055711,'UK200055711,Acqua di parma,Mandarino Hand & Body Wash 30,https://www.spacenk.com/uk/bath-body/body-cleanser/body-wash/mandarino-hand-body-wash-MUK200055711.html?dwvar_MUK200055711_size=UK200055711&pid=MUK200055711&quantity=1,https://www.spacenk.com/dw/image/v2/ABCE_PRD/on/demandware.static/-/Sites-spacenkmastercatalog/default/dw6cf57897/products/ACQUA_DI/UK200055711_ACQUA_DI.jpg?sw=582&sh=582,21353: aqua (water) • disodium cocoyl glutamate • cocamidopropyl betaine • decyl glucoside • parfum (fragrance) • peg-40 hydrogenated castor oil •peg-120 methyl glucose dioleate • glycerin • propylene glycol • disodium laureth sulfosuccinate • benzotriazolyl dodecyl p-cresol • ethylhexyl salicylate • hydroxyacetophenone • citric acid • limonene • chlorphenesin • trisodium ethylenediamine disuccinate • linalool • panthenol • citral • hydroxycitronellal • octadecyl di-t-butyl-4-hydroxyhydrocinnamate • eugenol • citronellol • potassium sorbate • tocopherol • helianthus annuus (sunflower) seed oil • ci 19140 (yellow 5) • ci 42090 (blue 1),'4.0,'1
Bath & Body,Body Wash,'MUK200052804,'UK200052804,Hermès,Un Jardin Sur Le Nil Hair And Body Shower Gel 20,https://www.spacenk.com/uk/bath-body/body-cleanser/body-wash/un-jardin-sur-le-nil-hair-and-body-shower-gel-MUK200052804.html?dwvar_MUK200052804_size=UK200052804&pid=MUK200052804&quantity=1,https://www.spacenk.com/dw/image/v2/ABCE_PRD/on/demandware.static/-/Sites-spacenkmastercatalog/default/dwe9fc2b09/products/HERMÈS/UK200052804_HERMÈS.jpg?sw=582&sh=582,This list is subject to change over time. please refer to the information on your product’s packaging for the most up-to-date list of ingredients. ingredients : aqua (water) • disodium cocoyl glutamate • parfum (fragrance) • cocamidopropyl betaine • diglycerin • coco-glucoside • ceteareth-60 myristyl glycol • sodium cocoyl glutamate • peg-40 hydrogenated castor oil • caprylyl glycol • citric acid • dipropylene glycol • benzyl alcohol • limonene • ethylhexylglycerin • polyquaternium-10 • hydroxycitronellal • sodium phytate • benzotriazolyl dodecyl pcresol • o-cymen-5-ol • citronellol • hexyl cinnamal • geraniol • sodium hydroxide • tocopherol.,'0,'0
Bath & Body,Handwash,'MUK200052800,'UK200052800,Hermès,Eau de Citron Noir Hand and Body Cleansing Gel 30,https://www.spacenk.com/uk/bath-body/body-cleanser/handwash/eau-de-citron-noir-hand-and-body-cleansing-gel-MUK200052800.html?dwvar_MUK200052800_size=UK200052800&pid=MUK200052800&quantity=1,https://www.spacenk.com/dw/image/v2/ABCE_PRD/on/demandware.static/-/Sites-spacenkmastercatalog/default/dwff053d99/products/HERMÈS/UK200052800_HERMÈS.jpg?sw=582&sh=582,This list is subject to change over time. please refer to the information on your product’s packaging for the most up-to-date list of ingredients. ingredients : aqua (water) • disodium cocoyl glutamate • cocamidopropyl betaine • erythritol • diglycerin • parfum (fragrance) • coco-glucoside • ceteareth-60 myristyl glycol • sodium cocoyl glutamate • peg-40 hydrogenated castor oil • limonene • caprylyl glycol • citric acid • benzyl alcohol • dipropylene glycol • ethylhexylglycerin • benzotriazolyl dodecyl p-cresol • sodium phytate • o-cymen-5-ol • citral • linalool • sodium hydroxide • tocopherol.,'0,'0
Bath & Body,Scrubs & Exfoliants,'MUK200049399,'UK200049400,Fresh,Brown Sugar Body Polish 490 G,https://www.spacenk.com/uk/bath-body/body-cleanser/scrubs-exfoliants/brown-sugar-body-polish-MUK200049399.html?dwvar_MUK200049399_size=UK200049400&pid=MUK200049399&quantity=1,https://www.spacenk.com/dw/image/v2/ABCE_PRD/on/demandware.static/-/Sites-spacenkmastercatalog/default/dw7b9ebaaa/products/FRESH/UK200049400_FRESH.jpg?sw=582&sh=582,"Sucrose, prunus amygdalus dulcis (sweet almond) oil, prunus armeniaca (apricot) kernel oil, simmondsia chinensis (jojoba) seed oil, parfum (fragrance), camelina sativa seed oil, helianthus annuus (sunflower) seed oil, panax ginseng root extract, caprylyl glycol, tocopherol, limonene, citral, linalool <19157>",'4.0,'5
Bath & Body,Body Wash,'MUK200054165,'UK200054165,Murad,Heartleaf Soothing Body Cleanser 240 ML,https://www.spacenk.com/uk/bath-body/body-cleanser/body-wash/heartleaf-soothing-body-cleanser-MUK200054165.html?dwvar_MUK200054165_size=UK200054165&pid=MUK200054165&quantity=1,https://www.spacenk.com/dw/image/v2/ABCE_PRD/on/demandware.static/-/Sites-spacenkmastercatalog/default/dw103066d9/products/MURAD/UK200054165_MURAD.jpg?sw=582&sh=582,"Water/aqua/eau, cocamidopropyl hydroxysultaine, glycerin, cocamidopropyl betaine, cetearyl alcohol, sodium cocoyl isethionate, houttuynia cordata extract, ceramide np, phaeodactylum tricornutum extract, urea, yeast amino acids, trehalose, inositol, taurine, betaine, propanediol, lactobacillus ferment, palmitic acid, polyacrylate crosspolymer-6, xanthan gum, hydroxypropyltrimonium inulin, lecithin, stearic acid, myristic acid, leuconostoc/radish root ferment filtrate, lauric acid, tocopherol, tetrasodium glutamate diacetate, tetrasodium edta, citric acid, sodium hydroxide, sodium benzoate",'5.0,'3
Bath & Body,Body Wash,'MUK200052789,'UK200052789,Hermès,Eau D'Orange Verte Hair and Body Shower Gel 20,https://www.spacenk.com/uk/bath-body/body-cleanser/body-wash/eau-dorange-verte-hair-and-body-shower-gel-MUK200052789.html?dwvar_MUK200052789_size=UK200052789&pid=MUK200052789&quantity=1,https://www.spacenk.com/dw/image/v2/ABCE_PRD/on/demandware.static/-/Sites-spacenkmastercatalog/default/dwad439071/products/HERMÈS/UK200052789_HERMÈS.jpg?sw=582&sh=582,Aqua (water) disodium cocoyl glutamate cocamidopropyl betaine diglycerin coco-glucoside ceteareth-60 myristyl glycol parfum (fragrance) sodium cocoyl glutamate peg-40 hydrogenated castor oil caprylyl glycol citric acid limonene benzyl alcohol dipropylene glycol ethylhexylglycerin polyquaternium-10 sodium phytate benzotriazolyl dodecyl p-cresol o-cymen-5-ol linalool alpha-isomethyl ionone coumarin sodium hydroxide tocopherol,'5.0,'2
Bath & Body,Body Wash,'MUK200055779,'UK200055779,Bulgari,Eau Parfumée The Vert Body Shower Gel 30,https://www.spacenk.com/uk/bath-body/body-cleanser/body-wash/eau-parfumee-the-vert-body-shower-gel-MUK200055779.html?dwvar_MUK200055779_size=UK200055779&pid=MUK200055779&quantity=1,https://www.spacenk.com/dw/image/v2/ABCE_PRD/on/demandware.static/-/Sites-spacenkmastercatalog/default/dw9a767f7c/products/BULGARI/UK200055779_BULGARI.jpg?sw=582&sh=582,"Aqua (water), sodium laureth sulfate, cocamidopropyl betaine, ppg-5-ceteth-20, parfum (fragrance), decyl glucoside, glycerin, sodium citrate, peg-120 methyl glucose dioleate, sodium benzoate, citric acid, hexyl cinnamal, limonene, linalool, phytic acid, coumarin, sodium hydroxide, tocopherol",'4.0,'1
Bath & Body,Body Wash,'MUK200056085,'UK200056085,Laura mercier,Neroli De Sud Hydrating Body Wash 20,https://www.spacenk.com/uk/bath-body/body-cleanser/body-wash/neroli-de-sud-hydrating-body-wash-MUK200056085.html?dwvar_MUK200056085_size=UK200056085&pid=MUK200056085&quantity=1,https://www.spacenk.com/dw/image/v2/ABCE_PRD/on/demandware.static/-/Sites-spacenkmastercatalog/default/dwb58c65ea/products/LAURA_MERC/UK200056085_LAURA_MERC.jpg?sw=582&sh=582,"Water (aqua/eau), cocamidopropyl hydroxysultaine, sodium cocoyl glutamate, glycerin, acrylates copolymer, peg-150 pentaerythrityl tetrastearate, fragrance (parfum), polysorbate 20, citric acid, peg-6 caprylic/capric glycerides, betaine, pyrus malus (apple) fruit extract, benzyl alcohol, methyl gluceth-20, glycol distearate, polyquaternium-10, borago officinalis seed oil, prunus domestica seed oil, olea europaea (olive) fruit oil, sea water (maris aqua/eau de mer), dehydroacetic acid, glycol stearate, tetrasodium glutamate diacetate, propanediol, glycol, myrtus communis leaf extract, olea europaea (olive) leaf extract, porphyridium cruentum extract, coumarin, anise alcohol. water (aqua/eau), cocamidopropyl hydroxysultaine, sodium cocoyl glutamate, glycerin, acrylates copolymer, peg-150 pentaerythrityl tetrastearate, fragrance (parfum), polysorbate 20, citric acid, peg-6 caprylic/capric glycerides, betaine, pyrus malus (apple) fruit extract, methyl gluceth-20, glycol distearate, polyquaternium-10, borago officinalis seed oil, prunus domestica seed oil, olea europaea (olive) fruit oil, sea water (maris aqua/eau de mer), dehydroacetic acid, glycol stearate, tetrasodium glutamate diacetate, propanediol, glycol, myrtus communis leaf extract, olea europaea (olive) leaf extract, porphyridium cruentum extract, benzyl alcohol, benzyl salicylate, limonene. water (aqua/eau), cocamidopropyl hydroxysultaine, sodium cocoyl glutamate, glycerin, acrylates copolymer, peg-150 pentaerythrityl tetrastearate, fragrance (parfum), polysorbate 20, citric acid, peg-6 caprylic/capric glycerides, betaine, pyrus malus (apple) fruit extract, benzyl alcohol, methyl gluceth-20, glycol distearate, polyquaternium-10, borago officinalis seed oil, prunus domestica seed oil, olea europaea (olive) fruit oil, sea water (maris aqua/eau de mer), dehydroacetic acid, glycol stearate, tetrasodium glutamate diacetate, propanediol, glycol, myrtus communis leaf extract, olea europaea (olive) leaf extract, porphyridium cruentum extract, limonene, benzyl salicylate, citral, linalool, hydroxycitronellal, citronellol.",'3.5,'4
Bath & Body,Bath Oils,'MUK200007279,'UK200007279,Aromatherapy associates,Revive Morning Bath and Shower Oil 55 ML,https://www.spacenk.com/uk/bath-body/body-cleanser/bath-oils/revive-morning-bath-and-shower-oil-MUK200007279.html?dwvar_MUK200007279_size=UK200007279&pid=MUK200007279&quantity=1,https://www.spacenk.com/dw/image/v2/ABCE_PRD/on/demandware.static/-/Sites-spacenkmastercatalog/default/dwadd6b68f/products/AROMASSOC/UK200007279_AROMASSOC.jpg?sw=582&sh=582,,'4.8,'90
Bath & Body,Bath Oils,'MUK137363912,'UK137363912,Aromatherapy associates,De-Stress Mind Bath and Shower Oil 55 ML,https://www.spacenk.com/uk/bath-body/body-cleanser/bath-oils/de-stress-mind-bath-and-shower-oil-MUK137363912.html?dwvar_MUK137363912_size=UK137363912&pid=MUK137363912&quantity=1,https://www.spacenk.com/dw/image/v2/ABCE_PRD/on/demandware.static/-/Sites-spacenkmastercatalog/default/dwcb42e946/products/AROMASSOC/UK137363912_AROMASSOC.jpg?sw=582&sh=582,,'4.8,'99
Bath & Body,Body Wash,'MUK200052790,'UK200052790,Hermès,Eau D'Orange Verte Hair and Body Shower Gel Refill 200ml 20,https://www.spacenk.com/uk/bath-body/body-cleanser/body-wash/eau-dorange-verte-hair-and-body-shower-gel-refill-200ml-MUK200052790.html?dwvar_MUK200052790_size=UK200052790&pid=MUK200052790&quantity=1,https://www.spacenk.com/dw/image/v2/ABCE_PRD/on/demandware.static/-/Sites-spacenkmastercatalog/default/dwb29fe6f8/products/HERMÈS/UK200052790_HERMÈS.jpg?sw=582&sh=582,Aqua (water) disodium cocoyl glutamate cocamidopropyl betaine diglycerin coco-glucoside ceteareth-60 myristyl glycol parfum (fragrance) sodium cocoyl glutamate peg-40 hydrogenated castor oil caprylyl glycol citric acid limonene benzyl alcohol dipropylene glycol ethylhexylglycerin polyquaternium-10 sodium phytate benzotriazolyl dodecyl p-cresol o-cymen-5-ol linalool alpha-isomethyl ionone coumarin sodium hydroxide tocopherol,'0,'0
Bath & Body,Fragrance,'MUK200051818,'UK200051818,Diptyque,L'Eau Papier Gel de Parfum Body Wash 20,https://www.spacenk.com/uk/fragrance/personal-fragrance/fragrance/leau-papier-gel-de-parfum-body-wash-MUK200051818.html?dwvar_MUK200051818_size=UK200051818&pid=MUK200051818&quantity=1,https://www.spacenk.com/dw/image/v2/ABCE_PRD/on/demandware.static/-/Sites-spacenkmastercatalog/default/dw490d5bfc/products/DIPTYQUE/UK200051818_DIPTYQUE.jpg?sw=582&sh=582,"Aqua (water), coco-glucoside, cocamidopropyl betaine, parfum (fragrance), pentylene glycol, polysorbate 20, peg-75 shea butter glycerides, ceteareth-60 myristyl glycol, glycerin, disodium cocoyl glutamate, sodium chloride, citric acid, glyceryl oleate, chlorphenesin, sodium cocoyl glutamate, hydroxycitronellal, sodium benzoate, limonene, tetrasodium glutamate diacetate, tocopherol, hydrogenated palm glycerides citrate",'3.7,'6
Bath & Body,Handwash,'MUK200055973,'UK200055973,Uni,Restoring Hand Wash Refill 375 ML,https://www.spacenk.com/uk/bath-body/body-cleanser/handwash/restoring-hand-wash-refill-MUK200055973.html?dwvar_MUK200055973_size=UK200055973&pid=MUK200055973&quantity=1,https://www.spacenk.com/dw/image/v2/ABCE_PRD/on/demandware.static/-/Sites-spacenkmastercatalog/default/dw4aedabf2/products/UNI/UK200055973_UNI.jpg?sw=582&sh=582,"Water (aqua) aloe barbadensis leaf juice (aloe vera) decyl glucoside acrylates copolymer betaine propanediol caprylhydroxamic acid caprylyl glyceryl ether citrus aurantium dulcis (orange) peel oil tasmanian sea kelp bladderwrack seaweed (fucus vesiculosus extract) glycerin (organic) glyceryl laurate red macroalga (kappaphycus alvarezii extract) leuconostoc/radish root ferment filtrate (radish root) limonene melia azadirachta flower extract melia azadirachta leaf extract olea europaea fruit oil sea water sodium hydroxide australian kakadu plum triethyl citrate juniperus mexicana (cedar) oil alpha ionone 2,6-dimethyl-7-octen-2-ol phenethyl alcohol dodecahydro-tetramethylnaphthofuran pelargonium graveolens (geranium) oil salvia sclarea (clary sage) oil anthemis nobilis (roman chamomile) flower oil commiphora myrrha oil fusanus spicatus (sandalwood) oil gamma octalactone methylbenzyl acetate rose ketone-4 lavandula angustifolia (lavender) oil schinus molle oil thuja plicata (western red cedar) wood oil beta ionone camphor cis-3-hexenyl acetate lauraldehyde non-2-enal ferula galbaniflua (galbanum) resin oil methyl benzoate undecylenal decanal",'4.5,'234
Bath & Body,Body Wash,'MUK200052806,'UK200052806,Hermès,Le Jardin De Monsieur Li Hair And Body Shower Gel 20,https://www.spacenk.com/uk/bath-body/body-cleanser/body-wash/le-jardin-de-monsieur-li-hair-and-body-shower-gel-MUK200052806.html?dwvar_MUK200052806_size=UK200052806&pid=MUK200052806&quantity=1,https://www.spacenk.com/dw/image/v2/ABCE_PRD/on/demandware.static/-/Sites-spacenkmastercatalog/default/dw10326403/products/HERMÈS/UK200052806_HERMÈS.jpg?sw=582&sh=582,This list is subject to change over time. please refer to the information on your product’s packaging for the most up-to-date list of ingredients. ingredients : aqua (water) • disodium cocoyl glutamate • parfum (fragrance) • cocamidopropyl betaine • diglycerin • peg-40 hydrogenated castor oil • coco-glucoside • ceteareth-60 myristyl glycol • sodium cocoyl glutamate • caprylyl glycol • citric acid • dipropylene glycol • benzyl alcohol • benzyl salicylate • ethylhexylglycerin • limonene • polyquaternium-10 • hydroxycitronellal • alpha-isomethyl ionone • linalool • sodium phytate • benzotriazolyl dodecyl p-cresol • o-cymen-5-ol • hexyl cinnamal • sodium hydroxide • tocopherol.,'5.0,'1
Bath & Body,Body Wash,'MUK200052793,'UK200052793,Hermès,Eau de Rhubarbe Ecarlate Hair and Body Gel Refill 20,https://www.spacenk.com/uk/bath-body/body-cleanser/body-wash/eau-de-rhubarbe-ecarlate-hair-and-body-gel-refill-MUK200052793.html?dwvar_MUK200052793_size=UK200052793&pid=MUK200052793&quantity=1,https://www.spacenk.com/dw/image/v2/ABCE_PRD/on/demandware.static/-/Sites-spacenkmastercatalog/default/dwb9f3422b/products/HERMÈS/UK200052793_HERMÈS.jpg?sw=582&sh=582,This list is subject to change over time. please refer to the information on your product’s packaging for the most up-to-date list of ingredients. ingredients : aqua (water) • disodium cocoyl glutamate • cocamidopropyl betaine • diglycerin • parfum (fragrance) • coco-glucoside • ceteareth-60 myristyl glycol • sodium cocoyl glutamate • peg-40 hydrogenated castor oil • caprylyl glycol • citric acid • dipropylene glycol • benzyl alcohol • ethylhexylglycerin • limonene • polyquaternium-10 • sodium phytate • benzotriazolyl dodecyl p-cresol • o-cymen-5-ol • linalool • geraniol • citronellol • sodium hydroxide • tocopherol,'4.5,'2
Bath & Body,Body Wash,'MUK200031899,'UK200031899,Bamford,Geranium Hand and Body Wash ,https://www.spacenk.com/uk/bath-body/body-cleanser/body-wash/geranium-hand-and-body-wash-MUK200031899.html?dwvar_MUK200031899_size=UK200031899&pid=MUK200031899&quantity=1,https://www.spacenk.com/dw/image/v2/ABCE_PRD/on/demandware.static/-/Sites-spacenkmastercatalog/default/dw9bfdf883/products/BAMFORD/UK200031899_BAMFORD.jpg?sw=582&sh=582,"Aqua (water), ammonium lauryl sulfate, cocamidopropyl betaine, caprylyl/capryl glucoside, glycerine, parfum (fragrance), sodium benzoate, potassium sorbate, aloe barbadensis leaf juice powder*, sodium chloride, maris sal, eucalyptus globulus leaf oil, lavandula angustifolia (lavender) oil, pelargonium graveolens flower oil, mentha piperita (peppermint) oil, sodium phytate, citric acid, dipteryx odorata bean extract, lavandula hybrida extract, benzyl alcohol, linalool, limonene, citronellol, geraniol.",'4.5,'83
Bath & Body,Bath Oils,'MUK200048915,'UK200048843,Emma hardie,Moringa Luxury Bath & Shower Oil 50 ML,https://www.spacenk.com/uk/bath-body/body-cleanser/bath-oils/moringa-luxury-bath-shower-oil-MUK200048915.html?dwvar_MUK200048915_size=UK200048843&pid=MUK200048915&quantity=1,https://www.spacenk.com/dw/image/v2/ABCE_PRD/on/demandware.static/-/Sites-spacenkmastercatalog/default/dwf4971f95/products/EMMA_HARD/UK200048843_EMMA_HARD.jpg?sw=582&sh=582,"Vitis vinifera (grape) seed oil, laureth-4, olea europaea (olive) fruit oil, prunus amygdalus dulcis (sweet almond) oil, limonene, citrus aurantium dulcis (orange) peel oil expressed, parfum (fragrance), linalool, citrus aurantium amara (bitter orange) flower oil, citrus aurantium bergamia (bergamot) fruit oil, bht, cannabis sativa seed oil, juniperus virginiana (cedarwood) oil, moringa oleifera seed oil, ribes nigrum (black currant) seed oil, tocopheryl acetate, geraniol, jasminum officinale (jasmine) flower, rosa damascena flower oil, citronellol, hippophae rhamnoides (seabuckthorn) fruit oil, citral, citrus nobilis (mandarin orange) peel oil",'4.3,'12
Bath & Body,Handwash,'MUK200052802,'UK200052802,Hermès,Eau de Rhubarbe Ecarlate Hand and Body Cleansing Gel Refill 30,https://www.spacenk.com/uk/bath-body/body-cleanser/handwash/eau-de-rhubarbe-ecarlate-hand-and-body-cleansing-gel-refill-MUK200052802.html?dwvar_MUK200052802_size=UK200052802&pid=MUK200052802&quantity=1,https://www.spacenk.com/dw/image/v2/ABCE_PRD/on/demandware.static/-/Sites-spacenkmastercatalog/default/dw9fad2c9f/products/HERMÈS/UK200052802_HERMÈS.jpg?sw=582&sh=582,This list is subject to change over time. please refer to the information on your product’s packaging for the most up-to-date list of ingredients. ingredients : aqua (water) • disodium cocoyl glutamate • cocamidopropyl betaine • parfum (fragrance) • diglycerin • erythritol • coco-glucoside • ceteareth-60 myristyl glycol • sodium cocoyl glutamate • peg-40 hydrogenated castor oil • caprylyl glycol • citric acid • dipropylene glycol • benzyl alcohol • limonene • ethylhexylglycerin • sodium phytate • benzotriazolyl dodecyl p-cresol • o-cymen-5-ol • linalool • geraniol • citronellol • sodium hydroxide • tocopherol.,'5.0,'1
Bath & Body,Body Wash,'MUK200034441,'UK200034441,Fresh,Milk Body Cleanser 26,https://www.spacenk.com/uk/bath-body/body-cleanser/body-wash/milk-body-cleanser-MUK200034441.html?dwvar_MUK200034441_size=UK200034441&pid=MUK200034441&quantity=1,https://www.spacenk.com/dw/image/v2/ABCE_PRD/on/demandware.static/-/Sites-spacenkmastercatalog/default/dw87c4433f/products/FRESH/UK200034441_FRESH.jpg?sw=582&sh=582,"Aqua (water), disodium cocoyl glutamate, coco-betaine, glycerin, sodium cocoyl isethionate, citric acid, decyl glucoside, sodium citrate, cetearyl alcohol, butyrospermum parkii (shea) butter, olea europaea (olive) fruit oil, centella asiatica extract, linum usitatissimum (linseed) seed extract• linum usitatissimum (linseed) seed oil, hydrolyzed rice bran protein, tocopherol, parfum (fragrance), sodium chloride, xanthan gum, carrageenan, caprylyl glycol, coconut acid, guar hydroxypropyltrimonium chloride, niacinamide, sodium hyaluronate, pentaerythrityl tetra-di-t-butyl hydroxyhydrocinnamate• potassium sorbate, sodium benzoate, sorbic acid <16675>",'4.6,'953
Bath & Body,Body Treatments,'MUK200053075,'UK200053075,Whind,Marrakech Silk Exfoliating Jelly Body Balm 150 ML,https://www.spacenk.com/uk/bath-body/body-treatment/body-treatments/marrakech-silk-exfoliating-jelly-body-balm-MUK200053075.html?dwvar_MUK200053075_size=UK200053075&pid=MUK200053075&quantity=1,https://www.spacenk.com/dw/image/v2/ABCE_PRD/on/demandware.static/-/Sites-spacenkmastercatalog/default/dw71f30533/products/WHIND/UK200053075_WHIND.jpg?sw=582&sh=582,"Helianthus annuus (sunflower) seed oil, glycerin, argania spinosa shell powder, pumice, aqua [water], argania spinosa kernel oil, sucrose laurate, sucrose stearate, hydrogenated ethylhexyl olivate, parfum [fragrance], hydrogenated olive oil unsaponifiables, tocopherol, ananas sativus (pineapple) fruit extract, benzyl benzoate.",'4.9,'9
Bath & Body,Hand & Feet,'MUK200014957,'UK200014957,Margaret dabbs london,Nourishing Hand Wash 200 ML,https://www.spacenk.com/uk/bath-body/body-moisturiser-oils/hand-feet/nourishing-hand-wash-MUK200014957.html?dwvar_MUK200014957_size=UK200014957&pid=MUK200014957&quantity=1,https://www.spacenk.com/dw/image/v2/ABCE_PRD/on/demandware.static/-/Sites-spacenkmastercatalog/default/dw945eaf3f/products/MARGARET_D/UK200014957_MARGARET_D.jpg?sw=582&sh=582,,'3.9,'7
Bath & Body,Body Wash,'MUK200052809,'UK200052809,Hermès,"Le Jardin De Monsieur Li, Hair And Body Shower Gel Refill, 20",https://www.spacenk.com/uk/bath-body/body-cleanser/body-wash/le-jardin-de-monsieur-li-hair-and-body-shower-gel-refill-MUK200052809.html?dwvar_MUK200052809_size=UK200052809&pid=MUK200052809&quantity=1,https://www.spacenk.com/dw/image/v2/ABCE_PRD/on/demandware.static/-/Sites-spacenkmastercatalog/default/dwc5e641af/products/HERMÈS/UK200052809_HERMÈS.jpg?sw=582&sh=582,This list is subject to change over time. please refer to the information on your product’s packaging for the most up-to-date list of ingredients. ingredients : aqua (water) • disodium cocoyl glutamate • parfum (fragrance) • cocamidopropyl betaine • diglycerin • peg-40 hydrogenated castor oil • coco-glucoside • ceteareth-60 myristyl glycol • sodium cocoyl glutamate • caprylyl glycol • citric acid • dipropylene glycol • benzyl alcohol • benzyl salicylate • ethylhexylglycerin • limonene • polyquaternium-10 • hydroxycitronellal • alpha-isomethyl ionone • linalool • sodium phytate • benzotriazolyl dodecyl p-cresol • o-cymen-5-ol • hexyl cinnamal • sodium hydroxide • tocopherol.,'0,'0
Bath & Body,Body Wash,'MUK200035605,'UK200035605,Drunk elephant,Scrubbi Bamboes™ Body Cleanser 24,https://www.spacenk.com/uk/bath-body/body-cleanser/body-wash/scrubbi-bamboes-body-cleanser-MUK200035605.html?dwvar_MUK200035605_size=UK200035605&pid=MUK200035605&quantity=1,https://www.spacenk.com/dw/image/v2/ABCE_PRD/on/demandware.static/-/Sites-spacenkmastercatalog/default/dw8244e1a5/products/DRUNK_ELEP/UK200035605_DRUNK_ELEP.jpg?sw=582&sh=582,"Water/aqua/eau, cocamidopropyl betaine, coco-glucoside, glycerin, sodium lauroyl methyl isethionate, sodium methyl oleoyl taurate, bambusa arundinacea stem extract, propanediol, acrylates crosspolymer-4, sodium cocoyl glutamate, lauryl glucoside, salvia hispanica seed oil, sodium pca, caprylic/capric triglyceride, tocopherol, sclerocarya birrea seed oil, linum usitatissimum (linseed) seed oil, squalane, vanilla planifolia fruit extract, sodium hyaluronate, sodium lactate, pca, alanine, arginine, glycine, histidine, isoleucine, phenylalanine, proline, serine, threonine, valine, pseudozyma epicola/camellia sinensis seed oil ferment extract filtrate, linoleic acid, linolenic acid, calcium gluconate, aspartic acid, citric acid, gluconolactone, sodium chloride, sodium benzoate",'3.8,'8
Bath & Body,Bath Oils,'MUK200035278,'UK200035278,Susanne kaufmann,Mountain Pine Bath Oil 250 ML,https://www.spacenk.com/uk/bath-body/body-cleanser/bath-oils/mountain-pine-bath-oil-MUK200035278.html?dwvar_MUK200035278_size=UK200035278&pid=MUK200035278&quantity=1,https://www.spacenk.com/dw/image/v2/ABCE_PRD/on/demandware.static/-/Sites-spacenkmastercatalog/default/dw57cabfb5/products/SUSANNE_K/UK200035278_SUSANNE_K.jpg?sw=582&sh=582,"Polyglyceryl-4 caprate, aqua (water), pentylene glycol, picea abies leaf oil, pinus mugo pumilio twig leaf oil, limonene.",'4.6,'14
Bath & Body,Body Wash,'MUK200056617,'UK200056617,Chloé,Atelier des Fleurs Cedrus Perfumed Shower Gel 30,https://www.spacenk.com/uk/bath-body/body-cleanser/body-wash/atelier-des-fleurs-cedrus-perfumed-shower-gel-MUK200056617.html?dwvar_MUK200056617_size=UK200056617&pid=MUK200056617&quantity=1,https://www.spacenk.com/dw/image/v2/ABCE_PRD/on/demandware.static/-/Sites-spacenkmastercatalog/default/dwf50f516a/products/CHLOE/UK200056617_CHLOE.jpg?sw=582&sh=582,"Aqua/water/eau, sodium c14-16 olefin sulfonate, glycerin, cocamidopropyl betaine, sodium chloride, propanediol, parfum/fragrance, saccharide isomerate, sodium benzoate, citric acid, limonene, sodium hydroxide, linalool, hydroxycitronellal, sodium citrate, faex/yeast extract/extrait de levure, 1,2-hexanediol, caprylyl glycol.",'4.5,'2
Bath & Body,Body Wash,'MUK200057081,'UK200057081,Malin + goetz,Body Bar Trio ,https://www.spacenk.com/uk/bath-body/body-cleanser/body-wash/body-bar-trio-MUK200057081.html?dwvar_MUK200057081_size=UK200057081&pid=MUK200057081&quantity=1,https://www.spacenk.com/dw/image/v2/ABCE_PRD/on/demandware.static/-/Sites-spacenkmastercatalog/default/dw40ecc601/products/MALIN_GO/UK200057081_MALIN_GO.jpg?sw=582&sh=582,"""+ vitamin b5 is a humectant that helps pull moisture from the environment to help hydrate, smooth and protect the skin. + hyaluronic acid is a powerful humectant that soothes + cushions. + amino acid blend (8) are the skin’s building blocks that helps bind moisture to the skin + provides a hydrating cleanse. + shea butter is rich in fatty acids that helps keep the skin soft and smooth. "" ""+ mandelic + lactic acids. alpha hydroxy acids (ahas) that help loosen and gently dissolve debris on the surface of the skin, leaving the skin smoother and brighter. + volcanic pumice. a mineral-based physical exfoliant that gently buffs away dead skin, debris and excess oil from the surface of the skin. + jojoba seed powder. a biodegradable fine powder that supports gentle exfoliation. + vitamins c + e. help brighten + nourish skin. + eucalyptus. cools, refreshes, purifies.""",'5.0,'1
Bath & Body,Scrubs & Exfoliants,'MUK200054403,'UK200054403,Olverum,Body Polish 150 ML,https://www.spacenk.com/uk/bath-body/body-cleanser/scrubs-exfoliants/body-polish-MUK200054403.html?dwvar_MUK200054403_size=UK200054403&pid=MUK200054403&quantity=1,https://www.spacenk.com/dw/image/v2/ABCE_PRD/on/demandware.static/-/Sites-spacenkmastercatalog/default/dwc4b9324d/products/OLVERUM/UK200054403_OLVERUM.jpg?sw=582&sh=582,"Aqua (water), glycerin vitis v, bambusa arundinacea (bamboo) stem extract, pumice, lactobacillus/papaya (papaya) fruit ferment extract, lactobacillus ferment, isoamyllaurate, stearic acid, pentylene glycol, hectorite, crambe abyssinica seed oil,glyceryl stearate se,citrus bergamia (bergamot) oil,carica papaya (papaya) seed oil,tocopherol,pelargonium graveolens(geranium)flower oil, lavandula hybrida(lavandin)grosso herb oil, citrus paradisi m. (grapefruit)peel oil expressed, foeniculumvulgare(fennel)fruit oil, pogostemon cablin (patchouli) leaf oil,citrus aurantium amara (petitgrain) leaf oil, cananga odorata (ylang ylang) flower oil, eucalyptus globulus (eucalyptus) leaf oil, rosmarinus officinalis (rosemary) leaf oil, helianthus annuus seed oil, sodium gluconate, sodium hydroxide, limonene*,linalool*, citronellol*, geraniol** *components of natural essential oil",'4.7,'3
Bath & Body,Handwash,'MUK200052803,'UK200052803,Hermès,Eau de Citron Noir Hand and Body Cleansing Gel Refill 30,https://www.spacenk.com/uk/bath-body/body-cleanser/handwash/eau-de-citron-noir-hand-and-body-cleansing-gel-refill-MUK200052803.html?dwvar_MUK200052803_size=UK200052803&pid=MUK200052803&quantity=1,https://www.spacenk.com/dw/image/v2/ABCE_PRD/on/demandware.static/-/Sites-spacenkmastercatalog/default/dwa6717b8b/products/HERMÈS/UK200052803_HERMÈS.jpg?sw=582&sh=582,This list is subject to change over time. please refer to the information on your product’s packaging for the most up-to-date list of ingredients. ingredients : aqua (water) • disodium cocoyl glutamate • cocamidopropyl betaine • erythritol • diglycerin • parfum (fragrance) • coco-glucoside • ceteareth-60 myristyl glycol • sodium cocoyl glutamate • peg-40 hydrogenated castor oil • limonene • caprylyl glycol • citric acid • benzyl alcohol • dipropylene glycol • ethylhexylglycerin • benzotriazolyl dodecyl p-cresol • sodium phytate • o-cymen-5-ol • citral • linalool • sodium hydroxide • tocopherol.,'4.0,'1
Bath & Body,Body Wash,'MUK200052792,'UK200052792,Hermès,Eau de Citron Noir Hair and Body Gel 20,https://www.spacenk.com/uk/bath-body/body-cleanser/body-wash/eau-de-citron-noir-hair-and-body-gel-MUK200052792.html?dwvar_MUK200052792_size=UK200052792&pid=MUK200052792&quantity=1,https://www.spacenk.com/dw/image/v2/ABCE_PRD/on/demandware.static/-/Sites-spacenkmastercatalog/default/dw2b0c8529/products/HERMÈS/UK200052792_HERMÈS.jpg?sw=582&sh=582,This list is subject to change over time. please refer to the information on your product’s packaging for the most up-to-date list of ingredients. ingredients : aqua (water) • disodium cocoyl glutamate • cocamidopropyl betaine • diglycerin • parfum (fragrance) • coco-glucoside • ceteareth-60 myristyl glycol • sodium cocoyl glutamate • peg-40 hydrogenated castor oil • limonene • caprylyl glycol • citric acid • benzyl alcohol • dipropylene glycol • ethylhexylglycerin • polyquaternium-10 • sodium phytate • benzotriazolyl dodecyl p-cresol • o-cymen-5-ol • citral • linalool • sodium hydroxide • tocopherol.,'2.0,'1
Bath & Body,Body Wash,'MUK200052812,'UK200052812,Hermès,Un Jardin à Cythère Hair And Body Shower Gel 20,https://www.spacenk.com/uk/bath-body/body-cleanser/body-wash/un-jardin-%C3%A0-cythere-hair-and-body-shower-gel-MUK200052812.html?dwvar_MUK200052812_size=UK200052812&pid=MUK200052812&quantity=1,https://www.spacenk.com/dw/image/v2/ABCE_PRD/on/demandware.static/-/Sites-spacenkmastercatalog/default/dw209b9776/products/HERMÈS/UK200052812_HERMÈS.jpg?sw=582&sh=582,This list is subject to change over time. please refer to the information on your product’s packaging for the most up-to-date list of ingredients. ingredients : aqua (water) • disodium cocoyl glutamate • cocamidopropyl betaine • diglycerin • parfum (fragrance) • coco-glucoside • ceteareth-60 myristyl glycol • sodium cocoyl glutamate • peg-40 hydrogenated castor oil • caprylyl glycol • citric acid • limonene • dipropylene glycol • benzyl alcohol • ethylhexylglycerin • polyquaternium-10 • linalool • benzotriazolyl dodecyl p-cresol • sodium phytate • o-cymen-5-ol • citral • sodium hydroxide • tocopherol,'0,'0
Bath & Body,Body Wash,'MUK200055564,'UK200055564,Naturium,The Energizer Mandelic Acid Body Wash 500 ML,https://www.spacenk.com/uk/bath-body/body-cleanser/body-wash/the-energizer-mandelic-acid-body-wash-MUK200055564.html?dwvar_MUK200055564_size=UK200055564&pid=MUK200055564&quantity=1,https://www.spacenk.com/dw/image/v2/ABCE_PRD/on/demandware.static/-/Sites-spacenkmastercatalog/default/dw4182c9b0/products/NATURIUM/UK200055564_NATURIUM.jpg?sw=582&sh=582,"Aqua/water/eau, sodium cocoyl isethionate, cocamidopropyl betaine, cocamide mipa, coco-glucoside, glycerin, propanediol, menthyl lactate, mandelic acid, saccharomyces ferment filtrate, potassium cocoyl glycinate, sodium lauroyl methyl isethionate, potassium cocoate, sodium methyl oleoyl taurate, helianthus annuus (sunflower) seed oil, camellia sinensis leaf extract, citrus aurantium dulcis (orange) peel extract, cucumis sativus (cucumber) fruit extract, lavandula angustifolia (lavender) flower/leaf/stem extract, eucalyptus globulus leaf extract, citrus aurantium amara (bitter orange) leaf/twig extract, malus domestica fruit extract, mentha piperita (peppermint) leaf extract, rosmarinus officinalis (rosemary) leaf extract, salvia officinalis (sage) leaf extract, chamomilla recutita (matricaria) flower extract, aloe barbadensis leaf juice, glycol distearate, caprylyl/capryl glucoside, lauryl glucoside, hydroxyacetophenone, polyquaternium-10, polyquaternium-39, caprylyl glycol, 1,2-hexanediol, trisodium ethylenediamine disuccinate, guar hydroxypropyltrimonium chloride, citric acid, magnesium sulfate, tocopherol, sodium benzoate, potassium sorbate, limonene, linalool, phenoxyethanol.",'4.4,'72
Bath & Body,Handwash,'MUK200037660,'UK200037660,Olverum,Purifying Hand Wash 250 ML,https://www.spacenk.com/uk/bath-body/body-cleanser/handwash/purifying-hand-wash-MUK200037660.html?dwvar_MUK200037660_size=UK200037660&pid=MUK200037660&quantity=1,https://www.spacenk.com/dw/image/v2/ABCE_PRD/on/demandware.static/-/Sites-spacenkmastercatalog/default/dw6623c835/products/OLVERUM/UK200037660_OLVERUM.jpg?sw=582&sh=582,"Aqua (water), sodium methyl cocoyl taurate, cocamidopropyl betaine, sodium cocoyl methyl isethionate, sodium chloride, lauryl glucoside, citric acid, saccharide isomerate, maltooligosyl glucoside, hydrogenated starch hydrolysate, origanum majorana (marjoram) herb oil, lavandula hybrida grosso (lavandin) herb oil, pelargonium graveolens (geranium) flower oil, eugenia caryophyllus (clove) leaf oil, rosmarinus officinalis (rosemary) leaf oil, cedrus atlantica (ceder) bark oil, citrus aurantium dulcis (orange) peel oil, sodium citrate, potassium sorbate, sodium benzoate, trisodium ethylenediamine disuccinate , citronellol*, eugenol*, geraniol*, linalool*, limonene * *components of natural essential oil",'4.3,'9
Bath & Body,Handwash,'MUK200030993,'UK200030993,Diptyque,Rinse Free Hand Wash 45 ML,https://www.spacenk.com/uk/bath-body/body-cleanser/handwash/rinse-free-hand-wash-MUK200030993.html?dwvar_MUK200030993_size=UK200030993&pid=MUK200030993&quantity=1,https://www.spacenk.com/dw/image/v2/ABCE_PRD/on/demandware.static/-/Sites-spacenkmastercatalog/default/dw2562fe91/products/DIPTYQUE/UK200030993_DIPTYQUE.jpg?sw=582&sh=582,Glycerin - parfum (fragrance) - ethylhexyl palmitate - polysorbate 20 - acrylates/c10-30 alkyl acrylate crosspolymer - caprylyl/capryl glucoside - xanthan gum - allantoin - hydrolyzed jojoba esters - benzyl salicylate - sodium hydroxide - hydroxycitronellal - limonene – linalool - gypsophila paniculata root extract - coumarin - benzoic acid - geraniol - sorbic acid - triethanolamine,'4.5,'10
Bath & Body,Body Wash,'MUK200052791,'UK200052791,Hermès,Eau de Rhubarbe Écarlate Hair and Body Gel 20,https://www.spacenk.com/uk/bath-body/body-cleanser/body-wash/eau-de-rhubarbe-ecarlate-hair-and-body-gel-MUK200052791.html?dwvar_MUK200052791_size=UK200052791&pid=MUK200052791&quantity=1,https://www.spacenk.com/dw/image/v2/ABCE_PRD/on/demandware.static/-/Sites-spacenkmastercatalog/default/dwa1870b19/products/HERMÈS/UK200052791_HERMÈS.jpg?sw=582&sh=582,This list is subject to change over time. please refer to the information on your product’s packaging for the most up-to-date list of ingredients. ingredients : aqua (water) • disodium cocoyl glutamate • cocamidopropyl betaine • diglycerin • parfum (fragrance) • coco-glucoside • ceteareth-60 myristyl glycol • sodium cocoyl glutamate • peg-40 hydrogenated castor oil • caprylyl glycol • citric acid • dipropylene glycol • benzyl alcohol • ethylhexylglycerin • limonene • polyquaternium-10 • sodium phytate • benzotriazolyl dodecyl p-cresol • o-cymen-5-ol • linalool • geraniol • citronellol • sodium hydroxide • tocopherol.,'5.0,'4
Bath & Body,Scrubs & Exfoliants,'MUK200033173,'UK200033173,Nécessaire,The Body Exfoliator Eucalyptus 180 ML,https://www.spacenk.com/uk/bath-body/body-cleanser/scrubs-exfoliants/the-body-exfoliator-eucalyptus-MUK200033173.html?dwvar_MUK200033173_size=UK200033173&pid=MUK200033173&quantity=1,https://www.spacenk.com/dw/image/v2/ABCE_PRD/on/demandware.static/-/Sites-spacenkmastercatalog/default/dw9c9867f7/products/NECESSAIRE/UK200033173_NECESSAIRE.jpg?sw=582&sh=582,Aqua/water/eau sodium c14-16 olefin sulfonate cocamidopropyl betaine pumice glycerin acrylates crosspolymer-4 propanediol sodium chloride sclerocarya birrea seed oil salicylic acid glycolic acid lactic acid tocopherol niacinamide gluconolactone charcoal powder zea mays (corn) starch mannitol microcrystalline cellulose amylopectin dextrin polydextrose sodium benzoate sodium pca calcium gluconate quartz sodium hydroxide eucalyptus globulus (eucalyptus) leaf oil lavandula angustifolia (lavender) oil abies sibirica (siberian fir) oil zingiber officinale (ginger) root oil citrus aurantium dulcis (orange) peel oil pogostemon cablin (patchouli) oil limonene linalool,'4.6,'674
Bath & Body,Handwash,'MUK200028563,'UK200028563,Aesop,Geranium Leaf Rinse-Free Hand Wash 50 ML,https://www.spacenk.com/uk/bath-body/body-cleanser/handwash/geranium-leaf-rinse-free-hand-wash-MUK200028563.html?dwvar_MUK200028563_size=UK200028563&pid=MUK200028563&quantity=1,https://www.spacenk.com/dw/image/v2/ABCE_PRD/on/demandware.static/-/Sites-spacenkmastercatalog/default/dwf2a16817/products/AESOP/UK200028563_AESOP.jpg?sw=582&sh=582,"Alcohol denat., water (aqua), acrylates/c10-30 alkyl acrylate crosspolymer, peg-40 hydrogenated castor oil, saccharide isomerate, citrus aurantium bergamia (bergamot) fruit oil, citrus nobilis (mandarin orange) peel oil, pelargonium graveleons extract, aminomethyl propanol, tocopherol, glycine soja (soybean) oil, citric acid, sodium citrate, limonene, linalool, citronellol, geraniol.",'4.6,'80
Bath & Body,Handwash,'MUK200052798,'UK200052798,Hermès,Eau D'Orange Verte Hand and Body Cleansing Gel 30,https://www.spacenk.com/uk/bath-body/body-cleanser/handwash/eau-dorange-verte-hand-and-body-cleansing-gel-MUK200052798.html?dwvar_MUK200052798_size=UK200052798&pid=MUK200052798&quantity=1,https://www.spacenk.com/dw/image/v2/ABCE_PRD/on/demandware.static/-/Sites-spacenkmastercatalog/default/dw5072ef6c/products/HERMÈS/UK200052798_HERMÈS.jpg?sw=582&sh=582,This list is subject to change over time. please refer to the information on your product’s packaging for the most up-to-date list of ingredients. ingredients : aqua (water) • disodium cocoyl glutamate • cocamidopropyl betaine • erythritol • diglycerin • coco-glucoside • ceteareth-60 myristyl glycol • parfum (fragrance) • sodium cocoyl glutamate • peg-40 hydrogenated castor oil • caprylyl glycol • citric acid • benzyl alcohol • limonene • dipropylene glycol • ethylhexylglycerin • sodium phytate • benzotriazolyl dodecyl p-cresol • o-cymen-5-ol • linalool • alpha-isomethyl ionone • coumarin • sodium hydroxide • tocopherol,'5.0,'1
Bath & Body,Body Creme & Butter,'MUK200052271,'UK200052271,Naturium,The Glow Getter Multi-Oil Body Butter 232 ML,https://www.spacenk.com/uk/bath-body/body-moisturiser-oils/body-creme-butter/the-glow-getter-multi-oil-body-butter-MUK200052271.html?dwvar_MUK200052271_size=UK200052271&pid=MUK200052271&quantity=1,https://www.spacenk.com/dw/image/v2/ABCE_PRD/on/demandware.static/-/Sites-spacenkmastercatalog/default/dw595ad87f/products/NATURIUM/UK200052271_NATURIUM.jpg?sw=582&sh=582,"Aqua/water/eau, oryza sativa bran oil, caprylic/capric triglyceride, cocos nucifera (coconut) oil, carthamus tinctorius (safflower) seed oil, butyrospermum parkii (shea) butter, glycerin, glyceryl stearate, coco-caprylate/caprate, sodium acrylate/sodium acryloyldimethyl taurate copolymer, c15-19 alkane, pyrus malus (apple) fruit extract, cocos nucifera (coconut) fruit extract, rosa canina fruit oil, simmondsia chinensis (jojoba) seed oil, squalane, hydrolyzed rice protein, hippophae rhamnoides fruit/seed oil, stearyl phosphate, potassium cetyl phosphate, gamma-decalactone, gamma-nonalactone, vanillin, vanilla planifolia fruit extract, sodium hydroxide, sodium benzoate, citric acid, tetrasodium glutamate diacetate, ethylhexylglycerin, lauryl glucoside, limonene, phenoxyethanol.",'4.3,'296
Bath & Body,Body Lotion,'MUK200037843,'UK200037843,Naturium,Bio-Lipid Body Lotion 414 ML,https://www.spacenk.com/uk/bath-body/body-moisturiser-oils/body-lotion/bio-lipid-body-lotion-MUK200037843.html?dwvar_MUK200037843_size=UK200037843&pid=MUK200037843&quantity=1,https://www.spacenk.com/dw/image/v2/ABCE_PRD/on/demandware.static/-/Sites-spacenkmastercatalog/default/dwfba5afc0/products/NATURIUM/UK200037843_NATURIUM.jpg?sw=582&sh=582,"Aqua (water), carthamus tinctorius seed oil, cetyl alcohol, glycerin, caprylic/capric triglyceride, butyrospermum parkii butter, dimethicone, c10-18 triglycerides, moringa oleifera seed oil, niacinamide, rosa canina fruit oil, panthenol, sodium pca, sodium stearoyl glutamate, squalane, vaccinium myrtillus fruit extract, saccharum officinarum extract, riboflavin, tocopherol, citrus aurantium dulcis fruit extract, citrus limon fruit extract, sodium glycolate, camellia sinensis leaf extract, spilanthes acmella flower extract, sodium formate, acer saccharum extract, sodium hyaluronate, cetearyl olivate, sorbitan olivate, phenoxyethanol, carbomer, tocopheryl acetate, ethylhexylglycerin, sodium hydroxide, tetrasodium glutamate diacetate, citric acid, potassium sorbate, sodium benzoate.",'4.6,'688
Bath & Body,Body Lotion,'MUK200040318,'UK200040318,Naturium,Retinol Body Lotion 234 ML,https://www.spacenk.com/uk/bath-body/body-moisturiser-oils/body-lotion/retinol-body-lotion-MUK200040318.html?dwvar_MUK200040318_size=UK200040318&pid=MUK200040318&quantity=1,https://www.spacenk.com/dw/image/v2/ABCE_PRD/on/demandware.static/-/Sites-spacenkmastercatalog/default/dw8931d8ce/products/NATURIUM/UK200040318_NATURIUM.jpg?sw=582&sh=582,"Aqua/water/eau, isopropyl palmitate, carthamus tinctorius (safflower) seed oil, glycerin, cetyl alcohol, dimethicone, cetearyl olivate, butyrospermum parkii (shea) butter, sorbitan olivate, tridecyl stearate, neopentyl glycol dicaprylate/dicaprate, allantoin, retinol, cellulose acetate butyrate, linoleic acid, phospholipids, phytosterols, sodium hyaluronate, xanthan gum, tridecyl trimellitate, caprylic/capric triglyceride, tetrasodium glutamate diacetate, tricaprylin, sodium pca, pentaerythrityl tetra-di-t-butyl hydroxyhydrocinnamate, silica silylate, silica, magnesium stearate, sodium hydroxide, ethylhexylglycerin, phenoxyethanol.",'4.7,'209
Bath & Body,Body Lotion,'MUK200040317,'UK200040317,Naturium,KP Scrub & Mask 226 G,https://www.spacenk.com/uk/bath-body/body-moisturiser-oils/body-lotion/kp-scrub-mask-MUK200040317.html?dwvar_MUK200040317_size=UK200040317&pid=MUK200040317&quantity=1,https://www.spacenk.com/dw/image/v2/ABCE_PRD/on/demandware.static/-/Sites-spacenkmastercatalog/default/dw2db02921/products/NATURIUM/UK200040317_NATURIUM.jpg?sw=582&sh=582,"Aqua/water/eau, pumice, glycolic acid, stearic acid, cetearyl alcohol, ci 77891 (titanium dioxide), sodium hydroxide, jojoba esters, gluconolactone, glycerin, sodium cocoyl isethionate, dimethicone, salicylic acid, simmondsia chinensis seed oil, squalane, sodium hyaluronate, leuconostoc/radish root ferment filtrate, bisabolol, c12-15 alkyl benzoate, hippophae rhamnoides fruit/seed oil, niacinamide, rosa canina fruit oil, camellia sinensis leaf extract, glycyrrhiza glabra root extract, glycine soja oil, steareth-20, xanthan gum, steareth-21, phenoxyethanol, ethylhexylglycerin, tetrasodium glutamate diacetate, tocopherol.",'4.3,'151
Bath & Body,Body Lotion,'MUK200049676,'UK200049676,Naturium,The Smoother Glycolic Acid Body Lotion 234 ML,https://www.spacenk.com/uk/bath-body/body-moisturiser-oils/body-lotion/the-smoother-glycolic-acid-body-lotion-MUK200049676.html?dwvar_MUK200049676_size=UK200049676&pid=MUK200049676&quantity=1,https://www.spacenk.com/dw/image/v2/ABCE_PRD/on/demandware.static/-/Sites-spacenkmastercatalog/default/dw774ae072/products/NATURIUM/UK200049676_NATURIUM.jpg?sw=582&sh=582,"Aqua/water/eau, glycolic acid, c12-15 alkyl benzoate, cetearyl alcohol, isopropyl palmitate, sodium hydroxide, glycerin, butyrospermum parkii (shea) butter, dimethicone, c13-15 alkane, olus oil/vegetable oil/huile vegetale, glyceryl stearate, magnesium aluminum silicate, potassium cetyl phosphate, hippophae rhamnoides fruit/seed oil, candelilla cera/euphorbia cerifera (candelilla) wax/cire de candelilla, allantoin, xanthan gum, hydrogenated vegetable oil, xylitylglucoside, anhydroxylitol, xylitol, tetrasodium glutamate diacetate, ethylhexylglycerin, phenoxyethanol.",'4.1,'59
Bath & Body,Body Creme & Butter,'MUK200024308,'UK200024307,Sol de janeiro,Brazilian Bum Bum Cream 240 ML,https://www.spacenk.com/uk/bath-body/body-moisturiser-oils/body-creme-butter/brazilian-bum-bum-cream-MUK200024308.html?dwvar_MUK200024308_size=UK200024307&pid=MUK200024308&quantity=1,https://www.spacenk.com/dw/image/v2/ABCE_PRD/on/demandware.static/-/Sites-spacenkmastercatalog/default/dw57359ff1/products/SOL_DE_JAN/UK200024307_SOL_DE_JAN.jpg?sw=582&sh=582,"Aqua (water/eau), methyl glucose sesquistearate, phenyl trimethicone, dodecane, caprylic/capric triglyceride, parfum (fragrance), cetearyl alcohol, glycerin, cetyl alcohol, mica, theobroma grandiflorum (cupuaçu) seed butter, glyceryl stearate citrate, glyceryl caprylate, paullinia cupana (guaraná) seed extract, cocos nucifera (coconut/noix de coco) oil, euterpe oleracea (açaí/açaï) fruit oil, daucus carota sativa (carrot/carotte) seed oil, ilex guayusa leaf extract, ilex paraguariensis leaf extract, bertholletia excelsa (brazil nut/noix du brésil) seed oil, xanthan gum, sodium phytate, sodium stearoyl glutamate, hydroxyethyl acrylate/sodium acryloyldimethyl taurate copolymer, squalane, phenoxyethanol, ethylhexylglycerin, sodium hyaluronate, benzyl alcohol, benzyl salicylate, butylphenyl methylpropional, coumarin, limonene",'4.6,"'3,517"
Bath & Body,Body Creme & Butter,'MUK200024308,'UK200024308,Sol de janeiro,Brazilian Bum Bum Cream 75 ML,https://www.spacenk.com/uk/bath-body/body-moisturiser-oils/body-creme-butter/brazilian-bum-bum-cream-MUK200024308.html?dwvar_MUK200024308_size=UK200024308&pid=MUK200024308&quantity=1,https://www.spacenk.com/dw/image/v2/ABCE_PRD/on/demandware.static/-/Sites-spacenkmastercatalog/default/dwf0019993/products/SOL_DE_JAN/UK200024308_SOL_DE_JAN.jpg?sw=582&sh=582,"Aqua (water/eau), methyl glucose sesquistearate, phenyl trimethicone, dodecane, caprylic/capric triglyceride, parfum (fragrance), cetearyl alcohol, glycerin, cetyl alcohol, mica, theobroma grandiflorum (cupuaçu) seed butter, glyceryl stearate citrate, glyceryl caprylate, paullinia cupana (guaraná) seed extract, cocos nucifera (coconut/noix de coco) oil, euterpe oleracea (açaí/açaï) fruit oil, daucus carota sativa (carrot/carotte) seed oil, ilex guayusa leaf extract, ilex paraguariensis leaf extract, bertholletia excelsa (brazil nut/noix du brésil) seed oil, xanthan gum, sodium phytate, sodium stearoyl glutamate, hydroxyethyl acrylate/sodium acryloyldimethyl taurate copolymer, squalane, phenoxyethanol, ethylhexylglycerin, sodium hyaluronate, benzyl alcohol, benzyl salicylate, butylphenyl methylpropional, coumarin, limonene",'4.6,"'3,517"
Bath & Body,Bath & Body Sets,'MUK200054551,'UK200054551,Ouai,Wanna-Get-A-OUAI Travel Kit 209 ,https://www.spacenk.com/uk/bath-body/bath-body-sets/bath-body-sets/wanna-get-a-ouai-travel-kit-MUK200054551.html?dwvar_MUK200054551_size=UK200054551&pid=MUK200054551&quantity=1,https://www.spacenk.com/dw/image/v2/ABCE_PRD/on/demandware.static/-/Sites-spacenkmastercatalog/default/dw355511d5/products/OUAI/UK200054551_OUAI.jpg?sw=582&sh=582,"Body cleanser st. barts ingredients: aqua (water, eau), sodium c14-16 olefin sulfonate, glycerin, cocamidopropyl betaine, peg-40 hydrogenated castor oil, sodium chloride, sodium methyl cocoyl taurate, peg-150 pentaerythrityl tetrastearate, parfum (fragrance), acrylates copolymer, simmondsia chinensis (jojoba) seed oil, rosa canina fruit oil, lactobacillus ferment, sodium hyaluronate, peg-6 caprylic/capric glycerides, cocamide mipa, polysorbate 20, polyquaternium-7, disodium edta, tocopherol, hydroxyacetophenone, sodium hydroxide, benzophenone-4, isopropyl alcohol, propylene glycol, sodium benzoate, phenoxyethanol, ethylhexylglycerin, benzyl salicylate, coumarin, hydroxycitronellal, limonene, linalool, ext violet 2 (ci 60730). body crème st. barts ingredients: aqua (water, eau), caprylic/capric triglyceride, phenyl trimethicone, cetyl alcohol, isododecane, methyl glucose sesquistearate, glycerin, hydroxyethyl acrylate/sodium acryloyldimethyl taurate copolymer, cocos nucifera (coconut) oil, sodium stearoyl glutamate, glyceryl stearate citrate, cetearyl alcohol, butyrospermum parkii (shea) butter, theobroma grandiflorum seed butter, lactobacillus ferment, squalane, xanthan gum, citric acid, polysorbate 60, ethylhexylglycerin, glyceryl caprylate, tocopherol, sodium phytate, isopropyl alcohol, propylene glycol, alcohol, sorbitan isostearate, benzophenone-4, phenoxyethanol, yellow 5 (ci 19140), yellow 6 (ci 15985), parfum (fragrance), benzyl salicylate, linalool, limonene, hydroxycitronellal, coumarin. st. barts hair & body mist: ingredients / ingrédients: water / aqua / eau, alcohol denat., polysorbate 20, fragrance / parfum, phenoxyethanol, benzyl salicylate, coumarin, hydroxycitronellal, limonene, linalool, isoeugenol. hair & body mist: water / aqua / eau, alcohol denat., polysorbate 20, fragrance / parfum, phenoxyethanol, benzyl salicylate, coumarin, hydroxycitronellal, limonene, linalool",'4.9,'62
Bath & Body,Body Lotion,'MUK200056700,'UK200056700,Sol de janeiro,Body Badalada™ Lotion 40,https://www.spacenk.com/uk/bath-body/body-moisturiser-oils/body-lotion/body-badalada-lotion-MUK200056700.html?dwvar_MUK200056700_size=UK200056700&pid=MUK200056700&quantity=1,https://www.spacenk.com/dw/image/v2/ABCE_PRD/on/demandware.static/-/Sites-spacenkmastercatalog/default/dwc74698eb/products/SOL_DE_JAN/UK200056700_SOL_DE_JAN.jpg?sw=582&sh=582,"Aqua (water, eau), dipropylene glycol, caprylic/capric triglyceride, ethylhexyl stearate, dimethicone, oryza sativa (rice) bran oil, coco-caprylate/caprate, sodium hyaluronate (hyaluronic acid), bertholletia excelsa (brazil nut) seed oil, opuntia tuna (prickly pear) flower/stem extract, saccharum officinarum (sugar cane) extract, tocopherol, glycerin, cocos nucifera (coconut) fruit extract, leuconostoc/radish root ferment filtrate, parfum (fragrance), candelilla/jojoba/rice bran polyglyceryl-3 esters, polyglyceryl-3 methylglucose distearate, polyglyceryl-6 distearate, acrylates/c10-30 alkyl acrylate crosspolymer, 1,2-hexanediol, cetearyl alcohol, potassium cetyl phosphate, tapioca starch, acacia senegal gum, sodium hydroxide, tetrasodium glutamate diacetate, ethylhexylglycerin, phenoxyethanol, benzaldehyde, benzyl salicylate, coumarin, hydroxycitronellal, limonene, rose ketones, tetramethyl acetyloctahydronaphthalenes.",'4.7,'12
Bath & Body,Body Lotion,'MUK200056648,'UK200056648,Naturium,Urea 5% Body Serum 414 ,https://www.spacenk.com/uk/bath-body/body-moisturiser-oils/body-lotion/urea-5-body-serum-MUK200056648.html?dwvar_MUK200056648_size=UK200056648&pid=MUK200056648&quantity=1,https://www.spacenk.com/dw/image/v2/ABCE_PRD/on/demandware.static/-/Sites-spacenkmastercatalog/default/dw6384ab48/products/NATURIUM/UK200056648_NATURIUM.jpg?sw=582&sh=582,"Aqua/water/eau, glycerin, caprylic/capric triglyceride, urea, limnanthes alba (meadowfoam) seed oil, propanediol, haematococcus pluvialis extract, magnesium pca, collagen amino acids, lecithin, cetearyl alcohol, sodium stearoyl glutamate, rosmarinus officinalis (rosemary) leaf extract, sodium hyaluronate, hydroxyacetophenone, acrylates/c10-30 alkyl acrylate crosspolymer, citric acid, sodium citrate, sodium hydroxide, tetrasodium glutamate diacetate, ethylhexylglycerin, phenoxyethanol.",'4.2,'13
Bath & Body,Body Oil,'MUK200052272,'UK200052272,Naturium,The Glow Getter Body Oil 100 ML,https://www.spacenk.com/uk/bath-body/body-moisturiser-oils/body-oil/the-glow-getter-body-oil-MUK200052272.html?dwvar_MUK200052272_size=UK200052272&pid=MUK200052272&quantity=1,https://www.spacenk.com/dw/image/v2/ABCE_PRD/on/demandware.static/-/Sites-spacenkmastercatalog/default/dw2bb0ed60/products/NATURIUM/UK200052272_NATURIUM.jpg?sw=582&sh=582,"Carthamus tinctorius (safflower) seed oil, ricinus communis (castor) seed oil, caprylic/capric triglyceride, squalane, hydrogenated ethylhexyl olivate, cocos nucifera (coconut) oil, cocos nucifera (coconut) fruit extract, simmondsia chinensis (jojoba) seed oil, tetrahexyldecyl ascorbate, hippophae rhamnoides fruit/seed oil, linoleic acid, phospholipids, phytosterols, rosa canina fruit oil, vanilla planifolia fruit extract, hydrogenated olive oil unsaponifiables, gamma-decalactone, benzotriazolyl dodecyl p-cresol, gamma-nonalactone, delta-decalactone, delta dodecalactone, gamma-dodecalactone, gamma-undecalactone, gamma-nonalactone, limonene.",'4.1,'77
Bath & Body,Body Lotion,'MUK200038330,'UK200038330,Space nk,Caribbean Shores Body Lotion 500 ML,https://www.spacenk.com/uk/bath-body/body-moisturiser-oils/body-lotion/caribbean-shores-body-lotion-MUK200038330.html?dwvar_MUK200038330_size=UK200038330&pid=MUK200038330&quantity=1,https://www.spacenk.com/dw/image/v2/ABCE_PRD/on/demandware.static/-/Sites-spacenkmastercatalog/default/dw759a7d5a/products/NK/UK200038330_NK.jpg?sw=582&sh=582,"Aqua (water/eau), caprylic/capric triglyceride, glycerin, arachidyl alcohol, parfum (fragrance), simmondsia chinensis (jojoba) seed oil, phenoxyethanol, behenyl alcohol, arachidyl glucoside, carbomer, disodium edta, xanthan gum, sodium hydroxide, ethylhexylglycerin, maltose, propanediol, agave tequilana leaf extract, aloe barbadensis leaf juice, glucose, fructose, passiflora edulis fruit extract, withania somnifera root extract, potassium sorbate, citric acid. allergens: benzyl salicylate. citral. eugenol. geraniol. hexyl cinnamal. limonene. linalool. benzyl alcohol.",'4.6,'62
Bath & Body,Body Lotion,'MUK200038330,'UK200048739,Space nk,Caribbean Shores Body Lotion 100 ML,https://www.spacenk.com/uk/bath-body/body-moisturiser-oils/body-lotion/caribbean-shores-body-lotion-MUK200038330.html?dwvar_MUK200038330_size=UK200048739&pid=MUK200038330&quantity=1,https://www.spacenk.com/dw/image/v2/ABCE_PRD/on/demandware.static/-/Sites-spacenkmastercatalog/default/dw631386b2/products/NK/UK200048739_NK.jpg?sw=582&sh=582,"Aqua (water/eau), caprylic/capric triglyceride, glycerin, arachidyl alcohol, parfum (fragrance), simmondsia chinensis (jojoba) seed oil, phenoxyethanol, behenyl alcohol, arachidyl glucoside, carbomer, disodium edta, xanthan gum, sodium hydroxide, ethylhexylglycerin, maltose, propanediol, agave tequilana leaf extract, aloe barbadensis leaf juice, glucose, fructose, passiflora edulis fruit extract, withania somnifera root extract, potassium sorbate, citric acid. allergens: benzyl salicylate. citral. eugenol. geraniol. hexyl cinnamal. limonene. linalool. benzyl alcohol.",'4.6,'62
Bath & Body,Hand & Feet,'MUK200006991,'UK200006991,Aesop,Resurrection Aromatique Hand Balm 75 ML,https://www.spacenk.com/uk/bath-body/body-moisturiser-oils/hand-feet/resurrection-aromatique-hand-balm-MUK200006991.html?dwvar_MUK200006991_size=UK200006991&pid=MUK200006991&quantity=1,https://www.spacenk.com/dw/image/v2/ABCE_PRD/on/demandware.static/-/Sites-spacenkmastercatalog/default/dw463c8834/products/AESOP/UK200006991_AESOP.jpg?sw=582&sh=582,"Water (aqua), glycerin, prunus amygdalus dulcis (sweet almond ) oil, stearic acid, cetearyl alcohol, ceteareth-20, cocos nucifera (coconut) oil, macadamia ternifolia seed oil, citrus nobilis (mandarin orange) peel oil, glyceryl stearate, cedrus atlantica (cedarwood ) bark oil, lavandula angustifolia (lavender) oil, tocopherol, aloe barbadensis leaf juice, butyrospermum parkii (shea butter), theobroma cacao (cocoa) seed butter, citrus aurantium dulcis (orange) oil, phenoxyethanol, rosmarinus officinalis (rosemary) leaf oil, citrus grandis (grapefruit ) seed extract, triticum vulgare (wheat) germ oil, glycine soja (soybean) oil, disodium edta, daucus carota sativa (carrot) root extract, beta-carotene, d-limonene, linalool.",'4.6,'665
Bath & Body,Hand & Feet,'MUK200006991,'UK200007367,Aesop,Resurrection Aromatique Hand Balm 500 ML,https://www.spacenk.com/uk/bath-body/body-moisturiser-oils/hand-feet/resurrection-aromatique-hand-balm-MUK200006991.html?dwvar_MUK200006991_size=UK200007367&pid=MUK200006991&quantity=1,https://www.spacenk.com/dw/image/v2/ABCE_PRD/on/demandware.static/-/Sites-spacenkmastercatalog/default/dw262c603f/products/AESOP/UK200007367_AESOP.jpg?sw=582&sh=582,"Water (aqua), glycerin, prunus amygdalus dulcis (sweet almond ) oil, stearic acid, cetearyl alcohol, ceteareth-20, cocos nucifera (coconut) oil, macadamia ternifolia seed oil, citrus nobilis (mandarin orange) peel oil, glyceryl stearate, cedrus atlantica (cedarwood ) bark oil, lavandula angustifolia (lavender) oil, tocopherol, aloe barbadensis leaf juice, butyrospermum parkii (shea butter), theobroma cacao (cocoa) seed butter, citrus aurantium dulcis (orange) oil, phenoxyethanol, rosmarinus officinalis (rosemary) leaf oil, citrus grandis (grapefruit ) seed extract, triticum vulgare (wheat) germ oil, glycine soja (soybean) oil, disodium edta, daucus carota sativa (carrot) root extract, beta-carotene, d-limonene, linalool.",'4.6,'665
Bath & Body,Handwash,'MUK200027116,'UK200027116,Aesop,Resurrection Duet ,https://www.spacenk.com/uk/bath-body/body-cleanser/handwash/resurrection-duet-MUK200027116.html?dwvar_MUK200027116_size=UK200027116&pid=MUK200027116&quantity=1,https://www.spacenk.com/dw/image/v2/ABCE_PRD/on/demandware.static/-/Sites-spacenkmastercatalog/default/dw0f368d80/products/AESOP/UK200027116_AESOP.jpg?sw=582&sh=582,"Resurrection aromatique hand wash: water (aqua), sodium hydroxypropylsulfonate laurylglucoside crosspolymer, cocamidopropyl hydroxysultaine, sodium methyl cocoyl taurate, peg-40 hydrogenated castor oil, sodium chloride, 1,2-hexanediol, peg-120 methyl glucose dioleate, citrus nobilis (mandarin orange) peel oil, ethylhexylglycerin, cedrus atlantica (cedarwood) bark oil, lavandula angustifolia (lavender) oil, citrus aurantium dulcis (orange) oil, sodium dehydroacetate, rosmarinus officinalis (rosemary) leaf oil, coconut acid, citric acid, tocopherol, limonene, linalool resurrection aromatique hand balm: water (aqua), glycerin, prunus amygdalus dulcis (sweet almond) oil, stearic acid, cetearyl alcohol, ceteareth-20, cocos nucifera (coconut) oil, macadamia ternifolia seed oil, citrus nobilis (mandarin orange) peel oil, glyceryl stearate, cedrus atlantica (cedarwood) bark oil, aloe barbadensis leaf juice, lavandula angustifolia (lavender) oil, butyrospermum parkii (shea butter), theobroma cacao (cocoa) seed butter, citrus aurantium dulcis (orange) oil, tocopherol, helianthus annuus (sunflower) seed oil, phenoxyethanol, rosmarinus officinalis (rosemary) leaf oil, citrus grandis (grapefruit) seed extract, triticum vulgare (wheat) germ oil, glycine soja (soybean) oil, disodium edta, sodium citrate, daucus carota sativa (carrot) root extract, beta-carotene, d-limonene, linalool. contains nut derivatives.",'4.7,'109
Bath & Body,Fragrance,'MUK200049591,'UK200049591,Phlur,Missing Person Body Oil 12,https://www.spacenk.com/uk/fragrance/personal-fragrance/fragrance/missing-person-body-oil-MUK200049591.html?dwvar_MUK200049591_size=UK200049591&pid=MUK200049591&quantity=1,https://www.spacenk.com/dw/image/v2/ABCE_PRD/on/demandware.static/-/Sites-spacenkmastercatalog/default/dw3159fb59/products/PHLUR/UK200049591_PHLUR.jpg?sw=582&sh=582,"Carthamus tinctorius seed oil, ricinus communis seed oil, caprylic/capric triglyceride, fragrance (parfum), rosa canina fruit oil, adesmia boronioides flower/leaf/stem oil, simmondsia chinensis seed oil, limnanthes alba seed oil, squalane, moringa oleifera seed oil, tetrahexyldecyl ascorbate, eclipta prostrata extract, melia azadirachta flower extract, melia azadirachta leaf extract, vegetable oil, curcuma longa root extract, melia azadirachta bark extract, corallina officinalis extract, ocimum sanctum leaf extract, ocimum basillicum flower/leaf extract, tocopherol, linoleic acid, lecithin, phytosteryl canola glycerides, oleic acid, palmitic acid, stearic acid, triolein, benzotriazolyl dodecyl p-cresol, hydroxycitronellal.",'4.7,'27
Bath & Body,Body Oil,'MUK200055000,'UK200055000,Space nk,Caribbean Shores Shimmer Body Oil - Pearl 10,https://www.spacenk.com/uk/bath-body/body-moisturiser-oils/body-oil/caribbean-shores-shimmer-body-oil---pearl-MUK200055000.html?dwvar_MUK200055000_size=UK200055000&pid=MUK200055000&quantity=1,https://www.spacenk.com/dw/image/v2/ABCE_PRD/on/demandware.static/-/Sites-spacenkmastercatalog/default/dw8272d6a0/products/NK/UK200055000_NK.jpg?sw=582&sh=582,"Ingredients: caprylic/capric triglyceride, paraffinum liquidum (mineral oil), silica dimethyl silylate, parfum (fragrance), calcium aluminum borosilicate, silica, synthetic fluorphlogopite, ci 77891 (titanium dioxide), argania spinosa kernel oil, tocopheryl acetate, adansonia digitata seed oil, ci 77491 (iron oxides), tin oxide, fructose, aqua (water), glycerin, withania somnifera root extract, potassium sorbate, citric acid. allergens: benzyl alcohol. benzyl salicylate. eugenol. geraniol. hexyl cinnamal. limonene. linalool. citral. citrus aurantium peel oil. citrus limon peel oil. eugenia carophyllus oil. eugenyl acetate. linalyl acetate. pinene. tetramethyl acetyloctahydronaphthalenes. vanillin.",'4.8,'25
Bath & Body,Bath & Body Sets,'MUK200039748,'UK200039748,Sol de janeiro,Beija Flor Jet Set ,https://www.spacenk.com/uk/bath-body/bath-body-sets/bath-body-sets/beija-flor-jet-set-MUK200039748.html?dwvar_MUK200039748_size=UK200039748&pid=MUK200039748&quantity=1,https://www.spacenk.com/dw/image/v2/ABCE_PRD/on/demandware.static/-/Sites-spacenkmastercatalog/default/dw5b201a42/products/SOL_DE_JAN/UK200039748_SOL_DE_JAN.jpg?sw=582&sh=582,"Beija flor body wash aqua (water, eau), sodium cocoyl isethionate, stearic acid, sodium methyl cocoyl taurate, glycol distearate, cocamidopropyl hydroxysultaine, glycerin, parfum (fragrance), squalane, caryodendron orinocense (cacay) seed oil, hibiscus sabdariffa flower extract, ethylhexylglycerin, tetrasodium glutamate diacetate, polyquaternium-7, sodium isethionate, sodium hydroxide, sodium methyltaurate, xanthan gum, phenoxyethanol beija flor cream aqua (water, eau), cetearyl alcohol, parfum (fragrance), caprylic/capric triglyceride, isopentyldiol, glyceryl stearate, c13-16 isoparaffin, glycerin, pyrus malus (apple) fruit extract, cetyl alcohol, cocos nucifera (coconut) oil, caryodendron orinocense (cacay) seed oil, butyrospermum parkii (shea) butter, behenyl alcohol, squalane, collagen amino acid, theobroma grandiflorum (cupuaçu) seed butter, copaifera officinalis (balsam copaiba) resin, astrocaryum vulgare (tucumã) kernel oil, astrocaryum murumuru seed butter, daucus carota sativa (carrot) root extract, tocopherol, oryza sativa (rice) bran extract, rosmarinus officinalis (rosemary) leaf extract, helianthus annuus (sunflower) seed oil, helianthus annuus (sunflower) extract, ethylhexylglycerin, pentylene glycol, heptyl undecylenate, potassium cetyl phosphate, tetrasodium glutamate diacetate, xanthan gum, citric acid, sodium hydroxide, phenoxyethanol, mica, alpha-isomethyl ionone, benzyl salicylate, ci 77891 (titanium dioxide). cheirosa 68 perfume mist alcohol denat., aqua (water, eau), parfum (fragrance), alpha-isomethyl ionone, benzyl salicylate.",'4.8,'748
Bath & Body,Body Creme & Butter,'MUK200038362,'UK200038362,Ouai,Body Crème - St Barts 212 G,https://www.spacenk.com/uk/bath-body/body-moisturiser-oils/body-creme-butter/body-creme---st-barts-MUK200038362.html?dwvar_MUK200038362_size=UK200038362&pid=MUK200038362&quantity=1,https://www.spacenk.com/dw/image/v2/ABCE_PRD/on/demandware.static/-/Sites-spacenkmastercatalog/default/dw9a1abc62/products/OUAI/UK200038362_OUAI.jpg?sw=582&sh=582,"Water / aqua / eau, caprylic/capric triglyceride, phenyl trimethicone, cetyl alcohol, isododecane, methyl, glucose sesquistearate, glycerin, hydroxyethyl acrylate/sodium acryloyldimethyl taurate copolymer, cocos nucifera (coconut) oil, sodium stearoyl glutamate, glyceryl stearate citrate, cetearyl alcohol, butyrospermum parkii (shea) butter, theobroma grandiflorum seed butter, lactobacillus ferment, squalane, xanthan gum, citric acid, polysorbate 60, ethylhexylglycerin, glyceryl caprylate, tocopherol, sodium phytate, isopropyl alcohol, propylene glycol, alcohol, sorbitan isostearate, benzophenone-4, phenoxyethanol, yellow 5 (ci 19140), yellow 6 (ci 15985), fragrance (parfum), benzyl salicylate, linalool, limonene, hydroxycitronellal, coumarin.",'4.7,'98
Bath & Body,Body Creme & Butter,'MUK200038362,'UK200054244,Ouai,Body Crème - St Barts 96 G,https://www.spacenk.com/uk/bath-body/body-moisturiser-oils/body-creme-butter/body-creme---st-barts-MUK200038362.html?dwvar_MUK200038362_size=UK200054244&pid=MUK200038362&quantity=1,https://www.spacenk.com/dw/image/v2/ABCE_PRD/on/demandware.static/-/Sites-spacenkmastercatalog/default/dw80e293f9/products/OUAI/UK200054244_OUAI.jpg?sw=582&sh=582,"Water / aqua / eau, caprylic/capric triglyceride, phenyl trimethicone, cetyl alcohol, isododecane, methyl, glucose sesquistearate, glycerin, hydroxyethyl acrylate/sodium acryloyldimethyl taurate copolymer, cocos nucifera (coconut) oil, sodium stearoyl glutamate, glyceryl stearate citrate, cetearyl alcohol, butyrospermum parkii (shea) butter, theobroma grandiflorum seed butter, lactobacillus ferment, squalane, xanthan gum, citric acid, polysorbate 60, ethylhexylglycerin, glyceryl caprylate, tocopherol, sodium phytate, isopropyl alcohol, propylene glycol, alcohol, sorbitan isostearate, benzophenone-4, phenoxyethanol, yellow 5 (ci 19140), yellow 6 (ci 15985), fragrance (parfum), benzyl salicylate, linalool, limonene, hydroxycitronellal, coumarin.",'4.7,'98
Bath & Body,Body Oil,'MUK200055002,'UK200055002,Space nk,Caribbean Shores Shimmer Body Oil - Golden 10,https://www.spacenk.com/uk/bath-body/body-moisturiser-oils/body-oil/caribbean-shores-shimmer-body-oil---golden-MUK200055002.html?dwvar_MUK200055002_size=UK200055002&pid=MUK200055002&quantity=1,https://www.spacenk.com/dw/image/v2/ABCE_PRD/on/demandware.static/-/Sites-spacenkmastercatalog/default/dw05d41052/products/NK/UK200055002_NK.jpg?sw=582&sh=582,"Ingredients: caprylic/capric triglyceride, paraffinum liquidum (mineral oil), silica dimethyl silylate, parfum (fragrance), synthetic fluorphlogopite, ci 77891 (titanium dioxide), ci 77491 (iron oxides), calcium aluminum borosilicate, argania spinosa kernel oil, tocopheryl acetate, adansonia digitata seed oil, silica, tin oxide, fructose, aqua (water), glycerin, withania somnifera root extract, potassium sorbate, citric acid. allergens: benzyl alcohol. benzyl salicylate. eugenol. geraniol. hexyl cinnamal. limonene. linalool. citral. citrus aurantium peel oil. citrus limon peel oil. eugenia carophyllus oil. eugenyl acetate. linalyl acetate. pinene. tetramethyl acetyloctahydronaphthalenes. vanillin",'4.7,'24
Bath & Body,Body Lotion,'MUK200033166,'UK200033166,Nécessaire,The Body Lotion Fragrance Free 20,https://www.spacenk.com/uk/bath-body/body-moisturiser-oils/body-lotion/the-body-lotion-fragrance-free-MUK200033166.html?dwvar_MUK200033166_size=UK200033166&pid=MUK200033166&quantity=1,https://www.spacenk.com/dw/image/v2/ABCE_PRD/on/demandware.static/-/Sites-spacenkmastercatalog/default/dw7a6809d2/products/NECESSAIRE/UK200033166_NECESSAIRE.jpg?sw=582&sh=582,Aqua/water/eau caprylic/capric triglyceride dicaprylyl carbonate glycerin shea butter glycerides simmondsia chinensis (jojoba) seed oil cetearyl olivate niacinamide cetearyl alcohol glyceryl stearate sorbitan olivate palmitoyl dipeptide-5 diaminobutyroyl hydroxythreonine palmitoyl dipeptide-5 diaminonhydroxybutyrate sclerocarya birrea seed oil caryodendron orinocense seed oil limnanthes alba (meadowfoam) seed oil saccharum officinarum (sugar cane) extract camellia sinensis leaf extract pyrus malus (apple) fruit extract citrus aurantium dulcis (orange) fruit extract citrus limon (lemon) fruit extract tocopherol linoleic acid linolenic acid propanediol polyacrylate crosspolymer-6 caprylhydroxamic acid caprylyl glycol t-butyl alcohol oleic acid palmitic acid stearic acid,'4.6,'961
Bath & Body,Body Lotion,'MUK200033166,'UK200040350,Nécessaire,The Body Lotion Fragrance Free 70 ML,https://www.spacenk.com/uk/bath-body/body-moisturiser-oils/body-lotion/the-body-lotion-fragrance-free-MUK200033166.html?dwvar_MUK200033166_size=UK200040350&pid=MUK200033166&quantity=1,https://www.spacenk.com/dw/image/v2/ABCE_PRD/on/demandware.static/-/Sites-spacenkmastercatalog/default/dw04a391e3/products/NECESSAIRE/UK200040350_NECESSAIRE.jpg?sw=582&sh=582,Aqua/water/eau caprylic/capric triglyceride dicaprylyl carbonate glycerin shea butter glycerides simmondsia chinensis (jojoba) seed oil cetearyl olivate niacinamide cetearyl alcohol glyceryl stearate sorbitan olivate palmitoyl dipeptide-5 diaminobutyroyl hydroxythreonine palmitoyl dipeptide-5 diaminonhydroxybutyrate sclerocarya birrea seed oil caryodendron orinocense seed oil limnanthes alba (meadowfoam) seed oil saccharum officinarum (sugar cane) extract camellia sinensis leaf extract pyrus malus (apple) fruit extract citrus aurantium dulcis (orange) fruit extract citrus limon (lemon) fruit extract tocopherol linoleic acid linolenic acid propanediol polyacrylate crosspolymer-6 caprylhydroxamic acid caprylyl glycol t-butyl alcohol oleic acid palmitic acid stearic acid,'4.6,'961
Bath & Body,Body Lotion,'MUK200033166,'UK200054041,Nécessaire,The Body Lotion Fragrance Free 450 ML,https://www.spacenk.com/uk/bath-body/body-moisturiser-oils/body-lotion/the-body-lotion-fragrance-free-MUK200033166.html?dwvar_MUK200033166_size=UK200054041&pid=MUK200033166&quantity=1,https://www.spacenk.com/dw/image/v2/ABCE_PRD/on/demandware.static/-/Sites-spacenkmastercatalog/default/dw85ccba1c/products/NECESSAIRE/UK200054041_NECESSAIRE.jpg?sw=582&sh=582,Aqua/water/eau caprylic/capric triglyceride dicaprylyl carbonate glycerin shea butter glycerides simmondsia chinensis (jojoba) seed oil cetearyl olivate niacinamide cetearyl alcohol glyceryl stearate sorbitan olivate palmitoyl dipeptide-5 diaminobutyroyl hydroxythreonine palmitoyl dipeptide-5 diaminonhydroxybutyrate sclerocarya birrea seed oil caryodendron orinocense seed oil limnanthes alba (meadowfoam) seed oil saccharum officinarum (sugar cane) extract camellia sinensis leaf extract pyrus malus (apple) fruit extract citrus aurantium dulcis (orange) fruit extract citrus limon (lemon) fruit extract tocopherol linoleic acid linolenic acid propanediol polyacrylate crosspolymer-6 caprylhydroxamic acid caprylyl glycol t-butyl alcohol oleic acid palmitic acid stearic acid,'4.6,'961
Bath & Body,Body Oil,'MUK200055004,'UK200055004,Space nk,Caribbean Shores Shimmer Body Oil - Bronze 10,https://www.spacenk.com/uk/bath-body/body-moisturiser-oils/body-oil/caribbean-shores-shimmer-body-oil---bronze-MUK200055004.html?dwvar_MUK200055004_size=UK200055004&pid=MUK200055004&quantity=1,https://www.spacenk.com/dw/image/v2/ABCE_PRD/on/demandware.static/-/Sites-spacenkmastercatalog/default/dwd3dcdfc3/products/NK/UK200055004_NK.jpg?sw=582&sh=582,"Ingredients: caprylic/capric triglyceride, paraffinum liquidum (mineral oil), silica dimethyl silylate, parfum (fragrance), mica, synthetic fluorphlogopite, ci 77491 (iron oxides), argania spinosa kernel oil, tocopheryl acetate, adansonia digitata seed oil, charcoal powder, fructose, aqua (water), glycerin, withania somnifera root extract, potassium sorbate, citric acid. allergens: benzyl alcohol. benzyl salicylate. eugenol. geraniol. hexyl cinnamal. limonene. linalool. citral. citrus aurantium peel oil. citrus limon peel oil. eugenia carophyllus oil. eugenyl acetate. linalyl acetate. pinene. tetramethyl acetyloctahydronaphthalenes. vanillin.",'4.3,'9
Bath & Body,Body Creme & Butter,'MUK200041106,'UK200041106,Sol de janeiro,Delicia Drench Body Butter 240 ML,https://www.spacenk.com/uk/bath-body/body-moisturiser-oils/body-creme-butter/delicia-drench-body-butter-MUK200041106.html?dwvar_MUK200041106_size=UK200041106&pid=MUK200041106&quantity=1,https://www.spacenk.com/dw/image/v2/ABCE_PRD/on/demandware.static/-/Sites-spacenkmastercatalog/default/dw804b414a/products/SOL_DE_JAN/UK200041106_SOL_DE_JAN.jpg?sw=582&sh=582,"Aqua (water, eau), butyrospermum parkii (shea) butter, cocos nucifera (coconut) oil, ethylhexyl palmitate, parfum (fragrance), methyl glucose sesquistearate, glyceryl stearate se, lauryl laurate, glycerin, myristyl myristate, hydrolyzed sodium hyaluronate (hyaluronic acid), lactobacillus/hibiscus sabdariffa flower ferment filtrate (prebiotic hibiscus), copaifera officinalis (balsam copaiba) resin*, passiflora edulis (passionflower) seed oil*, platonia insignis (bacuri) seed butter, theobroma grandiflorum (cupuaçu) seed butter, squalane, tocopherol, bixa orellana (achiote) seed extract, cetearyl alcohol, behenyl alcohol, caprylic/capric triglyceride, phenyl trimethicone, maltodextrin, cetearyl olivate, sorbitan olivate, sodium stearoyl glutamate, potassium cetyl phosphate, sodium gluconate, ethylhexylglycerin, phenoxyethanol, butylene glycol, carbomer, potassium hydroxide, sodium hydroxide, annatto (ci 75120), alpha-isomethyl ionone, hydroxycitronellal. *brazilian soothing complex""",'4.6,"'1,553"
Bath & Body,Body Creme & Butter,'MUK200041106,'UK200041107,Sol de janeiro,Delicia Drench Body Butter 75 ML,https://www.spacenk.com/uk/bath-body/body-moisturiser-oils/body-creme-butter/delicia-drench-body-butter-MUK200041106.html?dwvar_MUK200041106_size=UK200041107&pid=MUK200041106&quantity=1,https://www.spacenk.com/dw/image/v2/ABCE_PRD/on/demandware.static/-/Sites-spacenkmastercatalog/default/dw34b91733/products/SOL_DE_JAN/UK200041107_SOL_DE_JAN.jpg?sw=582&sh=582,"Aqua (water, eau), butyrospermum parkii (shea) butter, cocos nucifera (coconut) oil, ethylhexyl palmitate, parfum (fragrance), methyl glucose sesquistearate, glyceryl stearate se, lauryl laurate, glycerin, myristyl myristate, hydrolyzed sodium hyaluronate (hyaluronic acid), lactobacillus/hibiscus sabdariffa flower ferment filtrate (prebiotic hibiscus), copaifera officinalis (balsam copaiba) resin*, passiflora edulis (passionflower) seed oil*, platonia insignis (bacuri) seed butter, theobroma grandiflorum (cupuaçu) seed butter, squalane, tocopherol, bixa orellana (achiote) seed extract, cetearyl alcohol, behenyl alcohol, caprylic/capric triglyceride, phenyl trimethicone, maltodextrin, cetearyl olivate, sorbitan olivate, sodium stearoyl glutamate, potassium cetyl phosphate, sodium gluconate, ethylhexylglycerin, phenoxyethanol, butylene glycol, carbomer, potassium hydroxide, sodium hydroxide, annatto (ci 75120), alpha-isomethyl ionone, hydroxycitronellal. *brazilian soothing complex""",'4.6,"'1,553"
Bath & Body,Body Oil,'MUK200038332,'UK200038332,Space nk,Caribbean Shores Body Oil 150 ML,https://www.spacenk.com/uk/bath-body/body-moisturiser-oils/body-oil/caribbean-shores-body-oil-MUK200038332.html?dwvar_MUK200038332_size=UK200038332&pid=MUK200038332&quantity=1,https://www.spacenk.com/dw/image/v2/ABCE_PRD/on/demandware.static/-/Sites-spacenkmastercatalog/default/dw5c65afa5/products/NK/UK200038332_NK.jpg?sw=582&sh=582,"Helianthus annuus (sunflower) seed oil, caprylic/capric triglyceride, olea europaea (olive) fruit oil, ethylhexyl stearate, triticum vulgare (wheat) germ oil, simmondsia chinensis (jojoba) seed oil, parfum (fragrance), persea gratissima (avocado) oil, camellia oleifera seed oil, argania spinosa kernel oil, borago officinalis seed oil,tocopherol. allergens: benzyl alcohol. benzyl salicylate. eugenol. geraniol. hexyl cinnamal. limonene. linalool.",'4.5,'72
Bath & Body,Body Creme & Butter,'MUK200039167,'UK200039167,Sol de janeiro,Bum Bum Cream Refill Pod 240 ML,https://www.spacenk.com/uk/bath-body/body-moisturiser-oils/body-creme-butter/bum-bum-cream-refill-pod-MUK200039167.html?dwvar_MUK200039167_size=UK200039167&pid=MUK200039167&quantity=1,https://www.spacenk.com/dw/image/v2/ABCE_PRD/on/demandware.static/-/Sites-spacenkmastercatalog/default/dwffaee582/products/SOL_DE_JAN/UK200039167_SOL_DE_JAN.jpg?sw=582&sh=582,"Aqua (water, eau), methyl glucose sesquistearate, phenyl trimethicone, dodecane, caprylic/capric triglyceride, glyceryl stearate citrate, parfum (fragrance), cetearyl alcohol, sodium hyaluronate, cocos nucifera (coconut) oil, euterpe oleracea fruit (açaí) oil, theobroma grandiflorum (cupuaçu) seed butter, bertholletia excelsa (brazil nut) seed oil, daucus carota sativa (carrot) seed oil, paullinia cupana (guaraná) seed extract, ilex guayusa leaf extract, ilex paraguariensis leaf extract, bixa orellana seed extract, tocopherol, squalane, sorbitan isostearate, sodium phytate, sodium stearoyl glutamate, glyceryl caprylate, hydroxyethyl acrylate/sodium acryloyldimethyl taurate copolymer, ethylhexylglycerin, glycerin, xanthan gum, cetyl alcohol, phenoxyethanol, mica, benzyl alcohol, benzyl salicylate, citral, coumarin, hydroxycitronellal, limonene",'4.8,'65
Bath & Body,Body Creme & Butter,'MUK200038401,'UK200038401,Space nk,Caribbean Shores Hand Crème 30 ML,https://www.spacenk.com/uk/bath-body/body-moisturiser-oils/body-creme-butter/caribbean-shores-hand-creme-MUK200038401.html?dwvar_MUK200038401_size=UK200038401&pid=MUK200038401&quantity=1,https://www.spacenk.com/dw/image/v2/ABCE_PRD/on/demandware.static/-/Sites-spacenkmastercatalog/default/dw973447a9/products/NK/UK200038401_NK.jpg?sw=582&sh=582,"Aqua (water/eau), butyrospermum parkii (shea) butter, glycerin, cetearyl alcohol, caprylic/capric triglyceride, cetyl alcohol, vitis vinifera (grape) seed oil, arachidyl alcohol, parfum (fragrance), helianthus annuus (sunflower) seed oil, behenyl alcohol, phenoxyethanol, arachidyl glucoside, carbomer, xanthan gum, propanediol, ethylhexylglycerin, sodium hydroxide, tocopherol, maltose, fructose, passiflora edulis fruit extract, agave tequilana leaf extract, withania somnifera root extract, potassium sorbate, citric acid. allergens: benzyl alcohol, benzyl salicylate, citral, eugenol, geraniol, hexyl cinnamal, limonene, linalool.",'4.7,'112
Bath & Body,Body Creme & Butter,'MUK200052990,'UK200052990,Kiehl's,Creme de Corps Refillable Pouch 1000 ML,https://www.spacenk.com/uk/bath-body/body-moisturiser-oils/body-creme-butter/creme-de-corps-refillable-pouch-MUK200052990.html?dwvar_MUK200052990_size=UK200052990&pid=MUK200052990&quantity=1,https://www.spacenk.com/dw/image/v2/ABCE_PRD/on/demandware.static/-/Sites-spacenkmastercatalog/default/dw417b8dc1/products/KIEHLS_NEW/UK200052990_KIEHLS_NEW.jpg?sw=582&sh=582,Aqua / water • squalane • hydrogenated polyisobutene • glycerin • propylene glycol • peg-100 stearate • glyceryl stearate • stearyl alcohol • myristyl alcohol • ppg-5 pentaerythrityl ether • peg-5 pentaerythrityl ether • dimethicone • sesamum indicum seed oil / sesame seed oil • butyrospermum parkii butter / shea butter • phenoxyethanol • isopropyl palmitate • citric acid • ozokerite • pentaerythrityl tetra-di-t-butyl hydroxyhydrocinnamate • potassium sorbate • argilla / magnesium aluminum silicate • chlorphenesin • xanthan gum • glycine soja sterols / soybean sterols • sodium pca • allantoin • olea europaea oil / olive fruit oil • prunus amygdalus dulcis oil / sweet almond oil • prunus armeniaca kernel oil / apricot kernel oil • theobroma cacao seed butter / cocoa seed butter • persea gratissima oil / avocado oil • tocopherol • glycine soja oil / soybean oil • lecithin • helianthus annuus seed oil / sunflower seed oil • aloe barbadensis leaf juice powder • ci 75130 / beta-carotene,'4.9,'17
Bath & Body,Hand & Feet,'MUK200027154,'UK200027154,Nursem,Caring Hand Cream 75 ML,https://www.spacenk.com/uk/bath-body/body-moisturiser-oils/hand-feet/caring-hand-cream-MUK200027154.html?dwvar_MUK200027154_size=UK200027154&pid=MUK200027154&quantity=1,https://www.spacenk.com/dw/image/v2/ABCE_PRD/on/demandware.static/-/Sites-spacenkmastercatalog/default/dw3d5fb1d8/products/NURSEM/UK200027154_NURSEM.jpg?sw=582&sh=582,"Aqua (water), glycerin, glyceryl stearate citrate, cetearyl alcohol, panthenol, allantoin, glyceryl stearate, sucrose stearate, ethylhexyl palmitate, glycine soja (soybean) oil, mel (honey), vitis vinifera (grape) seed oil, benzyl alcohol, limonene, caprylic / capric triglyceride, passiflora edulis (passion flower) seed oil, punica granatum (pomegranate) seed oil, citrus paradisi (grapefruit) peel oil, citrus aurantium bergamia (bergamot) fruit oil, sodium hydroxide, xanthan gum, salix alba (willow) bark extract, salicylic acid, citrus aurantium amara (bitter orange) leaf/twig oil, linalool, tocopheryl acetate, sorbic acid, geraniol, citral.",'4.5,'433
Bath & Body,Bath & Body Sets,'MUK200053114,'UK200053114,Sol de janeiro,Gimme Gimme Minis ,https://www.spacenk.com/uk/bath-body/bath-body-sets/bath-body-sets/gimme-gimme-minis-MUK200053114.html?dwvar_MUK200053114_size=UK200053114&pid=MUK200053114&quantity=1,https://www.spacenk.com/dw/image/v2/ABCE_PRD/on/demandware.static/-/Sites-spacenkmastercatalog/default/dwff38b885/products/SOL_DE_JAN/UK200053114_SOL_DE_JAN.jpg?sw=582&sh=582,"Cheirosa 76 perfume mist: sd alcohol 40-b (alcohol denat.), aqua (water, eau), parfum (fragrance), benzyl alcohol, benzyl salicylate, coumarin, limonene, linalool. cheirosa '62 perfume mist: sd alcohol 40-b (alcohol denatured), aqua (water, eau), parfum (fragrance), benzyl alcohol, benzyl salicylate, hydroxycitronellal, coumarin, limonene. beija flor elasti-cream: aqua (water, eau), cetearyl alcohol, parfum (fragrance), caprylic/capric triglyceride, isopentyldiol, glyceryl stearate, c13-16 isoparaffin, glycerin, pyrus malus (apple) fruit extract, cetyl alcohol, cocos nucifera (coconut) oil, caryodendron orinocense (cacay) seed oil, butyrospermum parkii (shea) butter, behenyl alcohol, squalane, collagen amino acid, theobroma grandiflorum (cupuaçu) seed butter, copaifera officinalis (balsam copaiba) resin, astrocaryum vulgare (tucumã) kernel oil, astrocaryum murumuru seed butter, daucus carota sativa (carrot) root extract, tocopherol, oryza sativa (rice) bran extract, rosmarinus officinalis (rosemary) leaf extract, helianthus annuus (sunflower) seed oil, helianthus annuus (sunflower) extract, ethylhexylglycerin, pentylene glycol, heptyl undecylenate, potassium cetyl phosphate, tetrasodium glutamate diacetate, xanthan gum, citric acid, sodium hydroxide, phenoxyethanol, mica, alpha-isomethyl ionone, benzyl salicylate, ci 77891 (titanium dioxide). delicia drench body butter: aqua (water, eau), butyrospermum parkii (shea) butter, cocos nucifera (coconut) oil, ethylhexyl palmitate, parfum (fragrance), methyl glucose sesquistearate, glyceryl stearate se, lauryl laurate, glycerin, myristyl myristate, hydrolyzed sodium hyaluronate (hyaluronic acid), lactobacillus/hibiscus sabdariffa flower ferment filtrate (prebiotic hibiscus), copaifera officinalis (balsam copaiba) resin*, passiflora edulis (passionflower) seed oil*, platonia insignis (bacuri) seed butter, theobroma grandiflorum (cupuaçu) seed butter, squalane, tocopherol, bixa orellana (achiote) seed extract, cetearyl alcohol, behenyl alcohol, caprylic/capric triglyceride, phenyl trimethicone, maltodextrin, cetearyl olivate, sorbitan olivate, sodium stearoyl glutamate, potassium cetyl phosphate, sodium gluconate, ethylhexylglycerin, phenoxyethanol, butylene glycol, carbomer, potassium hydroxide, sodium hydroxide, annatto (ci 75120), alpha-isomethyl ionone, hydroxycitronellal. *brazilian soothing complex.",'4.6,'97
Bath & Body,Body Creme & Butter,'MUK200034303,'UK200034302,Sol de janeiro,Beija Flor Elasti-Cream 75 ML,https://www.spacenk.com/uk/bath-body/body-moisturiser-oils/body-creme-butter/beija-flor%E2%80%AFelasti-cream-MUK200034303.html?dwvar_MUK200034303_size=UK200034302&pid=MUK200034303&quantity=1,https://www.spacenk.com/dw/image/v2/ABCE_PRD/on/demandware.static/-/Sites-spacenkmastercatalog/default/dw9386bb61/products/SOL_DE_JAN/UK200034302_SOL_DE_JAN.jpg?sw=582&sh=582,"Aqua (water, eau), cetearyl alcohol, parfum (fragrance), caprylic/capric triglyceride, isopentyldiol, glyceryl stearate, c13-16 isoparaffin, glycerin, pyrus malus (apple) fruit extract, cetyl alcohol, cocos nucifera (coconut) oil, caryodendron orinocense (cacay) seed oil, butyrospermum parkii (shea) butter, behenyl alcohol, squalane, collagen amino acid, theobroma grandiflorum (cupuaçu) seed butter, copaifera officinalis (balsam copaiba) resin, astrocaryum vulgare (tucumã) kernel oil, astrocaryum murumuru seed butter, daucus carota sativa (carrot) root extract, tocopherol, oryza sativa (rice) bran extract, rosmarinus officinalis (rosemary) leaf extract, helianthus annuus (sunflower) seed oil, helianthus annuus (sunflower) extract, ethylhexylglycerin, pentylene glycol, heptyl undecylenate, potassium cetyl phosphate, tetrasodium glutamate diacetate, xanthan gum, citric acid, sodium hydroxide, phenoxyethanol, mica, alpha-isomethyl ionone, benzyl salicylate, ci 77891 (titanium dioxide).",'4.6,"'2,193"
Bath & Body,Body Creme & Butter,'MUK200034303,'UK200034303,Sol de janeiro,Beija Flor Elasti-Cream 240 ML,https://www.spacenk.com/uk/bath-body/body-moisturiser-oils/body-creme-butter/beija-flor%E2%80%AFelasti-cream-MUK200034303.html?dwvar_MUK200034303_size=UK200034303&pid=MUK200034303&quantity=1,https://www.spacenk.com/dw/image/v2/ABCE_PRD/on/demandware.static/-/Sites-spacenkmastercatalog/default/dw4756f0f6/products/SOL_DE_JAN/UK200034303_SOL_DE_JAN.jpg?sw=582&sh=582,"Aqua (water, eau), cetearyl alcohol, parfum (fragrance), caprylic/capric triglyceride, isopentyldiol, glyceryl stearate, c13-16 isoparaffin, glycerin, pyrus malus (apple) fruit extract, cetyl alcohol, cocos nucifera (coconut) oil, caryodendron orinocense (cacay) seed oil, butyrospermum parkii (shea) butter, behenyl alcohol, squalane, collagen amino acid, theobroma grandiflorum (cupuaçu) seed butter, copaifera officinalis (balsam copaiba) resin, astrocaryum vulgare (tucumã) kernel oil, astrocaryum murumuru seed butter, daucus carota sativa (carrot) root extract, tocopherol, oryza sativa (rice) bran extract, rosmarinus officinalis (rosemary) leaf extract, helianthus annuus (sunflower) seed oil, helianthus annuus (sunflower) extract, ethylhexylglycerin, pentylene glycol, heptyl undecylenate, potassium cetyl phosphate, tetrasodium glutamate diacetate, xanthan gum, citric acid, sodium hydroxide, phenoxyethanol, mica, alpha-isomethyl ionone, benzyl salicylate, ci 77891 (titanium dioxide).",'4.6,"'2,193"
Bath & Body,Body Oil,'MUK200038565,'UK200038565,Sol de janeiro,Bum Bum Body Firmeza Oil 100 ML,https://www.spacenk.com/uk/bath-body/body-moisturiser-oils/body-oil/bum-bum-body-firmeza-oil-MUK200038565.html?dwvar_MUK200038565_size=UK200038565&pid=MUK200038565&quantity=1,https://www.spacenk.com/dw/image/v2/ABCE_PRD/on/demandware.static/-/Sites-spacenkmastercatalog/default/dwc1107e31/products/SOL_DE_JAN/UK200038565_SOL_DE_JAN.jpg?sw=582&sh=582,"Caprylic/capric triglyceride, helianthus annuus (sunflower) seed oil, olea europaea (olive) fruit oil, macadamia integrifolia seed oil, simmondsia chinensis (jojoba) seed oil, cocos nucifera (coconut) oil, parfum (fragrance), squalane, paullinia cupana (guarana) fruit extract, ptychopetalum olacoides (muirapuama) bark/root extract, plinia cauliflora (jabuticaba) fruit extract, plankton extract, euterpe oleracea (acai) fruit oil, amaranthus caudatus seed extract, triticum vulgare (wheat) germ extract, hordeum distichon (barley) extract, tocopherol, ethylhexylglycerin, benzyl alcohol, benzyl salicylate, coumarin, hydroxycitronellal, limonene, linalool, benzyl benzoate, citral, eugenol.",'4.8,"'1,123"
Bath & Body,Hand & Feet,'MUK200027396,'UK200027396,Diptyque,Velvet Hand Lotion 350 ML,https://www.spacenk.com/uk/bath-body/body-moisturiser-oils/hand-feet/velvet-hand-lotion-MUK200027396.html?dwvar_MUK200027396_size=UK200027396&pid=MUK200027396&quantity=1,https://www.spacenk.com/dw/image/v2/ABCE_PRD/on/demandware.static/-/Sites-spacenkmastercatalog/default/dw8d8cce6b/products/DIPTYQUE/UK200027396_DIPTYQUE.jpg?sw=582&sh=582,Aqua (water) - simmondsia chinensis (jojoba) seed oil - glycerin - caprylic/capric triglyceride - triethylhexanoin - dicaprylyl ether - parfum (fragrance) - hydrogenated vegetable oil 1 - prunus persica (peach) kernel oil - lauryl glucoside - polyglyceryl-2 dipolyhydroxystearate - anthemis nobilis flower water - helichrysum italicum flower water - behenyl alcohol - xanthan gum - glycyrrhiza glabra (licorice) leaf extract - mel (honey) - pentaerythrityl - distearate - sesamum indicum (sesame) seed oil - sodium polyacrylatesodium stearoyl glutamate prunus amygdalus dulcis (sweet almond) oil - polysorbate 20 - glyceryl stearate - cetearyl glucoside - aloe barbadensis leaf juice powder - glyceryl stearate se - linoleic acid - ethylhexylglycerin - oleic acid - palmitic acid - stearic acid - linolenic acid - hexyl cinnamal - coumarin - geraniol - linalool - hydroxycitronellal - benzyl salicylate - limonene - alpha-isomethyl ionone - cinnamal - citral - citric acid - sodium hydroxide - ethylhexyl methoxycinnamate - ethylhexyl salicylate - butyl methoxydibenzoylmethane - phenoxyethanol - chlorphenesin - sodium benzoate - benzoic acid - benzyl alcohol - dehydroacetic acid - potassium sorbate - tocopheryl acetate - bht - tocopherol - tbhq. 1 : rapeseed oil & soybean oil,'4.9,'69
Bath & Body,Body Creme & Butter,'MUK200054773,'UK200054773,Murad,Retinal ReSculpt Body Treatment 148 ML,https://www.spacenk.com/uk/bath-body/body-moisturiser-oils/body-creme-butter/retinal-resculpt-body-treatment-MUK200054773.html?dwvar_MUK200054773_size=UK200054773&pid=MUK200054773&quantity=1,https://www.spacenk.com/dw/image/v2/ABCE_PRD/on/demandware.static/-/Sites-spacenkmastercatalog/default/dw2aca800f/products/MURAD/UK200054773_MURAD.jpg?sw=582&sh=582,"Water/aqua/eau, caprylic/capric triglyceride, glycerin, squalane, cetearyl alcohol, glyceryl stearate citrate, butyrospermum parkii (shea) butter, octyldodecanol, glyceryl stearate, retinal, silybum marianum extract, arctostaphylos uva-ursi leaf extract, urea, yeast amino acids, trehalose, inositol, taurine, betaine, hydroxyacetophenone, butyrospermum parkii (shea) butter extract, persea gratissima (avocado) fruit extract, ethylhexylglycerin, mannitol, phosphatidylcholine, propanediol, bentonite, polyacrylate crosspolymer-6, xanthan gum, cetyl alcohol, sodium chloride, tetrasodium glutamate diacetate, citric acid, chlorphenesin, sodium benzoate, potassium sorbate, leuconostoc/radish root ferment filtrate, tocopherol, citronellol, alpha-isomethyl ionone, fragrance (parfum)",'4.3,'4
Bath & Body,Body Creme & Butter,'MUK200007368,'UK200007368,Aesop,Geranium Leaf Body Balm 500 ML,https://www.spacenk.com/uk/bath-body/body-moisturiser-oils/body-creme-butter/geranium-leaf-body-balm-MUK200007368.html?dwvar_MUK200007368_size=UK200007368&pid=MUK200007368&quantity=1,https://www.spacenk.com/dw/image/v2/ABCE_PRD/on/demandware.static/-/Sites-spacenkmastercatalog/default/dw00a16ec6/products/AESOP/UK200007368_AESOP.jpg?sw=582&sh=582,"Water (aqua), glycerin, prunus amygdalus dulcis (sweet almond) oil, stearic acid, cetearyl alcohol, ceteareth-20, cocos nucifera (coconut ) oil, macadamia ternifolia seed oil, glyceryl stearate, citrus aurantium bergamia (bergamot) fruit oil, citrus nobilis (mandarin orange) peel oil, pelargonium graveolens extract, tocopherol, aloe barbadensis leaf juice, butyrospermum parkii (shea butter), phenoxyethanol, theobroma cacao (cocoa) seed butter, triticum vulgare (wheat) germ oil, glycine soja (soybean) oil, disodium edta, benzalkonium chloride, daucus carota sativa (carrot ) root extract, beta-carotene, d-limonene, citronellol, geraniol, linalool.",'4.5,'104
Bath & Body,Body Creme & Butter,'MUK200007368,'UK200029447,Aesop,Geranium Leaf Body Balm 100 ML,https://www.spacenk.com/uk/bath-body/body-moisturiser-oils/body-creme-butter/geranium-leaf-body-balm-MUK200007368.html?dwvar_MUK200007368_size=UK200029447&pid=MUK200007368&quantity=1,https://www.spacenk.com/dw/image/v2/ABCE_PRD/on/demandware.static/-/Sites-spacenkmastercatalog/default/dw96c9ea9b/products/AESOP/UK200029447_AESOP.jpg?sw=582&sh=582,"Water (aqua), glycerin, prunus amygdalus dulcis (sweet almond) oil, stearic acid, cetearyl alcohol, ceteareth-20, cocos nucifera (coconut ) oil, macadamia ternifolia seed oil, glyceryl stearate, citrus aurantium bergamia (bergamot) fruit oil, citrus nobilis (mandarin orange) peel oil, pelargonium graveolens extract, tocopherol, aloe barbadensis leaf juice, butyrospermum parkii (shea butter), phenoxyethanol, theobroma cacao (cocoa) seed butter, triticum vulgare (wheat) germ oil, glycine soja (soybean) oil, disodium edta, benzalkonium chloride, daucus carota sativa (carrot ) root extract, beta-carotene, d-limonene, citronellol, geraniol, linalool.",'4.5,'104
Bath & Body,Hand & Feet,'MUK200010971,'UK200010971,Margaret dabbs london,Foot Hygiene Cream 100 G,https://www.spacenk.com/uk/bath-body/body-moisturiser-oils/hand-feet/foot-hygiene-cream-MUK200010971.html?dwvar_MUK200010971_size=UK200010971&pid=MUK200010971&quantity=1,https://www.spacenk.com/dw/image/v2/ABCE_PRD/on/demandware.static/-/Sites-spacenkmastercatalog/default/dw92539089/products/MARGARET_D/UK200010971_MARGARET_D.jpg?sw=582&sh=582,,'4.7,'153
Bath & Body,Hand & Feet,'MUK200052844,'UK200052844,Space nk,Paros Tides Hand Crème 3,https://www.spacenk.com/uk/bath-body/body-moisturiser-oils/hand-feet/paros-tides-hand-creme-MUK200052844.html?dwvar_MUK200052844_size=UK200052844&pid=MUK200052844&quantity=1,https://www.spacenk.com/dw/image/v2/ABCE_PRD/on/demandware.static/-/Sites-spacenkmastercatalog/default/dw0a22a812/products/NK/UK200052844_NK.jpg?sw=582&sh=582,"Aqua (water/eau), butyrospermum parkii (shea) butter, glycerin, cetearyl alcohol, caprylic/capric triglyceride, cetyl alcohol, vitis vinifera (grape) seed oil, arachidyl alcohol, parfum (fragrance), helianthus annuus (sunflower) seed oil, behenyl alcohol, phenoxyethanol, arachidyl glucoside, carbomer, xanthan gum, propanediol, ethylhexylglycerin, sodium hydroxide, tocopherol, maltose, fructose, passiflora edulis fruit extract, agave tequilana leaf extract, withania somnifera root extract, potassium sorbate, citric acid. allergens: benzyl alcohol, benzyl salicylate, citral, eugenol, geraniol, hexyl cinnamal, limonene, linalool.",'4.6,'35
Bath & Body,Body Lotion,'MUK200026701,'UK200026701,Jo loves,Pomelo A Body Lotion 275 ML,https://www.spacenk.com/uk/bath-body/body-moisturiser-oils/body-lotion/pomelo-a-body-lotion-MUK200026701.html?dwvar_MUK200026701_size=UK200026701&pid=MUK200026701&quantity=1,https://www.spacenk.com/dw/image/v2/ABCE_PRD/on/demandware.static/-/Sites-spacenkmastercatalog/default/dw4baee5ed/products/JO_LOVES/UK200026701_JO_LOVES.jpg?sw=582&sh=582,"Aqua (water), parfum (fragrance), vitis vinifera (grape) seed oil, cetearyl alcohol, stearic acid, dimethicone, glycerin, prunus amygdalus dulcis (sweet almond) oil, limonene, panthenol, theobroma cacao (cocoa) seed butter, tocopheryl acetate, ceteareth-20, phenoxyethanol, carbomer, ethylhexylglycerin, sodium hydroxide, citronellol, disodium edta, citral, linalool, geraniol, eugenol, tocopherol",'4.6,'26
Bath & Body,Hand & Feet,'MUK300055876,'UK300055876,Aesop,Reverence Aromatique Hand Balm 75 ML,https://www.spacenk.com/uk/bath-body/body-moisturiser-oils/hand-feet/reverence-aromatique-hand-balm-MUK300055876.html?dwvar_MUK300055876_size=UK300055876&pid=MUK300055876&quantity=1,https://www.spacenk.com/dw/image/v2/ABCE_PRD/on/demandware.static/-/Sites-spacenkmastercatalog/default/dweda4f21a/products/AESOP/UK300055876_AESOP.jpg?sw=582&sh=582,"Water (aqua), glycerin, prunus amygdalus dulcis (sweet almond) oil, stearic acid, cetearyl alcohol, ceteareth-20, cocos nucifera (coconut) oil, macadamia ternifolia seed oil, citrus aurantium bergamia (bergamot) fruit oil, glyceryl stearate, peg-100 stearate, phenoxyethanol, tocopherol, butyrospermum parkii (shea butter), theobroma cacao (cocoa) seed butter, potassium lactate, citrus aurantium amara (bitter orange) oil, vetiveria, zizanoides root oil, triticum vulgare (wheat) germ oil, glycine soja (soybean) oil, lactic acid, citrus grandis (grapefruit) peel oil, fusanus spicatus wood oil, disodium edta, benzoic acid, dehydroacetic acid, ethylhexylglycerin, aloe barbadensis leaf juice*, daucus carota sativa (carrot) root extract, beta-carotene, d-limonene *, linalool *, farnesol *, citral *. contains nut oils. this ingredient list is subject to change; clients should refer to the product packaging for the most up-to-date ingredient list.",'4.4,'57
Bath & Body,Body Creme & Butter,'MUK200030253,'UK200030253,Sol de janeiro,Bom Dia Bright Cream 240 ML,https://www.spacenk.com/uk/bath-body/body-moisturiser-oils/body-creme-butter/bom-dia-bright-cream-MUK200030253.html?dwvar_MUK200030253_size=UK200030253&pid=MUK200030253&quantity=1,https://www.spacenk.com/dw/image/v2/ABCE_PRD/on/demandware.static/-/Sites-spacenkmastercatalog/default/dwa80546b5/products/SOL_DE_JAN/UK200030253_SOL_DE_JAN.jpg?sw=582&sh=582,"Aqua (water, eau), methyl glucose sesquistearate, dodecane, caprylic/capric triglyceride, cetearyl alcohol, parfum (fragrance), phenyl trimethicone, cetyl alcohol, glycerin, cocos nucifera (coconut) oil, spondias mombin (caja) pulp extract, musa sapientum (banana) pulp extract, mangifera indica (mango) pulp extract, carica papaya (papaya) fruit extract, theobroma grandiflorum (cupuaçu) seed butter, euterpe oleracea (açaí) fruit oil, salix alba (willow) bark extract, gardenia taitensis flower extract, tetrahexyldecyl ascorbate, tocopherol, glyceryl caprylate, ethylhexylglycerin, sorbitan isostearate, ethylene brassylate, xanthan gum, glyceryl stearate citrate, hydroxyethyl acrylate/sodium acryloyldimethyl taurate copolymer, sodium stearoyl glutamate, phenoxyethanol, benzyl alcohol, potassium sorbate, citric acid, sorbic acid, ci 17200 (red 33), ci 19140 (yellow 5).",'4.8,"'5,972"
Bath & Body,Body Creme & Butter,'MUK200030253,'UK200030254,Sol de janeiro,Bom Dia Bright Cream 75 ML,https://www.spacenk.com/uk/bath-body/body-moisturiser-oils/body-creme-butter/bom-dia-bright-cream-MUK200030253.html?dwvar_MUK200030253_size=UK200030254&pid=MUK200030253&quantity=1,https://www.spacenk.com/dw/image/v2/ABCE_PRD/on/demandware.static/-/Sites-spacenkmastercatalog/default/dw33401a84/products/SOL_DE_JAN/UK200030254_SOL_DE_JAN.jpg?sw=582&sh=582,"Aqua (water, eau), methyl glucose sesquistearate, dodecane, caprylic/capric triglyceride, cetearyl alcohol, parfum (fragrance), phenyl trimethicone, cetyl alcohol, glycerin, cocos nucifera (coconut) oil, spondias mombin (caja) pulp extract, musa sapientum (banana) pulp extract, mangifera indica (mango) pulp extract, carica papaya (papaya) fruit extract, theobroma grandiflorum (cupuaçu) seed butter, euterpe oleracea (açaí) fruit oil, salix alba (willow) bark extract, gardenia taitensis flower extract, tetrahexyldecyl ascorbate, tocopherol, glyceryl caprylate, ethylhexylglycerin, sorbitan isostearate, ethylene brassylate, xanthan gum, glyceryl stearate citrate, hydroxyethyl acrylate/sodium acryloyldimethyl taurate copolymer, sodium stearoyl glutamate, phenoxyethanol, benzyl alcohol, potassium sorbate, citric acid, sorbic acid, ci 17200 (red 33), ci 19140 (yellow 5).",'4.8,"'5,972"
Bath & Body,Body Oil,'MUK200007459,'UK200007459,Diptyque,Satin Oil for Body and Hair 100ml 100 ML,https://www.spacenk.com/uk/bath-body/body-moisturiser-oils/body-oil/satin-oil-for-body-and-hair-MUK200007459.html?dwvar_MUK200007459_size=UK200007459&pid=MUK200007459&quantity=1,https://www.spacenk.com/dw/image/v2/ABCE_PRD/on/demandware.static/-/Sites-spacenkmastercatalog/default/dw550b87b0/products/DIPTYQUE/UK200007459_DIPTYQUE.jpg?sw=582&sh=582,Coco-caprylate/caprate - cetearyl isononanoate - parfum (fragrance) - prunus amygdalus dulcis (sweet almond) oil - squalane - ethylhexyl methoxycinnamate - olea europaea (olive) fruit oil - persea gratissima (avocado) oil - sesamum indicum (sesame) seed oil - bisabolol - punica granatum seed oil - caprylic/capric triglyceride - glycine soja (soybean) oil - bixa orellana seed extract - jasminum officinale (jasmine) oil - benzyl salicylate - linalool - hydroxycitronellal - alpha-isomethyl ionone - geraniol - citronellol - coumarin - benzyl benzoate - citral - limonene - hexyl cinnamal - triethanolamine - ethylhexyl salicylate - butyl methoxydibenzoylmethane - benzoic acid - methyl benzoate - benzyl alcohol - tocopherol - bht.,'4.7,'122
Bath & Body,Hand & Feet,'MUK200027155,'UK200027155,Nursem,Caring Hand Cream 300 ML,https://www.spacenk.com/uk/bath-body/body-moisturiser-oils/hand-feet/caring-hand-cream-MUK200027155.html?dwvar_MUK200027155_size=UK200027155&pid=MUK200027155&quantity=1,https://www.spacenk.com/dw/image/v2/ABCE_PRD/on/demandware.static/-/Sites-spacenkmastercatalog/default/dwf8b8a5af/products/NURSEM/UK200027155_NURSEM.jpg?sw=582&sh=582,"Aqua (water), glycerin, glyceryl stearate citrate, cetearyl alcohol, panthenol, allantoin, glyceryl stearate, sucrose stearate, ethylhexyl palmitate, glycine soja (soybean) oil, mel (honey), vitis vinifera (grape) seed oil, benzyl alcohol, limonene, caprylic / capric triglyceride, passiflora edulis (passion flower) seed oil, punica granatum (pomegranate) seed oil, citrus paradisi (grapefruit) peel oil, citrus aurantium bergamia (bergamot) fruit oil, sodium hydroxide, xanthan gum, salix alba (willow) bark extract, salicylic acid, citrus aurantium amara (bitter orange) leaf/twig oil, linalool, tocopheryl acetate, sorbic acid, geraniol, citral",'4.6,'105
Bath & Body,Hand & Feet,'MUK200038315,'UK200038315,Space nk,Parisian Gardens Hand Crème 75 ML,https://www.spacenk.com/uk/bath-body/body-moisturiser-oils/hand-feet/parisian-gardens-hand-creme-MUK200038315.html?dwvar_MUK200038315_size=UK200038315&pid=MUK200038315&quantity=1,https://www.spacenk.com/dw/image/v2/ABCE_PRD/on/demandware.static/-/Sites-spacenkmastercatalog/default/dw2044b5ba/products/NK/UK200038315_NK.jpg?sw=582&sh=582,"Ingredients: aqua (water/eau), caprylic/capric triglyceride, glycerin, arachidyl alcohol, simmondsia chinensis (jojoba) seed oil, behenyl alcohol, phenoxyethanol, arachidyl glucoside, carbomer, parfum (fragrance), sodium hydroxide, xanthan gum, disodium edta, ethylhexylglycerin, propylene glycol, aloe barbadensis leaf juice, avena sativa (oat) kernel oil, moringa oleifera leaf extract, sorbitol, anthemis nobilis flower extract, sambucus nigra flower extract, citric acid, potassium sorbate, tocopherol, sodium benzoate. allergens: citronellol. geraniol. hexyl cinnamal. hydroxycitronellal. limonene. linalool. alpha-isomethyl ionone.",'4.5,'99
Bath & Body,Hand & Feet,'MUK200038315,'UK200038399,Space nk,Parisian Gardens Hand Crème 30 ML,https://www.spacenk.com/uk/bath-body/body-moisturiser-oils/hand-feet/parisian-gardens-hand-creme-MUK200038315.html?dwvar_MUK200038315_size=UK200038399&pid=MUK200038315&quantity=1,https://www.spacenk.com/dw/image/v2/ABCE_PRD/on/demandware.static/-/Sites-spacenkmastercatalog/default/dw6b3ccefe/products/NK/UK200038399_NK.jpg?sw=582&sh=582,"Ingredients: aqua (water/eau), caprylic/capric triglyceride, glycerin, arachidyl alcohol, simmondsia chinensis (jojoba) seed oil, behenyl alcohol, phenoxyethanol, arachidyl glucoside, carbomer, parfum (fragrance), sodium hydroxide, xanthan gum, disodium edta, ethylhexylglycerin, propylene glycol, aloe barbadensis leaf juice, avena sativa (oat) kernel oil, moringa oleifera leaf extract, sorbitol, anthemis nobilis flower extract, sambucus nigra flower extract, citric acid, potassium sorbate, tocopherol, sodium benzoate. allergens: citronellol. geraniol. hexyl cinnamal. hydroxycitronellal. limonene. linalool. alpha-isomethyl ionone.",'4.5,'99
Bath & Body,Body Lotion,'MUK200038624,'UK200038624,Laura mercier,Ambre Vanille Serum Body Cream 20,https://www.spacenk.com/uk/bath-body/body-moisturiser-oils/body-lotion/ambre-vanille-serum-body-cream-MUK200038624.html?dwvar_MUK200038624_size=UK200038624&pid=MUK200038624&quantity=1,https://www.spacenk.com/dw/image/v2/ABCE_PRD/on/demandware.static/-/Sites-spacenkmastercatalog/default/dwcf8d3181/products/LAURA_MERC/UK200038624_LAURA_MERC.jpg?sw=582&sh=582,"Aqua/water/eau, caprylic/capric triglyceride, glycerin, coco-caprylate, propanediol, fragrance (parfum), hydroxyethyl acrylate/sodium acryloyldimethyl taurate copolymer, capryloyl glycerin/sebacic acid copolymer, squalane, diheptyl succinate, glyceryl stearate, peg-100 stearate, butyrospermum parkii (shea) butter, cetearyl alcohol, borago officinalis seed oil, prunus domestica seed oil, porphyridium cruentum extract, olea europaea (olive) leaf extract, tetrasodium glutamate diacetate, citric acid, hydroxyacetophenone, tocopherol, polysorbate 60, tapioca starch, maris aqua/sea water/eau de mer, 1,2-hexanediol, caprylyl glycol, hydroxycitronellal, benzyl salicylate, limonene, potassium sorbate, sodium benzoate, benzyl alcohol.",'4.2,'114
Bath & Body,Hand & Feet,'MUK149759204,'UK149759204,Kiehl's,Ultimate Strength Hand Salve 150 ML,https://www.spacenk.com/uk/bath-body/body-moisturiser-oils/hand-feet/ultimate-strength-hand-salve-MUK149759204.html?dwvar_MUK149759204_size=UK149759204&pid=MUK149759204&quantity=1,https://www.spacenk.com/dw/image/v2/ABCE_PRD/on/demandware.static/-/Sites-spacenkmastercatalog/default/dwd0b38c94/products/KIEHLS_NEW/UK149759204_KIEHLS_NEW.jpg?sw=582&sh=582,,'4.8,'394
Bath & Body,Hand & Feet,'MUK149759204,'UK149769205,Kiehl's,Ultimate Strength Hand Salve 75 ML,https://www.spacenk.com/uk/bath-body/body-moisturiser-oils/hand-feet/ultimate-strength-hand-salve-MUK149759204.html?dwvar_MUK149759204_size=UK149769205&pid=MUK149759204&quantity=1,https://www.spacenk.com/dw/image/v2/ABCE_PRD/on/demandware.static/-/Sites-spacenkmastercatalog/default/dw9213d7f5/products/KIEHLS_NEW/UK149769205_KIEHLS_NEW.jpg?sw=582&sh=582,,'4.8,'394
Bath & Body,Hand & Feet,'MUK200033704,'UK200033704,Caudalie,Hand and Nail Cream -75ml 75 ,https://www.spacenk.com/uk/bath-body/body-moisturiser-oils/hand-feet/hand-and-nail-cream--75ml-MUK200033704.html?dwvar_MUK200033704_size=UK200033704&pid=MUK200033704&quantity=1,https://www.spacenk.com/dw/image/v2/ABCE_PRD/on/demandware.static/-/Sites-spacenkmastercatalog/default/dw62146e96/products/CAUDALIE/UK200033704_CAUDALIE.jpg?sw=582&sh=582,"Aqua/water/eau, glycerin, cetearyl alcohol, vitis vinifera (grape) seed oil, glyceryl stearate, butyrospermum parkii (shea) butter extract, palmitoyl grape seed extract, sodium cetearyl sulfate, coco-caprylate/caprate, tocopheryl acetate, limonene, persea gratissima (avocado) oil, caprylyl glycol, acrylates/c10-30 alkyl acrylate crosspolymer, potassium sorbate, phytosterols, olea europaea (olive) fruit oil, linalool, sodium hydroxide, carbomer, geraniol, sodium carboxymethyl beta-glucan, sorbitan oleate, tocopherol, ascorbyl palmitate, parfum (fragrance), citral.(061/136)",'4.7,'109
Bath & Body,Body Creme & Butter,'MUK200038002,'UK200038002,Sol de janeiro,Brazilian Touch Hand Cream 50 ML,https://www.spacenk.com/uk/bath-body/body-moisturiser-oils/body-creme-butter/brazilian-touch-hand-cream-MUK200038002.html?dwvar_MUK200038002_size=UK200038002&pid=MUK200038002&quantity=1,https://www.spacenk.com/dw/image/v2/ABCE_PRD/on/demandware.static/-/Sites-spacenkmastercatalog/default/dwab84a8a0/products/SOL_DE_JAN/UK200038002_SOL_DE_JAN.jpg?sw=582&sh=582,"Aqua (water, eau), caprylic/capric triglyceride, methyl glucose sesquistearate, dodecane, phenyl trimethicone, cetearyl alcohol, cetyl alcohol, parfum (fragrance), theobroma grandiflorum (cupuaçu) seed butter, cocos nucifera (coconut) oil, euterpe oleracea (açaí) fruit oil, bertholletia excelsa (brazil nut) seed oil, ilex paraguariensis leaf extract, ilex guayusa leaf extract, bix orellana seed extract, tocopherol, squalane, daucus carota sativa (carrot) seed oil, sodium hyaluronate, ethylhexylglycerin, glycerin, sorbitan isostearate, glyceryl stearate citrate, hydroxyethyl acrylate/sodium acryloyldimethyl taurate copolymer, sodium stearoyl glutamate, xanthan gum, citric acid, sodium phytate, phenoxyethanol, benzyl alcohol, benzyl salicylate, coumarin, limonene, butylphenyl methylpropional contains brazil nuts cruelty-free, vegan, gluten-free, soy-free, paraben-free, free of artificial colorant, 5-free, 3-free, phthalate-free, paraben-free, no pegs, talc-free, sulfate-free, mineral oil-free, no microbeads.",'4.8,'806
Bath & Body,Body Lotion,'MUK104890009,'UK104900009,Kiehl's,Creme de Corps 250ml 250 ML,https://www.spacenk.com/uk/bath-body/body-moisturiser-oils/body-lotion/creme-de-corps-MUK104890009.html?dwvar_MUK104890009_size=UK104900009&pid=MUK104890009&quantity=1,https://www.spacenk.com/dw/image/v2/ABCE_PRD/on/demandware.static/-/Sites-spacenkmastercatalog/default/dw9c812a21/products/KIEHLS_NEW/UK104900009_KIEHLS_NEW.jpg?sw=582&sh=582,,'4.4,'431
Bath & Body,Body Lotion,'MUK104890009,'UK147600009,Kiehl's,Creme de Corps 500 ML,https://www.spacenk.com/uk/bath-body/body-moisturiser-oils/body-lotion/creme-de-corps-MUK104890009.html?dwvar_MUK104890009_size=UK147600009&pid=MUK104890009&quantity=1,https://www.spacenk.com/dw/image/v2/ABCE_PRD/on/demandware.static/-/Sites-spacenkmastercatalog/default/dw802464fc/products/KIEHLS_NEW/UK147600009_KIEHLS_NEW.jpg?sw=582&sh=582,,'4.4,'431
Bath & Body,Body Lotion,'MUK200038626,'UK200038626,Laura mercier,Almond Coconut Serum Body Cream 20,https://www.spacenk.com/uk/bath-body/body-moisturiser-oils/body-lotion/almond-coconut-serum-body-cream-MUK200038626.html?dwvar_MUK200038626_size=UK200038626&pid=MUK200038626&quantity=1,https://www.spacenk.com/dw/image/v2/ABCE_PRD/on/demandware.static/-/Sites-spacenkmastercatalog/default/dw5ad95371/products/LAURA_MERC/UK200038626_LAURA_MERC.jpg?sw=582&sh=582,"Aqua/water/eau, caprylic/capric triglyceride, glycerin, coco-caprylate, propanediol, fragrance (parfum), hydroxyethyl acrylate/sodium acryloyldimethyl taurate copolymer, capryloyl glycerin/sebacic acid copolymer, squalane, diheptyl succinate, glyceryl stearate, peg-100 stearate, butyrospermum parkii (shea) butter, cetearyl alcohol, borago officinalis seed oil, prunus domestica seed oil, porphyridium cruentum extract, olea europaea (olive) leaf extract, tetrasodium glutamate diacetate, citric acid, hydroxyacetophenone, tocopherol, polysorbate 60, tapioca starch, maris aqua/sea water/eau de mer, 1,2-hexanediol, caprylyl glycol, hydroxycitronellal, benzyl salicylate, limonene, potassium sorbate, sodium benzoate, benzyl alcohol.",'3.4,'21
Bath & Body,Handwash,'MUK200027117,'UK200027117,Aesop,Reverence Duet ,https://www.spacenk.com/uk/bath-body/body-cleanser/handwash/reverence-duet-MUK200027117.html?dwvar_MUK200027117_size=UK200027117&pid=MUK200027117&quantity=1,https://www.spacenk.com/dw/image/v2/ABCE_PRD/on/demandware.static/-/Sites-spacenkmastercatalog/default/dw584fe7b4/products/AESOP/UK200027117_AESOP.jpg?sw=582&sh=582,"Reverence aromatique hand wash: water (aqua), sodium lauroamphoacetate, sodium methyl cocoyl taurate, acrylates copolymer, pumice, sodium chloride, coco-betaine, 1,2-hexanediol, phenoxyethanol, citrus aurantium bergamia (bergamot) fruit oil, coconut acid, citrus aurantium amara (bitter orange) leaf/twig oil, ethylhexylglycerin, vetiveria zizanoides root oil, citrus grandis (grapefruit) peel oil, fusanus spicatus wood oil, limonene, linalool, farnesol, geraniol, citral reverence aromatique hand balm: water (aqua), glycerin, prunus amygdalus dulcis (sweet almond) oil, stearic acid, cetearyl alcohol, ceteareth-20, cocos nucifera (coconut) oil, macadamia ternifolia seed oil, citrus aurantium bergamia (bergamot) fruit oil, glyceryl stearate, peg-100 stearate, phenoxyethanol, tocopherol, butyrospermum parkii (shea butter), theobroma cacao (cocoa) seed butter, potassium lactate, citrus aurantium amara (bitter orange) oil, vetiveria, zizanoides root oil, triticum vulgare (wheat) germ oil, glycine soja (soybean) oil, lactic acid, citrus grandis (grapefruit) peel oil, fusanus spicatus wood oil, disodium edta, benzoic acid, dehydroacetic acid, ethylhexylglycerin, aloe barbadensis leaf juice*, daucus carota sativa (carrot) root extract, beta-carotene, d-limonene *, linalool *, farnesol *, citral *. contains nut derivatives.",'4.7,'24
Bath & Body,Body Lotion,'MUK200052840,'UK200052840,Space nk,Paros Tides Body Lotion 50,https://www.spacenk.com/uk/bath-body/body-moisturiser-oils/body-lotion/paros-tides-body-lotion-MUK200052840.html?dwvar_MUK200052840_size=UK200052840&pid=MUK200052840&quantity=1,https://www.spacenk.com/dw/image/v2/ABCE_PRD/on/demandware.static/-/Sites-spacenkmastercatalog/default/dw5a8e3f7e/products/NK/UK200052840_NK.jpg?sw=582&sh=582,"Aqua (water), glycerin, vitis vinifera (grape) seed oil, caprylic/capric triglyceride, cetearyl alcohol, butyrospermum parkii (shea) butter, arachidyl alcohol, cetyl alcohol, parfum (fragrance), phenoxyethanol, behenyl alcohol, arachidyl glucoside, carbomer, maris sal (sea salt), simmondsia chinensis (jojoba) seed oil, xanthan gum, punica granatum seed oil, ethylhexylglycerin, squalane, sodium hydroxide, ocimum sanctum leaf extract. allergens: citral. coumarin. geraniol. hydroxycitronellal. limonene. linalool. alpha-isomethyl ionone. tetramethyl acetyloctahydronaphthalenes. linalyl acetate. rose ketones. pinene.",'4.9,'12
Bath & Body,Body Lotion,'MUK200052840,'UK200052908,Space nk,Paros Tides Body Lotion 10,https://www.spacenk.com/uk/bath-body/body-moisturiser-oils/body-lotion/paros-tides-body-lotion-MUK200052840.html?dwvar_MUK200052840_size=UK200052908&pid=MUK200052840&quantity=1,https://www.spacenk.com/dw/image/v2/ABCE_PRD/on/demandware.static/-/Sites-spacenkmastercatalog/default/dw4652a295/products/NK/UK200052908_NK.jpg?sw=582&sh=582,"Aqua (water), glycerin, vitis vinifera (grape) seed oil, caprylic/capric triglyceride, cetearyl alcohol, butyrospermum parkii (shea) butter, arachidyl alcohol, cetyl alcohol, parfum (fragrance), phenoxyethanol, behenyl alcohol, arachidyl glucoside, carbomer, maris sal (sea salt), simmondsia chinensis (jojoba) seed oil, xanthan gum, punica granatum seed oil, ethylhexylglycerin, squalane, sodium hydroxide, ocimum sanctum leaf extract. allergens: citral. coumarin. geraniol. hydroxycitronellal. limonene. linalool. alpha-isomethyl ionone. tetramethyl acetyloctahydronaphthalenes. linalyl acetate. rose ketones. pinene.",'4.9,'12
Bath & Body,Body Creme & Butter,'MUK200041233,'UK200041233,La mer,The Body Crème 300 ML,https://www.spacenk.com/uk/bath-body/body-moisturiser-oils/body-creme-butter/the-body-creme-MUK200041233.html?dwvar_MUK200041233_size=UK200041233&pid=MUK200041233&quantity=1,https://www.spacenk.com/dw/image/v2/ABCE_PRD/on/demandware.static/-/Sites-spacenkmastercatalog/default/dw8e6c2e6e/products/LA_MER/UK200041233_LA_MER.jpg?sw=582&sh=582,"Declustered water (-)\aqua\eau de-structuree (-) , declustered water (+)\aqua\eau de-structuree (+) , butylene glycol , jojoba esters , butyrospermum parkii (shea butter) , c12-20 acid peg-8 ester , glycerin , pentaerythrityl tetraethylhexanoate , caprylic/capric triglyceride , simmondsia chinensis (jojoba) seed oil , petrolatum , behenyl alcohol , cetyl alcohol , sucrose , algae (seaweed) extract , sesamum indicum (sesame) seed oil , medicago sativa (alfalfa) seed powder , helianthus annuus (sunflower) seedcake , prunus amygdalus dulcis (sweet almond) seed meal , eucalyptus globulus (eucalyptus) leaf oil , sodium gluconate , copper gluconate , calcium gluconate , magnesium gluconate , zinc gluconate , tocopheryl succinate , niacin , sesamum indicum (sesame) seed powder , yeast extract\faex\extrait de levure , bupleurum falcatum root extract , cucumis sativus (cucumber) fruit extract , sigesbeckia orientalis (st. paul's wort) extract , phaeodactylum tricornotum ( plankton) extract , cucumis melo (melon) fruit extract , ahnfeltia concinna extract , polyglyceryl-2 triisostearate , morus nigra (mulberry) root extract , hordeum vulgare (barley) extract\extrait d'orge , avena sativa (oat) kernel extract , vitis vinifera (grape) fruit extract , silybum marianum (lady's thistle) extract , acetyl glucosamine , persea gratissima (avocado) oil , sodium hyaluronate , caffeine , bifida ferment lysate , astrocaryum murumuru butter , dimethicone , acetyl hexapeptide-8 , glyceryl stearate , acetyl carnitine hcl , sodium rna , creatine , potassium cetyl phosphate , saccharomyces lysate extract , propylene glycol dicaprate , coenzyme a , peg-100 stearate , decarboxy carnosine hcl , peg-8 , sodium hydroxide , phospholipids , acrylates/c10-30 alkyl acrylate crosspolymer , tetrahexyldecyl ascorbate , hydrogenated lecithin , propylene glycol dicaprylate , scutellaria baicalensis root extract , sorbitol , simethicone , laminaria ochroleuca extract , cholesterol , caprylyl glycol , potassium sulfate , disodium cocoamphodiacetate , xanthan gum , fragrance (parfum) , limonene , hexyl cinnamal , geraniol , citral , linalool , benzyl benzoate , amyl cinnamal , coumarin , citronellol , disodium edta , sodium benzoate , phenoxyethanol",'4.9,'7
Bath & Body,Hand & Feet,'MUK200007296,'UK200007296,Margaret dabbs london,Intensive Hydrating Foot Lotion 200 ML,https://www.spacenk.com/uk/bath-body/body-moisturiser-oils/hand-feet/intensive-hydrating-foot-lotion-MUK200007296.html?dwvar_MUK200007296_size=UK200007296&pid=MUK200007296&quantity=1,https://www.spacenk.com/dw/image/v2/ABCE_PRD/on/demandware.static/-/Sites-spacenkmastercatalog/default/dwe2b82d34/products/MARGARET_D/UK200007296_MARGARET_D.jpg?sw=582&sh=582,,'4.7,'113
Bath & Body,Body Lotion,'MUK200038746,'UK200039126,Charlotte tilbury,Charlottes Magic Body Cream 5,https://www.spacenk.com/uk/bath-body/body-moisturiser-oils/body-lotion/charlottes-magic-body-cream-MUK200038746.html?dwvar_MUK200038746_size=UK200039126&pid=MUK200038746&quantity=1,https://www.spacenk.com/dw/image/v2/ABCE_PRD/on/demandware.static/-/Sites-spacenkmastercatalog/default/dw6af0648d/products/CHARLOTTE/UK200039126_CHARLOTTE.jpg?sw=582&sh=582,"Aqua/water/eau, glycerin, caprylic/capric triglyceride, glyceryl stearate se, tricaprylin, coco-caprylate/caprate, soybean glycerides, cetyl alcohol, butyrospermum parkii (shea) butter unsaponifiables, 1,2-hexanediol, pentylene glycol, myristyl myristate, potassium cetyl phosphate, caprylyl glycol, carbomer, acrylates/c10-30 alkyl acrylate crosspolymer, camellia oleifera (camellia) seed oil, rosa canina fruit oil, sodium gluconate, sodium hydroxide, caffeine, helianthus annuus (sunflower) seed oil, haematococcus pluvialis extract, maltodextrin, tocopherol, rosa damascena extract, sodium hyaluronate, ascorbyl palmitate, rosa damascena flower oil, rosa damascena flower water, michelia alba leaf oil, aloe barbadensis leaf juice, plumeria rubra flower extract, citric acid, potassium sorbate, sodium benzoate, linalool, citronellol, geraniol.",'4.5,'148
Bath & Body,Body Lotion,'MUK200051812,'UK200051812,Escentric molecules,Escentric 01 Body Lotion 20,https://www.spacenk.com/uk/bath-body/body-moisturiser-oils/body-lotion/escentric-01-body-lotion-MUK200051812.html?dwvar_MUK200051812_size=UK200051812&pid=MUK200051812&quantity=1,https://www.spacenk.com/dw/image/v2/ABCE_PRD/on/demandware.static/-/Sites-spacenkmastercatalog/default/dw776af8da/products/ESCENT_MOL/UK200051812_ESCENT_MOL.jpg?sw=582&sh=582,"Aqua (water), caprylic/capric triglyceride, hydrogenated coco glycerides, butyrospermum parkii (shea) butter, ricinus communis (castor) seed oil, sorbitol, c14-22 alcohols, isopropyl palmitate, parfum (fragrance), bentonite, cera alba (beeswax), sodium stearoyl glutamate, squalane, sodium hyaluronate, simmondsia chinensis (jojoba) seed oil, brassica campestris (rapeseed) sterols, c12-20 alkyl glucoside, hydroxyacetophenone, microcrystalline cellulose, phenoxyethanol, xanthan gum, cetearyl alcohol, lactic acid, cellulose gum, benzoic acid, dehydroacetic acid",'4.3,'3
Bath & Body,Hand & Feet,'MUK200020248,'UK200020248,Patchology,PoshPeel Pedi Cure Foot Treatment ,https://www.spacenk.com/uk/bath-body/body-moisturiser-oils/hand-feet/poshpeel-pedi-cure-foot-treatment-MUK200020248.html?dwvar_MUK200020248_size=UK200020248&pid=MUK200020248&quantity=1,https://www.spacenk.com/dw/image/v2/ABCE_PRD/on/demandware.static/-/Sites-spacenkmastercatalog/default/dw0a02774b/products/PATCHOLOGY/UK200020248_PATCHOLOGY.jpg?sw=582&sh=582,"Water (aqua), alcohol denat., alcohol, lactic acid, glycolic acid, sodium citrate, citric acid, salicylic acid, pyrus malus (apple) fruit extract, vitis vinifera (grape) fruit extract, citrus aurantium dulcis (orange) peel extract, citrus limon (lemon) fruit extract, chamomilla recutita (matricaria) flower extract, centella asiatica extract, glycyrrhiza glabra (licorice) root extract, camellia sinensis leaf extract, polygonum cuspidatum root extract, rosmarinus officinalis (rosemary) leaf extract, scutellaria baicalensis root extract, butylene glycol, panthenol, allantoin, peg-60 hydrogenated castor oil, disodium edta, fragrance (parfum)",'4.0,'87
Bath & Body,Body Creme & Butter,'MUK200038400,'UK200038400,Space nk,Nordic Wilds Hand Crème 30 ML,https://www.spacenk.com/uk/bath-body/body-moisturiser-oils/body-creme-butter/nordic-wilds-hand-creme-MUK200038400.html?dwvar_MUK200038400_size=UK200038400&pid=MUK200038400&quantity=1,https://www.spacenk.com/dw/image/v2/ABCE_PRD/on/demandware.static/-/Sites-spacenkmastercatalog/default/dwb67cd489/products/NK/UK200038400_NK.jpg?sw=582&sh=582,"Aqua (water/eau), butyrospermum parkii (shea) butter, glycerin, cetearyl alcohol, caprylic/capric triglyceride, cetyl alcohol, vitis vinifera (grape) seed oil, arachidyl alcohol, helianthus annuus (sunflower) seed oil, phenoxyethanol, behenyl alcohol, parfum (fragrance), arachidyl glucoside, carbomer, xanthan gum, ethylhexylglycerin, betula alba juice, propanediol, galactoarabinan, sodium hydroxide, tocopherol, rhodiola rosea root extract, albatrellus confluens (mushroom) extract, centella asiatica extract, citric acid, chlorphenesin, potassium sorbate. allergens: citral, coumarin, eugenol, geraniol, hydroxycitronellal, limonene, linalool.",'4.8,'54
Bath & Body,Body Oil,'MUK200051445,'UK200051445,Byoma,Nourishing Body Oil 200 ML,https://www.spacenk.com/uk/bath-body/body-moisturiser-oils/body-oil/nourishing-body-oil-MUK200051445.html?dwvar_MUK200051445_size=UK200051445&pid=MUK200051445&quantity=1,https://www.spacenk.com/dw/image/v2/ABCE_PRD/on/demandware.static/-/Sites-spacenkmastercatalog/default/dw8b80b5ed/products/BYOMA/UK200051445_BYOMA.jpg?sw=582&sh=582,"""prunus armeniaca (apricot) kernel oil prunus amygdalus dulcis (sweet almond) oil caprylic/capric triglyceride silica simmondsia chinensis (jojoba) seed oil moringa oleifera seed oil hippophae rhamnoides (seabuckthorn) fruit oil sphingolipids ceramide np parfum (fragrance) geraniol limonene linalool alpha-isomethyl ionone coumarin""""""",'4.4,'35
Bath & Body,Hand & Feet,'MUK200049213,'UK200049213,Aesop,Eleos Aromatique Hand Balm 75 ML,https://www.spacenk.com/uk/bath-body/body-moisturiser-oils/hand-feet/eleos-aromatique-hand-balm-MUK200049213.html?dwvar_MUK200049213_size=UK200049213&pid=MUK200049213&quantity=1,https://www.spacenk.com/dw/image/v2/ABCE_PRD/on/demandware.static/-/Sites-spacenkmastercatalog/default/dwd32a8290/products/AESOP/UK200049213_AESOP.jpg?sw=582&sh=582,"Water (aqua), glycerin, pentylene glycol, butyrospermum parkii (shea) butter, triolein, brassica alcohol, ricinus communis (castor) seed oil, cetyl alcohol, glyceryl stearate, caprylic/capric triglyceride, cocos nucifera (coconut) oil, microcrystalline cellulose, saccharide isomerate, peg-75 stearate, lavandula angustifolia (lavender) oil, euphorbia cerifera (candelilla) wax, cedrus atlantica (cedarwood) bark oil, benzyl alcohol, hydrogenated castor oil, sodium dehydroacetate, sodium stearoyl glutamate, xanthan gum, ceteth-20, steareth-20, rosmarinus officinalis (rosemary) leaf oil, cellulose gum, bisabolol, copper pca, lauroyl lysine, sodium gluconate, eugenia caryophyllus (clove) flower oil, citric acid, tocopherol, helianthus annuus (sunflower) seed oil, linoleic acid, pogostemon cablin oil, copernicia cerifera (carnauba) wax, oleic acid, palmitic acid, sodium citrate, stearic acid, vegetable oil, linolenic acid, linalool, eugenol, limonene, geraniol.",'4.6,'40
Bath & Body,Hand & Feet,'MUK200049213,'UK200049214,Aesop,Eleos Aromatique Hand Balm 500 ML,https://www.spacenk.com/uk/bath-body/body-moisturiser-oils/hand-feet/eleos-aromatique-hand-balm-MUK200049213.html?dwvar_MUK200049213_size=UK200049214&pid=MUK200049213&quantity=1,https://www.spacenk.com/dw/image/v2/ABCE_PRD/on/demandware.static/-/Sites-spacenkmastercatalog/default/dwe56a87dc/products/AESOP/UK200049214_AESOP.jpg?sw=582&sh=582,"Water (aqua), glycerin, pentylene glycol, butyrospermum parkii (shea) butter, triolein, brassica alcohol, ricinus communis (castor) seed oil, cetyl alcohol, glyceryl stearate, caprylic/capric triglyceride, cocos nucifera (coconut) oil, microcrystalline cellulose, saccharide isomerate, peg-75 stearate, lavandula angustifolia (lavender) oil, euphorbia cerifera (candelilla) wax, cedrus atlantica (cedarwood) bark oil, benzyl alcohol, hydrogenated castor oil, sodium dehydroacetate, sodium stearoyl glutamate, xanthan gum, ceteth-20, steareth-20, rosmarinus officinalis (rosemary) leaf oil, cellulose gum, bisabolol, copper pca, lauroyl lysine, sodium gluconate, eugenia caryophyllus (clove) flower oil, citric acid, tocopherol, helianthus annuus (sunflower) seed oil, linoleic acid, pogostemon cablin oil, copernicia cerifera (carnauba) wax, oleic acid, palmitic acid, sodium citrate, stearic acid, vegetable oil, linolenic acid, linalool, eugenol, limonene, geraniol.",'4.6,'40
Bath & Body,Hand & Feet,'MUK200036906,'UK200036906,Augustinus bader,The Hand Treatment 50 ML,https://www.spacenk.com/uk/bath-body/body-moisturiser-oils/hand-feet/the-hand-treatment-MUK200036906.html?dwvar_MUK200036906_size=UK200036906&pid=MUK200036906&quantity=1,https://www.spacenk.com/dw/image/v2/ABCE_PRD/on/demandware.static/-/Sites-spacenkmastercatalog/default/dwf139e768/products/AUGUSTINUS/UK200036906_AUGUSTINUS.jpg?sw=582&sh=582,"Aqua (water), butyrospermum parkii (shea) butter, behenyl alcohol, glycerin, dicaprylyl ether, lauryl laurate, myristyl myristate, glyceryl stearate, polyglyceryl-3 methylglucose distearate, sodium stearoyl glutamate, xylitylglucoside, anhydroxylitol, mel (honey), xylitol, chlorphenesin, citric acid, bisabolol, sodium benzoate, xanthan gum, tocopherol, helianthus annuus (sunflower) seed oil, paeonia lactiflora root extract, alcohol, glucose, tocopheryl acetate, cholesterol, hydrogenated lecithin, sodium hydroxide, alanyl glutamine, arginine, ceramide ng, ceramide np, glycine, lysine, oleic acid, palmitic acid, phenylalanine, proline, scenedesmus rubescens extract, brassica alba oil, disodium edta, oligopeptide-177, phenoxyethanol, sodium ascorbate.",'4.5,'49
Bath & Body,Body SPF,'MUK200033972,'UK200033972,Hello sunday,The One For Your Hands - Hand Cream: SPF 30 30 ML,https://www.spacenk.com/uk/sun-tan/suncare/body-spf/the-one-for-your-hands---hand-cream%3A-spf-30-MUK200033972.html?dwvar_MUK200033972_size=UK200033972&pid=MUK200033972&quantity=1,https://www.spacenk.com/dw/image/v2/ABCE_PRD/on/demandware.static/-/Sites-spacenkmastercatalog/default/dw7a255685/products/HELLO_SUN/UK200033972_HELLO_SUN.jpg?sw=582&sh=582,"Aqua, glycerin, octocrylene, ethylhexyl salicylate, butyl methoxydibenzoylmethane, cetearyl alcohol, oleyl erucate, caprylyl caprylate/caprate, tapioca starch, panthenol, ethylhexyl stearate, sucrose polystearate, dimethicone, disodium cetearyl sulfosuccinate, hydrogenated vegetable glycerides, hydroxyacetophenone, parfum, pentaerythrityl distearate, sodium polyacrylate, phenoxyethanol, allantoin, tocopheryl acetate, hydrogenated polyisobutene, disodium edta, xanthan gum, sodium hyaluronate, aloe barbadensis leaf juice powder, limonene, tocopherol, pantolactone, citral, linalool, coumarin",'4.7,'129
Bath & Body,Body Oil,'MUK200054292,'UK200054292,Sol de janeiro,GlowMotions Copacabana Bronze Glow Body Oil 75 ML,https://www.spacenk.com/uk/bath-body/body-moisturiser-oils/body-oil/glowmotions-copacabana-bronze-glow-body-oil-MUK200054292.html?dwvar_MUK200054292_size=UK200054292&pid=MUK200054292&quantity=1,https://www.spacenk.com/dw/image/v2/ABCE_PRD/on/demandware.static/-/Sites-spacenkmastercatalog/default/dwb1ff9fd5/products/SOL_DE_JAN/UK200054292_SOL_DE_JAN.jpg?sw=582&sh=582,"Isododecane, hydrogenated polydecene (c6-14 olefin), tapioca starch, mica, ethylene/propylene/styrene copolymer, parfum (fragrance), cocos nucifera (coconut) oil, helianthus annuus (sunflower) seed oil, gossypium herbaceum (cotton) seed oil, euterpe oleracea (açaí) fruit oil, theobroma grandiflorum (cupuaçu) seed butter, aloe barbadensis leaf extract, phenoxyethanol, butylene/ethylene/styrene copolymer, tocopheryl acetate, ethylhexylglycerin, ethylene brassylate, pentaerythrityl tetra-di-t-butyl hydroxyhydrocinnamate, tocopherol, iron oxides (ci 77491), iron oxides (ci 77499), titanium dioxide (ci 77891), benzyl alcohol, benzyl salicylate, coumarin, hydroxycitronellal, limonene.",'4.7,'22
Bath & Body,Body Creme & Butter,'MUK200006615,'UK200006615,Kiehl's,Creme de Corps Whipped Body Butter 226ml 226 G,https://www.spacenk.com/uk/bath-body/body-moisturiser-oils/body-creme-butter/creme-de-corps-whipped-body-butter-MUK200006615.html?dwvar_MUK200006615_size=UK200006615&pid=MUK200006615&quantity=1,https://www.spacenk.com/dw/image/v2/ABCE_PRD/on/demandware.static/-/Sites-spacenkmastercatalog/default/dw7497a35f/products/KIEHLS_NEW/UK200006615_KIEHLS_NEW.jpg?sw=582&sh=582,,'4.5,'192
Bath & Body,Hand & Feet,'MUK200037226,'UK200037226,Patchology,Rosé Toes Renewing Foot Mask 62 G,https://www.spacenk.com/uk/bath-body/body-moisturiser-oils/hand-feet/rose-toes-renewing-foot-mask-MUK200037226.html?dwvar_MUK200037226_size=UK200037226&pid=MUK200037226&quantity=1,https://www.spacenk.com/dw/image/v2/ABCE_PRD/on/demandware.static/-/Sites-spacenkmastercatalog/default/dw35451bef/products/PATCHOLOGY/UK200037226_PATCHOLOGY.jpg?sw=582&sh=582,"Water (aqua/eau), dipropylene glycol, glycerin, cetyl ethylhexanoate, cetearyl alcohol, 1,2- hexanediol, butyrospermum parkii (shea) butter, glyceryl stearate, canola oil, citric acid, palmitic acid, stearic acid, myristic acid, arachidic acid, lauric acid, polyglyceryl-3 methylglucose distearate, cocos nucifera (coconut) oil, fragrance, limonene, linalool, citral, citronellol, macadamia integrifolia seed oil, water, butylene glycol, fragaria chiloensis (strawberry) fruit extract, ethylhexylglycerin, tocopherol, postassium hydroxide, water, 1,2 hexanediol, reveratrol, hydrolyzed gardenia florida extract, maltodextrin",'4.7,'11
Bath & Body,Body Lotion,'MUK200038323,'UK200038323,Space nk,Nordic Wilds Body Lotion 500 ML,https://www.spacenk.com/uk/bath-body/body-moisturiser-oils/body-lotion/nordic-wilds-body-lotion-MUK200038323.html?dwvar_MUK200038323_size=UK200038323&pid=MUK200038323&quantity=1,https://www.spacenk.com/dw/image/v2/ABCE_PRD/on/demandware.static/-/Sites-spacenkmastercatalog/default/dwc4a7a9a8/products/NK/UK200038323_NK.jpg?sw=582&sh=582,"Aqua (water/eau), prunus amygdalus dulcis (sweet almond) oil, caprylic/capric triglyceride, glycerin, cetearyl alcohol, butyrospermum parkii (shea) butter, arachidyl alcohol, cetyl alcohol, phenoxyethanol, behenyl alcohol, parfum (fragrance), arachidyl glucoside, helianthus annuus (sunflower) seed oil, carbomer, xanthan gum, ethylhexylglycerin, sodium hydroxide, betula alba juice, galactoarabinan, disodium edta, propanediol, centella asiatica extract, glucose, albatrellus confluens extract, chlorphenesin, rhodiola rosea root extract, citric acid, ascorbyl palmitate, potassium sorbate. allergens: citral. coumarin. eugenol. geraniol. hydroxycitronellal. limonene. linalool.",'4.2,'21
Bath & Body,Body Lotion,'MUK200038323,'UK200048736,Space nk,Nordic Wilds Body Lotion 100 ML,https://www.spacenk.com/uk/bath-body/body-moisturiser-oils/body-lotion/nordic-wilds-body-lotion-MUK200038323.html?dwvar_MUK200038323_size=UK200048736&pid=MUK200038323&quantity=1,https://www.spacenk.com/dw/image/v2/ABCE_PRD/on/demandware.static/-/Sites-spacenkmastercatalog/default/dwb73e350e/products/NK/UK200048736_NK.jpg?sw=582&sh=582,"Aqua (water/eau), prunus amygdalus dulcis (sweet almond) oil, caprylic/capric triglyceride, glycerin, cetearyl alcohol, butyrospermum parkii (shea) butter, arachidyl alcohol, cetyl alcohol, phenoxyethanol, behenyl alcohol, parfum (fragrance), arachidyl glucoside, helianthus annuus (sunflower) seed oil, carbomer, xanthan gum, ethylhexylglycerin, sodium hydroxide, betula alba juice, galactoarabinan, disodium edta, propanediol, centella asiatica extract, glucose, albatrellus confluens extract, chlorphenesin, rhodiola rosea root extract, citric acid, ascorbyl palmitate, potassium sorbate. allergens: citral. coumarin. eugenol. geraniol. hydroxycitronellal. limonene. linalool.",'4.2,'21
Bath & Body,Fragrance,'MUK200049640,'UK200049640,Phlur,Missing Person Body Lotion 473 ML,https://www.spacenk.com/uk/fragrance/personal-fragrance/fragrance/missing-person-body-lotion-MUK200049640.html?dwvar_MUK200049640_size=UK200049640&pid=MUK200049640&quantity=1,https://www.spacenk.com/dw/image/v2/ABCE_PRD/on/demandware.static/-/Sites-spacenkmastercatalog/default/dwda0cd8b0/products/PHLUR/UK200049640_PHLUR.jpg?sw=582&sh=582,"Water (aqua), cocos nucifera (coconut) oil, glycerin, carthamus tinctorius (safflower) seed oil, cetearyl alcohol, caprylic/capric triglyceride, dimethicone, theobroma grandiflorum seed butter, rosa canina fruit oil, moringa oleifera seed oil, simmondsia chinensis (jojoba) seed oil, limnanthes alba (meadowfoam) seed oil, butyrospermum parkii (shea) butter, euterpe oleracea sterols, fragrance (parfum), sodium pca, maltodextrin, sodium hyaluronate, ascorbyl glucoside, niacinamide, leontopodium alpinum extract, terminalia ferdinandiana fruit extract, camellia sinensis leaf extract, gardenia jasminoides fruit extract, linoleic acid, oleic acid, linolenic acid, phenoxyethanol, potassium cetyl phosphate, carbomer, ethylhexylglycerin, tocopherol, sodium hydroxide, tetrasodium glutamate diacetate, benzyl salicylate, hydroxycitronellal, sodium glycolate, sodium formate, potassium sorbate, sodium benzoate, citric acid.",'3.5,'10
Bath & Body,Body Lotion,'MUK200054266,'UK200054266,Nécessaire,The Body Lotion Olibanum 450 ML,https://www.spacenk.com/uk/bath-body/body-moisturiser-oils/body-lotion/the-body-lotion-olibanum-MUK200054266.html?dwvar_MUK200054266_size=UK200054266&pid=MUK200054266&quantity=1,https://www.spacenk.com/dw/image/v2/ABCE_PRD/on/demandware.static/-/Sites-spacenkmastercatalog/default/dw325bf228/products/NECESSAIRE/UK200054266_NECESSAIRE.jpg?sw=582&sh=582,"Aqua/water/eau, helianthus annuus (sunflower) seed oil, glycerin, caprylic/capric triglyceride, niacinamide, shea butter glycerides, cetearyl olivate, cetearyl alcohol, glyceryl stearate, sorbitan olivate, fragrance (parfum), acetyl hexapeptide-1, palmitoyl dipeptide-5 diaminobutyroyl hydroxythreonine, palmitoyl dipeptide-5 diaminonhydroxybutyrate, palmitoyl tetrapeptide-7, palmitoyl tripeptide-1, boswellia carterii gum oil, vanillin, tetrahexyldecyl ascorbate, tocopherol, bromelain, papain, superoxide dismutase, illite, linoleic acid, linolenic acid, propanediol, lecithin, xanthan gum, polyacrylate crosspolymer-6, caprylhydroxamic acid, caprylyl glycol, oleic acid, palmitic acid, stearic acid, isopropyl palmitate, maltodextrin, glucose, t-butyl alcohol, linalyl acetate, tetramethyl acetyloctahydronaphthalenes, alpha-isomethyl ionone, juniperus virginiana oil, citrus aurantium peel oil, citrus aurantium bergamia peel oil, hydroxycitronellal, linalool, limonene.",'4.3,'10
Bath & Body,Body Lotion,'MUK200027397,'UK200027397,Diptyque,Soft Lotion for the Body 250 ML,https://www.spacenk.com/uk/bath-body/body-moisturiser-oils/body-lotion/soft-lotion-for-the-body-MUK200027397.html?dwvar_MUK200027397_size=UK200027397&pid=MUK200027397&quantity=1,https://www.spacenk.com/dw/image/v2/ABCE_PRD/on/demandware.static/-/Sites-spacenkmastercatalog/default/dwd0d0a1a5/products/DIPTYQUE/UK200027397_DIPTYQUE.jpg?sw=582&sh=582,Aqua (water) - macadamia integrifolia seed oil - dicaprylyl carbonate - glycerin - isononyl isononanoate - caprylic/capric triglyceride - prunus amygdalus dulcis (sweet almond) oil - sorbitan stearate - cetearyl alcohol - prunus persica (peach) kernel oil - parfum (fragrance) - jasminum officinale (jasmine) flower water - hydroxyethyl acrylate/sodium acryloyldimethyl taurate copolymer - squalane - butyrospermum parkii (shea butter) - hydrogenated vegetable oil 1 - sucrose cocoate - polysorbate 60 - sodium hyaluronate - glyceryl stearate - sorbitan isostearate - benzyl salicylate - linalool - hydroxycitronellal - alpha-isomethyl ionone - geraniol - citronellol - coumarin - citric acid - ethylhexyl methoxycinnamate - ethylhexyl salicylate - butyl methoxydibenzoylmethane - benzyl alcohol - chlorhexidine digluconate - dehydroacetic acid - phenoxyethanol - methyl benzoate - benzoic acid - bht - pentaerythrityl tetra-di-t-butyl hydroxyhydrocinnamate - tocopherol.,'4.6,'16
Bath & Body,Hand & Feet,'MUK200028811,'UK200028811,Margaret dabbs london,Pure Cracked Heel Treatment Balm 30 ML,https://www.spacenk.com/uk/bath-body/body-moisturiser-oils/hand-feet/pure-cracked-heel-treatment-balm-MUK200028811.html?dwvar_MUK200028811_size=UK200028811&pid=MUK200028811&quantity=1,https://www.spacenk.com/dw/image/v2/ABCE_PRD/on/demandware.static/-/Sites-spacenkmastercatalog/default/dwaca8a3c5/products/MARGARET_D/UK200028811_MARGARET_D.jpg?sw=582&sh=582,"Aqua (water/eau), butyrospermum parkii (shea) butter*, theobroma cacao (cocoa) seed butter*, isopropyl myristate, euphorbia cerifera cera (candelilla)*, cetearyl alcohol, glycerin, cetearyl olivate, sorbitan olivate, prunus amygdalus dulcis (sweet almond) oil*, salicylic acid, dimethicone, phenoxyethanol, benzoic acid, ethylhexylglycerin, disodium edta, leptospermum scoparium (manuka) branch/leaf oil*, origanum vulgare (oregano) leaf oil*, citric acid. *naturally occurring",'4.8,'29
Bath & Body,Body Oil,'MUK200054323,'UK200054323,Sol de janeiro,GlowMotions Rio Sunset Glow Body Oil 75 ML,https://www.spacenk.com/uk/bath-body/body-moisturiser-oils/body-oil/glowmotions-rio-sunset-glow-body-oil-MUK200054323.html?dwvar_MUK200054323_size=UK200054323&pid=MUK200054323&quantity=1,https://www.spacenk.com/dw/image/v2/ABCE_PRD/on/demandware.static/-/Sites-spacenkmastercatalog/default/dw4f7ebb24/products/SOL_DE_JAN/UK200054323_SOL_DE_JAN.jpg?sw=582&sh=582,"Isododecane, hydrogenated polydecene (c6-14 olefin), tapioca starch, ethylene/propylene/styrene copolymer, parfum (fragrance), cocos nucifera (coconut) oil, mica, helianthus annuus (sunflower) seed oil, gossypium herbaceum (cotton) seed oil, euterpe oleracea (açaí) fruit oil, theobroma grandiflorum (cupuaçu) seed butter, aloe barbadensis leaf extract, phenoxyethanol, butylene/ethylene/styrene copolymer, tocopheryl acetate, ethylhexylglycerin, ethylene brassylate, pentaerythrityl tetra-di-t-butyl hydroxyhydrocinnamate, tocopherol, triethoxycaprylylsilane, iron oxides (ci 77491), titanium dioxide (ci 77891), benzyl alcohol, benzyl salicylate, coumarin, hydroxycitronellal, limonene.",'5.0,'8
Bath & Body,Hand & Feet,'MUK200040396,'UK200040396,Rare beauty,Find Comfort Hydrating Hand Cream 53 ,https://www.spacenk.com/uk/bath-body/body-moisturiser-oils/hand-feet/find-comfort-hydrating-hand-cream-MUK200040396.html?dwvar_MUK200040396_size=UK200040396&pid=MUK200040396&quantity=1,https://www.spacenk.com/dw/image/v2/ABCE_PRD/on/demandware.static/-/Sites-spacenkmastercatalog/default/dwdf7d0ab4/products/RARE/UK200040396_RARE.jpg?sw=582&sh=582,"""key ingredients: niacinamide – a form of vitamin b3; helps support skin’s moisture barrier sodium hyaluronate – a natural humectant that helps retain moisture for skin that feels soft and looks more youthful peach flower extract – a blend of antioxidants that help soothe and revitalize the skin, leaving a soft, supple feel ashwagandha – a natural “anti-stress” ingredient known to moisturize, protect, and soothe skin water (aqua/eau), glycerin, cetearyl alcohol, macadamia integrifolia seed oil, butyrospermum parkii (shea) butter, niacinamide, pentaerythrityl tetraethylhexanoate, silica, polyglyceryl-3 methylglucose distearate, 1,2-hexanediol, pentylene glycol, hydroxyethyl acrylate/sodium acryloyldimethyl taurate copolymer, cetearyl glucoside, fragrance (parfum), butylene glycol, glucose, caprylyl glycol, chlorella vulgaris extract, fructooligosaccharides, fructose, withania somnifera root extract, ethylhexylglycerin, tocopherol, sodium hyaluronate, prunus persica (peach) flower extract, sodium benzoate, citric acid, limonene, coumarin, linalool""",'4.5,'442
Bath & Body,Body Creme & Butter,'MUK200055850,'UK200055850,Ouai,Body Crème Melrose Place 212 ,https://www.spacenk.com/uk/bath-body/body-moisturiser-oils/body-creme-butter/body-creme-melrose-place-MUK200055850.html?dwvar_MUK200055850_size=UK200055850&pid=MUK200055850&quantity=1,https://www.spacenk.com/dw/image/v2/ABCE_PRD/on/demandware.static/-/Sites-spacenkmastercatalog/default/dwbb81139e/products/OUAI/UK200055850_OUAI.jpg?sw=582&sh=582,"Aqua/water/eau, caprylic/capric triglyceride, phenyl trimethicone, cetyl alcohol, isododecane, methyl glucose sesquistearate, glycerin, hydroxyethyl acrylate/sodium acryloyldimethyl taurate copolymer, cocos nucifera (coconut) oil, sodium stearoyl glutamate, glyceryl stearate citrate, cetearyl alcohol, butyrospermum parkii (shea) butter, theobroma grandiflorum seed butter, lactobacillus ferment, squalane, xanthan gum, citric acid, polysorbate 60, ethylhexylglycerin, glyceryl caprylate, tocopherol, sodium phytate, sorbitan isostearate, benzophenone-4, sodium chloride, alcohol, phenoxyethanol, parfum (fragrance), citronellol, geraniol, benzyl salicylate, linalool, red 4 (ci 14700), yellow 6 (ci 15985).",'5.0,'1
Bath & Body,Body Oil,'MUK200055969,'UK200055969,Uni,Golden Microalgae Body Oil 100 ML,https://www.spacenk.com/uk/bath-body/body-moisturiser-oils/body-oil/golden-microalgae-body-oil-MUK200055969.html?dwvar_MUK200055969_size=UK200055969&pid=MUK200055969&quantity=1,https://www.spacenk.com/dw/image/v2/ABCE_PRD/on/demandware.static/-/Sites-spacenkmastercatalog/default/dw77cf76dd/products/UNI/UK200055969_UNI.jpg?sw=582&sh=582,"Helianthus annuus (sunflower) seed oil, caprylic/capric triglyceride, fragrance (parfum), citrullus lanatus (watermelon) seed oil, passiflora edulis seed oil, terminalia ferdinandiana seed oil, tocopherol, plankton extract, benzyl, benzoate, coumarin, linalool",'4.9,'67
Bath & Body,Body Treatments,'MUK200048767,'UK200048767,Nécessaire,The Hand Retinol 65 ML,https://www.spacenk.com/uk/bath-body/body-treatment/body-treatments/the-hand-retinol-MUK200048767.html?dwvar_MUK200048767_size=UK200048767&pid=MUK200048767&quantity=1,https://www.spacenk.com/dw/image/v2/ABCE_PRD/on/demandware.static/-/Sites-spacenkmastercatalog/default/dw1440719e/products/NECESSAIRE/UK200048767_NECESSAIRE.jpg?sw=582&sh=582,"""aqua/water/eau caprylic/capric triglyceride glycolic acid glycerin rosa damascena flower water cetearyl alcohol cellulose acetate butyrate cetearyl olivate sodium hydroxide hydroxyethyl acrylate/sodium acryloyldimethyl taurate copolymer sorbitan olivate retinol mandelic acid magnesium stearate propanediol arginine alanine valine isoleucine glycine serine threonine histidine proline phenylalanine aspartic acid niacinamide tocopherol sodium pca pca palmitoyl tripeptide-1 palmitoyl tripeptide-5 palmitoyl hexapeptide-12 nicotiana benthamiana hexapeptide-40 sh-polypeptide-76 sh-oligopeptide-1 sh-oligopeptide-2 sh-polypeptide-1 sh-polypeptide-9 sh-polypeptide-11 hippophae rhamnoides fruit oil bacillus/folic acid ferment filtrate extract tetrahexyldecyl ascorbate acetyl glutamine pentaerythrityl tetra-di-t-butyl hydroxyhydrocinnamate decyl glucoside tricaprylin c13-14 alkane c15-23 alkane lecithin citric acid panthenol caprylyl glycol butylene glycol potassium sorbate sodium lactate sodium hyaluronate silica silica silylate sodium carbonate sodium chloride sodium benzoate ethylhexylglycerin chlorphenesin phenoxyethanol""",'4.4,'19
Bath & Body,Body Oil,'MUK200056508,'UK200056508,Victoria beckham beauty,Golden Shimmer Body Oil 49 ,https://www.spacenk.com/uk/bath-body/body-moisturiser-oils/body-oil/golden-shimmer-body-oil-MUK200056508.html?dwvar_MUK200056508_size=UK200056508&pid=MUK200056508&quantity=1,https://www.spacenk.com/dw/image/v2/ABCE_PRD/on/demandware.static/-/Sites-spacenkmastercatalog/default/dw088d5d9f/products/VB_BEAUTY/UK200056508_VB_BEAUTY.jpg?sw=582&sh=582,"Ingredients / ingrédients : ethylhexyl palmitate, caprylic/capric triglyceride, isohexadecane, simmondsia chinensis (jojoba) seed oil, fragrance/parfum, olea europaea (olive) fruit oil, silica, synthetic fluorphlogopite, calcium sodium borosilicate, tocopheryl acetate, carthamus tinctorius (safflower) seed oil, tin oxide, caprylyl glycol, ethylhexylglycerin, alpha-isomethyl ionone, citral, coumarin, limonene, linalool, titanium dioxide (ci 77891), iron oxides (ci 77491).",'4.3,'3
Bath & Body,Hand & Feet,'MUK200048768,'UK200048768,Nécessaire,The Hand Cream 65 ML,https://www.spacenk.com/uk/bath-body/body-moisturiser-oils/hand-feet/the-hand-cream-MUK200048768.html?dwvar_MUK200048768_size=UK200048768&pid=MUK200048768&quantity=1,https://www.spacenk.com/dw/image/v2/ABCE_PRD/on/demandware.static/-/Sites-spacenkmastercatalog/default/dwda8551f0/products/NECESSAIRE/UK200048768_NECESSAIRE.jpg?sw=582&sh=582,"""aqua/water/eau dicaprylyl carbonate glycerin caprylic/capric triglyceride cetearyl alcohol squalane glyceryl stearate cetearyl olivate butyrospermum parkii (shea) butter sorbitan olivate glyceryl caprylate niacinamide tocopherol sclerocarya birrea (marula) seed oil sclerocarya birrea seed butter cetyl hydroxyethylcellulose caprylhydroxamic acid palmitoyl dipeptide-5 diaminobutyroyl hydroxythreonine palmitoyl dipeptide-5 diaminohydroxybutyrate palmitoyl tripeptide-1 palmitoyl tetrapeptide-7 palmitoyl hexapeptide-12 hydrogenated lecithin hydrated silica silica dimethyl silylate ceramide ag ceramide ap ceramide ng ceramide np ceramide eop tetrasodium glutamate diacetate cholesterol dipropylene glycol disodium phosphate sodium phosphate sodium hydroxide""",'4.2,'23
Bath & Body,Body Lotion,'MUK200051441,'UK200051441,Byoma,Brightening Body Lotion 400 ML,https://www.spacenk.com/uk/bath-body/body-moisturiser-oils/body-lotion/brightening-body-lotion-MUK200051441.html?dwvar_MUK200051441_size=UK200051441&pid=MUK200051441&quantity=1,https://www.spacenk.com/dw/image/v2/ABCE_PRD/on/demandware.static/-/Sites-spacenkmastercatalog/default/dw53034514/products/BYOMA/UK200051441_BYOMA.jpg?sw=582&sh=582,"""aqua (water) isopropyl myristate glycerin urea glyceryl stearate se cetearyl alcohol niacinamide carbomer ceramide np cholesterol phenoxyethanol phytosphingosine caprylyl glycol sodium hydroxide benzyl alcohol ethylhexylglycerin sodium lactate parfum (fragrance) dehydroacetic acid geraniol oleic acid stearic acid limonene linalool hydrogenated lecithin alpha-isomethyl ionone coumarin caprylic/capric triglyceride lactic acid caprylhydroxamic acid""""""",'4.5,'19
Bath & Body,Hand & Feet,'MUK200030180,'UK200030180,Nursem,Caring Hand Cream Unfragranced 75 ML,https://www.spacenk.com/uk/bath-body/body-moisturiser-oils/hand-feet/caring-hand-cream-unfragranced-MUK200030180.html?dwvar_MUK200030180_size=UK200030180&pid=MUK200030180&quantity=1,https://www.spacenk.com/dw/image/v2/ABCE_PRD/on/demandware.static/-/Sites-spacenkmastercatalog/default/dwb3a10e13/products/NURSEM/UK200030180_NURSEM.jpg?sw=582&sh=582,"Aqua (water), glycerin, glyceryl stearate citrate, cetearyl alcohol, panthenol, allantoin, glyceryl stearate, sucrose stearate, ethylhexyl palmitate, glycine soja (soybean) oil, mel (honey), vitis vinifera (grape) seed oil, benzyl alcohol, caprylic/capric triglyceride, passiflora edulis seed oil, punica granatum (pomegranate) seed oil, sodium hydroxide, xanthan gum, salix alba (willow) bark extract, salicylic acid, tocopheryl acetate, sorbic acid",'4.7,'50
Bath & Body,Body Lotion,'MUK200040393,'UK200040393,Rare beauty,Find Comfort Hydrating Body Lotion 25,https://www.spacenk.com/uk/bath-body/body-moisturiser-oils/body-lotion/find-comfort-hydrating-body-lotion-MUK200040393.html?dwvar_MUK200040393_size=UK200040393&pid=MUK200040393&quantity=1,https://www.spacenk.com/dw/image/v2/ABCE_PRD/on/demandware.static/-/Sites-spacenkmastercatalog/default/dwd938fdf9/products/RARE/UK200040393_RARE.jpg?sw=582&sh=582,"""key ingredients: niacinamide – a form of vitamin b3; helps support skin’s moisture barrier sodium hyaluronate – a natural humectant that helps retain moisture for skin that feels soft and looks more youthful peach flower extract – a blend of antioxidants that help soothe and revitalize the skin, leaving a soft, supple feel ashwagandha – a natural “anti-stress” ingredient known to moisturize, protect, and soothe skin water/aqua/eau, glycerin, butylene glycol, caprylic/capric triglyceride, butyrospermum parkii (shea) butter, hydrogenated polydecene, niacinamide, 1,2-hexanediol, fragrance/parfum, macadamia integrifolia seed oil, behenyl alcohol, prunus persica (peach) flower extract, sodium benzoate, acrylates/c10-30 alkyl acrylate crosspolymer, polyglyceryl-3 methylglucose distearate, cetyl alcohol, hydroxyethyl acrylate/sodium acryloyldimethyl taurate copolymer, polymethylsilsesquioxane, vinyl dimethicone, glyceryl stearate, caprylyl glycol, chlorella vulgaris extract, glucose, fructooligosaccharides, fructose, xanthan gum, citric acid, tromethamine, ethylhexylglycerin, sodium citrate, sodium phytate, beta-glucan, sodium hyaluronate, withania somnifera root extract, hydroxypropyltrimonium hyaluronate, tocopherol, hydrolyzed hyaluronic acid, sodium acetylated hyaluronate, hyaluronic acid, hydrolyzed sodium hyaluronate, sodium hyaluronate crosspolymer, potassium hyaluronate, limonene, coumarin, linalool, citral. """,'4.4,'419
Bath & Body,Body Oil,'MUK200037035,'UK200037035,Mirror water,Smooth Body Oil 100 ML,https://www.spacenk.com/uk/bath-body/body-moisturiser-oils/body-oil/smooth-body-oil-MUK200037035.html?dwvar_MUK200037035_size=UK200037035&pid=MUK200037035&quantity=1,https://www.spacenk.com/dw/image/v2/ABCE_PRD/on/demandware.static/-/Sites-spacenkmastercatalog/default/dw383c1537/products/MIRROR_W/UK200037035_MIRROR_W.jpg?sw=582&sh=582,"Vitis vinifera seed oil, ricinus communis seed oil, camellia oleifera seed oil, sclerocarya birrea seed oil, tocopherol, vetiveria zizanoides root oil, cedrus atlantica bark oil, citrus aurantium bergamia fruit oil, helianthus annuus seed oil, limonene, picea mariana leaf oil, linalool, citral.",'4.6,'73
Bath & Body,Body Oil,'MUK200037035,'UK200048457,Mirror water,Smooth Body Oil 50 ML,https://www.spacenk.com/uk/bath-body/body-moisturiser-oils/body-oil/smooth-body-oil-MUK200037035.html?dwvar_MUK200037035_size=UK200048457&pid=MUK200037035&quantity=1,https://www.spacenk.com/dw/image/v2/ABCE_PRD/on/demandware.static/-/Sites-spacenkmastercatalog/default/dw91c998ac/products/MIRROR_W/UK200048457_MIRROR_W.jpg?sw=582&sh=582,"Vitis vinifera seed oil, ricinus communis seed oil, camellia oleifera seed oil, sclerocarya birrea seed oil, tocopherol, vetiveria zizanoides root oil, cedrus atlantica bark oil, citrus aurantium bergamia fruit oil, helianthus annuus seed oil, limonene, picea mariana leaf oil, linalool, citral.",'4.6,'73
Bath & Body,Body Lotion,'MUK200055966,'UK200055966,Uni,24-hour Body Serum Refill 375 ML,https://www.spacenk.com/uk/bath-body/body-moisturiser-oils/body-lotion/24-hour-body-serum-refill-MUK200055966.html?dwvar_MUK200055966_size=UK200055966&pid=MUK200055966&quantity=1,https://www.spacenk.com/dw/image/v2/ABCE_PRD/on/demandware.static/-/Sites-spacenkmastercatalog/default/dwb1713245/products/UNI/UK200055966_UNI.jpg?sw=582&sh=582,"Water (aqua) c12-15 alkyl benzoate glycerin (organic) aloe barbadensis leaf juice (aloe vera) coco-caprylate/caprate (coconut extract) hydroxyethyl acrylate/sodium acryloyldimethyl taurate copolymer 1,2-hexanediol c13-14 alkane c15-23 alkane caprylyl glycol citric acid citrus aurantifolia (lime) fruit extract decyl glucoside tasmanian sea kelp bladderwrack seaweed (fucus vesiculosus extract) red macroalga (kappaphycus alvarezii extract) leuconostoc/radish root ferment filtrate (radish root) melia azadirachta flower extract melia azadirachta leaf extract olea europaea (olive) fruit oil (olive oil) sodium benzoate potassium sorbate panthenol sodium sulfite sea water sodium polyacrylate starch australian kakadu plum tropolone 2,6-dimethyl-7-octen-2-ol cedrus atlantica oil cistus ladaniferus resin dodecahydro-tetramethylnaphthofuran ethyl hydroxypyrone fusanus spicatus (sandalwood) oil gamma-decalactone gamma octalactone gamma valerolactone juniperus virginiana oil myrtus communis oil octanal phenethyl alcohol pogostemon cablin (patchouli) oil thuja plicata (western red cedar) wood oil triethyl citrate",'4.5,'765
Bath & Body,Body Creme & Butter,'MUK200030250,'UK200030250,Dermalogica,Body Hydrating Cream 295 ML,https://www.spacenk.com/uk/bath-body/body-moisturiser-oils/body-creme-butter/body-hydrating-cream-MUK200030250.html?dwvar_MUK200030250_size=UK200030250&pid=MUK200030250&quantity=1,https://www.spacenk.com/dw/image/v2/ABCE_PRD/on/demandware.static/-/Sites-spacenkmastercatalog/default/dw4c056ea5/products/DERMALOGIC/UK200030250_DERMALOGIC.jpg?sw=582&sh=582,"Water/aqua/eau, cetearyl ethylhexanoate, cetyl caprylate, butylene glycol, cetyl alcohol, diheptyl succinate, glyceryl stearate se, peg-100 stearate, potato starch modified, polysorbate 85, dimethicone, saccharum officinarum (sugarcane) extract, pyrus malus (apple) fruit extract, caprylic/capric, triglyceride, lavandula angustifolia (lavender) oil, lactic acid, capryloyl glycerin/sebacic acid copolymer, cymbopogon schoenanthus oil, camellia sinensis leaf extract, citrus aurantium dulcis (orange) peel oil, citrus aurantium dulcis (orange) fruit extract, citrus limon (lemon) peel extract, citrus limon (lemon) peel oil, juniperus mexicana oil, litsea cubeba fruit oil, pogostemon cablin oil, cananga odorata flower oil, cymbopogon citratus leaf oil, eucalyptus globulus leaf oil, melaleuca alternifolia (tea tree) leaf oil, rosmarinus officinalis (rosemary) leaf oil, salvia sclarea (clary) oil, santalum album (sandalwood) oil, lavandula angustifolia (lavender) flower/leaf/stem extract, tocopherol, glycerin, xanthan gum, anthemis nobilis flower extract, symphytum officinale root extract, tetrasodium glutamate diacetate, sodium hydroxide, ethylhexylglycerin, geraniol, citral, linalool, limonene, phenoxyethanol. .",'5.0,'9
Bath & Body,Hand & Feet,'MUK300055875,'UK300055875,Aesop,Reverence Aromatique Hand Balm 500 ML,https://www.spacenk.com/uk/bath-body/body-moisturiser-oils/hand-feet/reverence-aromatique-hand-balm-MUK300055875.html?dwvar_MUK300055875_size=UK300055875&pid=MUK300055875&quantity=1,https://www.spacenk.com/dw/image/v2/ABCE_PRD/on/demandware.static/-/Sites-spacenkmastercatalog/default/dw1fa9b454/products/AESOP/UK300055875_AESOP.jpg?sw=582&sh=582,"Water (aqua), glycerin, prunus amygdalus dulcis (sweet almond) oil, stearic acid, cetearyl alcohol, ceteareth-20, cocos nucifera (coconut) oil, macadamia ternifolia seed oil, citrus aurantium bergamia (bergamot) fruit oil, glyceryl stearate, peg-100 stearate, phenoxyethanol, tocopherol, butyrospermum parkii (shea butter), theobroma cacao (cocoa) seed butter, potassium lactate, citrus aurantium amara (bitter orange) oil, vetiveria, zizanoides root oil, triticum vulgare (wheat) germ oil, glycine soja (soybean) oil, lactic acid, citrus grandis (grapefruit) peel oil, fusanus spicatus wood oil, disodium edta, benzoic acid, dehydroacetic acid, ethylhexylglycerin, aloe barbadensis leaf juice*, daucus carota sativa (carrot) root extract, beta-carotene, d-limonene *, linalool *, farnesol *, citral *. contains nut oils. this ingredient list is subject to change; clients should refer to the product packaging for the most up-to-date ingredient list.",'4.7,'30
Bath & Body,Body Creme & Butter,'MUK200033853,'UK200033853,Caudalie,Vinosculpt Lift & Firm Body Cream 25,https://www.spacenk.com/uk/bath-body/body-moisturiser-oils/body-creme-butter/vinosculpt-lift-firm-body-cream-MUK200033853.html?dwvar_MUK200033853_size=UK200033853&pid=MUK200033853&quantity=1,https://www.spacenk.com/dw/image/v2/ABCE_PRD/on/demandware.static/-/Sites-spacenkmastercatalog/default/dw51c59191/products/CAUDALIE/UK200033853_CAUDALIE.jpg?sw=582&sh=582,"Aqua/water/eau, glycerin, coco-caprylate/caprate, vitis vinifera (grape) seed oil, butyrospermum parkii (shea) butter extract, butylene glycol, hexyldecyl stearate, isocetyl stearate, octyldodecyl myristate, arachidyl alcohol, glyceryl stearate, tocopherol, helianthus annuus (sunflower) seed oil, iris florentina root extract, palmitoyl grape seed extract, sodium pca, behenyl alcohol, palmitic acid, stearic acid, arachidyl glucoside, pentaerythrityl distearate, polyacrylate crosspolymer-6, caprylyl glycol, ethylhexylglycerin, potassium sorbate, xanthan gum, citric acid, sodium phytate, parfum (fragrance), citral, geraniol, limonene, linalool (218/024)",'4.3,'105
Bath & Body,Bath & Body Sets,'MUK200038340,'UK200038340,Space nk,Caribbean Shores Hand Duo 700 ML,https://www.spacenk.com/uk/bath-body/bath-body-sets/bath-body-sets/caribbean-shores-hand-duo-MUK200038340.html?dwvar_MUK200038340_size=UK200038340&pid=MUK200038340&quantity=1,https://www.spacenk.com/dw/image/v2/ABCE_PRD/on/demandware.static/-/Sites-spacenkmastercatalog/default/dw60711381/products/NK/UK200038340_NK.jpg?sw=582&sh=582,"Hand wash/nettoyant pour les mains ingredients: aqua (water/eau), disodium cocoamphodiacetate, glycerin, sodium cocoyl isethionate, polysorbate 20, acrylates copolymer, parfum (fragrance), phenoxyethanol, hydrated silica, citric acid, prunus armeniaca (apricot) seed powder, ethylhexylglycerin, disodium edta, aloe barbadensis leaf juice, hydrolyzed jojoba esters, maltose, fructose, agave tequilana leaf extract, withania somnifera root extract, tocopherol, potassium sorbate. allergens: benzyl salicylate. limonene. linalool. benzyl alcohol. hand lotion/lotion pour les mains ingredients: aqua (water/eau), glycerin, vitis vinifera (grape) seed oil, caprylic/capric glycerides, cetearyl alcohol, butyrospermum parkii (shea) butter, arachidyl alcohol, cetyl alcohol, parfum (fragrance), phenoxyethanol, behenyl alcohol, arachidyl glucoside, sodium hydroxide, carbomer, propanediol, xanthan gum, simmondsia chinensis (jojoba) seed oil, ethylhexylglycerin, aloe barbadensis leaf juice, glucose, maltose, fructose, passiflora edulis fruit extract, agave tequilana leaf extract, withania somnifera root extract, citric acid, potassium sorbate. allergens: benzyl salicylate. citral. eugenol. geraniol. hexyl cinnamal. limonene. linalool. benzyl alcohol.",'4.8,'13
Bath & Body,Body Treatments,'MUK200050012,'UK200050012,Caudalie,Moisturising Fig Body Oil Elixir 50 ML,https://www.spacenk.com/uk/bath-body/body-treatment/body-treatments/moisturising-fig-body-oil-elixir-MUK200050012.html?dwvar_MUK200050012_size=UK200050012&pid=MUK200050012&quantity=1,https://www.spacenk.com/dw/image/v2/ABCE_PRD/on/demandware.static/-/Sites-spacenkmastercatalog/default/dw225b01aa/products/CAUDALIE/UK200050012_CAUDALIE.jpg?sw=582&sh=582,"Ivitis vinifera (grape) seed oil, sesamum indicum (sesame) seed oil, caprylic/capric triglyceride, coco-caprylate/caprate, ethylhexyl palmitate, parfum (fragrance), butyrospermum parkii (shea) butter, helianthus annuus (sunflower) seed oil, argania spinosa kernel oil, opuntia ficus-indica seed oil, prunus amygdalus dulcis (sweet almond) oil, coumarin, solanum lycopersicum (tomato) fruit extract, rosmarinus officinalis (rosemary) leaf extract, tocopherol, linalool, limonene. (370/001)",'4.6,'30
Bath & Body,Body Treatments,'MUK200050012,'UK200050013,Caudalie,Moisturising Fig Body Oil Elixir 100 ML,https://www.spacenk.com/uk/bath-body/body-treatment/body-treatments/moisturising-fig-body-oil-elixir-MUK200050012.html?dwvar_MUK200050012_size=UK200050013&pid=MUK200050012&quantity=1,https://www.spacenk.com/dw/image/v2/ABCE_PRD/on/demandware.static/-/Sites-spacenkmastercatalog/default/dw5a3e92e6/products/CAUDALIE/UK200050013_CAUDALIE.jpg?sw=582&sh=582,"Ivitis vinifera (grape) seed oil, sesamum indicum (sesame) seed oil, caprylic/capric triglyceride, coco-caprylate/caprate, ethylhexyl palmitate, parfum (fragrance), butyrospermum parkii (shea) butter, helianthus annuus (sunflower) seed oil, argania spinosa kernel oil, opuntia ficus-indica seed oil, prunus amygdalus dulcis (sweet almond) oil, coumarin, solanum lycopersicum (tomato) fruit extract, rosmarinus officinalis (rosemary) leaf extract, tocopherol, linalool, limonene. (370/001)",'4.6,'30
Bath & Body,Body Lotion,'MUK200054264,'UK200054264,Nécessaire,The Body Lotion Santal 450 ML,https://www.spacenk.com/uk/bath-body/body-moisturiser-oils/body-lotion/the-body-lotion-santal-MUK200054264.html?dwvar_MUK200054264_size=UK200054264&pid=MUK200054264&quantity=1,https://www.spacenk.com/dw/image/v2/ABCE_PRD/on/demandware.static/-/Sites-spacenkmastercatalog/default/dw42c9bbe3/products/NECESSAIRE/UK200054264_NECESSAIRE.jpg?sw=582&sh=582,"Aqua/water/eau, helianthus annuus (sunflower) seed oil, glycerin, caprylic/capric triglyceride, niacinamide, shea butter glycerides, cetearyl olivate, cetearyl alcohol, glyceryl stearate, sorbitan olivate, fragrance (parfum), hexapeptide-9, palmitoyl dipeptide-5 diaminobutyroyl hydroxythreonine, palmitoyl dipeptide-5 diaminonhydroxybutyrate, palmitoyl tetrapeptide-7, palmitoyl tripeptide-1, santalum album (sandalwood) oil, magnesium sulfate, magnesium pca, zinc pca, silica, tocopherol, linoleic acid, linolenic acid, propanediol, xanthan gum, polyacrylate crosspolymer-6, caprylhydroxamic acid, caprylyl glycol, oleic acid, palmitic acid, stearic acid, beta-caryophyllene, linalyl acetate, t-butyl alcohol, alpha-isomethyl ionone, santalol, sclareol, terpineol, tetramethyl acetyloctahydronaphthalenes, trimethylcyclopentenyl methylisopentenol, jasminum officinale oil, juniperus virginiana oil, hydroxycitronellal, pinene, vanillin, geraniol, linalool, limonene.",'4.9,'13
Bath & Body,Body Lotion,'MUK200006426,'UK200006426,Malin + goetz,Vitamin B5 Body Moisturizer 220 ML,https://www.spacenk.com/uk/bath-body/body-moisturiser-oils/body-lotion/vitamin-b5-body-moisturizer-MUK200006426.html?dwvar_MUK200006426_size=UK200006426&pid=MUK200006426&quantity=1,https://www.spacenk.com/dw/image/v2/ABCE_PRD/on/demandware.static/-/Sites-spacenkmastercatalog/default/dw431f9887/products/MALIN_GO/UK200006426_MALIN_GO.jpg?sw=582&sh=582,"After cleansing, apply a small amount of concentrated, quickly absorbent moisturiser onto body. reapply as often as necessary throughout the day. especially effective for hands and feet before bed.",'4.2,'253
Bath & Body,Body Lotion,'MUK200006426,'UK300026889,Malin + goetz,Vitamin B5 Body Moisturizer 473 ML,https://www.spacenk.com/uk/bath-body/body-moisturiser-oils/body-lotion/vitamin-b5-body-moisturizer-MUK200006426.html?dwvar_MUK200006426_size=UK300026889&pid=MUK200006426&quantity=1,https://www.spacenk.com/dw/image/v2/ABCE_PRD/on/demandware.static/-/Sites-spacenkmastercatalog/default/dw7bdeebec/products/MALIN_GO/UK300026889_MALIN_GO.jpg?sw=582&sh=582,"Water /aqua/eau, caprylic/capric triglyceride, glycerin, isopropyl palmitate, dimethicone, cetearyl alcohol, glyceryl stearate, peg-100 stearate, pentylene glycol, fragrance (parfum), persea gratissima (avocado) oil unsaponifiables, vitis vinifera (grape) seed oil, phenoxyethanol, magnesium aluminum silicate, castoryl maleate, panthenol, xanthan gum, sodium benzoate, ethylhexylglycerin, disodium edta, citric acid, tocopheryl acetate, bisabolol, sodium pca, sodium lactate, farnesol, arginine, aspartic acid, pca, glycine, alanine, calcium pantothenate, sodium hyaluronate, serine, valine, proline, threonine, isoleucine, histidine, phenylalanine, limonene, linalool, citral, geraniol.",'4.2,'253
Bath & Body,Body Lotion,'MUK200034209,'UK200034209,Byredo,Vetyver Hand Lotion 450 ML,https://www.spacenk.com/uk/bath-body/body-moisturiser-oils/body-lotion/vetyver-hand-lotion-MUK200034209.html?dwvar_MUK200034209_size=UK200034209&pid=MUK200034209&quantity=1,https://www.spacenk.com/dw/image/v2/ABCE_PRD/on/demandware.static/-/Sites-spacenkmastercatalog/default/dwf8a808e5/products/BYREDO/UK200034209_BYREDO.jpg?sw=582&sh=582,"Aqua (water), butylene glycol, butyrospermum parkii (shea) butter, dimethicone, parfum (fragrance), steareth-2, alcohol, phenyl trimethicone, steareth-21, glycerin, polymethyl methacrylate, phenoxyethanol, hydroxyethyl acrylate/sodium acryloyldimethyl taurate copolymer, caprylyl glycol, isohexadecane, tocopheryl acetate, acrylates/c10-30 alkyl acrylate crosspolymer, disodium edta, limonene, polysorbate 60, hydroxycitronellal, sodium hydroxide, alpha-isomethyl ionone, sorbitan isostearate, linalool, isoeugenol.",'4.7,'7
Bath & Body,Bath & Body Sets,'MUK200038337,'UK200038337,Space nk,Nordic Wilds Hand Duo 700 ML,https://www.spacenk.com/uk/bath-body/bath-body-sets/bath-body-sets/nordic-wilds-hand-duo-MUK200038337.html?dwvar_MUK200038337_size=UK200038337&pid=MUK200038337&quantity=1,https://www.spacenk.com/dw/image/v2/ABCE_PRD/on/demandware.static/-/Sites-spacenkmastercatalog/default/dw093867fd/products/NK/UK200038337_NK.jpg?sw=582&sh=582,"Hand wash/nettoyant pour les mains ingredients: aqua (water/eau), sodium c14-16 olefin sulfonate, cocamidopropyl betaine, acrylates copolymer, sodium cocoyl isethionate, lauryl glucoside, glycerin, phenoxyethanol, parfum (fragrance), sodium chloride, laureth-4, sodium benzoate, styrene/vp copolymer, disodium edta, tocopherol, cocos nucifera (coconut) oil, ethylhexylglycerin, betula alba juice, galactoarabinan, sodium dodoxynol-40 sulfate, centella asiatica extract, sorbic acid, chlorphenesin, rhodiola rosea root extract, potassium sorbate. allergens: geraniol. limonene. linalool. hand lotion/lotion pour les mains ingredients: aqua (water/eau), glycerin, vitis vinifera (grape) seed oil, caprylic/capric triglyceride, cetearyl alcohol, butyrospermum parkii (shea) butter, arachidyl alcohol, cetyl alcohol, phenoxyethanol, behenyl alcohol, parfum (fragrance), arachidyl glucoside, carbomer, xanthan gum, ethylhexylglycerin, betula alba juice, propanediol, galactoarabinan, sodium hydroxide, centella asiatica extract, glucose, rhodiola rosea root extract, albatrellus confluens extract, chlorphenesin, citric acid, potassium sorbate. allergens: citral. coumarin. eugenol. geraniol. hydroxycitronellal. limonene. linalool.",'4.8,'24
Bath & Body,Body Creme & Butter,'MUK200053173,'UK200053173,Rare beauty,Find Comfort Bouncy Body Cream - Awaken Confidence 25,https://www.spacenk.com/uk/bath-body/body-moisturiser-oils/body-creme-butter/find-comfort-bouncy-body-cream---awaken-confidence-MUK200053173.html?dwvar_MUK200053173_size=UK200053173&pid=MUK200053173&quantity=1,https://www.spacenk.com/dw/image/v2/ABCE_PRD/on/demandware.static/-/Sites-spacenkmastercatalog/default/dwe204697f/products/RARE/UK200053173_RARE.jpg?sw=582&sh=582,"Ingredients/ingrédients: water (aqua/eau), propanediol, glycerin, butyrospermum parkii (shea) butter, butylene glycol, dimethicone, fragrance (parfum), phenoxyethanol, sodium acrylates copolymer, peg-240/hdi copolymer bis-decyltetradeceth-20 ether, cetearyl alcohol, pyrus malus (apple) fruit extract, allantoin, c12-15 alkyl benzoate, carbomer, lecithin, polysorbate 60, sodium hydroxide, ethylhexylglycerin, astrocaryum murumuru seed butter, camellia japonica seed oil, simmondsia chinensis (jojoba) seed oil, tocopherol, sodium hyaluronate, niacinamide, potassium laurate, limonene, linalool, citral.",'4.8,'153
Bath & Body,Body Creme & Butter,'MUK200027404,'UK200027404,Neom,Perfect Night's Sleep Magnesium Body Butter 200 ML,https://www.spacenk.com/uk/bath-body/body-moisturiser-oils/body-creme-butter/perfect-nights-sleep-magnesium-body-butter-MUK200027404.html?dwvar_MUK200027404_size=UK200027404&pid=MUK200027404&quantity=1,https://www.spacenk.com/dw/image/v2/ABCE_PRD/on/demandware.static/-/Sites-spacenkmastercatalog/default/dwed428e64/products/NEOM/UK200027404_NEOM.jpg?sw=582&sh=582,"Aloe barbadenis leaf juice, aqua, magnesium chloride, glyceryl stearate se, pentylene glycol, cocos nucifera (coconut) oil, butyrospermum parkii (shea butter), cetearyl alcohol, parfum*, cetearyl olivate, caprylic/capric triglyceride, sorbitan olivate, linalool, olea europaea (olive) fruit oil, glycerin, vitis vinifera (grape) seed oil, xanthan gum, limonene, geraniol, benzyl benzoate, citral. *made with 100% natural essential oils including english lavender, sweet basil & jasmine. made with 59% organic ingredients",'4.3,'168
Bath & Body,Body Lotion,'MUK200054265,'UK200054265,Nécessaire,The Body Lotion Eucalyptus 450 ML,https://www.spacenk.com/uk/bath-body/body-moisturiser-oils/body-lotion/the-body-lotion-eucalyptus-MUK200054265.html?dwvar_MUK200054265_size=UK200054265&pid=MUK200054265&quantity=1,https://www.spacenk.com/dw/image/v2/ABCE_PRD/on/demandware.static/-/Sites-spacenkmastercatalog/default/dwa5dd7bfd/products/NECESSAIRE/UK200054265_NECESSAIRE.jpg?sw=582&sh=582,"Aqua/water/eau, helianthus annuus (sunflower) seed oil, glycerin, caprylic/capric triglyceride, niacinamide, shea butter glycerides, cetearyl olivate, cetearyl alcohol, glyceryl stearate, sorbitan olivate, fragrance (parfum), acetyl heptapeptide-4, palmitoyl dipeptide-5 diaminobutyroyl hydroxythreonine, palmitoyl dipeptide-5 diaminonhydroxybutyrate, palmitoyl tetrapeptide-7, palmitoyl tripeptide-1, eucalyptus globulus (eucalyptus) leaf oil, sclerocarya birrea seed oil, caryodendron orinocense seed oil, limnanthes alba (meadowfoam) seed oil, tocopherol, linoleic acid, linolenic acid, propanediol, xanthan gum, polyacrylate crosspolymer-6, caprylhydroxamic acid, caprylyl glycol, oleic acid, palmitic acid, stearic acid, lavandula angustifolia (lavender) oil, abies sibirica (siberian fir) oil, zingiber officinale (ginger) root oil, citrus aurantium dulcis (orange) peel oil, pogostemon cablin (patchouli) oil, limonene, linalool, citric acid.",'4.2,'12
Bath & Body,Hand & Feet,'MUK200030181,'UK200030181,Nursem,Caring Hand Cream Unfragranced 300 ML,https://www.spacenk.com/uk/bath-body/body-moisturiser-oils/hand-feet/caring-hand-cream-unfragranced-MUK200030181.html?dwvar_MUK200030181_size=UK200030181&pid=MUK200030181&quantity=1,https://www.spacenk.com/dw/image/v2/ABCE_PRD/on/demandware.static/-/Sites-spacenkmastercatalog/default/dw651abdce/products/NURSEM/UK200030181_NURSEM.jpg?sw=582&sh=582,"Aqua (water), glycerin, glyceryl stearate citrate, cetearyl alcohol, panthenol, allantoin, glyceryl stearate, sucrose stearate, ethylhexyl palmitate, glycine soja (soybean) oil, mel (honey), vitis vinifera (grape) seed oil, benzyl alcohol, caprylic/capric triglyceride, passiflora edulis seed oil, punica granatum (pomegranate) seed oil, sodium hydroxide, xanthan gum, salix alba (willow) bark extract, salicylic acid, tocopheryl acetate, sorbic acid",'4.6,'18
Bath & Body,Body Lotion,'MUK200038630,'UK200038630,Laura mercier,Néroli Du Sud Serum Body Cream 20,https://www.spacenk.com/uk/bath-body/body-moisturiser-oils/body-lotion/neroli-du-sud-serum-body-cream-MUK200038630.html?dwvar_MUK200038630_size=UK200038630&pid=MUK200038630&quantity=1,https://www.spacenk.com/dw/image/v2/ABCE_PRD/on/demandware.static/-/Sites-spacenkmastercatalog/default/dw5986f25b/products/LAURA_MERC/UK200038630_LAURA_MERC.jpg?sw=582&sh=582,"Aqua/water/eau, caprylic/capric triglyceride, glycerin, coco-caprylate, propanediol, fragrance (parfum), hydroxyethyl acrylate/sodium acryloyldimethyl taurate copolymer, capryloyl glycerin/sebacic acid copolymer, squalane, diheptyl succinate, glyceryl stearate, peg-100 stearate, butyrospermum parkii (shea) butter, cetearyl alcohol, borago officinalis seed oil, prunus domestica seed oil, porphyridium cruentum extract, olea europaea (olive) leaf extract, tetrasodium glutamate diacetate, citric acid, hydroxyacetophenone, tocopherol, polysorbate 60, tapioca starch, maris aqua/sea water/eau de mer, 1,2-hexanediol, caprylyl glycol, hydroxycitronellal, benzyl salicylate, limonene, potassium sorbate, sodium benzoate, benzyl alcohol.",'4.7,'11
Bath & Body,Body Creme & Butter,'MUK200038317,'UK200038317,Space nk,Parisian Gardens Body Crème 200 ML,https://www.spacenk.com/uk/bath-body/body-moisturiser-oils/body-creme-butter/parisian-gardens-body-creme-MUK200038317.html?dwvar_MUK200038317_size=UK200038317&pid=MUK200038317&quantity=1,https://www.spacenk.com/dw/image/v2/ABCE_PRD/on/demandware.static/-/Sites-spacenkmastercatalog/default/dwde6dbd12/products/NK/UK200038317_NK.jpg?sw=582&sh=582,"Aqua (water/eau), butyrospermum parkii (shea) butter, cetyl alcohol, prunus amygdalus dulcis (sweet almond) oil, caprylic/capric triglyceride, glycerin, cetearyl alcohol, arachidyl alcohol, phenoxyethanol, behenyl alcohol, arachidyl glucoside, carbomer, parfum (fragrance), xanthan gum, ethylhexylglycerin, sodium hydroxide, disodium edta, moringa oleifera seed oil, avena sativa (oat) kernel oil, glucose, sambucus nigra flower extract, chamomilla recutita (matricaria) flower extract, citric acid, sodium benzoate, potassium sorbate allergens: citronellol. geraniol. hexyl cinnamal. hydroxycitronellal. limonene. linalool. alpha-isomethyl ionone",'4.5,'54
Bath & Body,Body Creme & Butter,'MUK200038317,'UK200048723,Space nk,Parisian Gardens Body Crème 100 ML,https://www.spacenk.com/uk/bath-body/body-moisturiser-oils/body-creme-butter/parisian-gardens-body-creme-MUK200038317.html?dwvar_MUK200038317_size=UK200048723&pid=MUK200038317&quantity=1,https://www.spacenk.com/dw/image/v2/ABCE_PRD/on/demandware.static/-/Sites-spacenkmastercatalog/default/dwdd04a249/products/NK/UK200048723_NK.jpg?sw=582&sh=582,"Aqua (water/eau), butyrospermum parkii (shea) butter, cetyl alcohol, prunus amygdalus dulcis (sweet almond) oil, caprylic/capric triglyceride, glycerin, cetearyl alcohol, arachidyl alcohol, phenoxyethanol, behenyl alcohol, arachidyl glucoside, carbomer, parfum (fragrance), xanthan gum, ethylhexylglycerin, sodium hydroxide, disodium edta, moringa oleifera seed oil, avena sativa (oat) kernel oil, glucose, sambucus nigra flower extract, chamomilla recutita (matricaria) flower extract, citric acid, sodium benzoate, potassium sorbate allergens: citronellol. geraniol. hexyl cinnamal. hydroxycitronellal. limonene. linalool. alpha-isomethyl ionone",'4.5,'54
Bath & Body,Body Lotion,'MUK200033706,'UK200033706,Caudalie,Vinotherapist Body Lotion 20,https://www.spacenk.com/uk/bath-body/body-moisturiser-oils/body-lotion/vinotherapist-body-lotion-MUK200033706.html?dwvar_MUK200033706_size=UK200033706&pid=MUK200033706&quantity=1,https://www.spacenk.com/dw/image/v2/ABCE_PRD/on/demandware.static/-/Sites-spacenkmastercatalog/default/dw5f8b5914/products/CAUDALIE/UK200033706_CAUDALIE.jpg?sw=582&sh=582,"Aqua/water/eau, coco caprylate/caprate, glycerin, vitis vinifera (grape) fruit water, butyrospermum parkii (shea) butter extract, candelilla/jojoba/rice bran polyglyceryl-3 esters, glyceryl stearate, palmitoyl grape seed extract, cetearyl alcohol, sodium stearoyl lactylate, saccharide isomerate, caprylyl glycol, xanthan gum, potassium sorbate, acrylates/c10-30 alkyl acrylate crosspolymer, limonene, linalool, vitis vinifera (grape) juice, tocopherol, helianthus annuus (sunflower) seed oil, citric acid, sodium phytate, geraniol, sodium hyaluronate, sodium hydroxide, sodium benzoate, sodium citrate, parfum (fragrance), citral.(227/071)",'4.6,'34
Bath & Body,Hand & Feet,'MUK200056519,'UK200056519,Victoria beckham beauty,Portofino '97 Hand Cream 24 ,https://www.spacenk.com/uk/bath-body/body-moisturiser-oils/hand-feet/portofino-97-hand-cream-MUK200056519.html?dwvar_MUK200056519_size=UK200056519&pid=MUK200056519&quantity=1,https://www.spacenk.com/dw/image/v2/ABCE_PRD/on/demandware.static/-/Sites-spacenkmastercatalog/default/dwc1ef7a61/products/VB_BEAUTY/UK200056519_VB_BEAUTY.jpg?sw=582&sh=582,,'4.5,'2
Bath & Body,Body Creme & Butter,'MUK200029450,'UK200029450,Aesop,Rind Concentrate Body Balm 100 ML,https://www.spacenk.com/uk/bath-body/body-moisturiser-oils/body-creme-butter/rind-concentrate-body-balm-MUK200029450.html?dwvar_MUK200029450_size=UK200029450&pid=MUK200029450&quantity=1,https://www.spacenk.com/dw/image/v2/ABCE_PRD/on/demandware.static/-/Sites-spacenkmastercatalog/default/dwe6511033/products/AESOP/UK200029450_AESOP.jpg?sw=582&sh=582,"Water (aqua), d-limonene, glycerin, prunus amygdalus dulcis (sweet almond) oil, stearic acid, citrus aurantium dulcis (orange) oil, cetearyl alcohol, ceteareth-20, cocos nucifera (coconut) oil, macadamia ternifolia seed oil, citrus grandis (grapefruit) peel oil, glyceryl stearate, citrus medica limonum (lemon) peel oil, aloe barbadensis leaf juice, phenoxyethanol, butyrospermum parkii (shea butter), theobroma cacao (cocoa) seed butter, tocopherol, glycine soja (soybean) oil, triticum vulgare (wheat) germ oil, disodium edta, benzoic acid, dehydroacetic acid, ethylhexylglycerin, sodium citrate, daucus carota sativa (carrot) root extract, beta-carotene, citral, linalool. contains nut derivatives.",'4.7,'40
Bath & Body,Hand & Feet,'MUK200037836,'UK200037836,Sol de janeiro,Samba 2-Step Foot Fetish Care 9,https://www.spacenk.com/uk/bath-body/body-moisturiser-oils/hand-feet/samba-2-step-foot-fetish-care-MUK200037836.html?dwvar_MUK200037836_size=UK200037836&pid=MUK200037836&quantity=1,https://www.spacenk.com/dw/image/v2/ABCE_PRD/on/demandware.static/-/Sites-spacenkmastercatalog/default/dwf6f130ff/products/SOL_DE_JAN/UK200037836_SOL_DE_JAN.jpg?sw=582&sh=582,"Aqua (water, eau), glycerin, tapioca starch, sorbitan tristearate, parfum (fragrance), dodecane, cetyl alcohol, sodium hyaluronate, euterpe oleracea (açaí) fruit oil, theobroma grandiflorum (cupuaçu) seed butter, cocos nucifera (coconut) oil, butyrospermum parkii (shea) butter, bertholletia excelsa (brazil nut) seed oil, moringa oleifera seed oil, ilex paraguariensis (yerba mate) leaf extract, ocimum basilicum (basil) flower/leaf extract, melia azadirachta leaf extract, melia azadirachta flower extract, lawsonia inermis (henna) extract, curcuma longa (turmeric) root extract, tocopherol, tocopheryl acetate, glyceryl stearate citrate, cetearyl alcohol, sodium stearoyl glutamate, dimethicone, acrylates/c10-30 alkyl acrylate crosspolymer, glyceryl caprylate, phenoxyethanol, mica, benzyl alcohol, benzyl benzoate, benzyl salicylate, citral, coumarin, eugenol, butylphenyl methylpropional, limonene, linalool",'3.7,'34
Bath & Body,Bath & Body Sets,'MUK200055981,'UK200055981,Aromatherapy associates,Heritage Collection ,https://www.spacenk.com/uk/bath-body/bath-body-sets/bath-body-sets/heritage-collection-MUK200055981.html?dwvar_MUK200055981_size=UK200055981&pid=MUK200055981&quantity=1,https://www.spacenk.com/dw/image/v2/ABCE_PRD/on/demandware.static/-/Sites-spacenkmastercatalog/default/dw9d4f9ae7/products/AROMASSOC/UK200055981_AROMASSOC.jpg?sw=582&sh=582,"Relax sleep mist 50ml e 1.69 fl. oz. ingredients: aqua (water), glycerin, peg-40 hydrogenated castor oil, trideceth-9, parfum (fragrance)**, pogostemon cablin oil*, linalool*, propylene glycol, linalyl acetate*, sodium benzoate, citric acid, potassium sorbate, santalol*, cananaga odorata oil/extract*, beta-caryophyllene*, farnesol*, pinene*, geranyl acetate*, limonene*, geraniol*, benzyl benzoate*, myrixylon pereirae oil/extract*, benzyl salicylate*, jasmine oil/extract*, isoeugenol*, eugenol*, benzyl cinnamate*. de-stress mind bath & shower oil 55ml e 1.85 fl. oz. ingredients: caprylic/capric triglyceride, linalool*, parfum (fragrance)**, limonene*, geraniol*, citral*, benzyl salicylate*. revive body oil 100ml e 3.38 fl. oz. ingredients: caprylic/capric triglyceride, prunus persica (peach) kernel oil, simmondsia chinensis (jojoba) seed oil, linum usitatissimum (linseed) seed oil, limonene*, parfum (fragrance)**, tocopherol, linalool*, citronellol*, geraniol*, citral*. de-stress muscle gel 150ml e 5.1 fl. oz. ingredients: aqua (water), phenoxyethanol, carbomer, lavandula angustifolia (lavender) oil, rosmarinus officinalis (rosemary) leaf oil, linalool*, parfum (fragrance)**, ethylhexylglycerin, limonene*, sodium hydroxide, geraniol*, lavandula angustifolia (lavender) flower water, rosmarinus officinalis (rosemary) water. *natural essential oil contents **natural plant extracts",'5.0,'7
Bath & Body,Hand & Feet,'MUK200028665,'UK200028665,Ouai,Hand Lotion 88 ML,https://www.spacenk.com/uk/bath-body/body-moisturiser-oils/hand-feet/hand-lotion-MUK200028665.html?dwvar_MUK200028665_size=UK200028665&pid=MUK200028665&quantity=1,https://www.spacenk.com/dw/image/v2/ABCE_PRD/on/demandware.static/-/Sites-spacenkmastercatalog/default/dwf969ea23/products/OUAI/UK200028665_OUAI.jpg?sw=582&sh=582,"Water / aqua / eau, isopropyl palmitate, caprylic/capric triglyceride, cetyl alcohol, stearic acid, persea gratissima (avocado) oil, rosa canina fruit oil, simmondsia chinensis (jojoba) seed oil, lecithin, sodium acrylates copolymer, glyceryl stearate, peg-100 stearate, acrylates/c10-30 alkyl acrylate crosspolymer, disodium edta, aminomethyl propanol, chlorphenesin, phenoxyethanol, fragrance / parfum, citronellol, limonene, hydroxycitronellal, linalool, citral.",'4.3,'19
Bath & Body,Body Creme & Butter,'MUK200053929,'UK200053929,Elemis,Frangipani Monoi Body Cream 200 ML,https://www.spacenk.com/uk/bath-body/body-moisturiser-oils/body-creme-butter/frangipani-monoi-body-cream-MUK200053929.html?dwvar_MUK200053929_size=UK200053929&pid=MUK200053929&quantity=1,https://www.spacenk.com/dw/image/v2/ABCE_PRD/on/demandware.static/-/Sites-spacenkmastercatalog/default/dwade08cfa/products/ELEMIS/UK200053929_ELEMIS.jpg?sw=582&sh=582,"Aqua/water/eau, glyceryl stearate, propylene glycol, octyldodecanol, helianthus annuus (sunflower) seed oil, cetearyl alcohol, ceteareth-12, caprylic/capric triglyceride, isopropyl palmitate, phenoxyethanol, ceteareth-20, carbomer, fragrance (parfum), chlorphenesin, macadamia ternifolia seed oil, sesamum indicum (sesame) seed oil, sodium hydroxide, sodium polyacrylate, disodium edta, cocos nucifera (coconut) oil, linalool, sodium dehydroacetate, caramel, tocopherol, benzyl salicylate, gardenia tahitensis flower, farnesol, cananga odorata flower oil, plumeria alba flower extract, plumeria rubra flower extract.",'4.5,'127
Bath & Body,Body Lotion,'MUK200028004,'UK200028004,Jo loves,Jo by Jo Loves Body Lotion 275 ML,https://www.spacenk.com/uk/bath-body/body-moisturiser-oils/body-lotion/jo-by-jo-loves-body-lotion-MUK200028004.html?dwvar_MUK200028004_size=UK200028004&pid=MUK200028004&quantity=1,https://www.spacenk.com/dw/image/v2/ABCE_PRD/on/demandware.static/-/Sites-spacenkmastercatalog/default/dwecd3129f/products/JO_LOVES/UK200028004_JO_LOVES.jpg?sw=582&sh=582,,'4.8,'18
Bath & Body,Body Lotion,'MUK200051439,'UK200051439,Byoma,Hydrating Body Lotion 400 ML,https://www.spacenk.com/uk/bath-body/body-moisturiser-oils/body-lotion/hydrating-body-lotion-MUK200051439.html?dwvar_MUK200051439_size=UK200051439&pid=MUK200051439&quantity=1,https://www.spacenk.com/dw/image/v2/ABCE_PRD/on/demandware.static/-/Sites-spacenkmastercatalog/default/dw8f376f0a/products/BYOMA/UK200051439_BYOMA.jpg?sw=582&sh=582,"""aqua (water) ricinus communis (castor) seed oil ethylhexyl palmitate glycerin glyceryl stearate se cetyl alcohol butyrospermum parkii (shea) butter phenoxyethanol ethylhexylglycerin avena sativa (oat) kernel flour benzyl alcohol carbomer sodium hydroxide bakuchiol beta-glucan ceramide np cholesterol caprylic/capric triglyceride hydrogenated lecithin phytosphingosine stearic acid oleic acid caprylyl glycol allantoin parfum (fragrance) dehydroacetic acid geraniol limonene lactic acid 1,2-hexanediol linalool sodium benzoate caprylhydroxamic acid alpha-isomethyl ionone coumarin""""""",'4.2,'26
Bath & Body,Body Lotion,'MUK200034203,'UK200034203,Byredo,Bal D' Afrique Body Lotion 225 ML,https://www.spacenk.com/uk/bath-body/body-moisturiser-oils/body-lotion/bal-d-afrique-body-lotion-MUK200034203.html?dwvar_MUK200034203_size=UK200034203&pid=MUK200034203&quantity=1,https://www.spacenk.com/dw/image/v2/ABCE_PRD/on/demandware.static/-/Sites-spacenkmastercatalog/default/dw0f6350b8/products/BYREDO/UK200034203_BYREDO.jpg?sw=582&sh=582,"Aqua (water), caprylic/capric triglyceride, butylene glycol, parfum (fragrance), steareth-2, butyrospermum parkii (shea) butter, dimethicone, glycerin, steareth-21, polymethyl methacrylate, cetyl alcohol, phenoxyethanol, xanthan gum, ethylhexyl methoxycinnamate, limonene, butyl methoxydibenzoylmethane, caprylyl glycol, tocopheryl acetate, acrylates/c10-30 alkyl acrylate crosspolymer, disodium edta, alpha-isomethyl ionone, hydroxycitronellal, potassium hydroxide, linalool, coumarin, citral, bht.",'4.4,'10
Bath & Body,Body Oil,'MUK200019380,'UK200019380,Diptyque,Do Son Body Mist 200 ML,https://www.spacenk.com/uk/bath-body/body-moisturiser-oils/body-oil/do-son-body-mist-MUK200019380.html?dwvar_MUK200019380_size=UK200019380&pid=MUK200019380&quantity=1,https://www.spacenk.com/dw/image/v2/ABCE_PRD/on/demandware.static/-/Sites-spacenkmastercatalog/default/dwecf2c482/products/DIPTYQUE/UK200019380_DIPTYQUE.jpg?sw=582&sh=582,"Aqua (water), parfum (fragrance), peg-40 hydrogenated castor oil, pentylene glycol, propylene glycol, boron nitride, peg-12 dimethicone, nelumbo nucifera flower water, styrene/vp copolymer, biosaccharide gum-1, biosaccharide gum-1, linalool, eugenol, hydroxycitronellal, isoeugenol, citric acid, chlorphenesin, sodium benzoate, phenoxyethanol, sorbic acid, bht, tocopherol",'4.9,'57
Bath & Body,Body Lotion,'MUK200055189,'UK200055189,The inkey list,PHA Body Water Cream 150 ML,https://www.spacenk.com/uk/bath-body/body-moisturiser-oils/body-lotion/pha-body-water-cream-MUK200055189.html?dwvar_MUK200055189_size=UK200055189&pid=MUK200055189&quantity=1,https://www.spacenk.com/dw/image/v2/ABCE_PRD/on/demandware.static/-/Sites-spacenkmastercatalog/default/dwab9d631e/products/INKEY/UK200055189_INKEY.jpg?sw=582&sh=582,"Water (aqua/eau), c15-19 alkane, gluconolactone, polyacrylate crosspolymer-6, phenoxyethanol, glycerol stearate, candelilla/jojoba/rich bran polyglyceryl-3 esters, cetearyl alcohol, sodium stearoyl lactylate, benzyl alcohol, sodium hydroxide, ethylhexylglycerin, dehydroacetic acid.",'4.6,'91
Bath & Body,Body Creme & Butter,'MUK200055302,'UK200055302,Sol de janeiro,Biggie Biggie Beija Flor Elasti-Cream 500 ML,https://www.spacenk.com/uk/bath-body/body-moisturiser-oils/body-creme-butter/biggie-biggie-beija-flor-elasti-cream-MUK200055302.html?dwvar_MUK200055302_size=UK200055302&pid=MUK200055302&quantity=1,https://www.spacenk.com/dw/image/v2/ABCE_PRD/on/demandware.static/-/Sites-spacenkmastercatalog/default/dwd9e4256a/products/SOL_DE_JAN/UK200055302_SOL_DE_JAN.jpg?sw=582&sh=582,"Aqua (water, eau), cetearyl alcohol, caprylic/capric triglyceride, parfum (fragrance), isopentyldiol, glyceryl stearate, c13-16 isoparaffin, glycerin, pyrus malus (apple) fruit extract, cetyl alcohol, caryodendron orinocense (cacay) seed oil, cocos nucifera (coconut) oil, butyrospermum parkii (shea) butter, behenyl alcohol, nicotiana benthamiana hexapeptide-40 sh-polypeptide-47 (collagen amino acids), squalane, theobroma grandiflorum (cupuaçu) seed butter, astrocaryum murumuru seed butter, astrocaryum vulgare (tucumã) kernel oil, copaifera officinalis (balsam copaiba) resin, daucus carota sativa (carrot) root extract, helianthus annuus (sunflower) extract, helianthus annuus (sunflower) seed oil, oryza sativa (rice) bran extract, rosmarinus officinalis (rosemary) extract, rosmarinus officinalis (rosemary) leaf extract, tocopherol, xanthan gum, potassium cetyl phosphate, tetrasodium glutamate diacetate, heptyl undecylenate, pentylene glycol, ethylhexylglycerin, phenoxyethanol, citric acid, sodium hydroxide, mica, benzyl salicylate, alpha-isomethyl ionone, ci 77891 (titanium dioxide).",'4.1,'15
Bath & Body,Body Lotion,'MUK200050701,'UK200050701,Joonbyrd,Little Love Body Lotion 300 ML,https://www.spacenk.com/uk/bath-body/body-moisturiser-oils/body-lotion/little-love-body-lotion-MUK200050701.html?dwvar_MUK200050701_size=UK200050701&pid=MUK200050701&quantity=1,https://www.spacenk.com/dw/image/v2/ABCE_PRD/on/demandware.static/-/Sites-spacenkmastercatalog/default/dw20e35898/products/JOONBYRD/UK200050701_JOONBYRD.jpg?sw=582&sh=582,"Aqua/water/eau, glycerin, caprylic/capric triglyceride, vitis vinifera (grape) seed oil, cetearyl olivate, niacinamide, cetyl alcohol, sorbitan olivate, capryloyl glycerin/sebacic acid copolymer, cetearyl alcohol, parfum (fragrance), beta-carotene, sodium hyaluronate, inulin, withania somnifera root extract, crambe abyssinica seed oil, theobroma cacao (cocoa) seed butter, tocopherol, serine, alanine, glycine, xanthophylls, glutamic acid, lysine hcl, threonine, arginine, morinda citrifolia fruit extract, camellia sinensis leaf extract, coffea arabica (coffee) seed extract, euterpe oleracea fruit extract, garcinia mangostana fruit extract, punica granatum (pomegranate) fruit extract, citric acid, helianthus annuus (sunflower) seed oil, rosmarinus officinalis (rosemary) leaf extract, sodium pca, sodium lactate, pca, glyceryl stearate citrate, diheptyl succinate, hydroxyacetophenone, betaine, xanthan gum, disodium edta, carbomer, arginine levulinate, proline, phenoxyethanol, sodium hydroxide, potassium sorbate, benzyl benzoate, caramel, ci 15985 (yellow 6), ci 17200 (red 33).",'4.6,'82
Bath & Body,Body Lotion,'MUK200050701,'UK200051050,Joonbyrd,Little Love Body Lotion 50 ML,https://www.spacenk.com/uk/bath-body/body-moisturiser-oils/body-lotion/little-love-body-lotion-MUK200050701.html?dwvar_MUK200050701_size=UK200051050&pid=MUK200050701&quantity=1,https://www.spacenk.com/dw/image/v2/ABCE_PRD/on/demandware.static/-/Sites-spacenkmastercatalog/default/dw60aa1dcb/products/JOONBYRD/UK200051050_JOONBYRD.jpg?sw=582&sh=582,"Aqua/water/eau, glycerin, caprylic/capric triglyceride, vitis vinifera (grape) seed oil, cetearyl olivate, niacinamide, cetyl alcohol, sorbitan olivate, capryloyl glycerin/sebacic acid copolymer, cetearyl alcohol, parfum (fragrance), beta-carotene, sodium hyaluronate, inulin, withania somnifera root extract, crambe abyssinica seed oil, theobroma cacao (cocoa) seed butter, tocopherol, serine, alanine, glycine, xanthophylls, glutamic acid, lysine hcl, threonine, arginine, morinda citrifolia fruit extract, camellia sinensis leaf extract, coffea arabica (coffee) seed extract, euterpe oleracea fruit extract, garcinia mangostana fruit extract, punica granatum (pomegranate) fruit extract, citric acid, helianthus annuus (sunflower) seed oil, rosmarinus officinalis (rosemary) leaf extract, sodium pca, sodium lactate, pca, glyceryl stearate citrate, diheptyl succinate, hydroxyacetophenone, betaine, xanthan gum, disodium edta, carbomer, arginine levulinate, proline, phenoxyethanol, sodium hydroxide, potassium sorbate, benzyl benzoate, caramel, ci 15985 (yellow 6), ci 17200 (red 33).",'4.6,'82
Bath & Body,Body Lotion,'MUK200052937,'UK200052937,The ordinary,Natural Moisturising Factors + Inulin Body Lotion 240 ML,https://www.spacenk.com/uk/bath-body/body-moisturiser-oils/body-lotion/natural-moisturising-factors-inulin-body-lotion-MUK200052937.html?dwvar_MUK200052937_size=UK200052937&pid=MUK200052937&quantity=1,https://www.spacenk.com/dw/image/v2/ABCE_PRD/on/demandware.static/-/Sites-spacenkmastercatalog/default/dw26cb3d9f/products/ORDINARY/UK200052937_ORDINARY.jpg?sw=582&sh=582,"Aqua (water), caprylic/capric triglyceride, glycerin, inulin, propanediol, isodecyl neopentanoate, arachidyl alcohol, rhus succedanea fruit wax, sodium hyaluronate, arginine, glycine, alanine, serine, proline, threonine, glutamic acid, lysine hcl, betaine, sodium pca, pca, xylitylglucoside, anhydroxylitol, xylitol, glucose, maltose, fructose, sucrose, trehalose, sodium lactate, urea, allantoin, behenyl alcohol, arachidyl glucoside, pentylene glycol, polyacrylate crosspolymer-6, xanthan gum, trisodium ethylenediamine disuccinate, tocopherol, citric acid, sodium hydroxide, sodium chloride, ethylhexylglycerin, phenoxyethanol, chlorphenesin.",'4.7,'259
Bath & Body,Body Oil,'MUK200054307,'UK200054307,Sol de janeiro,Beija Flor Elasti Body Oil 100 ML,https://www.spacenk.com/uk/bath-body/body-moisturiser-oils/body-oil/beija-flor-elasti-body-oil-MUK200054307.html?dwvar_MUK200054307_size=UK200054307&pid=MUK200054307&quantity=1,https://www.spacenk.com/dw/image/v2/ABCE_PRD/on/demandware.static/-/Sites-spacenkmastercatalog/default/dw634c65d0/products/SOL_DE_JAN/UK200054307_SOL_DE_JAN.jpg?sw=582&sh=582,"Caprylic/capric triglyceride, helianthus annuus (sunflower) seed oil, olea europaea (olive) fruit oil, macadamia integrifolia seed oil, simmondsia chinensis (jojoba) seed oil, cocos nucifera (coconut) oil, parfum (fragrance), caryodendron orinocense (cacay) seed oil, amaranthus caudatus seed extract, squalane, euterpe oleracea (açaí) fruit oil, triticum vulgare (wheat) germ extract, hordeum distichon (barley) extract, plankton extract, paullinia cupana fruit extract, ptychopetalum olacoides bark/root extract, plinia cauliflora fruit extract, tocopherol, ethylhexylglycerin, alpha-isomethyl ionone, benzyl salicylate.",'4.8,'152
Bath & Body,Body Creme & Butter,'MUK200027115,'UK200027115,Aesop,Geranium Leaf Duet ,https://www.spacenk.com/uk/bath-body/body-moisturiser-oils/body-creme-butter/geranium-leaf-duet-MUK200027115.html?dwvar_MUK200027115_size=UK200027115&pid=MUK200027115&quantity=1,https://www.spacenk.com/dw/image/v2/ABCE_PRD/on/demandware.static/-/Sites-spacenkmastercatalog/default/dw30d2d9a5/products/AESOP/UK200027115_AESOP.jpg?sw=582&sh=582,,'4.8,'17
Bath & Body,Body Creme & Butter,'MUK300056571,'UK300056571,Aesop,Rejuvenate Body Balm 100 ML,https://www.spacenk.com/uk/bath-body/body-moisturiser-oils/body-creme-butter/rejuvenate-body-balm-MUK300056571.html?dwvar_MUK300056571_size=UK300056571&pid=MUK300056571&quantity=1,https://www.spacenk.com/dw/image/v2/ABCE_PRD/on/demandware.static/-/Sites-spacenkmastercatalog/default/dw786c918d/products/AESOP/UK300056571_AESOP.jpg?sw=582&sh=582,"Tangerine rind, vanille, sandalwood",'4.7,'26
Bath & Body,Body Oil,'MUK200040375,'UK200040375,This works,Skin Deep Dry Leg Oil 150 ML,https://www.spacenk.com/uk/bath-body/body-moisturiser-oils/body-oil/skin-deep-dry-leg-oil-MUK200040375.html?dwvar_MUK200040375_size=UK200040375&pid=MUK200040375&quantity=1,https://www.spacenk.com/dw/image/v2/ABCE_PRD/on/demandware.static/-/Sites-spacenkmastercatalog/default/dw300cdf48/products/THIS_WORKS/UK200040375_THIS_WORKS.jpg?sw=582&sh=582,"Prunus armeniaca (apricot) kernel oil, cocos nucifera (coconut) oil, macadamia ternifolia seed oil, simmondsia chinensis (jojoba) seed oil, rosa canina fruit oil, oenothera biennis (evening primrose) seed oil, cedrus atlantica (cedarwood) bark oil, santalum austrocaledonicum (sandalwood) wood oil, citrus aurantium bergamia (bergamot) fruit oil , boswellia carterii resin oil, pelargonium graveolens (geranium) flower oil, cinnamomum camphora linaloolifera leaf oil, pogostemon cablin (patchouli) oil, cananga odorata flower oil, rosa centifolia flower oil, anthemis nobilis flower oil, jasminum grandiflorum (jasmine) flower extract, citrus aurantium dulcis (orange) peel oil expressed, polianthes tuberosa flower extract, linalool*, citronellol*, limonene*, geraniol*, citral*, eugenol*, benzyl alcohol*, farnesol*. *allergens naturally occurring in essential oils.",'4.9,'8
Bath & Body,Body Lotion,'MUK300026169,'UK300026169,Byredo,Gypsy Water Body Lotion 225 ML,https://www.spacenk.com/uk/bath-body/body-moisturiser-oils/body-lotion/gypsy-water-body-lotion-MUK300026169.html?dwvar_MUK300026169_size=UK300026169&pid=MUK300026169&quantity=1,https://www.spacenk.com/dw/image/v2/ABCE_PRD/on/demandware.static/-/Sites-spacenkmastercatalog/default/dw39c69a39/products/BYREDO/UK300026169_BYREDO.jpg?sw=582&sh=582,"Aqua (water), caprylic/capric triglyceride, butylene glycol, parfum (fragrance), steareth-2, butyrospermum parkii (shea butter), dimethicone, glycerin, steareth-21, xylitol, polymethyl methacrylate, cetyl alcohol, phenoxyethanol, xanthan gum, ethylhexyl methoxycinnamate, butyl methoxydibenzoylmethane, caprylyl glycol, tocopheryl acetate, limonene, acrylates/c10-30 alkyl acrylate crosspolymer, disodium edta, potassium hydroxide, linalool, citral, bht.",'4.7,'54
Bath & Body,Hand & Feet,'MUK200014960,'UK200014960,Margaret dabbs london,Nourishing Nail & Cuticle Serum Pen 15 ML,https://www.spacenk.com/uk/bath-body/body-moisturiser-oils/hand-feet/nourishing-nail-cuticle-serum-pen-MUK200014960.html?dwvar_MUK200014960_size=UK200014960&pid=MUK200014960&quantity=1,https://www.spacenk.com/dw/image/v2/ABCE_PRD/on/demandware.static/-/Sites-spacenkmastercatalog/default/dw983b2ef6/products/MARGARET_D/UK200014960_MARGARET_D.jpg?sw=582&sh=582,"Aqua/water/eau, dromiceius (emu) oil, paraffinum liquidum, stearyl alcohol, phenoxyethanol, melaleuca alternifolia (tea tree) leaf oil, cetyl alcohol, hydroxyethylcellulose, cetrimonium chloride, ethylhexylglycerin, sodium acetate, cellulose, isopropyl alcohol",'4.1,'60
Bath & Body,Hand & Feet,'MUK200038692,'UK200038692,Laura mercier,Ambre Vanille Hand Cream 5,https://www.spacenk.com/uk/bath-body/body-moisturiser-oils/hand-feet/ambre-vanille-hand-cream-MUK200038692.html?dwvar_MUK200038692_size=UK200038692&pid=MUK200038692&quantity=1,https://www.spacenk.com/dw/image/v2/ABCE_PRD/on/demandware.static/-/Sites-spacenkmastercatalog/default/dwefd02d11/products/LAURA_MERC/UK200038692_LAURA_MERC.jpg?sw=582&sh=582,"Aqua/water/eau, c12-15 alkyl benzoate, theobroma cacao (cocoa) seed butter, glycerin, cetearyl olivate, squalane, sorbitan olivate, fragrance (parfum), cetearyl alcohol, tapioca starch, butyrospermum parkii (shea) butter, helianthus annuus (sunflower) seed oil, mangifera indica (mango) seed butter, borago officinalis seed oil, prunus domestica seed oil, porphyridium cruentum extract, olea europaea (olive) leaf extract, acrylates/c10-30 alkyl acrylate crosspolymer, tetrasodium glutamate diacetate, hydroxyacetophenone, tocopherol, sodium hydroxide, maris aqua/sea water/eau de mer, propanediol, citric acid, 1,2-hexanediol, caprylyl glycol, hydroxycitronellal, benzyl salicylate, limonene, potassium sorbate, sodium benzoate, benzyl alcohol.",'4.5,'334
Bath & Body,Body Creme & Butter,'MUK200055922,'UK200055922,Nécessaire,The Body Cream Fragrance Free 200 ML,https://www.spacenk.com/uk/bath-body/body-moisturiser-oils/body-creme-butter/the-body-cream-fragrance-free-MUK200055922.html?dwvar_MUK200055922_size=UK200055922&pid=MUK200055922&quantity=1,https://www.spacenk.com/dw/image/v2/ABCE_PRD/on/demandware.static/-/Sites-spacenkmastercatalog/default/dw49651f5e/products/NECESSAIRE/UK200055922_NECESSAIRE.jpg?sw=582&sh=582,"Aqua/water/eau, glycerin, caprylic/capric triglyceride, niacinamide, dicaprylyl ether, cetearyl alcohol, glyceryl stearate citrate, butyrospermum parkii (shea) butter, 1,2-hexanediol, octyldodecanol, glyceryl stearate, ceramide ag, ceramide ap, ceramide eop, ceramide ng, ceramide np, sodium hyaluronate, linoleic acid, linolenic acid, centella asiatica extract, tocopherol, tocopheryl acetate, colloidal oatmeal, panthenol, glyceryl caprylate, sodium stearoyl glutamate, dipropylene glycol, polyacrylate crosspolymer-6, oleic acid, palmitic acid, citric acid, cholesterol, hydrogenated lecithin, hydroxyacetophenone, sodium phytate, stearic acid, sucrose distearate.",'4.1,'13
Bath & Body,Fragrance,'MUK200052553,'UK200052553,Glossier,Crème de You 215 ,https://www.spacenk.com/uk/fragrance/personal-fragrance/fragrance/creme-de-you-MUK200052553.html?dwvar_MUK200052553_size=UK200052553&pid=MUK200052553&quantity=1,https://www.spacenk.com/dw/image/v2/ABCE_PRD/on/demandware.static/-/Sites-spacenkmastercatalog/default/dw6e335972/products/GLOSSIER/UK200052553_GLOSSIER.jpg?sw=582&sh=582,"Water/aqua/eau, glycerin, cetearyl alcohol, butyrospermum parkii (shea) butter, caprylic/capric triglyceride, helianthus annuus (sunflower) seed oil, fragrance/parfum, polyglyceryl-3 stearate, simmondsia chinensis (jojoba) seed oil, glyceryl caprylate, cellulose, copernicia cerifera (carnauba) wax/copernicia cerifera cera/cire de carnauba, glyceryl laurate, sclerotium gum, caprylhydroxamic acid, phytic acid, citric acid, potassium sorbate, hydroxycitronellal, hexyl cinnamal, farnesol, limonene.",'4.2,'466
Bath & Body,Hand & Feet,'MUK200041234,'UK200041234,La mer,The Hand Treatment 100 ML,https://www.spacenk.com/uk/bath-body/body-moisturiser-oils/hand-feet/the-hand-treatment-MUK200041234.html?dwvar_MUK200041234_size=UK200041234&pid=MUK200041234&quantity=1,https://www.spacenk.com/dw/image/v2/ABCE_PRD/on/demandware.static/-/Sites-spacenkmastercatalog/default/dw81daeb94/products/LA_MER/UK200041234_LA_MER.jpg?sw=582&sh=582,"Declustered water (-)\aqua\eau de-structuree (-) , declustered water (+)\aqua\eau de-structuree (+) , limnanthes alba (meadowfoam) seed oil , caprylic/capric triglyceride , cetyl alcohol , stearyl alcohol , dimethicone , glycerin , pentylene glycol , glyceryl stearate , coco-caprylate/caprate , tourmaline , triticum vulgare (wheat) germ extract , vitis vinifera (grape) fruit extract , hordeum vulgare (barley) extract\extrait d'orge , saccharomyces/copper ferment , caprylyl glycol , scutellaria baicalensis root extract , pantethine , cholesterol , ginkgo biloba leaf extract , algae (seaweed) extract , sesamum indicum (sesame) seed oil , medicago sativa (alfalfa) seed powder , helianthus annuus (sunflower) seedcake , prunus amygdalus dulcis (sweet almond) seed meal , eucalyptus globulus (eucalyptus) leaf oil , sodium gluconate , copper gluconate , calcium gluconate , magnesium gluconate , zinc gluconate , tocopheryl succinate , niacin , sesamum indicum (sesame) seed powder , glyceryl triacetyl ricinoleate , macadamia integrifolia seed oil , hexylene glycol , triethylhexanoin , bisabolol , linoleic acid , sodium hyaluronate , caffeine , morus nigra (mulberry) root extract , tocopheryl acetate , squalane , methyl glucose sesquistearate , tocopheryl nicotinate , crithmum maritimum extract , butylene glycol , magnesium sulfate , peg-100 stearate , xanthan gum , fragrance (parfum) , limonene , linalool , amyl cinnamal , hexyl cinnamal , benzyl benzoate , coumarin , citronellol , disodium edta , phenoxyethanol",'3.9,'9
Bath & Body,Bath & Body Sets,'MUK200055267,'UK200055267,Nécessaire,The Body Essentials Eucalyptus ,https://www.spacenk.com/uk/bath-body/bath-body-sets/bath-body-sets/the-body-essentials-eucalyptus-MUK200055267.html?dwvar_MUK200055267_size=UK200055267&pid=MUK200055267&quantity=1,https://www.spacenk.com/dw/image/v2/ABCE_PRD/on/demandware.static/-/Sites-spacenkmastercatalog/default/dwc16b361c/products/NECESSAIRE/UK200055267_NECESSAIRE.jpg?sw=582&sh=582,"The body wash - eucalyptus: aqua/water/eau, sodium laurylglucosides hydroxypropylsulfonate, caprylyl/capryl glucoside, disodium cocoamphodiacetate, glycerin, sodium chloride, sodium methyl cocoyl taurate, niacinamide, tocopherol, saccharum officinarum (sugar cane) extract, pyrus malus (apple) fruit extract, citrus aurantium dulcis (orange) fruit extract, citrus limon (lemon) fruit extract, camellia sinensis leaf extract, sclerocarya birrea seed oil, caryodendron orinocense seed oil, limnanthes alba (meadowfoam) seed oil, caprylyl glycol, phenoxyethanol, citric acid, chlorphenesin, sodium phytate, eucalyptus globulus (eucalyptus) leaf oil, lavandula angustifolia (lavender) oil, abies sibirica (siberian fir) oil, zingiber officinale (ginger) root oil, citrus aurantium dulcis (orange) peel oil, pogostemon cablin (patchouli) oil, limonene, linalool. the deodorant - eucalyptus: caprylic/capric triglyceride, tapioca starch, helianthus annuus (sunflower) seed wax, polyhydroxystearic acid, ricinus communis (castor) seed oil, mandelic acid, fragrance (parfum), cocos nucifera (coconut) oil, triethyl citrate, zinc ricinoleate, eucalyptus globulus (eucalyptus) leaf oil, niacinamide,panthenol, tocopherol, lactic acid, lavandula angustifolia (lavender) oil, abies sibirica (siberian fir) oil, zingiber officinale (ginger) root oil, citrus aurantium dulcis (orange) peel oil, pogostemon cablin (patchouli) oil, butyrospermum parkii (shea) butter, helianthus annuus (sunflower) seed oil, aqua/water/eau. the body lotion - eucalyptus: aqua/water/eau, helianthus annuus (sunflower) seed oil, glycerin, caprylic/capric triglyceride, niacinamide, shea butter glycerides, cetearyl olivate, cetearyl alcohol, glyceryl stearate, sorbitan olivate, fragrance (parfum), acetyl heptapeptide-4, palmitoyl dipeptide-5 diaminobutyroyl hydroxythreonine, palmitoyl dipeptide-5 diaminonhydroxybutyrate, palmitoyl tetrapeptide-7, palmitoyl tripeptide-1, eucalyptus globulus (eucalyptus) leaf oil, sclerocarya birrea seed oil, caryodendron orinocense seed oil, limnanthes alba (meadowfoam) seed oil, tocopherol, linoleic acid, linolenic acid, propanediol, xanthan gum, polyacrylate crosspolymer-6, caprylhydroxamic acid, caprylyl glycol, oleic acid, palmitic acid, stearic acid, lavandula angustifolia (lavender) oil, abies sibirica (siberian fir) oil, zingiber officinale (ginger) root oil, citrus aurantium dulcis (orange) peel oil, pogostemon cablin (patchouli) oil, limonene, linalool, citric acid.",'4.5,'8
Bath & Body,Body Oil,'MUK200049123,'UK200049123,Augustinus bader,The Geranium Rose Body Oil 100 ML,https://www.spacenk.com/uk/bath-body/body-moisturiser-oils/body-oil/the-geranium-rose-body-oil-MUK200049123.html?dwvar_MUK200049123_size=UK200049123&pid=MUK200049123&quantity=1,https://www.spacenk.com/dw/image/v2/ABCE_PRD/on/demandware.static/-/Sites-spacenkmastercatalog/default/dw93724cff/products/AUGUSTINUS/UK200049123_AUGUSTINUS.jpg?sw=582&sh=582,"Vitis vinifera (grape) seed oil, helianthus annuus (sunflower) seed oil, squalane, argania spinosa kernel oil, olea europaea (olive) fruit oil, tocophery acetate, tocopherol, pelargonium graveolens oil, aqua/water/eau, glycerin, lecithin, rosa damascena flower oil, pentylene glycol, alanyl glutamine, arginine, brassica alba seed extract, hydrolyzed rice protein, lithothamnion calcareum extract, oligopeptide-177, oligopeptide-6, potassium sorbate, sodium hydroxide, citronellol, geraniol, linalool, citral",'4.2,'5
Bath & Body,Hand & Feet,'MUK200038328,'UK200038328,Space nk,Caribbean Shores Hand Lotion 350 ML,https://www.spacenk.com/uk/bath-body/body-moisturiser-oils/hand-feet/caribbean-shores-hand-lotion-MUK200038328.html?dwvar_MUK200038328_size=UK200038328&pid=MUK200038328&quantity=1,https://www.spacenk.com/dw/image/v2/ABCE_PRD/on/demandware.static/-/Sites-spacenkmastercatalog/default/dw8055fbfd/products/NK/UK200038328_NK.jpg?sw=582&sh=582,"Ingredients: aqua (water/eau), glycerin, vitis vinifera (grape) seed oil, caprylic/capric glycerides, cetearyl alcohol, butyrospermum parkii (shea) butter, arachidyl alcohol, cetyl alcohol, parfum (fragrance), phenoxyethanol, behenyl alcohol, arachidyl glucoside, sodium hydroxide, carbomer, propanediol, xanthan gum, simmondsia chinensis (jojoba) seed oil, ethylhexylglycerin, aloe barbadensis leaf juice, glucose, maltose, fructose, passiflora edulis fruit extract, agave tequilana leaf extract, withania somnifera root extract, citric acid, potassium sorbate. allergens: benzyl salicylate. citral. eugenol. geraniol. hexyl cinnamal. limonene. linalool. benzyl alcohol.",'4.7,'33
Bath & Body,Body Lotion,'MUK200034183,'UK200034183,Byredo,Suede Hand Lotion 450 ML,https://www.spacenk.com/uk/bath-body/body-moisturiser-oils/body-lotion/suede-hand-lotion-MUK200034183.html?dwvar_MUK200034183_size=UK200034183&pid=MUK200034183&quantity=1,https://www.spacenk.com/dw/image/v2/ABCE_PRD/on/demandware.static/-/Sites-spacenkmastercatalog/default/dw761c54cc/products/BYREDO/UK200034183_BYREDO.jpg?sw=582&sh=582,"Aqua (water), butylene glycol, butyrospermum parkii (shea) butter, dimethicone, parfum (fragrance), steareth-2, alcohol, phenyl trimethicone, steareth-21, glycerin, polymethyl methacrylate, phenoxyethanol, benzyl salicylate, hydroxyethyl acrylate/sodium acryloyldimethyl taurate copolymer, caprylyl glycol, isohexadecane, tocopheryl acetate, hexyl cinnamal, hydroxycitronellal, acrylates/c10-30 alkyl acrylate crosspolymer, disodium edta, polysorbate 60, sodium hydroxide, limonene, sorbitan isostearate, alpha-isomethyl ionone, linalool.",'4.8,'12
Bath & Body,Body Lotion,'MUK200041242,'UK200041242,La mer,The Reparative Body Lotion 160 ML,https://www.spacenk.com/uk/bath-body/body-moisturiser-oils/body-lotion/the-reparative-body-lotion-MUK200041242.html?dwvar_MUK200041242_size=UK200041242&pid=MUK200041242&quantity=1,https://www.spacenk.com/dw/image/v2/ABCE_PRD/on/demandware.static/-/Sites-spacenkmastercatalog/default/dwe10678e0/products/LA_MER/UK200041242_LA_MER.jpg?sw=582&sh=582,"Declustered water (-)\aqua\eau de-structuree (-), declustered water (+)\aqua\eau de-structuree (+), glycerin, hydrogenated polyisobutene, dimethicone, cetearyl alcohol, cetearyl isononanoate, isononyl isononanoate, cetyl alcohol, butylene glycol, yeast extract\faex\extrait de levure, algae (seaweed) extract, sesamum indicum (sesame) seed oil, medicago sativa (alfalfa) seed powder, helianthus annuus (sunflower) seedcake, prunus amygdalus dulcis (sweet almond) seed meal, eucalyptus globulus (eucalyptus) leaf oil, sodium gluconate, copper gluconate, calcium gluconate, magnesium gluconate, zinc gluconate, tocopheryl succinate, niacin, sesamum indicum (sesame) seed powder, crithmum maritimum extract, gelidium cartilagineum extract, laminaria digitata extract, sigesbeckia orientalis (st. paul's wort) extract, asparagopsis armata extract, laminaria ochroleuca extract, plankton extract, sucrose, behenyl alcohol, caffeine, padina pavonica thallus extract, ascophyllum nodosum extract, avena sativa (oat) kernel extract, thermus thermophillus ferment, lecithin, tourmaline, acetyl hexapeptide-8, trisiloxane, phenyl trimethicone, propylene glycol dioctanoate, glyceryl stearate, peg-100 stearate, sorbitol, ceteth-20, cetearyl glucoside, hydrogenated lecithin, caprylic/capric triglyceride, polysilicone-11, saccharide isomerate, xanthan gum, tetrahexyldecyl ascorbate, hydrogenated vegetable oil, sodium hyaluronate, caprylyl glycol, tocopheryl acetate, phytosphingosine, disodium edta, fragrance (parfum), limonene, amyl cinnamal, hexyl cinnamal, linalool, coumarin, citronellol, phenoxyethanol",'5.0,'5
Bath & Body,Body Oil,'MUK200057429,'UK200057429,Alpha-h,Firming Peptide Body Oil 10,https://www.spacenk.com/uk/bath-body/body-moisturiser-oils/body-oil/firming-peptide-body-oil-MUK200057429.html?dwvar_MUK200057429_size=UK200057429&pid=MUK200057429&quantity=1,https://www.spacenk.com/dw/image/v2/ABCE_PRD/on/demandware.static/-/Sites-spacenkmastercatalog/default/dwef870123/products/ALPHA-H/UK200057429_ALPHA-H.jpg?sw=582&sh=582,"Acetyl hexapeptide-8: a targeted, oil-soluble peptide shown to prevent and minimise the appearance of ageing by inhibiting the muscle contraction involved in the formation of lines and wrinkles. microalgae oil: a sustainably harvested bio-oil rich in micronutrients and omega 9 to nourish, hydrate and support the skin's protective lipid barrier. macadamia oil: a nutrient-rich, emollient oil with essential fatty acids to leave skin moisturised, smooth and supple. vitamin e: a powerful lipid-soluble antioxidant that helps reduce the appearance of uv-induced redness and defend skin against environmental damage and oxidative stress that can lead to premature skin ageing.",'5.0,'2
Bath & Body,Body Treatments,'MUK200036572,'UK200036572,Augustinus bader,The Body Lotion 100 ML,https://www.spacenk.com/uk/bath-body/body-treatment/body-treatments/the-body-lotion-MUK200036572.html?dwvar_MUK200036572_size=UK200036572&pid=MUK200036572&quantity=1,https://www.spacenk.com/dw/image/v2/ABCE_PRD/on/demandware.static/-/Sites-spacenkmastercatalog/default/dw9fa618e8/products/AUGUSTINUS/UK200036572_AUGUSTINUS.jpg?sw=582&sh=582,"Aqua (water), caprylic/capric triglyceride, glyceryl stearate, glycerin, glyceryl stearate citrate, dicaprylyl ether, panthenol, cetearyl alcohol, xylitylglucoside, 1, 2–hexanediol, butyrospermum parkii (shea) butter, silica, anhydroxylitol, helianthus annuus (sunflower) seed oil, xylitol, tocopheryl acetate, xanthan gum, bisabolol, alcohol, glucose, o–cymen–5–ol, biosaccharide gum–2, chamomilla recutita (matricaria) flower extract, cholesterol, hydrogenated lecithin, sodium hydroxide, tocopherol, alanyl glutamine, aloe barbadensis leaf juice powder, arginine, ceramide ng, ceramide np, glycine, lysine, oleic acid, palmitic acid, phenylalanine, proline, scenedesmus rubescens extract, brassica alba oil, disodium edta, oligopeptide–177, phenoxyethanol, sodium ascorbate",'3.5,'13
Bath & Body,Hand & Feet,'MUK200019880,'UK200019880,Byredo,Rose Hand Lotion 450 ML,https://www.spacenk.com/uk/bath-body/body-moisturiser-oils/hand-feet/rose-hand-lotion-MUK200019880.html?dwvar_MUK200019880_size=UK200019880&pid=MUK200019880&quantity=1,https://www.spacenk.com/dw/image/v2/ABCE_PRD/on/demandware.static/-/Sites-spacenkmastercatalog/default/dw992ee113/products/BYREDO/UK200019880_BYREDO.jpg?sw=582&sh=582,"Aqua (water), butylene glycol, butyrospermum parkii (shea) butter, dimethicone, parfum (fragrance), steareth-2, alcohol, phenyl trimethicone, steareth-21, glycerin, polymethyl methacrylate, phenoxyethanol, hydroxyethyl acrylate/sodium acryloyldimethyl taurate copolymer, isohexadecane, caprylyl glycol, tocopheryl acetate, acrylates/c10-30 alkyl acrylate crosspolymer, disodium edta, polysorbate 60, sodium hydroxide, sorbitan isostearate, citronellol, geraniol, limonene.",'4.6,'83
Bath & Body,Bath & Body Sets,'MUK200038339,'UK200038339,Space nk,Nordic Wilds Body Duo 1000 ML,https://www.spacenk.com/uk/bath-body/bath-body-sets/bath-body-sets/nordic-wilds-body-duo-MUK200038339.html?dwvar_MUK200038339_size=UK200038339&pid=MUK200038339&quantity=1,https://www.spacenk.com/dw/image/v2/ABCE_PRD/on/demandware.static/-/Sites-spacenkmastercatalog/default/dw7b4804cb/products/NK/UK200038339_NK.jpg?sw=582&sh=582,"Body wash/nettoyant pour le corps ingredients: aqua (water/eau), cocamidopropyl betaine, laureth-4, disodium cocoamphodiacetate, sodium lauroyl sarcosinate, sodium chloride, glycerin, citric acid, parfum (fragrance), sodium benzoate, potassium sorbate, betula alba juice, propanediol, galactoarabinan, disodium edta, centella asiatica extract, albatrellus confluens extract, phenoxyethanol, chlorphenesin, rhodiola rosea root extract. allergens: coumarin. geraniol. limonene. linalool. body lotion/lotion pour le corps ingredients: aqua (water/eau), prunus amygdalus dulcis (sweet almond) oil, caprylic/capric triglyceride, glycerin, cetearyl alcohol, butyrospermum parkii (shea) butter, arachidyl alcohol, cetyl alcohol, phenoxyethanol, behenyl alcohol, parfum (fragrance), arachidyl glucoside, helianthus annuus (sunflower) seed oil, carbomer, xanthan gum, ethylhexylglycerin, sodium hydroxide, betula alba juice, galactoarabinan, disodium edta, propanediol, centella asiatica extract, glucose, albatrellus confluens extract, chlorphenesin, rhodiola rosea root extract, citric acid, ascorbyl palmitate, potassium sorbate. allergens: citral. coumarin. eugenol. geraniol. hydroxycitronellal. limonene. linalool.",'4.7,'17
Bath & Body,Body Lotion,'MUK200052413,'UK200052413,The ordinary,Niacinamide 5% Face And Body Emulsion 100 ML,https://www.spacenk.com/uk/bath-body/body-moisturiser-oils/body-lotion/niacinamide-5-face-and-body-emulsion-MUK200052413.html?dwvar_MUK200052413_size=UK200052413&pid=MUK200052413&quantity=1,https://www.spacenk.com/dw/image/v2/ABCE_PRD/on/demandware.static/-/Sites-spacenkmastercatalog/default/dw58bc0bfa/products/ORDINARY/UK200052413_ORDINARY.jpg?sw=582&sh=582,"""aqua (water), ethyl macadamiate, niacinamide, propanediol, glycerin, sphingomonas ferment extract, pentylene glycol, ethylhexyl olivate, polyglyceryl-4 oleate, sodium acrylates copolymer, isoceteth-20, sodium citrate, citric acid, malic acid, trisodium ethylenediamine disuccinate, tocopherol, ethylhexylglycerin, phenoxyethanol, chlorphenesin""",'4.7,'242
Bath & Body,Body Lotion,'MUK200032580,'UK200032580,Maison margiela,Replica Lazy Sunday Morning Body Lotion 200 ML,https://www.spacenk.com/uk/bath-body/body-moisturiser-oils/body-lotion/replica-lazy-sunday-morning-body-lotion-MUK200032580.html?dwvar_MUK200032580_size=UK200032580&pid=MUK200032580&quantity=1,https://www.spacenk.com/dw/image/v2/ABCE_PRD/on/demandware.static/-/Sites-spacenkmastercatalog/default/dw70b7186a/products/MAISON_M/UK200032580_MAISON_M.jpg?sw=582&sh=582,Aqua / water • glycerin • ethylhexyl palmitate • parfum / fragrance • butyrospermum parkii butter / shea butter • brassica campestris seed oil / rapeseed seed oil • stearyl alcohol • peg-100 stearate • glyceryl stearate • caprylic/capric triglyceride • phenoxyethanol • caprylyl glycol • polyacrylamide • c13-14 isoparaffin • xanthan gum • benzyl salicylate • benzyl alcohol • laureth-7 • geraniol • citronellol • linalool • cinnamyl alcohol • hydroxycitronellal • farnesol • citric acid,'4.7,'13
Bath & Body,Body Creme & Butter,'MUK200055653,'UK200055653,Kopari,Ultra Renewal Retinol Body Cream 142 ML,https://www.spacenk.com/uk/bath-body/body-moisturiser-oils/body-creme-butter/ultra-renewal-retinol-body-cream-MUK200055653.html?dwvar_MUK200055653_size=UK200055653&pid=MUK200055653&quantity=1,https://www.spacenk.com/dw/image/v2/ABCE_PRD/on/demandware.static/-/Sites-spacenkmastercatalog/default/dwb5b8599f/products/KOPARI/UK200055653_KOPARI.jpg?sw=582&sh=582,"Aqua (water, eau), isopropyl myristate, glycerin, glyceryl stearate, cetyl alcohol, cetearyl alcohol, retinol, punica granatum fruit extract, euterpe oleracea (acai) fruit oil, tocopherol, helianthus annuus (sunflower) seed oil, glycine soja (soybean) oil, ethylhexylglycerin, sodium stearoyl lactylate, polyacrylate crosspolymer-6, tetrasodium glutamate diacetate, aminobutyric acid, propanediol, cetyl palmitate, lauryl glucoside, sorbitan stearate, hydrogenated lecithin, caprylyl glycol, phenoxyethanol, citric acid, t-butyl alcohol, sodium hydroxide.",'4.7,'111
Bath & Body,Body Creme & Butter,'MUK200050709,'UK200050709,Joonbyrd,Sunday Sofa Body Butter 200 ML,https://www.spacenk.com/uk/bath-body/body-moisturiser-oils/body-creme-butter/sunday-sofa-body-butter-MUK200050709.html?dwvar_MUK200050709_size=UK200050709&pid=MUK200050709&quantity=1,https://www.spacenk.com/dw/image/v2/ABCE_PRD/on/demandware.static/-/Sites-spacenkmastercatalog/default/dwf766b781/products/JOONBYRD/UK200050709_JOONBYRD.jpg?sw=582&sh=582,"Aqua/water/eau, butyrospermum parkii (shea) butter, behenyl alcohol, myristyl myristate, dicaprylyl ether, glycerin, lauryl laurate, cetearyl ethylhexanoate, parfum (fragrance), glyceryl stearate se, niacinamide, polyglyceryl-3 methylglucose distearate, nephelium lappaceum branch/fruit/leaf extract, sodium hyaluronate, inulin, acanthopanax senticosus (eleuthero) root extract, avena sativa (oat) kernel oil, serine, alanine, glycine, glutamic acid, phyllanthus emblica fruit extract, prunus armeniaca (apricot) kernel extract, sesamum indicum (sesame) seed extract, terminalia ferdinandiana fruit powder, lysine hcl, threonine, sodium stearoyl glutamate, sodium pca, maltodextrin, hydroxyacetophenone, citric acid, betaine, sodium lactate, pca, xanthan gum, disodium edta, arginine, phenoxyethanol, potassium sorbate, sodium benzoate, sodium hydroxide, arginine levulinate, proline, benzophenone-4, benzyl salicylate, linalool, eugenol, caramel, ci 19140 (yellow 5), ci 15985 (yellow 6), ci 17200 (red 33).",'4.6,'36
Bath & Body,Body Creme & Butter,'MUK200050709,'UK200051052,Joonbyrd,Sunday Sofa Body Butter 30 ML,https://www.spacenk.com/uk/bath-body/body-moisturiser-oils/body-creme-butter/sunday-sofa-body-butter-MUK200050709.html?dwvar_MUK200050709_size=UK200051052&pid=MUK200050709&quantity=1,https://www.spacenk.com/dw/image/v2/ABCE_PRD/on/demandware.static/-/Sites-spacenkmastercatalog/default/dw29fd8462/products/JOONBYRD/UK200051052_JOONBYRD.jpg?sw=582&sh=582,"Aqua/water/eau, butyrospermum parkii (shea) butter, behenyl alcohol, myristyl myristate, dicaprylyl ether, glycerin, lauryl laurate, cetearyl ethylhexanoate, parfum (fragrance), glyceryl stearate se, niacinamide, polyglyceryl-3 methylglucose distearate, nephelium lappaceum branch/fruit/leaf extract, sodium hyaluronate, inulin, acanthopanax senticosus (eleuthero) root extract, avena sativa (oat) kernel oil, serine, alanine, glycine, glutamic acid, phyllanthus emblica fruit extract, prunus armeniaca (apricot) kernel extract, sesamum indicum (sesame) seed extract, terminalia ferdinandiana fruit powder, lysine hcl, threonine, sodium stearoyl glutamate, sodium pca, maltodextrin, hydroxyacetophenone, citric acid, betaine, sodium lactate, pca, xanthan gum, disodium edta, arginine, phenoxyethanol, potassium sorbate, sodium benzoate, sodium hydroxide, arginine levulinate, proline, benzophenone-4, benzyl salicylate, linalool, eugenol, caramel, ci 19140 (yellow 5), ci 15985 (yellow 6), ci 17200 (red 33).",'4.6,'36
Bath & Body,Body Creme & Butter,'MUK200033705,'UK200033705,Caudalie,Moisturising Vegan Body Butter 25,https://www.spacenk.com/uk/bath-body/body-moisturiser-oils/body-creme-butter/moisturising-vegan-body-butter-MUK200033705.html?dwvar_MUK200033705_size=UK200033705&pid=MUK200033705&quantity=1,https://www.spacenk.com/dw/image/v2/ABCE_PRD/on/demandware.static/-/Sites-spacenkmastercatalog/default/dw9bad5439/products/CAUDALIE/UK200033705_CAUDALIE.jpg?sw=582&sh=582,"Aqua/water/eau, butyrospermum parkii (shea) butter extract, glycerin, cococaprylate/ caprate, vitis vinifera (grape) seed oil, c10-18 triglycerides, hexyldecyl stearate, isocetyl stearate, octyldodecyl myristate, sucrose distearate, sucrose stearate, balanites roxburghii seed oil, prunus amygdalus dulcis (sweet almond) oil, saccharide isomerate, polyacrylate crosspolymer-6, caprylyl glycol, ethylhexylglycerin, potassium sorbate, xanthan gum, tocopherol, helianthus annuus (sunflower) seed oil, sodium phytate, citric acid, sodium citrate, parfum (fragrance).(322/023)",'4.5,'40
Bath & Body,Body Oil,'MUK200053926,'UK200053926,Elemis,Frangipani Monoi Body Oil 100 ML,https://www.spacenk.com/uk/bath-body/body-moisturiser-oils/body-oil/frangipani-monoi-body-oil-MUK200053926.html?dwvar_MUK200053926_size=UK200053926&pid=MUK200053926&quantity=1,https://www.spacenk.com/dw/image/v2/ABCE_PRD/on/demandware.static/-/Sites-spacenkmastercatalog/default/dwfb8d4eaf/products/ELEMIS/UK200053926_ELEMIS.jpg?sw=582&sh=582,"Ingredients: cocos nucifera (coconut) oil, gardenia tahitensis flower, fragrance (parfum), tocopherol, amyl cinnamal, linalool, benzyl salicylate, hydroxycitronellal, plumeria rubra flower extract, benzyl benzoate. *ingredient lists may vary. for the most updated version, please refer to the product packaging.",'4.5,'318
Bath & Body,Body Treatments,'MUK200029664,'UK200029664,Sisley-paris,Le Sculpteur 200 ML,https://www.spacenk.com/uk/bath-body/body-treatment/body-treatments/le-sculpteur-MUK200029664.html?dwvar_MUK200029664_size=UK200029664&pid=MUK200029664&quantity=1,https://www.spacenk.com/dw/image/v2/ABCE_PRD/on/demandware.static/-/Sites-spacenkmastercatalog/default/dwa61d288e/products/SISLEY/UK200029664_SISLEY.jpg?sw=582&sh=582,"Aqua/water/eau, alcohol denat., pentylene glycol, butylene glycol, butyrospermum parkii (shea) butter, caffeine, peg-7 glyceryl cocoate, caprylic/capric triglyceride, hydroxyethyl acrylate/sodium acryloyldimethyl taurate copolymer, carapa guaianensis seed oil, saccharide isomerate, tocopheryl acetate, schinus terebinthifolia seed extract, zingiber zerumbet extract, citrus nobilis (mandarin orange) fruit extract, lavandula angustifolia (lavender) oil, thymus mastichina flower oil, cedrol, rosmarinus officinalis (rosemary) leaf oil, salvia officinalis (sage) oil, ethylhexyl palmitate, octyldodecanol, propanediol, octyldodecyl xyloside, peg-30 dipolyhydroxystearate, polysorbate 60, sorbitan isostearate, citric acid, disodium phosphate, xanthan gum, sodium phosphate, glyceryl caprylate, sodium citrate, sodium hydroxide, tocopherol, linalool, limonene, geraniol, citral. il#1a",'4.4,'44
Bath & Body,Body Creme & Butter,'MUK200004549,'UK200004549,Diptyque,Rich Body Butter 200ml 200 ML,https://www.spacenk.com/uk/bath-body/body-moisturiser-oils/body-creme-butter/rich-body-butter-MUK200004549.html?dwvar_MUK200004549_size=UK200004549&pid=MUK200004549&quantity=1,https://www.spacenk.com/dw/image/v2/ABCE_PRD/on/demandware.static/-/Sites-spacenkmastercatalog/default/dw034bcaf9/products/DIPTYQUE/UK200004549_DIPTYQUE.jpg?sw=582&sh=582,Aqua (water) - cetearyl ethylhexanoate - macadamia integrifolia seed oil - glycerin - prunus persica (peach) kernel oil - lauryl laurate - cetearyl alcohol - glyceryl stearate - tridecyl stearate - parfum (fragrance) - sodium polyacrylate - corylus avellana (hazelnut) seed oil - rosa damascena flower water - tridecyl trimellitate - ceteareth-20 - hydrogenated vegetable oil 1 - argania spinosa kernel oil - mel (honey) - ceteareth-12 - dipentaerythrityl hexacaprylate/hexacaprate - benzyl benzoate - geraniol - citronellol - benzyl cinnamate - limonene - linalool - citral - ethylhexyl methoxycinnamate - ethylhexyl salicylate - butyl methoxydibenzoylmethane - benzyl alcohol - dehydroacetic acid - tocopheryl acetate - bht. 1 soybean oil,'4.4,'36
Bath & Body,Body Lotion,'MUK300056558,'UK300056558,Sisley-paris,Velvet Nourishing Body Cream 200 ML,https://www.spacenk.com/uk/bath-body/body-moisturiser-oils/body-lotion/velvet-nourishing-body-cream-MUK300056558.html?dwvar_MUK300056558_size=UK300056558&pid=MUK300056558&quantity=1,https://www.spacenk.com/dw/image/v2/ABCE_PRD/on/demandware.static/-/Sites-spacenkmastercatalog/default/dw79c91453/products/SISLEY/UK300056558_SISLEY.jpg?sw=582&sh=582,"Aqua/water/eau, c10-18 triglycerides, propylheptyl caprylate, orbignya oleifera seed oil, tribehenin peg-20 esters, butyrospermum parkii (shea) butter, glycerin, butylene glycol, macadamia integrifolia seed oil, pentylene glycol, saccharide isomerate, panthenol, ophiopogon japonicus root extract, crocus sativus flower extract, harpagophytum procumbens root extract, sodium polyacrylate, glyceryl stearate, peg-100 stearate, hydroxypropyl starch phosphate, ethylhexylglycerin, propanediol, carbomer, disodium edta, glycine soja (soybean) oil, sodium hydroxide, citric acid, sodium citrate, parfum/fragrance, sodium benzoate, potassium sorbate, tocopherol, geraniol, citronellol. il#1a",'4.2,'22
Bath & Body,Body Creme & Butter,'MUK200027415,'UK200027415,Neom,Real Luxury Magnesium Body Butter 200 ML,https://www.spacenk.com/uk/bath-body/body-moisturiser-oils/body-creme-butter/real-luxury-magnesium-body-butter-MUK200027415.html?dwvar_MUK200027415_size=UK200027415&pid=MUK200027415&quantity=1,https://www.spacenk.com/dw/image/v2/ABCE_PRD/on/demandware.static/-/Sites-spacenkmastercatalog/default/dwf3b4cb8a/products/NEOM/UK200027415_NEOM.jpg?sw=582&sh=582,,'4.4,'13
Bath & Body,Body Oil,'MUK300003216,'UK300003216,Tata harper,Revitalising Body Oil 125 ML,https://www.spacenk.com/uk/bath-body/body-moisturiser-oils/body-oil/revitalising-body-oil-MUK300003216.html?dwvar_MUK300003216_size=UK300003216&pid=MUK300003216&quantity=1,https://www.spacenk.com/dw/image/v2/ABCE_PRD/on/demandware.static/-/Sites-spacenkmastercatalog/default/dw8273f363/products/TATA/UK300003216_TATA.jpg?sw=582&sh=582,"Helianthus annuus (sunflower) seed oil*, olea europaea (olive) oil*, sambucus nigra fruit extract, argania spinosa kernel oil*, camellia oleifera seed oil*, camellia sinensis (green tea) seed oil*, oenothera biennis (evening primrose) oil*, prunus armeniaca (apricot) kernel oil*, simmondsia chinensis (jojoba) seed oil*, vitis vinifera (grape) seed oil*, plukenetia volubilis seed oil*, arnica montana (arnica) extract*, borago officinalis (borage) leaf extract*, **boswellia carterii oil*, calendula officinalis (calendula) flower extract*, **citrus aurantium (neroli) oil, **citrus paradisi (grapefruit) oil, **jasminum grandiflorum (jasmine) co2 extract, medicago sativa (alfalfa) extract*, **pelargonium graveolens (geranium) oil, **santalum spicatum (sandalwood) wood oil, spiraea ulmaria (meadowsweet) extract*, tocopherol, limonene, linalool, citronellol, geraniol, farnesol, benzyl benzoate, citral, eugenol, benzyl alcohol",'4.8,'614
Bath & Body,Hand & Feet,'MUK200014956,'UK200014956,Margaret dabbs london,Intensive Hydrating Hand Lotion 200 ML,https://www.spacenk.com/uk/bath-body/body-moisturiser-oils/hand-feet/intensive-hydrating-hand-lotion-MUK200014956.html?dwvar_MUK200014956_size=UK200014956&pid=MUK200014956&quantity=1,https://www.spacenk.com/dw/image/v2/ABCE_PRD/on/demandware.static/-/Sites-spacenkmastercatalog/default/dwf85e8ab1/products/MARGARET_D/UK200014956_MARGARET_D.jpg?sw=582&sh=582,Aqua (water) caprylic/capric triglyceride cetearyl alcohol dromiceius (emu) oil glyceryl stearate steareth-21 phenoxyethanol parfum (fragrance) prunus amygdalus dulcis (sweet almond) oil steareth-2 carbomer disodium edta ethylhexylglycerin glycerin laminaria ochroleuca extract sodium hydroxide alaria esculenta extract cannabis sativa seed extract nymphaea alba root extract rosa spinosissima fruit extract symphytum officinale root extract citric acid sodium benzoate potassium sorbate limonene geraniol citronellol linalool citral,'4.4,'49
Bath & Body,Hand & Feet,'MUK200028666,'UK200028666,Ouai,Hand Crème 88 ML,https://www.spacenk.com/uk/bath-body/body-moisturiser-oils/hand-feet/hand-creme-MUK200028666.html?dwvar_MUK200028666_size=UK200028666&pid=MUK200028666&quantity=1,https://www.spacenk.com/dw/image/v2/ABCE_PRD/on/demandware.static/-/Sites-spacenkmastercatalog/default/dwc4496d9a/products/OUAI/UK200028666_OUAI.jpg?sw=582&sh=582,"Water / aqua / eau, caprylic/capric triglyceride, cetyl alcohol, phenyl trimethicone, isododecane , methyl glucose sesquistearate, glycerin, sodium stearoyl glutamate, hydroxyethyl acrylate/sodium acryloyldimethyl taurate copolymer, cocos nucifera (coconut) oil, glyceryl stearate citrate, cetearyl alcohol, theobroma grandiflorum seed butter, butyrospermum parkii (shea) butter, astrocaryum murumuru seed butter, persea gratissima (avocado) oil, rosa canina fruit oil, squalane, polysorbate 60, sorbitan isostearate, glyceryl caprylate, xanthan gum, alcohol, sodium phytate, benzophenone-4, tocopherol, sodium chloride, citric acid, ethylhexylglycerin, phenoxyethanol, fragrance / parfum, benzyl benzoate, benzyl salicylate, citronellol, geraniol, hexyl cinnamal, hydroxycitronellal, linalool.",'4.7,'16
Bath & Body,Body Lotion,'MUK200026703,'UK200026703,Jo loves,White Rose & Lemon Leaves A Body Lotion 275 ML,https://www.spacenk.com/uk/bath-body/body-moisturiser-oils/body-lotion/white-rose-lemon-leaves-a-body-lotion-MUK200026703.html?dwvar_MUK200026703_size=UK200026703&pid=MUK200026703&quantity=1,https://www.spacenk.com/dw/image/v2/ABCE_PRD/on/demandware.static/-/Sites-spacenkmastercatalog/default/dw0e53254e/products/JO_LOVES/UK200026703_JO_LOVES.jpg?sw=582&sh=582,"Aqua (water), cetearyl alcohol, parfum (fragrance), vitis vinifera (grape) seed oil, stearic acid, dimethicone, glycerin, prunus amygdalus dulcis (sweet almond) oil, panthenol, theobroma cacao (cocoa) seed butter, tocopheryl acetate, ceteareth-20, phenoxyethanol, carbomer, citronellol, sodium hydroxide, ethylhexylglycerin, geraniol, disodium edta, citral, alpha-isomethyl ionone, tocopherol, linalool",'4.1,'15
Bath & Body,Hand & Feet,'MUK200052845,'UK200052845,Space nk,Paros Tides Hand Lotion 35,https://www.spacenk.com/uk/bath-body/body-moisturiser-oils/hand-feet/paros-tides-hand-lotion-MUK200052845.html?dwvar_MUK200052845_size=UK200052845&pid=MUK200052845&quantity=1,https://www.spacenk.com/dw/image/v2/ABCE_PRD/on/demandware.static/-/Sites-spacenkmastercatalog/default/dw0db9179d/products/NK/UK200052845_NK.jpg?sw=582&sh=582,"Aqua (water), glycerin, vitis vinifera (grape) seed oil, caprylic/capric triglyceride, cetearyl alcohol, butyrospermum parkii (shea) butter, arachidyl alcohol, cetyl alcohol, parfum (fragrance), phenoxyethanol, behenyl alcohol, arachidyl glucoside, carbomer, maris sal (sea salt), xanthan gum, squalane, simmondsia chinensis (jojoba) seed oil, ethylhexylglycerin, lactobacillus/punica granatum fruit ferment extract, sodium hydroxide, ocimum sanctum leaf extract. allergens: citral. coumarin. geraniol. hydroxycitronellal. limonene. linalool. alpha-isomethyl ionone. tetramethyl acetyloctahydronaphthalenes. linalyl acetate. rose ketones. pinene.",'4.7,'6
Bath & Body,Body Lotion,'MUK200024001,'UK200024001,Byredo,Rose of No Man’s Land Body Lotion 225 ML,https://www.spacenk.com/uk/bath-body/body-moisturiser-oils/body-lotion/rose-of-no-mans-land-body-lotion-MUK200024001.html?dwvar_MUK200024001_size=UK200024001&pid=MUK200024001&quantity=1,https://www.spacenk.com/dw/image/v2/ABCE_PRD/on/demandware.static/-/Sites-spacenkmastercatalog/default/dw1f9691a7/products/BYREDO/UK200024001_BYREDO.jpg?sw=582&sh=582,"Aqua (water), caprylic/capric triglyceride, butylene glycol, parfum (fragrance), steareth-2, butyrospermum parkii (shea) butter, dimethicone, glycerin, steareth-21, polymethyl methacrylate, cetyl alcohol, phenoxyethanol, xanthan gum, ethylhexyl methoxycinnamate, butyl methoxydibenzoylmethane, caprylyl glycol, tocopheryl acetate, acrylates/c10-30 alkyl acrylate crosspolymer, disodium edta, potassium hydroxide, limonene, citronellol, bht.",'4.7,'38
Bath & Body,Body Lotion,'MUK200048714,'UK200048714,This works,Perfect Body Vit C Glow 150 ML,https://www.spacenk.com/uk/bath-body/body-moisturiser-oils/body-lotion/perfect-body-vit-c-glow-MUK200048714.html?dwvar_MUK200048714_size=UK200048714&pid=MUK200048714&quantity=1,https://www.spacenk.com/dw/image/v2/ABCE_PRD/on/demandware.static/-/Sites-spacenkmastercatalog/default/dw6187944d/products/THIS_WORKS/UK200048714_THIS_WORKS.jpg?sw=582&sh=582,"Aqua (water), glycerin, caprylic/capric triglyceride, cetearyl alcohol, stearic acid, ascorbyl glucoside, butyrospermum parkii (shea) butter, glyceryl stearate se, benzyl alcohol, carbomer, sodium hydroxide, parfum (fragrance), ethylhexylglycerin, limonene*, sodium hyaluronate, linalool*, citronellol*, cyanocobalamin, geraniol*, tocopherol, evernia prunastri (oakmoss) extract, amyris balsamifera bark oil, boswellia carterii resin extract, cinnamomum camphora linalooliferum wood oil, citrus aurantium dulcis peel oil expressed, pelargonium graveolens (geranium) oil, pogostemon cablin leaf oil, boswellia carterii oil, rosa centifolia flower extract, vanilla planifolia fruit extract, eugenol*, helianthus annuus (sunflower) seed oil, eugenia caryophyllus (clove) bud oil, hibiscus abelmoschus seed extract, styrax tonkinensis resin extract. * naturally occurring essential oils.",'4.9,'7
Bath & Body,Hand & Feet,'MUS300026153,'US300026153,Byredo,Mojave Ghost Hand Cream Travel Size 30 ML,https://www.spacenk.com/uk/bath-body/body-moisturiser-oils/hand-feet/mojave-ghost-hand-cream-travel-size-MUS300026153.html?dwvar_MUS300026153_size=US300026153&pid=MUS300026153&quantity=1,https://www.spacenk.com/dw/image/v2/ABCE_PRD/on/demandware.static/-/Sites-spacenkmastercatalog/default/dw5f0df9e8/products/BYREDO/US300026153_BYREDO.jpg?sw=582&sh=582,"Aqua (water), butyrospermum parkii (shea) butter, parfum (fragrance), glyceryl stearate, peg-100 stearate, alcohol, butylene glycol, glycerin, cetearyl alcohol, polyacrylamide, ceteareth-22, c13-14 isoparaffin, dimethicone, phenoxyethanol, caprylyl glycol, xanthan gum, laureth-7, disodium edta, alpha-isomethyl ionone, bht, sodium hydroxide.",'4.3,'33
Bath & Body,Body Lotion,'MUS300026168,'US300026168,Byredo,Mojave Ghost Body Lotion 225 ML,https://www.spacenk.com/uk/bath-body/body-moisturiser-oils/body-lotion/mojave-ghost-body-lotion-MUS300026168.html?dwvar_MUS300026168_size=US300026168&pid=MUS300026168&quantity=1,https://www.spacenk.com/dw/image/v2/ABCE_PRD/on/demandware.static/-/Sites-spacenkmastercatalog/default/dwf4c8f658/products/BYREDO/US300026168_BYREDO.jpg?sw=582&sh=582,"Aqua (water), caprylic/capric triglyceride, parfum (fragrance), steareth-2, butylene glycol, butyrospermum parkii (shea) butter, dimethicone, glycerin, steareth-21, polymethyl methacrylate, cetyl alcohol, phenoxyethanol, xanthan gum, ethylhexyl methoxycinnamate, butyl methoxydibenzoylmethane, caprylyl glycol, tocopheryl acetate, acrylates/c10-30 alkyl acrylate crosspolymer, disodium edta, alpha-isomethyl ionone, potassium hydroxide, isoeugenol, bht.",'4.5,'31
Bath & Body,Body Creme & Butter,'MUK200036788,'UK200036788,Nursem,Ultra Caring Body Balm 250 ML,https://www.spacenk.com/uk/bath-body/body-moisturiser-oils/body-creme-butter/ultra-caring-body-balm-MUK200036788.html?dwvar_MUK200036788_size=UK200036788&pid=MUK200036788&quantity=1,https://www.spacenk.com/dw/image/v2/ABCE_PRD/on/demandware.static/-/Sites-spacenkmastercatalog/default/dw8138311f/products/NURSEM/UK200036788_NURSEM.jpg?sw=582&sh=582,"Aqua (water), butyrospermum parkii (shea) butter, glycerin, theobroma cacao (cocoa) seed butter, caprylic/capric triglyceride, avena sativa (oat) kernel flour, myristyl lactate, niacinamide, panthenol, cetearyl alcohol, allantoin, triheptanoin, helianthus annuus (sunflower) seed wax, c13-16 isoalkane, glyceryl stearate, jojoba esters, stearic acid, ophiopogon japonicus root extract, chondrus crispus (carrageenan), sodium benzoate, citric acid, xanthan gum, sodium stearoyl glutamate, potassium sorbate, tetrasodium glutamate diacetate, maltodextrin, tocopheryl acetate, polyglycerin-3",'4.8,'13
Bath & Body,Body Lotion,'MUK200054678,'UK200054678,Environ,Alpha Hydroxy Derma-Lac Lotion 200 ML,https://www.spacenk.com/uk/bath-body/body-moisturiser-oils/body-lotion/alpha-hydroxy-derma-lac-lotion-MUK200054678.html?dwvar_MUK200054678_size=UK200054678&pid=MUK200054678&quantity=1,https://www.spacenk.com/dw/image/v2/ABCE_PRD/on/demandware.static/-/Sites-spacenkmastercatalog/default/dw19a6a94c/products/ENVIRON/UK200054678_ENVIRON.jpg?sw=582&sh=582,"Aqua (water), ammonium lactate, glycerin, urea, polysorbate 20, lactic acid, propylene glycol, disodium edta, ethylhexylglycerin, hydroxyethylcellulose, parfum (fragrance), tocopherol, phenoxyethanol, benzyl alcohol, limonene, linalool.",'5.0,'2
Bath & Body,Hand & Feet,'MUK200034212,'UK200034212,Byredo,Bal D' Afrique Hand Cream Travel Size 30 ML,https://www.spacenk.com/uk/bath-body/body-moisturiser-oils/hand-feet/bal-d-afrique-hand-cream-travel-size-MUK200034212.html?dwvar_MUK200034212_size=UK200034212&pid=MUK200034212&quantity=1,https://www.spacenk.com/dw/image/v2/ABCE_PRD/on/demandware.static/-/Sites-spacenkmastercatalog/default/dw9b449536/products/BYREDO/UK200034212_BYREDO.jpg?sw=582&sh=582,"Aqua (water), butyrospermum parkii (shea) butter, parfum (fragrance), glyceryl stearate, peg-100 stearate, alcohol, butylene glycol, glycerin, cetearyl alcohol, polyacrylamide, ceteareth-20, c13-14 isoparaffin, dimethicone, phenoxyethanol, caprylyl glycol, xanthan gum, limonene, laureth-7, disodium edta, alpha-isomethyl ionone, hydroxycitronellal, bht, linalool, coumarin, sodium hydroxide, citral.",'4.9,'16
Bath & Body,Body Lotion,'MUK200036878,'UK200036878,Biossance,Squalane + Caffeine Toning Body Cream 200 ML,https://www.spacenk.com/uk/bath-body/body-moisturiser-oils/body-lotion/squalane-caffeine-toning-body-cream-MUK200036878.html?dwvar_MUK200036878_size=UK200036878&pid=MUK200036878&quantity=1,https://www.spacenk.com/dw/image/v2/ABCE_PRD/on/demandware.static/-/Sites-spacenkmastercatalog/default/dw5cd4624e/products/BIOSSANCE/UK200036878_BIOSSANCE.jpg?sw=582&sh=582,"Water/aqua/eau, squalane, caprylic/capric triglyceride, glycerin, sorbitan olivate, cetearyl olivate, jojoba esters, behenyl alcohol, cetyl palmitate, caffeine, niacinamide, plankton extract, sorbitan palmitate, hydroxyethyl acrylate/sodium acryloyldimethyl taurate copolymer, tocopherol, sodium gluconate, ethylhexylglycerin, phenoxyethanol, citric acid.",'4.7,'264
Bath & Body,Body Oil,'MUK200039359,'UK200039359,Tatcha,Hinoki Body Oil 100 ML,https://www.spacenk.com/uk/bath-body/body-moisturiser-oils/body-oil/hinoki-body-oil-MUK200039359.html?dwvar_MUK200039359_size=UK200039359&pid=MUK200039359&quantity=1,https://www.spacenk.com/dw/image/v2/ABCE_PRD/on/demandware.static/-/Sites-spacenkmastercatalog/default/dwcd8f0a9e/products/TATCHA/UK200039359_TATCHA.jpg?sw=582&sh=582,"Oryza sativa (rice) bran oil, olea europaea (olive) fruit oil, ricinus communis (castor) seed oil, simmondsia chinensis (jojoba) seed oil, cocos nucifera (coconut) oil, parfum/fragrance, camellia japonica seed oil, polyglyceryl-10 pentaisostearate, argania spinosa kernel oil, chamaecyparis obtusa wood oil, squalane, chamaecyparis obtusa water, saccharomyces/rice ferment filtrate, camellia sinensis leaf extract, cladosiphon okamuranus extract, prunus persica (peach) leaf extract, ceramide np, propanediol, butylene glycol, tocopherol, tremella fuciformis polysaccharide, aqua/water/eau, citronellol, geraniol, farnesol, limonene, linalool, ethylhexylglycerin, phenoxyethanol",'4.8,'240
Bath & Body,Hand & Feet,'MUK200019388,'UK200019388,Diptyque,Hand Cream Eau Rose 45 ML,https://www.spacenk.com/uk/bath-body/body-moisturiser-oils/hand-feet/hand-cream-eau-rose-MUK200019388.html?dwvar_MUK200019388_size=UK200019388&pid=MUK200019388&quantity=1,https://www.spacenk.com/dw/image/v2/ABCE_PRD/on/demandware.static/-/Sites-spacenkmastercatalog/default/dw159242ef/products/DIPTYQUE/UK200019388_DIPTYQUE.jpg?sw=582&sh=582,Aqua (water) – glycerin - coco-caprylate/caprate - macadamia integrifolia seed oil – silica - parfum (fragrance) - cetyl alcohol - pentylene glycol - glyceryl stearate - peg-100 stearate – carbomer - stearic acid - palmitic acid – chlorphenesin - sodium benzoate - sodium hydroxide - sodium hyaluronate - aloe barbadensis leaf juice powder – tocopherol – geraniol - hexyl cinnamal – hydroxycitronellal - alpha-isomethyl ionone – citronellol – limonene - linalool,'4.2,'24
Bath & Body,Hand & Feet,'MUK200034445,'UK200034445,Fresh,Milk Hand Cream 5,https://www.spacenk.com/uk/bath-body/body-moisturiser-oils/hand-feet/milk-hand-cream-MUK200034445.html?dwvar_MUK200034445_size=UK200034445&pid=MUK200034445&quantity=1,https://www.spacenk.com/dw/image/v2/ABCE_PRD/on/demandware.static/-/Sites-spacenkmastercatalog/default/dweb8f4df5/products/FRESH/UK200034445_FRESH.jpg?sw=582&sh=582,"Aqua (water), glycerin, squalane, butylene glycol, pentylene glycol, jojoba esters, cetearyl alcohol, hydrogenated coco-glycerides, octyldodecanol, olus oil (vegetable oil), hydroxyethyl acrylate/sodium acryloyldimethyl taurate copolymer, irvingia gabonensis kernel butter, candelilla cera (euphorbia cerifera (candelilla) wax), olea europaea (olive) fruit oil, centella asiatica extract, linum usitatissimum (linseed) seed extract, hydrolyzed rice bran protein, linum usitatissimum (linseed) seed oil, cetearyl glucoside, behenyl alcohol, sodium stearoyl glutamate, caprylyl glycol, hydrogenated vegetable oil , niacinamide, sodium hyaluronate, polysorbate 60, sorbitan isostearate, citric acid, sodium citrate, parfum (fragrance), xanthan gum, tocopherol, sodium hydroxide, biotin, glucose, pentaerythrityl tetra-di-t-butyl hydroxyhydrocinnamate, chlorphenesin, sodium benzoate, sorbic acid <16352>",'4.8,'532
Bath & Body,Hand & Feet,'MUK200038704,'UK200038704,Laura mercier,Almond Coconut Hand Cream 5,https://www.spacenk.com/uk/bath-body/body-moisturiser-oils/hand-feet/almond-coconut-hand-cream-MUK200038704.html?dwvar_MUK200038704_size=UK200038704&pid=MUK200038704&quantity=1,https://www.spacenk.com/dw/image/v2/ABCE_PRD/on/demandware.static/-/Sites-spacenkmastercatalog/default/dw1e7abc06/products/LAURA_MERC/UK200038704_LAURA_MERC.jpg?sw=582&sh=582,"Aqua/water/eau, c12-15 alkyl benzoate, theobroma cacao (cocoa) seed butter, glycerin, cetearyl olivate, squalane, sorbitan olivate, fragrance (parfum), cetearyl alcohol, tapioca starch, butyrospermum parkii (shea) butter, helianthus annuus (sunflower) seed oil, mangifera indica (mango) seed butter, borago officinalis seed oil, prunus domestica seed oil, porphyridium cruentum extract, olea europaea (olive) leaf extract, acrylates/c10-30 alkyl acrylate crosspolymer, tetrasodium glutamate diacetate, hydroxyacetophenone, tocopherol, sodium hydroxide, maris aqua/sea water/eau de mer, propanediol, citric acid, 1,2-hexanediol, caprylyl glycol, hydroxycitronellal, benzyl salicylate, limonene, potassium sorbate, sodium benzoate, benzyl alcohol.",'4.4,'24
Bath & Body,Body Lotion,'MUK200018981,'UK200018981,Malin + goetz,Dark Rum Body Lotion 250 ML,https://www.spacenk.com/uk/bath-body/body-moisturiser-oils/body-lotion/dark-rum-body-lotion-MUK200018981.html?dwvar_MUK200018981_size=UK200018981&pid=MUK200018981&quantity=1,https://www.spacenk.com/dw/image/v2/ABCE_PRD/on/demandware.static/-/Sites-spacenkmastercatalog/default/dw5b4f82a2/products/MALIN_GO/UK200018981_MALIN_GO.jpg?sw=582&sh=582,"Water/aqua/eau, caprylic/capric triglyceride, glycerin, isopropyl palmitate, dimethicone, cetearyl alcohol, glyceryl stearate, peg-100 stearate, pentylene glycol, persea gratissima (avocado) oil unsaponifiables, vitis vinifera (grape) seed oil, phenoxyethanol, fragrance (parfum), magnesium aluminum silicate, castoryl maleate, panthenol, xanthan gum, sodium benzoate, ethylhexylglycerin, disodium edta, tocopheryl acetate, bisabolol, citric acid, farnesol, sodium hyaluronate, calcium pantothenate, sodium pca, sodium lactate, arginine, aspartic acid, pca, glycine, alanine, serine, valine, isoleucine, proline, threonine, phenylalanine, histidine, limonene, coumarin, hydroxycitronellal, linalool",'4.4,'70
Bath & Body,Body Oil,'MUK200016614,'UK200016614,Mauli,Surrender Body Oil 130 ML,https://www.spacenk.com/uk/bath-body/body-moisturiser-oils/body-oil/surrender-body-oil-MUK200016614.html?dwvar_MUK200016614_size=UK200016614&pid=MUK200016614&quantity=1,https://www.spacenk.com/dw/image/v2/ABCE_PRD/on/demandware.static/-/Sites-spacenkmastercatalog/default/dwbddf9f3f/products/MAULI/UK200016614_MAULI.jpg?sw=582&sh=582,"A base of almond and sesame oils, with therapeutic grade essential oils of chamomile, frankincense, sandalwood, cedarwood, spikenard, ylang ylang, orange peel, rose damascene, lavender, geranium, vetiver, may chang and sweet marjoram with vitamin e.",'4.8,'25
Bath & Body,Suncare Sets,'MUK200051356,'UK200051356,Institut esthederm,Summer Travel Kit ,https://www.spacenk.com/uk/summer-travel-kit-MUK200051356.html?dwvar_MUK200051356_size=UK200051356&pid=MUK200051356&quantity=1,https://www.spacenk.com/dw/image/v2/ABCE_PRD/on/demandware.static/-/Sites-spacenkmastercatalog/default/dwd1e2a4e4/products/INSTITUT_E/UK200051356_INSTITUT_E.jpg?sw=582&sh=582,"Bronz repair uva/uvb face suncreen strong sun : aqua/water /eau,homosalate , ethylhexyl, methoxycrylene, glycerin, glyceryl stearatet,ethylhexyl salicylate, cococaprylate/ caprate, propanediol, silica, butyl methoxydibenzoylmethane, dimethicone, caprylyl methicone, peg-100 stearate cera alba / beeswax/ cire d abeille, tocopheryl acetate , cethyl alcohol, benzotriazolyl dodecyl p- cresol, oryzanol, pentylen glycol, vp / eicosene copolymer, fragrance , glycyrrhetinic acide, mannitol, methylpropanediol, pongamol, soybean glycerides, polysilicone -11, polyacrylate crosspolymer -6, butylene glycol, acetyl tyrosine, aspartic acid, helianthus annuus seed oil, xanthan gum , hydrogenated castor oil,sodium #citrate, sodium dextran sulfate, hydrolysed soy protein, oleoyl tyrosine, creatine,diproxycitronellal, oleic acid, propylene glycol, aminoethanesulfinic acid, limonene, phenoxyethanol, carbomer, sodium lactate, benzyl benzoate, caprylyl glycol, geraniol, polysorbate 20, citronellol, copper gluconate, asiaticoside, madecassic acid, carnosine, isoeugenol, tocopherol, coumarin, asiatic acid, disodium adenosine triphosphate, citral, artemia extract, medicago sativa extract, laminaria digitata extract, palmitoyl tripeptide-1, palmitoyl tetrapeptide-7, acetyl hexapeptide-1 , dextran. tan prolonging body lotion : aqua, coco-caprylate, glycerin, dipropylene glycol, butylene glycol, glycol palmitate, tocopheryl acetate, pentylene glycol, cetyl alcohol, glyceryl stearate, creatine, fragrance, glycyrrhetinic acid, mannitol, methylpropanediol, soybean glycerides, acrylates / c10-30 alkyl acrylate crosspolymer, peg-75 stearate, caprylyl glycol, 1-2 - hexanediol, acetyl tyrosine, aspartic acid, sodium dextran sulfate, helianthus annuus seed oil, sodium citrate, sodium hydroxyde, xanthan gum ,hydrlysed soy protein, oleoyl tyrosine, ceteth-20, steareth-20, hydrolysed wheat protein, propylene glycol, linalool, hexyl cinnamal, hydroxycitronellal, aminoe thanesulfinic acid,medicago sativa extract, oleic acid, pentaerythrityl tetra- di-t-butyl hydroxhydrocinnamate, phenoxyethanol, limonene, benzyl benzoate, geraniol, carnosine, copper gluconate, citronellol, tocopherol, disodium adenosine triphosphate, isoeugenol, coumarin, laminaria digitata extraxt, artemia extract, citral, acetyl hexapeptide-1 dextran , cellular water ( aqua/disodium adenosine triphosphate, isoeugenol, coumarin, laminaria digitata extraxt, artemia extract, cellular water ( aqua / disodium adenosine triphosphate / carnosine / mineral salts). photo reverse spf50+ face sunscreen : aqua, diethylamino hydroxybenzoyl hexyl benzoate, glycerin, dibutyl adipate, ethylhexyl salicylate, ethylhexyl triazine, dimethicone, diisopropyl sebacate, silica, caprylyl methicone, 1-2 hexanediol, tocopheryl acetate, c20-22 alkyl phosphate, glyceryl stearate, mannitol, peg 100 stearate, stearyl glycyrrhetinate c20-22 alcohols, ploy silicone -11 vp/ eicosene copolymer, capryllyl glycol, xanthan gum, butylene glycol, sodium citrate , sodium dextran sulfate , palmaria palmata extract , hydroxyethhyl acrylate/ sodium, acryloyldimethyl taurate copolymer, malttodextrin , hydrolysed soy protein, squalane, creatine, pentaerythrityl, tetra-di-t-butyl hydroxydroxide, aminoethanesulfinic acid, ploysorbate 60, phenoxyethanol, soritan isostearate, carnosine, disodiumadenosine triphospate, artemia extract , laminaria digitata extract, hexapeptide-2 cellular water ( aqua / disodium adenosine triphosphate / carnosine / mineral salts).",'5.0,'3
Bath & Body,Body Lotion,'MUK200040347,'UK200040347,Fresh,Hesperides Grapefruit Body Lotion 300 ML,https://www.spacenk.com/uk/bath-body/body-moisturiser-oils/body-lotion/hesperides-grapefruit-body-lotion-MUK200040347.html?dwvar_MUK200040347_size=UK200040347&pid=MUK200040347&quantity=1,https://www.spacenk.com/dw/image/v2/ABCE_PRD/on/demandware.static/-/Sites-spacenkmastercatalog/default/dw442a3052/products/FRESH/UK200040347_FRESH.jpg?sw=582&sh=582,"Aqua (water),hexyldecanol, hexyldecyl laurate, butylene glycol, polysorbate 60, sorbitan stearate, cetyl alcohol, butyrospermum parkii (shea butter), vaccinium myrtillus fruit extract, saccharum officinarum (sugar cane) extract, citrus aurantium dulcis (orange) fruit extract, citrus limon (lemon) fruit extract, acer saccharum (sugar maple) extract, tocopheryl acetate, ascorbic acid, tocopherol, caprylyl glycol, carbomer, parfum (fragrance), hexylene glycol, allantoin, tetrasodium edta, sodium hydroxide, peg-40 castor oil, bht, phenoxyethanol, limonene, linalool, citral",'4.7,'76
Bath & Body,Body Oil,'MUK200031902,'UK200031902,Bamford,B Silent Organic Body Oil ,https://www.spacenk.com/uk/bath-body/body-moisturiser-oils/body-oil/b-silent-organic-body-oil-MUK200031902.html?dwvar_MUK200031902_size=UK200031902&pid=MUK200031902&quantity=1,https://www.spacenk.com/dw/image/v2/ABCE_PRD/on/demandware.static/-/Sites-spacenkmastercatalog/default/dwa8169fd4/products/BAMFORD/UK200031902_BAMFORD.jpg?sw=582&sh=582,"Carthamus tinctorius (safflower) seed oil*, sesamum indicum (sesame) seed oil*, cannabis sativa (hemp) seed oil*, cocos nucifera (coconut) fruit oil*, helianthus annuus (sunflower) seed oil, lavandula angustifolia (lavender) flower oil*, pelargonium graveolens (rose geranium) flower oil*, pogostemom cablin (patchouli) oil*, vetiveria zizanoides (vetivert) root oil*, anthemis nobilis (chamomile) flower oil*, hypericum perforatum extract*, arnica montana extract*, tocopherol *organically grown ingred",'4.5,'4
Bath & Body,Body Lotion,'MUK200026199,'UK200026199,Margaret dabbs london,Firming Leg Serum 200 ML,https://www.spacenk.com/uk/bath-body/body-moisturiser-oils/body-lotion/firming-leg-serum-MUK200026199.html?dwvar_MUK200026199_size=UK200026199&pid=MUK200026199&quantity=1,https://www.spacenk.com/dw/image/v2/ABCE_PRD/on/demandware.static/-/Sites-spacenkmastercatalog/default/dw0c2c515f/products/MARGARET_D/UK200026199_MARGARET_D.jpg?sw=582&sh=582,"Aqua (water), butylene glycol, crambe abyssinica seed oil, glycerin, caprylic/capric triglyceride, argania spinosa kernel oil, phenoxyethanol, parfum (fragrance), sodium acrylate/sodium acryloyldimethyl taurate copolymer, carbomer, isohexadecane, ethylhexylglycerin, hydroxyethylcellulose, polysorbate 20, zingiber zerumbet extract, ammonium acryloyldimethyltaurate/vp copolymer, panthenol, polysorbate 80, sorbitan oleate, limonene, linalool, citral.",'4.3,'30
Bath & Body,Hand & Feet,'MUK200029616,'UK200029616,Diptyque,Eau Capitale Hand Cream 45 ML,https://www.spacenk.com/uk/bath-body/body-moisturiser-oils/hand-feet/eau-capitale-hand-cream-MUK200029616.html?dwvar_MUK200029616_size=UK200029616&pid=MUK200029616&quantity=1,https://www.spacenk.com/dw/image/v2/ABCE_PRD/on/demandware.static/-/Sites-spacenkmastercatalog/default/dwf7971979/products/DIPTYQUE/UK200029616_DIPTYQUE.jpg?sw=582&sh=582,Aqua (water) - glycerin - coco-caprylate/caprate - macadamia integrifolia seed oil - parfum (fragrance) - silica - cetyl alcohol - pentylene glycol - glyceryl stearate - peg-100 stearate - carbomer - stearic acid - palmitic acid - chlorphenesin - sodium benzoate - alpha-isomethyl ionone - sodium hyaluronate - sodium hydroxide - aloe barbadensis leaf juice powder - limonene - hydroxycitronellal - citronellol - linalool - geraniol - benzyl salicylate - benzyl benzoate - pentaerythrityl tetra-di-t-butyl hydroxyhydrocinnamate - hexyl cinnamal - cinnamal - tocopherol - eugenol - benzyl alcohol - farnesol - citral - bht - methyl benzoate.,'4.6,'8
Bath & Body,Body Treatments,'MUK200038325,'UK200038325,Space nk,Nordic Wilds Body Oil ,https://www.spacenk.com/uk/bath-body/body-treatment/body-treatments/nordic-wilds-body-oil-MUK200038325.html?dwvar_MUK200038325_size=UK200038325&pid=MUK200038325&quantity=1,https://www.spacenk.com/dw/image/v2/ABCE_PRD/on/demandware.static/-/Sites-spacenkmastercatalog/default/dwce029d4c/products/NK/UK200038325_NK.jpg?sw=582&sh=582,"Helianthus annuus (sunflower) seed oil, caprylic/capric triglyceride, olea europaea (olive) husk oil, ethylhexyl stearate, triticum vulgare (wheat) germ oil, simmondsia chinensis (jojoba) seed oil, parfum (fragrance), persea gratissima (avocado) oil, camellia oleifera seed oil, argania spinosa kernel oil, borago officinalis seed oil,tocopherol. allergens: citral. citronellol. coumarin. eugenol. geraniol. hydroxycitronellal. limonene. linalool.",'4.5,'33
Bath & Body,After Sun,'MUK200054174,'UK200054174,Institut esthederm,Shimmering After Sun Body Lotion 20,https://www.spacenk.com/uk/sun-tan/after-suncare/after-sun-/shimmering-after-sun-body-lotion-MUK200054174.html?dwvar_MUK200054174_size=UK200054174&pid=MUK200054174&quantity=1,https://www.spacenk.com/dw/image/v2/ABCE_PRD/on/demandware.static/-/Sites-spacenkmastercatalog/default/dw184da6ee/products/INSTITUT_E/UK200054174_INSTITUT_E.jpg?sw=582&sh=582,"Aqua/water/eau*, caprylic/capric triglyceride, glycerin, dipropylene glycol, glyceryl stearate citrate, c10-18 triglycerides, pentylene glycol, tocopheryl acetate, synthetic fluorphlogopite, chondrus crispus extract, creatine, fragrance (parfum), mannitol, methylpropanediol, soybean glycerides, glycyrrhetinic acid, titanium dioxide (ci 77891), sclerotium gum, acetyl tyrosine, aspartic acid, hydroxyacetophenone, sodium chloride, sodium stearoyl glutamate, helianthus annuus (sunflower) seed oil, sodium citrate, sodium dextran sulfate, iron oxides (ci 77491), hydrolyzed soy protein, oleoyl tyrosine, sodium hydroxide, butylene glycol, hydrolyzed wheat protein, linalool, hexyl cinnamal, propylene glycol, hydroxycitronellal, oleic acid, phenoxyethanol, limonene, caprylyl glycol, benzyl benzoate, geraniol, carnosine, copper gluconate, citronellol, tin oxide, xanthan gum, disodium adenosine triphosphate, isoeugenol, coumarin, laminaria digitata extract, medicago sativa (alfalfa) extract, artemia extract, citral, pentaerythrityl tetra-di-t-butyl hydroxyhydrocinnamate, pongamia glabra seed oil, tocopherol, acetyl hexapeptide-1, dextran. [es2076] *cellular water (aqua/disodium adenosine triphosphate/carnosine/mineral salts)",'5.0,'1
Bath & Body,Hand & Feet,'MUK200029619,'UK200029619,Diptyque,Fleur de Peau Hand Cream 45 ML,https://www.spacenk.com/uk/bath-body/body-moisturiser-oils/hand-feet/fleur-de-peau-hand-cream-MUK200029619.html?dwvar_MUK200029619_size=UK200029619&pid=MUK200029619&quantity=1,https://www.spacenk.com/dw/image/v2/ABCE_PRD/on/demandware.static/-/Sites-spacenkmastercatalog/default/dw9a96865e/products/DIPTYQUE/UK200029619_DIPTYQUE.jpg?sw=582&sh=582,Aqua (water) – glycerin - coco-caprylate/caprate - macadamia integrifolia seed oil - parfum (fragrance) – silica - cetyl alcohol - pentylene glycol - glyceryl stearate - peg-100 stearate – carbomer - stearic acid - palmitic acid – chlorphenesin - sodium benzoate - sodium hyaluronate - sodium hydroxide - aloe barbadensis leaf juice powder – tocopherol – limonene – linalool - alpha-isomethyl ionone - farnesol,'4.1,'16
Bath & Body,Body Oil,'MUK200055921,'UK200055921,Nécessaire,The Body Oil Grapefruit 150 ML,https://www.spacenk.com/uk/bath-body/body-moisturiser-oils/body-oil/the-body-oil-grapefruit-MUK200055921.html?dwvar_MUK200055921_size=UK200055921&pid=MUK200055921&quantity=1,https://www.spacenk.com/dw/image/v2/ABCE_PRD/on/demandware.static/-/Sites-spacenkmastercatalog/default/dwb6e60fa6/products/NECESSAIRE/UK200055921_NECESSAIRE.jpg?sw=582&sh=582,Helianthus annuus (sunflower) seed oil caprylic/capric/stearic triglyceride ricinus communis (castor) seed oil fragrance (parfum) sclerocarya birrea seed oil rosa canina seed oil caryodendron orinocense seed oil capsaicin citrus paradisi (grapefruit) peel oil acetyl hexapeptide-1 copper tripeptide-1 palmitoyl tripeptide-1 palmitoyl tetrapeptide-7 menthyl undecenoyl dipeptide-16 ceramide ag ceramide ap ceramide eop ceramide ng ceramide np brassica alba sprout extract tocopheryl acetate cholesterol lecithin hydrogenated lecithin butylene glycol glyceryl stearate c18-36 acid glycol ester c18-36 acid triglyceride c12-15 alkyl benzoate isopropyl palmitate sorbitan laurate dipropylene glycol water/aqua/eau,'3.6,'25
Bath & Body,Hand & Feet,'MUK200056409,'UK200056409,Victoria beckham beauty,San Ysidro Drive Hand Cream 24 ,https://www.spacenk.com/uk/bath-body/body-moisturiser-oils/hand-feet/san-ysidro-drive-hand-cream-MUK200056409.html?dwvar_MUK200056409_size=UK200056409&pid=MUK200056409&quantity=1,https://www.spacenk.com/dw/image/v2/ABCE_PRD/on/demandware.static/-/Sites-spacenkmastercatalog/default/dw984fc611/products/VB_BEAUTY/UK200056409_VB_BEAUTY.jpg?sw=582&sh=582,,'5.0,'3
Bath & Body,Hand & Feet,'MUK200024003,'UK200024003,Byredo,Rose of No Man’s Land Hand Cream 30 ML,https://www.spacenk.com/uk/bath-body/body-moisturiser-oils/hand-feet/rose-of-no-mans-land-hand-cream-MUK200024003.html?dwvar_MUK200024003_size=UK200024003&pid=MUK200024003&quantity=1,https://www.spacenk.com/dw/image/v2/ABCE_PRD/on/demandware.static/-/Sites-spacenkmastercatalog/default/dwe6b2f506/products/BYREDO/UK200024003_BYREDO.jpg?sw=582&sh=582,"Aqua (water), butyrospermum parkii (shea) butter, parfum (fragrance), glyceryl stearate, peg-100 stearate, alcohol, butylene glycol, glycerin, cetearyl alcohol, polyacrylamide, ceteareth-22, c13-14 isoparaffin, dimethicone, phenoxyethanol, caprylyl glycol, xanthan gum, laureth-7, disodium edta, bht, sodium hydroxide, limonene, citronellol.",'4.4,'42
Bath & Body,Body Creme & Butter,'MUK200055013,'UK200055013,Olverum,Firming Body Moisturiser 180 ML,https://www.spacenk.com/uk/bath-body/body-moisturiser-oils/body-creme-butter/firming-body-moisturiser-MUK200055013.html?dwvar_MUK200055013_size=UK200055013&pid=MUK200055013&quantity=1,https://www.spacenk.com/dw/image/v2/ABCE_PRD/on/demandware.static/-/Sites-spacenkmastercatalog/default/dw1ca1ed42/products/OLVERUM/UK200055013_OLVERUM.jpg?sw=582&sh=582,"Ingredients: aqua (water), crambe abyssinica seed oil, lactobacillus/papaya fruit ferment extract, pentylene glycol, diglycerin, limnanthes alba (meadowfoam) seed oil, butyrospermum parkii (shea) butter, carica papaya seed oil, oryza sativa (rice) lipids, cetearyl alcohol, microcrystalline cellulose, empetrum nigrum (crowberry) fruit juice, glycerin, alaria esculenta extract, citrus aurantium bergamia (bergamot) oil, rosmarinus officinalis (rosemary) leaf oil, ferula galbaniflua (galbanum) resin oil, coriandrum sativum (coriander) seed oil, cinnamomum camphora linalooliferum (ho leaf) oil, lavandula angustifolia (lavender) flower oil, pelargonium graveolens (geranium) flower oil, pogostemon cablin (patchouli) leaf oil, boswellia carterii (frankincense) oil, cedrus atlantica (atlas cedar) bark oil, tocopherol, jojoba esters, helianthus annuus seed oil, helianthus annuus seed wax, glyceryl stearate, sodium stearoyl glutamate, caprylic/capric triglyceride, xanthan gum, cellulose gum, citric acid, potassium sorbate, citronellol*, geraniol*, lemonene*, linalool*, citral* *components of natural essential oil please see our ingredients page for full list and benefits.",'5.0,'4
Bath & Body,Body Lotion,'MUK200037509,'UK200037509,This works,Deep Sleep Body Whip 200 ML,https://www.spacenk.com/uk/bath-body/body-moisturiser-oils/body-lotion/deep-sleep-body-whip-MUK200037509.html?dwvar_MUK200037509_size=UK200037509&pid=MUK200037509&quantity=1,https://www.spacenk.com/dw/image/v2/ABCE_PRD/on/demandware.static/-/Sites-spacenkmastercatalog/default/dwee6a3a34/products/THIS_WORKS/UK200037509_THIS_WORKS.jpg?sw=582&sh=582,"Aqua (water/eau), glycerin, caprylic/capric triglyceride, cetearyl alcohol, stearic acid, butyrospermum parkii (shea) butter, glyceryl stearate se, benzyl alcohol, carbomer, parfum (fragrance), sodium hydroxide, linalool*, ethylhexylglycerin, bakuchiol, copper pca, magnesium chloride, cinnamomum camphora linalooliferum (ho wood) wood oil, lavandula angustifolia (lavender) oil, ormenis multicaulis flower oil, pogostemon cablin (patchouli) leaf oil, vetiveria zizanoides (vetivert) root oil, cannabis sativa seed extract, limonene*, citric acid, geraniol*, tocopherol. *naturally occuring in essential oils",'4.1,'16
Bath & Body,Body Oil,'MUK200027598,'UK200027598,Olverum,The Dry Body Oil 100 ML,https://www.spacenk.com/uk/bath-body/body-moisturiser-oils/body-oil/the-dry-body-oil-MUK200027598.html?dwvar_MUK200027598_size=UK200027598&pid=MUK200027598&quantity=1,https://www.spacenk.com/dw/image/v2/ABCE_PRD/on/demandware.static/-/Sites-spacenkmastercatalog/default/dweca33acb/products/OLVERUM/UK200027598_OLVERUM.jpg?sw=582&sh=582,"C15-19 alkane, papaver somniferum (poppy) seed oil, shea butter ethyl esters, isoamyl laurate, squalane, crambe abyssinica seed oil, parfum (fragrance)**, isoamyl cocoate, prunus armeniaca (apricot) kernel oil, caprylic/capric triglyceride, helianthus annuus (sunflower) seed oil, citrus aurantium bergamia (bergamot) peel oil, alaria esculenta (algae) extract, rosmarinus officinalis (rosemary) leaf extract, citrus aurantium, amara (bitter orange) leaf/twig oil, cedrus atlantica (atlas cedar) bark oil, lavandula angustifolia (lavender) flower oil, tocopherol, santalum austrocaledonicum (sandalwood) wood oil, glycine soja (soybean) oil, linalool*, limonene*, citral*, citronellol*, geraniol* *components of natural essential oils **refers to natural essential oils",'4.2,'72
Bath & Body,Body Oil,'MUK200040359,'UK200040359,Ren clean skincare,Evercalm™ Barrier Support Body Balm 90 ML,https://www.spacenk.com/uk/bath-body/body-moisturiser-oils/body-oil/evercalm-barrier-support-body-balm-MUK200040359.html?dwvar_MUK200040359_size=UK200040359&pid=MUK200040359&quantity=1,https://www.spacenk.com/dw/image/v2/ABCE_PRD/on/demandware.static/-/Sites-spacenkmastercatalog/default/dwae478b78/products/REN/UK200040359_REN.jpg?sw=582&sh=582,"Coco caprylate/caprate, helianthus annuus (sunflower) seed oil, prunus amygdalus dulcis (sweet almond) oil, prunus armeniaca (apricot) kernel oil, hydrogenated soybean oil, sucrose tetrastearate triacetate, helianthus annuus (sunflower) seed wax, hydrogenated rapeseed oil, jojoba esters, camellia japonica seed oil, limnanthes alba (meadowfoam) seed oil, silica, avena sativa (oat) kernel oil, olus oil, parfum, safflower oil/palm oil aminopropanediol esters, tocopherol, camelina sativa seed oil, hippophae rhamnoides fruit oil, ceramide np",'4.7,'63
Bath & Body,Body Lotion,'MUK200054848,'UK200054848,Neom,Great Day Hand Lotion 300 ML,https://www.spacenk.com/uk/bath-body/body-moisturiser-oils/body-lotion/great-day-hand-lotion-MUK200054848.html?dwvar_MUK200054848_size=UK200054848&pid=MUK200054848&quantity=1,https://www.spacenk.com/dw/image/v2/ABCE_PRD/on/demandware.static/-/Sites-spacenkmastercatalog/default/dwe5b809dc/products/NEOM/UK200054848_NEOM.jpg?sw=582&sh=582,"Aqua (water), helianthus annuus (sunflower) seed oil, dicaprylyl ether, glyceryl stearate, butyrospermum parkii (shea) butter, cera alba (beeswax), glycerin, propanediol, theobroma cacao (cocoa) seed butter, sodium stearoyl glutamate, sucrose stearate, parfum (fragrance), benzyl alcohol, limonene, coco-glucoside, aloe barbadensis leaf juice powder, sodium gluconate, xanthan gum, coconut alcohol, citrus nobilis (mandarin orange) fruit extract, dehydroacetic acid, citral, argania spinosa kernel oil, citronellol, tocopherol, phyllanthus emblica extract, geraniol, linalool, citric acid, punica granatum seed oil, glycine soja (soybean) oil, leuconostoc/radish root ferment filtrate, glucose, sodium hydroxide, potassium sorbate. allergen information - allergens list may vary, please always check product packaging. ingredient information - ingredients list may vary, please always check product packaging.",'5.0,'1
Bath & Body,Body Creme & Butter,'MUK200055630,'UK200055630,Kopari,Ultra Restore Firming Body Serum 150 ML,https://www.spacenk.com/uk/bath-body/body-moisturiser-oils/body-creme-butter/ultra-restore-firming-body-serum-MUK200055630.html?dwvar_MUK200055630_size=UK200055630&pid=MUK200055630&quantity=1,https://www.spacenk.com/dw/image/v2/ABCE_PRD/on/demandware.static/-/Sites-spacenkmastercatalog/default/dw700b898d/products/KOPARI/UK200055630_KOPARI.jpg?sw=582&sh=582,"Aqua (water, eau), coconut alkanes, glycerin, sodium polyacryloyldimethyl taurate, palmitoyl tripeptide-1, palmitoyl tetrapeptide-7, polyglutamic acid, niacinamide, sodium hyaluronate crosspolymer, cucumis melo (melon) fruit extract, pyrus malus (apple) fruit extract, citrus aurantium dulcis (orange) peel extract, citrus limon (lemon) peel extract, cucumis sativus (cucumber) fruit extract, rosa damascena flower extract, cucumis sativus (cucumber) fruit water, cocos nucifera (coconut) fruit juice, mentha piperita (peppermint) oil, cocos nucifera (coconut) water, hydrolyzed rice bran extract, sorbitan oleate decyl glucoside crosspolymer, ethylhexylglycerin, butylene glycol, coco-caprylate/caprate, carbomer, sodium lactate, phenoxyethanol, propanediol, polysorbate 20, potassium sorbate, citric acid, sodium phytate, limonene, hydroxycitronellal, sodium benzoate.",'4.7,'86
Bath & Body,Hand & Feet,'MUK200008253,'UK200008253,This works,Perfect Hands Intense Moisture 75ml 75 ML,https://www.spacenk.com/uk/bath-body/body-moisturiser-oils/hand-feet/perfect-hands-intense-moisture-MUK200008253.html?dwvar_MUK200008253_size=UK200008253&pid=MUK200008253&quantity=1,https://www.spacenk.com/dw/image/v2/ABCE_PRD/on/demandware.static/-/Sites-spacenkmastercatalog/default/dw7aa629cb/products/THIS_WORKS/UK200008253_THIS_WORKS.jpg?sw=582&sh=582,"Aqua (water), glyceryl stearate se, glycerin, cetearyl alcohol, candelilla/jojoba/rice bran polyglyceryl-3 esters, caprylic/capric triglycerides, glyceryl stearate, citrus aurantifolia (lime) peel oil, citrus medica limonum (lemon) peel oil, eucalyptus globulus (eucalyptus) oil, rosmarinus officianlis (rosemary) leaf oil, ocimum basilicum (basil) oil, mentha arvensis (peppermint) oil, mentha spicata (spearmint) oil, rosmarinus officianlis (rosemary) absolute, thymus vulgaris (thyme) absolute, citrus aurantium bergamia (bergamot) fruit oil, sodium stearoyl lactylate, galactoarabinan, phenethyl alcohol, ppg-2 methyl ether, brassica napus (rapeseed) extract, citronellol*, linalool*, galactaric acid, geraniol*, methylisothiazolinone, parfum (pure essential oils), limonene*, benzyl benzoate*, benzyl salicylate*, farnesol*, sodium hyaluronate, sodium hydroxide, citral*, benzyl alcohol, eugenol*, isoeugenol*. *natural essential oil contents",'4.0,'24
Bath & Body,Hand & Feet,'MUK200027156,'UK200027156,Nursem,Caring Skin Fix 50 ML,https://www.spacenk.com/uk/bath-body/body-moisturiser-oils/hand-feet/caring-skin-fix-MUK200027156.html?dwvar_MUK200027156_size=UK200027156&pid=MUK200027156&quantity=1,https://www.spacenk.com/dw/image/v2/ABCE_PRD/on/demandware.static/-/Sites-spacenkmastercatalog/default/dw8e8d47ce/products/NURSEM/UK200027156_NURSEM.jpg?sw=582&sh=582,"Aqua (water), cetearyl alcohol, butyrospermum parkii (shea) butter, glycerin, persea gratissima (avocado) oil, avena sativa (oat) kernel flour, glyceryl stearate se, caprylic / capric triglyceride, panthenol, allantoin, cetearyl glucoside, benzyl alcohol, salicylic acid, sodium hyaluronate, sorbic acid",'4.7,'89
Bath & Body,Body Oil,'MUK200035455,'UK200035455,Susanne kaufmann,Stretch Mark Arnica Body Oil 10,https://www.spacenk.com/uk/bath-body/body-moisturiser-oils/body-oil/stretch-mark-arnica-body-oil-MUK200035455.html?dwvar_MUK200035455_size=UK200035455&pid=MUK200035455&quantity=1,https://www.spacenk.com/dw/image/v2/ABCE_PRD/on/demandware.static/-/Sites-spacenkmastercatalog/default/dwd439a41a/products/SUSANNE_K/UK200035455_SUSANNE_K.jpg?sw=582&sh=582,"Brassica campestris (rapeseed) seed oil, caprylic/capric triglyceride, prunus amygdalus dulcis (sweet almond) oil, simmondsia chinensis (jojoba) seed oil, triticum vulgare (wheat) germ oil, arnica montana flower extract, helianthus annuus (sunflower) seed oil, tocopherol, limonene, citral, linalool, citronellol, geraniol, parfum.",'4.5,'33
Bath & Body,Fragrance,'MUK200037959,'UK200037959,Jo loves,Jo by Jo Loves Hand Cream 3,https://www.spacenk.com/uk/fragrance/personal-fragrance/fragrance/jo-by-jo-loves-hand-cream-MUK200037959.html?dwvar_MUK200037959_size=UK200037959&pid=MUK200037959&quantity=1,https://www.spacenk.com/dw/image/v2/ABCE_PRD/on/demandware.static/-/Sites-spacenkmastercatalog/default/dwb51b2f1d/products/JO_LOVES/UK200037959_JO_LOVES.jpg?sw=582&sh=582,"Aqua (water), glycerin, parfum (fragrance), butyrospermum parkii (shea) butter, cetearyl alcohol, glyceryl stearate, undecane, oleyl erucate, sorbitan tristearate, jojoba esters, limonene, phenoxyethanol, tridecane, candelilla/jojoba/rice bran polyglyceryl-3 esters, prunus amygdalus dulcis (sweet almond) oil, helianthus annuus (sunflower) seed cera, sodium stearoyl glutamate, sodium polyacrylate, tocopheryl acetate, sodium stearoyl lactylate, ethylhexylglycerin, disodium edta, hydroxycitronellal, polyglycerin-3, acacia decurrens flower cera, citral, linalool, citronellol, alpha-isomethyl ionone, geraniol, amyl cinnamal, tocopherol.",'4.4,'14
Bath & Body,Body Oil,'MUK200054681,'UK200054681,Environ,"Vitamin A, C & E Body Oil 100 ML",https://www.spacenk.com/uk/bath-body/body-moisturiser-oils/body-oil/vitamin-a-c-e-body-oil-MUK200054681.html?dwvar_MUK200054681_size=UK200054681&pid=MUK200054681&quantity=1,https://www.spacenk.com/dw/image/v2/ABCE_PRD/on/demandware.static/-/Sites-spacenkmastercatalog/default/dw643c1d76/products/ENVIRON/UK200054681_ENVIRON.jpg?sw=582&sh=582,"Caprylic/capric triglyceride, simmondsia chinensis (jojoba) seed oil, tocopherol acetate, ethylhexyl methoxycinnamate, ascorbyl tetraisopalmitate, butyl methoxydibenzoylmethane, retinyl propionate, tocopherol, bht.",'5.0,'2
Bath & Body,Body Creme & Butter,'MUK200034304,'UK200034304,This works,Perfect Legs Body Butter 200 ML,https://www.spacenk.com/uk/bath-body/body-moisturiser-oils/body-creme-butter/perfect-legs-body-butter-MUK200034304.html?dwvar_MUK200034304_size=UK200034304&pid=MUK200034304&quantity=1,https://www.spacenk.com/dw/image/v2/ABCE_PRD/on/demandware.static/-/Sites-spacenkmastercatalog/default/dwabd50d6f/products/THIS_WORKS/UK200034304_THIS_WORKS.jpg?sw=582&sh=582,"Aqua (water), glycerin, caprylic/capric triglyceride, cetearyl alcohol, stearic acid, butyrospermum parkii (shea) butter, glyceryl stearate se, benzyl alcohol, carbomer, parfum (fragrance), ethylhexylglycerin, sodium hydroxide, limonene*, cannabis sativa seed extract, sodium hyaluronate, linalool*, citric acid, citronellol*, geraniol*, evernia prunastri (oakmoss) extract, amyris balsamifera bark oil, boswellia carterii resin extract, cinnamomum camphora linalooliferum wood oil, citrus aurantium dulcis peel oil expressed, pelargonium graveolens (geranium) oil, pogostemon cablin leaf oil, boswellia carterii oil, rosa centifolia flower extract, vanilla planifolia fruit extract, eugenol, tocopherol, eugenia caryophyllus (clove) bud oil, hibiscus abelmoschus seed extract, styrax tonkinensis resin extract.",'4.4,'25
Bath & Body,Bath & Body Sets,'MUK200052911,'UK200052911,Space nk,Paros Tides Bath Set 130,https://www.spacenk.com/uk/bath-body/bath-body-sets/bath-body-sets/paros-tides-bath-set-MUK200052911.html?dwvar_MUK200052911_size=UK200052911&pid=MUK200052911&quantity=1,https://www.spacenk.com/dw/image/v2/ABCE_PRD/on/demandware.static/-/Sites-spacenkmastercatalog/default/dwe62c0383/products/NK/UK200052911_NK.jpg?sw=582&sh=582,"Body wash/nettoyant pour le corps ingredients: aqua (water), cocamidopropyl betaine, disodium cocoamphodiacetate, sodium lauroyl sarcosinate, sodium chloride, glycerin, laureth-4, parfum (fragrance), citric acid, sodium benzoate, potassium sorbate, maris sal (sea salt), lactobacillus/punica granatum fruit ferment extract, disodium edta, squalane, ocimum sanctum leaf extract. allergens: geraniol. limonene. linalool. alpha-isomethyl ionone. tetramethyl acetyloctahydronaphthalenes. linalyl acetate. pinene. body lotion/lotion pour le corps ingredients: aqua (water), glycerin, vitis vinifera (grape) seed oil, caprylic/capric triglyceride, cetearyl alcohol, butyrospermum parkii (shea) butter, arachidyl alcohol, cetyl alcohol, parfum (fragrance), phenoxyethanol, behenyl alcohol, arachidyl glucoside, carbomer, maris sal (sea salt), simmondsia chinensis (jojoba) seed oil, xanthan gum, punica granatum seed oil, ethylhexylglycerin, squalane, sodium hydroxide, ocimum sanctum leaf extract. allergens: citral. coumarin. geraniol. hydroxycitronellal. limonene. linalool. alpha-isomethyl ionone. tetramethyl acetyloctahydronaphthalenes. linalyl acetate. rose ketones. pinene. bath salts/ sels de bain ingredients: maris sal (sea salt), magnesium chloride, parfum (fragrance), tapioca starch, punica granatum seed oil, squalane, propanediol, aqua (water), ocimum sanctum leaf extract. allergens: geraniol. limonene. linalool. alpha-isomethyl ionone. tetramethyl acetyloctahydronaphthalenes. linalyl acetate. pinene",'4.8,'6
Bath & Body,Bath & Body Sets,'MUK200030062,'UK200030062,Medik8,Smooth Body Exfoliating Kit ,https://www.spacenk.com/uk/bath-body/bath-body-sets/bath-body-sets/smooth-body-exfoliating-kit-MUK200030062.html?dwvar_MUK200030062_size=UK200030062&pid=MUK200030062&quantity=1,https://www.spacenk.com/dw/image/v2/ABCE_PRD/on/demandware.static/-/Sites-spacenkmastercatalog/default/dw64fde61d/products/MEDIK8/UK200030062_MEDIK8.jpg?sw=582&sh=582,"Smooth body scrub: aqua (water), lactic acid, pumice, cetearyl alcohol, squalane, butyrospermum parkii (shea) butter extract, dimethicone, polyglyceryl-4 caprate, helianthus annuus (sunflower) seed wax, sodium hydroxide, coco-glucoside, phenoxyethanol, olea europaea (olive) fruit, polyacrylamide, glycerin, moringa oil/hydrogenated moringa oil esters, c13-14 isoparaffin, acrylates/c10-30 alkyl acrylate crosspolymer, hydrogenated vegetable oil, bambusa arundinacea (bamboo) stem powder, laureth-7, ethylhexylglycerin, dipteryx odorata (tonka) bean extract, tocopherol, coumarin. smooth body lotion: aqua (water), c12-15 alkyl benzoate, urea, squalane, glycerin, lactic acid, butyrospermum parkii (shea) butter extract, cetearyl alcohol, salicylic acid, arachidyl alcohol, sodium hydroxide, betaine, dimethicone, phenoxyethanol, polyacrylamide, behenyl alcohol, cetearyl glucoside, moringa oil/hydrogenated moringa oil esters, c13-14 isoparaffin, arachidyl glucoside, olea europaea (olive) fruit, xanthan gum, acrylates/c10-30 alkyl acrylate crosspolymer, salinicoccus lysate filtrate, laureth-7, disodium edta, ethylhexylglycerin, hydroxyacetophenone, pentylene glycol, tocopheryl acetate, hydrogenated vegetable oil, dipteryx odorata (tonka) bean extract, sodium hyaluronate, tocopherol, coumarin.",'4.6,'36
Bath & Body,Body Creme & Butter,'MUK200056270,'UK200056270,Susanne kaufmann,Body Butter For The Senses 200 ML,https://www.spacenk.com/uk/bath-body/body-moisturiser-oils/body-creme-butter/body-butter-for-the-senses-MUK200056270.html?dwvar_MUK200056270_size=UK200056270&pid=MUK200056270&quantity=1,https://www.spacenk.com/dw/image/v2/ABCE_PRD/on/demandware.static/-/Sites-spacenkmastercatalog/default/dwaf64ba4b/products/SUSANNE_K/UK200056270_SUSANNE_K.jpg?sw=582&sh=582,"Aqua/water/eau, olea europaea (olive) fruit oil, pentylene glycol, butyrospermum parkii (shea) butter, cetearyl alcohol, glyceryl stearate citrate, glycerin, sucrose stearate, cera alba, whey powder, helianthus annuus (sunflower) seed oil, mel, pollen, tocopherol, tocopheryl acetate, sodium stearoyl glutamate, xanthan gum, limonene, linalool, benzyl salicylate, alpha-isomethyl ionone, coumarin, benzyl benzoate, parfum (fragrance).",'4.5,'2
Bath & Body,Body Creme & Butter,'MUK200054032,'UK200054032,Kiehl's,Ultra Body Mega Moisture Squalane Cream 250 ML,https://www.spacenk.com/uk/bath-body/body-moisturiser-oils/body-creme-butter/ultra-body-mega-moisture-squalane-cream-MUK200054032.html?dwvar_MUK200054032_size=UK200054032&pid=MUK200054032&quantity=1,https://www.spacenk.com/dw/image/v2/ABCE_PRD/on/demandware.static/-/Sites-spacenkmastercatalog/default/dw55f14b3d/products/KIEHLS_NEW/UK200054032_KIEHLS_NEW.jpg?sw=582&sh=582,685912 16 - ingredients: aqua / water / eau • butyrospermum parkii butter / shea butter • glycerin • aluminum starch octenylsuccinate • cetyl alcohol • squalane • dimethicone • glyceryl stearate • peg-100 stearate • sodium hydroxide • ammonium polyacryloyldimethyl taurate • ectoin • hydroxypalmitoyl sphinganine • citric acid • xanthan gum • pseudoalteromonas ferment extract • polyglyceryl-3 methylglucose distearate • acrylates/c10-30 alkyl acrylate crosspolymer • salicylic acid • phenoxyethanol • chlorphenesin (f.i.l. n70041412/1).,'4.9,'50
Bath & Body,Hand & Feet,'MUK200053682,'UK200053682,Susanne kaufmann,Hand Cream 50 ML,https://www.spacenk.com/uk/bath-body/body-moisturiser-oils/hand-feet/hand-cream-MUK200053682.html?dwvar_MUK200053682_size=UK200053682&pid=MUK200053682&quantity=1,https://www.spacenk.com/dw/image/v2/ABCE_PRD/on/demandware.static/-/Sites-spacenkmastercatalog/default/dw1c382aba/products/SUSANNE_K/UK200053682_SUSANNE_K.jpg?sw=582&sh=582,"Aqua/water/eau, caprylic/capric triglyceride, pentylene glycol, glycerin, glyceryl stearate citrate, brassica oleracea italica (broccoli) seed oil, hydrogenated coco-glycerides, limnanthes alba (meadowfoam) seed oil, undecane, cetyl alcohol, stearyl alcohol, tocopheryl acetate, tridecane, sodium hyaluronate, rhododendron ferrugineum extract, sempervivum tectorum extract, malva sylvestris (mallow) extract, xanthan gum, sodium stearoyl glutamate, sodium levulinate, sodium anisate, carrageenan, sodium hydroxide, disodium phosphate, tocopherol, helianthus annuus (sunflower) seed oil, parfum (fragrance).",'4.5,'2
Bath & Body,Body Creme & Butter,'MUK200004978,'UK200004978,Sisley-paris,Eau de Soir Body Cream 150 ML,https://www.spacenk.com/uk/bath-body/body-moisturiser-oils/body-creme-butter/eau-du-soir-body-cream-MUK200004978.html?dwvar_MUK200004978_size=UK200004978&pid=MUK200004978&quantity=1,https://www.spacenk.com/dw/image/v2/ABCE_PRD/on/demandware.static/-/Sites-spacenkmastercatalog/default/dwafa7eb04/products/SISLEY/UK200004978_SISLEY.jpg?sw=582&sh=582,,'4.8,'17
Bath & Body,Body Oil,'MUK200055632,'UK200055632,Kopari,Golden Aura Body Oil 100 ML,https://www.spacenk.com/uk/bath-body/body-moisturiser-oils/body-oil/golden-aura-body-oil-MUK200055632.html?dwvar_MUK200055632_size=UK200055632&pid=MUK200055632&quantity=1,https://www.spacenk.com/dw/image/v2/ABCE_PRD/on/demandware.static/-/Sites-spacenkmastercatalog/default/dwb5e5313b/products/KOPARI/UK200055632_KOPARI.jpg?sw=582&sh=582,"Helianthus annuus seed oil, c12-15 alkyl benzoate, butyrospermum parkii oil, parfum, caprylic/capric triglyceride, cocos nucifera oil, tocopherol, glycine soja oil, squalane, ricinus communis seed oil, gold, sodium hyaluronate, hydrogenated castor oil, benzyl alcohol, coumarin, hexyl cinnamal, ci 77820, ci 77400.",'4.7,'336
Bath & Body,Body Lotion,'MUK200051443,'UK200051443,Byoma,Sensitive Body Lotion 400 ML,https://www.spacenk.com/uk/bath-body/body-moisturiser-oils/body-lotion/sensitive-body-lotion-MUK200051443.html?dwvar_MUK200051443_size=UK200051443&pid=MUK200051443&quantity=1,https://www.spacenk.com/dw/image/v2/ABCE_PRD/on/demandware.static/-/Sites-spacenkmastercatalog/default/dw8fe7853a/products/BYOMA/UK200051443_BYOMA.jpg?sw=582&sh=582,"""""""aqua (water) ethylhexyl palmitate ricinus communis (castor) seed oil glycerin glyceryl stearate se cetyl alcohol vitis vinifera (grape) seed oil butyrospermum parkii (shea) butter cocos nucifera (coconut) oil ethylhexylglycerin avena sativa (oat) kernel flour acrylates/c10-30 alkyl acrylate crosspolymer squalane benzyl alcohol helianthus annuus (sunflower) seed oil, ceramide np caprylic/capric triglyceride cholesterol calendula officinalis flower hydrogenated lecithin phytosphingosine tocopherol oleic acid stearic acid sodium hydroxide caprylyl glycol lactic acid caprylhydroxamic acid""""""",'4.0,'12
Bath & Body,Hand & Feet,'MUK200052116,'UK200052116,Floral street,Grapefruit Bloom Hand Cream 60ml 6,https://www.spacenk.com/uk/bath-body/body-moisturiser-oils/hand-feet/grapefruit-bloom-hand-cream-60ml-MUK200052116.html?dwvar_MUK200052116_size=UK200052116&pid=MUK200052116&quantity=1,https://www.spacenk.com/dw/image/v2/ABCE_PRD/on/demandware.static/-/Sites-spacenkmastercatalog/default/dwf0e79e85/products/FLORAL_ST/UK200052116_FLORAL_ST.jpg?sw=582&sh=582,"Aqua, glycerin, olea europaea (olive) fruit oil, persea gratissima (avocado) oil, cetearyl alcohol, butyrospermum parkii (shea) butter, cocos nucifera (coconut) oil, parfum, macadamia integrifolia seed oil, polysorbate 60, phenoxyethanol, stearic acid, ribes nigrum (blackcurrant) seed oil, prunus domestica (plum) seed oil, prunus amygdalus dulcis (sweet almond) oil, ethylhexyl glycerin, xanthan gum, helianthus annuus (sunflower) seed oil, sodium phytate, citric acid, limonene, linalool, citral, citronellol",'4.7,'19
Bath & Body,Body Oil,'MUK200031543,'UK200031543,Augustinus bader,The Body Oil 100 ML,https://www.spacenk.com/uk/bath-body/body-moisturiser-oils/body-oil/the-body-oil-MUK200031543.html?dwvar_MUK200031543_size=UK200031543&pid=MUK200031543&quantity=1,https://www.spacenk.com/dw/image/v2/ABCE_PRD/on/demandware.static/-/Sites-spacenkmastercatalog/default/dw02e66b87/products/AUGUSTINUS/UK200031543_AUGUSTINUS.jpg?sw=582&sh=582,"Vitis vinifera (grape) seed oil, helianthus annuus (sunflower) seed oil, squalane, argania spinosa kernel oil, olea europaea fruit oil, tocopheryl acetate, tocopherol, aqua, lecithin, glycerin, pentylene glycol, scenedesmus rubescens extract, alanyl glutamine, arginine, brassica alba oil, lysine, oligopeptide–177, phenoxyethanol, sodium hydroxide",'2.9,'18
Bath & Body,Body Wash,'MUK200034295,'UK200034295,Nursem,Caring Body Cream 250 ML,https://www.spacenk.com/uk/bath-body/body-cleanser/body-wash/caring-body-cream-MUK200034295.html?dwvar_MUK200034295_size=UK200034295&pid=MUK200034295&quantity=1,https://www.spacenk.com/dw/image/v2/ABCE_PRD/on/demandware.static/-/Sites-spacenkmastercatalog/default/dwc73a031d/products/NURSEM/UK200034295_NURSEM.jpg?sw=582&sh=582,"Aqua (water), glycerin, vitis vinifera (grape) seed oil, caprylic/capric triglyceride, glyceryl stearate se, panthenol, pentaerythrityl tetraisostearate, allantoin, cetearyl alcohol, glyceryl stearate citrate, glycine soja (soybean) oil, sucrose stearate, passiflora edulis (passionfruit) seed oil, sodium pca, sodium benzoate, punica granatum (pomegranate) seed oil, squalane, bisabolol, xanthan gum, citric acid, potassium sorbate, juniperus virginiana (cedarwood) oil, citral, cymbopogon flexuosus (lemongrass) oil, litsea cubeba fruit oil, zingiber officinale (ginger) root oil, aloe barbadensis leaf juice, sodium hyaluronate, tocopheryl acetate, limonene, geraniol, linalool, citronellol, *parfum (fragrance)",'4.6,'24
Bath & Body,Hand & Feet,'MUK300050719,'UK300050719,Diptyque,Luxurious Hand Balm 45 ML,https://www.spacenk.com/uk/bath-body/body-moisturiser-oils/hand-feet/luxurious-hand-balm-MUK300050719.html?dwvar_MUK300050719_size=UK300050719&pid=MUK300050719&quantity=1,https://www.spacenk.com/dw/image/v2/ABCE_PRD/on/demandware.static/-/Sites-spacenkmastercatalog/default/dw1a82009d/products/DIPTYQUE/UK300050719_DIPTYQUE.jpg?sw=582&sh=582,Aqua (water) - ethylhexyl palmitate - olus oil (vegetable oil1) - caprylic/ capric triglyceride - isononyl isononanoate - glycerin - macadamia integrifolia seed oil - glyceryl stearate - butyrospermum parkii (shea butter) extract - cetyl alcohol - ceteareth-20 - benzyl alcohol - prunus armeniaca (apricot) kernel oil - hydroxyethyl acrylate/ sodium acryloyldimethyl taurate copolymer - ceteareth-12 - cetearyl alcohol - hydrogenated vegetable oil1 - argania spinosa kernel oil - candelilla cera (euphorbia cerifera (candelilla) wax) - polysorbate 60 - sorbitan isostearate - tetrasodium glutamate diacetate - parfum (fragrance) - coumarin - linalool - benzyl salicylate - alpha-isomethyl ionone - limonene - cinnamal - sodium hydroxide - dehydroacetic acid. 1 rape seed oil & soybean oil & palm oil,'4.6,'28
Bath & Body,Body Creme & Butter,'MUK200025896,'UK200025896,Ouai,Body Crème 212 G,https://www.spacenk.com/uk/bath-body/body-moisturiser-oils/body-creme-butter/body-creme-MUK200025896.html?dwvar_MUK200025896_size=UK200025896&pid=MUK200025896&quantity=1,https://www.spacenk.com/dw/image/v2/ABCE_PRD/on/demandware.static/-/Sites-spacenkmastercatalog/default/dw6e6e080c/products/OUAI/UK200025896_OUAI.jpg?sw=582&sh=582,"Aqua (water, eau), caprylic/capric triglyceride, phenyl trimethicone, isododecane, cetyl alcohol glycerin, methyl glucose sesquistearate, hydroxyethyl acrylate/ sodium acryloyldimethyl taurate copolymer, cocos nucifera (coconut) oil, sodium stearoyl glutamate, glyceryl stearate citrate cetearyl alcohol, butyrospermum parkii (shea) butter, theobroma grandiflorum seed butter, lactobacillus ferment, squalane, xanthan gum, citric acid, polysorbate 60, ethylhexylglycerin, glyceryl caprylate, tocopherol, sodium phytate, sorbitan isostearate, benzophenone-4, phenoyxethanol, fragrance (parfum), amyl cinnamal, citral, citronellol, coumarin, limonene, hexyl cinnamal, linalool, yellow 5 (ci19140), green 3 (ci 42053), ext violet 2 (ci 60730).",'4.2,'52
Bath & Body,Body Lotion,'MUK200019386,'UK200019386,Diptyque,Eau Rose Hand & Body Lotion 200 ML,https://www.spacenk.com/uk/bath-body/body-moisturiser-oils/body-lotion/eau-rose-hand-body-lotion-MUK200019386.html?dwvar_MUK200019386_size=UK200019386&pid=MUK200019386&quantity=1,https://www.spacenk.com/dw/image/v2/ABCE_PRD/on/demandware.static/-/Sites-spacenkmastercatalog/default/dw08b13e09/products/DIPTYQUE/UK200019386_DIPTYQUE.jpg?sw=582&sh=582,Aqua (water) - caprylic/capric triglyceride - squalane - coco-caprylate/caprate - parfum (fragrance) - diglycerin - oleic/linoleic/linolenic polyglycerides - pentylene glycol - c14-22 alcohols - ppg-26-buteth-26 - peg-40 hydrogenated castor oil - hydroxyethyl acrylate/sodium acryloyldimethyl taurate copolymer - c12-20 alkyl glucoside - polysorbate 60 - sodium hyaluronate - xanthan gum - sorbitan isostearate - rosa canina flower extract - helianthus annuus (sunflower) seed oil - geraniol - hexyl cinnamal - hydroxycitronellal - alpha-isomethyl ionone - citronellol - limonene - linalool - disodium edta - citric acid - sodium hydroxide - triethanolamine - chlorphenesin - sodium benzoate - bht - tocophero,'4.7,'28
Bath & Body,Body Oil,'MUK200012712,'UK200012712,Aromatherapy associates,De-Stress Massage Body Oil 100 ML,https://www.spacenk.com/uk/bath-body/body-moisturiser-oils/body-oil/de-stress-massage-body-oil-MUK200012712.html?dwvar_MUK200012712_size=UK200012712&pid=MUK200012712&quantity=1,https://www.spacenk.com/dw/image/v2/ABCE_PRD/on/demandware.static/-/Sites-spacenkmastercatalog/default/dw5f2c1613/products/AROMASSOC/UK200012712_AROMASSOC.jpg?sw=582&sh=582,"Cocos nucifera (coconut) oil, prunus persica (peach) kernel oil, simmondsia chinensis (jojoba) seed oil, arnica montana flower extract, lavandula angustifolia (lavender) oil, rosmarinus officinalis (rosemary) leaf oil, melaleuca leucadendron cajuputi (cajuput) oil, parfum**, zingiber officinale (ginger) root oil, juniperus communis (juniper) fruit oil, pinus sylvestris (pine) leaf oil, tocopherol, geraniol*, linalool*, limonene*. *natural essential oil contents **natural plant extracts",'4.7,'27
Bath & Body,Body Lotion,'MUK200054495,'UK200054495,Rare beauty,Find Comfort Hydrating Body Lotion Mini 95 ,https://www.spacenk.com/uk/bath-body/body-moisturiser-oils/body-lotion/find-comfort-hydrating-body-lotion-mini-MUK200054495.html?dwvar_MUK200054495_size=UK200054495&pid=MUK200054495&quantity=1,https://www.spacenk.com/dw/image/v2/ABCE_PRD/on/demandware.static/-/Sites-spacenkmastercatalog/default/dw9e1274ce/products/RARE/UK200054495_RARE.jpg?sw=582&sh=582,"Key ingredients: niacinamide – a form of vitamin b3; helps support skin’s moisture barrier sodium hyaluronate – a natural humectant that helps retain moisture for skin that feels soft and looks more youthful peach flower extract – a blend of antioxidants that help soothe and revitalize the skin, leaving a soft, supple feel ashwagandha – a natural “anti-stress” ingredient known to moisturize, protect, and soothe skin water/aqua/eau, glycerin, butylene glycol, caprylic/capric triglyceride, butyrospermum parkii (shea) butter, hydrogenated polydecene, niacinamide, 1,2-hexanediol, fragrance/parfum, macadamia integrifolia seed oil, behenyl alcohol, prunus persica (peach) flower extract, sodium benzoate, acrylates/c10-30 alkyl acrylate crosspolymer, polyglyceryl-3 methylglucose distearate, cetyl alcohol, hydroxyethyl acrylate/sodium acryloyldimethyl taurate copolymer, polymethylsilsesquioxane, vinyl dimethicone, glyceryl stearate, caprylyl glycol, chlorella vulgaris extract, glucose, fructooligosaccharides, fructose, xanthan gum, citric acid, tromethamine, ethylhexylglycerin, sodium citrate, sodium phytate, beta-glucan, sodium hyaluronate, withania somnifera root extract, hydroxypropyltrimonium hyaluronate, tocopherol, hydrolyzed hyaluronic acid, sodium acetylated hyaluronate, hyaluronic acid, hydrolyzed sodium hyaluronate, sodium hyaluronate crosspolymer, potassium hyaluronate, limonene, coumarin, linalool, citral.",'4.7,'13
Bath & Body,Hand & Feet,'MUK200052721,'UK200052721,Joonbyrd,Wonder·land Hand Lotion 300 ML,https://www.spacenk.com/uk/bath-body/body-moisturiser-oils/hand-feet/wonder%C2%B7land-hand-lotion-MUK200052721.html?dwvar_MUK200052721_size=UK200052721&pid=MUK200052721&quantity=1,https://www.spacenk.com/dw/image/v2/ABCE_PRD/on/demandware.static/-/Sites-spacenkmastercatalog/default/dw3eb1879d/products/JOONBYRD/UK200052721_JOONBYRD.jpg?sw=582&sh=582,"Aqua/water/eau, glycerin, caprylic/capric triglyceride, cetearyl olivate, parfum (fragrance), niacinamide, cetyl alcohol, sorbitan olivate, capryloyl glycerin/sebacic acid copolymer, cetearyl alcohol, prunus armeniaca (apricot) kernel oil, theobroma cacao (cocoa) seed butter, ceramide eop, ceramide np, ceramide ap, sodium hyaluronate, inulin, phytosphingosine, cholesterol, avena sativa (oat) kernel oil, tocopherol, serine, alanine, glycine, glutamic acid, rhodiola rosea root extract, althaea officinalis root extract, coriandrum sativum (coriander) extract, ocimum basilicum (basil) leaf extract, spiraea ulmaria flower extract, lysine hcl, threonine, ethylhexylglycerin, arginine, citric acid, sodium pca, sodium lactate, pca, disodium edta, benzyl alcohol, diheptyl succinate, potassium sorbate, arginine levulinate, carbomer, sodium lauroyl lactylate, glyceryl stearate citrate, hydroxyacetophenone, betaine, xanthan gum, sodium hydroxide, phenoxyethanol, proline, benzophenone-4, salicylic acid, hexyl cinnamal, coumarin, eugenol, cinnamal, limonene, caramel, ci 19140 (yellow 5), ci 15985 (yellow 6), ci 17200 (red 33).",'4.5,'57
Bath & Body,Hand & Feet,'MUK200052721,'UK200052724,Joonbyrd,Wonder·land Hand Lotion 50 ML,https://www.spacenk.com/uk/bath-body/body-moisturiser-oils/hand-feet/wonder%C2%B7land-hand-lotion-MUK200052721.html?dwvar_MUK200052721_size=UK200052724&pid=MUK200052721&quantity=1,https://www.spacenk.com/dw/image/v2/ABCE_PRD/on/demandware.static/-/Sites-spacenkmastercatalog/default/dw83aba3fc/products/JOONBYRD/UK200052724_JOONBYRD.jpg?sw=582&sh=582,"Aqua/water/eau, glycerin, caprylic/capric triglyceride, cetearyl olivate, parfum (fragrance), niacinamide, cetyl alcohol, sorbitan olivate, capryloyl glycerin/sebacic acid copolymer, cetearyl alcohol, prunus armeniaca (apricot) kernel oil, theobroma cacao (cocoa) seed butter, ceramide eop, ceramide np, ceramide ap, sodium hyaluronate, inulin, phytosphingosine, cholesterol, avena sativa (oat) kernel oil, tocopherol, serine, alanine, glycine, glutamic acid, rhodiola rosea root extract, althaea officinalis root extract, coriandrum sativum (coriander) extract, ocimum basilicum (basil) leaf extract, spiraea ulmaria flower extract, lysine hcl, threonine, ethylhexylglycerin, arginine, citric acid, sodium pca, sodium lactate, pca, disodium edta, benzyl alcohol, diheptyl succinate, potassium sorbate, arginine levulinate, carbomer, sodium lauroyl lactylate, glyceryl stearate citrate, hydroxyacetophenone, betaine, xanthan gum, sodium hydroxide, phenoxyethanol, proline, benzophenone-4, salicylic acid, hexyl cinnamal, coumarin, eugenol, cinnamal, limonene, caramel, ci 19140 (yellow 5), ci 15985 (yellow 6), ci 17200 (red 33).",'4.5,'57
Bath & Body,Body Lotion,'MUK200038321,'UK200038321,Space nk,Nordic Wilds Hand Lotion 350 ML,https://www.spacenk.com/uk/bath-body/body-moisturiser-oils/body-lotion/nordic-wilds-hand-lotion-MUK200038321.html?dwvar_MUK200038321_size=UK200038321&pid=MUK200038321&quantity=1,https://www.spacenk.com/dw/image/v2/ABCE_PRD/on/demandware.static/-/Sites-spacenkmastercatalog/default/dwc14e60ee/products/NK/UK200038321_NK.jpg?sw=582&sh=582,"Aqua (water/eau), glycerin, vitis vinifera (grape) seed oil, caprylic/capric triglyceride, cetearyl alcohol, butyrospermum parkii (shea) butter, arachidyl alcohol, cetyl alcohol, phenoxyethanol, behenyl alcohol, parfum (fragrance), arachidyl glucoside, carbomer, xanthan gum, ethylhexylglycerin, betula alba juice, propanediol, galactoarabinan, sodium hydroxide, centella asiatica extract, glucose, rhodiola rosea root extract, albatrellus confluens extract, chlorphenesin, citric acid, potassium sorbate. allergens: citral. coumarin. eugenol. geraniol. hydroxycitronellal. limonene. linalool.",'3.7,'3
Bath & Body,Body Lotion,'MUK200052693,'UK200052693,Summer fridays,Summer Silk Body Lotion 200 ML,https://www.spacenk.com/uk/bath-body/body-moisturiser-oils/body-lotion/summer-silk-body-lotion-MUK200052693.html?dwvar_MUK200052693_size=UK200052693&pid=MUK200052693&quantity=1,https://www.spacenk.com/dw/image/v2/ABCE_PRD/on/demandware.static/-/Sites-spacenkmastercatalog/default/dw6d13e513/products/SUMMER_FRI/UK200052693_SUMMER_FRI.jpg?sw=582&sh=582,"Water/aqua/eau, caprylic/capric triglyceride, glycerin, propanediol, cetearyl alcohol, silica, hydroxyethyl acrylate/sodium acryloyldimethyl taurate copolymer, butyrospermum parkii (shea) butter, ceramide np, ceramide ns, ceramide ap, ceramide eop, ceramide eos, acetyl hexapeptide-8, sodium lauroyl oat amino acids, saccharide isomerate, sodium hyaluronate, vitis vinifera (grape) seed oil, rosa canina seed oil, argania spinosa kernel oil, theobroma cacao (cocoa) seed butter, linum usitatissimum (linseed) seed oil, fragaria vesca (strawberry) fruit extract, hibiscus rosa-sinensis flower extract, caprooyl phytosphingosine, caprooyl sphingosine, squalane, tocopheryl acetate, tocopherol, ethylhexylglycerin, polyglyceryl-2 stearate, glyceryl stearate, sodium phytate, sorbitan isostearate, polysorbate 60, ceteareth-25, cetyl alcohol, stearyl alcohol, behenic acid, cholesterol, fragrance/parfum, potassium sorbate, phenoxyethanol, sodium citrate, citric acid, acetic acid, coumarin",'4.5,'13
Bath & Body,Handwash,'MUK200033751,'UK200033751,Byredo,Suede Rinse Free Hand Cleanser 450 ML,https://www.spacenk.com/uk/bath-body/body-cleanser/handwash/suede-rinse-free-hand-cleanser-MUK200033751.html?dwvar_MUK200033751_size=UK200033751&pid=MUK200033751&quantity=1,https://www.spacenk.com/dw/image/v2/ABCE_PRD/on/demandware.static/-/Sites-spacenkmastercatalog/default/dw04fdd33b/products/BYREDO/UK200033751_BYREDO.jpg?sw=582&sh=582,"Alcohol denat. (sd alcohol 40-b), aqua (water), glycerin, polyglyceryl-4 caprate, aloe barbadensis leaf juice, parfum (fragrance), saccharide isomerate, ammonium acryloyldimethyltaurate/vp copolymer, xylitylglucoside, anhydroxylitol, xylitol, hydrolyzed jojoba esters, citric acid, sodium citrate, potassium sorbate, sodium benzoate, benzyl salicylate, hexyl cinnamal, hydroxycitronellal, limonene, linalool, alpha-isomethyl ionone.​",'4.4,'9
Bath & Body,Hand & Feet,'MUK200014910,'UK200014910,Margaret dabbs london,Intensive Anti-Age Hand Serum 30 ML,https://www.spacenk.com/uk/bath-body/body-moisturiser-oils/hand-feet/intensive-anti-age-hand-serum-MUK200014910.html?dwvar_MUK200014910_size=UK200014910&pid=MUK200014910&quantity=1,https://www.spacenk.com/dw/image/v2/ABCE_PRD/on/demandware.static/-/Sites-spacenkmastercatalog/default/dw7642c879/products/MARGARET_D/UK200014910_MARGARET_D.jpg?sw=582&sh=582,,'4.4,'56
Bath & Body,Body Creme & Butter,'MUK200056345,'UK200056345,Kopari,Brightening Silk Body Cream 196 ML,https://www.spacenk.com/uk/bath-body/body-moisturiser-oils/body-creme-butter/brightening-silk-body-cream-MUK200056345.html?dwvar_MUK200056345_size=UK200056345&pid=MUK200056345&quantity=1,https://www.spacenk.com/dw/image/v2/ABCE_PRD/on/demandware.static/-/Sites-spacenkmastercatalog/default/dw51bcf99f/products/KOPARI/UK200056345_KOPARI.jpg?sw=582&sh=582,"Water (aqua, eau), coco-caprylate/caprate, isododecane, methyl glucose sesquistearate, lactic acid, cetearyl alcohol, niacinamide, dimethicone, cetyl alcohol, hydroxyethyl acrylate/sodium acryloyldimethyl taurate copolymer, synthetic fluorphlogopite, propanediol, caffeine, phenoxyethanol, glyceryl stearate citrate, glycolic acid, fragrance (parfum), sodium stearoyl glutamate, xanthan gum, glycerin, sorbitan isostearate, papain, bromelain, ethylhexylglycerin, terminalia ferdinandiana fruit extract, sodium phytate, prunus persica (peach) fruit extract, tin oxide, tetrahexyldecyl ascorbate, tocopherol, benzyl salicylate, terpineol, limonene, citrus aurantium peel oil, citral, tetramethyl acetyloctahydronaphthalenes, dimethyl phenethyl acetate, citronellol, benzyl alcohol, rose ketones, titanium dioxide (ci 77891)",'5.0,'2
Bath & Body,Night Moisturiser,'MUK200054707,'UK200054707,Environ,Body Essentia Contouring Cream 125 ML,https://www.spacenk.com/uk/skincare/moisturisers/night-moisturiser/body-essentia-contouring-cream-MUK200054707.html?dwvar_MUK200054707_size=UK200054707&pid=MUK200054707&quantity=1,https://www.spacenk.com/dw/image/v2/ABCE_PRD/on/demandware.static/-/Sites-spacenkmastercatalog/default/dwea17c8b0/products/ENVIRON/UK200054707_ENVIRON.jpg?sw=582&sh=582,"Aqua (water), dicaprylyl carbonate, glycerin, butylene glycol, cetearyl alcohol, glyceryl stearate, c12-15 alkyl benzoate, dimethicone, euglena gracilis extract, globularia cordifolia callus culture (heart-leaved globe daisy) extract, peg-100 stearate, panthenol, peg-40 hydrogenated castor oil, tocopherol acetate, glaucium flavum leaf (horned poppy) extract, zingiber zerumbet (wild ginger) extract, caffeine, ascorbyl tetraisopalmitate, palmitoyl carnitine, biotin, tocopherol lecithin, disodium edta, ceteareth-20, peg-40 stearate, potassium bitartrate, sodium citrate, xanthan gum, trisodium edta, citric acid, magnesium aluminium silicate, titanium dioxide, ethylhexylglycerin, sodium hydroxide, alcohol, phenoxyethanol, potassium sorbate, sodium benzoate, sodium metabisulfite.",'0,'0
Bath & Body,Body Lotion,'MUK200031966,'UK200031966,Aromatherapy associates,Rose Indulgent Body Cream ,https://www.spacenk.com/uk/bath-body/body-moisturiser-oils/body-lotion/rose-indulgent-body-cream-MUK200031966.html?dwvar_MUK200031966_size=UK200031966&pid=MUK200031966&quantity=1,https://www.spacenk.com/dw/image/v2/ABCE_PRD/on/demandware.static/-/Sites-spacenkmastercatalog/default/dw4f0fe953/products/AROMASSOC/UK200031966_AROMASSOC.jpg?sw=582&sh=582,"Aqua (water), glycerin, squalane, butyrospermum parkii (shea) butter, prunus amygdalus dulcis (sweet almond) oil, caprylic/capric triglyceride, simmondsia chinensis (jojoba) seed oil, cetearyl alcohol, cetearyl olivate, niacinamide, theobroma cacao (cocoa) seed butter, sorbitan olivate, phenoxyethanol, isomalt, xanthan gum, pelargonium graveolens (geranium) oil, tocopherol, ethylhexylglycerin, limonene*, citronellol*, cananga odorata (ylang ylang) flower oil, geraniol*, citrus grandis (grapefruit) peel oil, cymbopogon martini (palmarosa) oil), parfum (fragrance)**, linalool*, citrus aurantium dulcis (orange) peel oil, citrus aurantium amara (bitter orange) leaf/twig oil, rosa damascena (rose) flower oil, vetiveria zizanoides (vetivert) root oil, benzyl benzoate*, citral*, cinnamomum camphora linalooliferum (ho) wood oil, rhododendron ferrugineum (alpine rose) leaf cell culture extract, lecithin, lavandula angustifolia (lavender) oil, citrus limon (lemon) peel oil, cymbopogon citratus (lemongrass) leaf oil, pogostemon cablin (patchouli) leaf oil, mentha piperita (peppermint) oil, benzyl salicylate *, farnesol*, schinus molle (pink pepper) oil, artemisia pallens (davana) flower oil, boswellia carterii (frankincense) oil.",'4.5,'11
Bath & Body,Body Lotion,'MUK200030117,'UK200030117,Jo loves,Mango Thai Lime Body Lotion 275 ML,https://www.spacenk.com/uk/bath-body/body-moisturiser-oils/body-lotion/mango-thai-lime-body-lotion-MUK200030117.html?dwvar_MUK200030117_size=UK200030117&pid=MUK200030117&quantity=1,https://www.spacenk.com/dw/image/v2/ABCE_PRD/on/demandware.static/-/Sites-spacenkmastercatalog/default/dw071c0ac7/products/JO_LOVES/UK200030117_JO_LOVES.jpg?sw=582&sh=582,"Aqua (water), cetearyl alcohol, parfum (fragrance), vitis vinifera (grape) seed oil, stearic acid,dimethicone, glycerin, prunus amygdalus dulcis (sweet almond) oil, limonene, panthenol, theobroma cacao (cocoa) seed butter, tocopheryl acetate, ceteareth-20, phenoxyethanol, linalool, carbomer, sodium hydroxide, ethylhexylglycerin, butylphenyl methylpropional, disodium edta, citronellol, citral, geraniol, coumarin, eugenol, tocopherol",'4.6,'15
Bath & Body,Hand & Feet,'MUK200024990,'UK200024990,Sisley-paris,Restorative Hand Cream 75 ML,https://www.spacenk.com/uk/bath-body/body-moisturiser-oils/hand-feet/restorative-hand-cream-MUK200024990.html?dwvar_MUK200024990_size=UK200024990&pid=MUK200024990&quantity=1,https://www.spacenk.com/dw/image/v2/ABCE_PRD/on/demandware.static/-/Sites-spacenkmastercatalog/default/dw3c0e547a/products/SISLEY/UK200024990_SISLEY.jpg?sw=582&sh=582,"Aqua/water/eau, kaolin, cetyl alcohol, glycerin, c9-12 alkane, hydroxypropyl starch phosphate, behentrimonium chloride, peg-40 hydrogenated castor oil, pentylene glycol, caprylic/capric triglyceride, parfum/fragrance, panthenol, bisabolol, hydrolyzed cottonseed protein, cynara scolymus (artichoke) leaf extract, tocopheryl acetate, moringa oleifera seed extract, orthosiphon stamineus extract, apium graveolens (celery) seed extract, litsea cubeba fruit oil, propanediol, isopropyl alcohol, polyquaternium-47, disodium edta, butylene glycol, sodium hydroxide, gluconolactone, citric acid, disodium phosphate, xanthan gum, maltodextrin, phenoxyethanol, sodium benzoate, potassium sorbate, limonene, citral",'4.5,'21
Bath & Body,Body Treatments,'MUK200027641,'UK200027641,Olverum,Firming Body Oil 100 ML,https://www.spacenk.com/uk/bath-body/body-treatment/body-treatments/firming-body-oil-MUK200027641.html?dwvar_MUK200027641_size=UK200027641&pid=MUK200027641&quantity=1,https://www.spacenk.com/dw/image/v2/ABCE_PRD/on/demandware.static/-/Sites-spacenkmastercatalog/default/dwde4bae85/products/OLVERUM/UK200027641_OLVERUM.jpg?sw=582&sh=582,"Vitis vinifera seed (grapeseed) oil, crambe abyssinica seed oil, simmondsia chinensis (jojoba) seed oil, prunus armeniaca (apricot) kernel oil, butyrospermum parkii (shea) oil, lactobacillus/papaya fruit ferment extract, caprylic / capric triglyceride, citrus grandis (grapefruit) peel oil, cocos nucifera (coconut) fruit extract, carica papaya (papaya) seed oil, alaria esculenta extract, sambucus nigra (elderberry) fruit extract, spilanthes acmella (paracress) flower extract, rosmarinus officinalis (rosemary) leaf extract, juniperus communis (juniper) fruit oil, piper nigrum (black pepper) fruit oil, salvia sclarea (clary sage) oil, thymus vulgaris (thyme) flower/leaf oil, rosmarinus officinalis (rosemary) leaf oil, pogostemon cablin (patchouli) leaf oil, citrus bergamia (bergamot) fruit oil, citrus aurantifolia (lime) oil, eucalyptus globulus (eucalyptus) leaf oil, juniperus virginiana (cedarwood) oil, citrus aurantium dulcis (orange) peel oil, gaultheria procumbens (wintergreen) leaf oil, helianthus annuus (sunflower) seed oil, linalool*, citral*, geraniol*",'4.5,'51
Bath & Body,Body Treatments,'MUK200037050,'UK200037050,Margaret dabbs london,PURE Repairing Hand Cream 20,https://www.spacenk.com/uk/bath-body/body-treatment/body-treatments/pure-repairing-hand-cream-MUK200037050.html?dwvar_MUK200037050_size=UK200037050&pid=MUK200037050&quantity=1,https://www.spacenk.com/dw/image/v2/ABCE_PRD/on/demandware.static/-/Sites-spacenkmastercatalog/default/dw87eaa5f2/products/MARGARET_D/UK200037050_MARGARET_D.jpg?sw=582&sh=582,"Aqua (water)*, caprylic/capric triglyceride*, glycerin*, vitis vinifera (grape) seed oil*, cetearyl alcohol*, prunus amygdalus dulcis (sweet almond) oil*, glyceryl stearate*, linoleic acid*, c15-19 alkane*, dicaprylyl carbonate*, cetearyl olivate*, phenoxyethanol, benzyl alcohol, sorbitan olivate*, cetearyl glucoside*, oleic acid*, saccharide isomerate*, sodium stearoyl glutamate*, xanthan gum*, palmitic acid*, parfum (fragrance)*, stearic acid*, disodium edta, ethylhexylglycerin, citric acid*, dehydroacetic acid, limonene*, geraniol*, linolenic acid*, citronellol*, glucose*, linalool*, citral*, tocopherol*, sodium citrate*, eugenol*. *naturally occurring ingredients",'4.5,'12
Bath & Body,Body Treatments,'MUK200037050,'UK200037052,Margaret dabbs london,PURE Repairing Hand Cream 75 ,https://www.spacenk.com/uk/bath-body/body-treatment/body-treatments/pure-repairing-hand-cream-MUK200037050.html?dwvar_MUK200037050_size=UK200037052&pid=MUK200037050&quantity=1,https://www.spacenk.com/dw/image/v2/ABCE_PRD/on/demandware.static/-/Sites-spacenkmastercatalog/default/dw3607e283/products/MARGARET_D/UK200037052_MARGARET_D.jpg?sw=582&sh=582,"Aqua (water)*, caprylic/capric triglyceride*, glycerin*, vitis vinifera (grape) seed oil*, cetearyl alcohol*, prunus amygdalus dulcis (sweet almond) oil*, glyceryl stearate*, linoleic acid*, c15-19 alkane*, dicaprylyl carbonate*, cetearyl olivate*, phenoxyethanol, benzyl alcohol, sorbitan olivate*, cetearyl glucoside*, oleic acid*, saccharide isomerate*, sodium stearoyl glutamate*, xanthan gum*, palmitic acid*, parfum (fragrance)*, stearic acid*, disodium edta, ethylhexylglycerin, citric acid*, dehydroacetic acid, limonene*, geraniol*, linolenic acid*, citronellol*, glucose*, linalool*, citral*, tocopherol*, sodium citrate*, eugenol*. *naturally occurring ingredients",'4.5,'12
Bath & Body,Bath & Body Sets,'MUK200038334,'UK200038334,Space nk,Parisian Gardens Hand Duo 425 ML,https://www.spacenk.com/uk/bath-body/bath-body-sets/bath-body-sets/parisian-gardens-hand-duo-MUK200038334.html?dwvar_MUK200038334_size=UK200038334&pid=MUK200038334&quantity=1,https://www.spacenk.com/dw/image/v2/ABCE_PRD/on/demandware.static/-/Sites-spacenkmastercatalog/default/dwa4f01a09/products/NK/UK200038334_NK.jpg?sw=582&sh=582,"Hand wash/nettoyant pour les mains ingredients: aqua (water/eau), cocamidopropyl betaine, sodium lauroyl sarcosinate, disodium cocoamphodiacetate, sodium chloride, glycerin, laureth-4, citric acid, sodium benzoate, parfum (fragrance), potassium sorbate, propylene glycol, disodium edta, chamomilla recutita (matricaria) flower extract, avena sativa (oat) kernel oil, moringa oleifera leaf extract, sorbitol, sambucus nigra flower extract, ci 17200 (d&c red no. 33) allergens: hexyl cinnamal. hydroxycitronellal. limonene. hand crème/crème pour les mains ingredients: aqua (water/eau), butyrospermum parkii (shea) butter, glycerin, cetearyl alcohol, vitis vinifera (grape) seed oil, caprylic/capric triglyceride, cetyl alcohol, arachidyl alcohol, phenoxyethanol, behenyl alcohol, arachidyl glucoside, carbomer, xanthan gum, parfum (fragrance), ethylhexylglycerin, moringa oleifera seed oil, sodium hydroxide, sambucus nigra flower extract, avena sativa (oat) kernel oil, glucose, chamomilla recutita (matricaria) flower extract, citric acid, sodium benzoate, potassium sorbate. allergens: citronellol. geraniol. hexyl cinnamal. hydroxycitronellal. limonene. linalool. alpha-isomethyl ionone.",'4.6,'14
Bath & Body,Body Creme & Butter,'MUK200019657,'UK200019657,Dr. barbara sturm,Anti-Aging Body Cream 200 G,https://www.spacenk.com/uk/bath-body/body-moisturiser-oils/body-creme-butter/anti-aging-body-cream-MUK200019657.html?dwvar_MUK200019657_size=UK200019657&pid=MUK200019657&quantity=1,https://www.spacenk.com/dw/image/v2/ABCE_PRD/on/demandware.static/-/Sites-spacenkmastercatalog/default/dwedec7c82/products/DR_STURM/UK200019657_DR_STURM.jpg?sw=582&sh=582,"Water (aqua), vitis vinifera (grape) seed oil, squalane, dicaprylyl carbonate, butyrospermum parkii (shea) butter, lactobacillus/ portulaca oleracea ferment extract, glycerin cetearyl alcohol, hydrogenated vegetable glycerides, potassium cetyl phosphate, terminalia catappa leaf extract, propylene glycol, limnanthes alba (meadowfoam) seed oil, olea, europaea (olive) fruit oil, tocopheryl acetate, phenoxyethanol, phanthenol, hydrogenated palm glycerides, sambucus nigra flower extract, fragrance (parfum), pvp, tannic acid, carbomer, alcohol, ethylhexylglycerin, xanthan gum, leontopodium alpinum flower/ leaf extract, potassium sorbate, leuconostoc/ radish root ferment filtrate, hydrolyzed cicer, seed extract, disodium edta, biosaccharide gum-1, caprylic/ capric triglyceride, sodium hydroxide, linalool, sodium benzoate, lactic acid, pantolactone, benzyl alcohol, benzyl salicylate, geraniol, ascorbyl palmitate, citric acid, ascorbic acid.",'4.2,'92
Bath & Body,Body Lotion,'MUK200056608,'UK200056608,Chloé,Atelier des Fleurs Cedrus Perfumed Body Lotion 30,https://www.spacenk.com/uk/bath-body/body-moisturiser-oils/body-lotion/atelier-des-fleurs-cedrus-perfumed-body-lotion-MUK200056608.html?dwvar_MUK200056608_size=UK200056608&pid=MUK200056608&quantity=1,https://www.spacenk.com/dw/image/v2/ABCE_PRD/on/demandware.static/-/Sites-spacenkmastercatalog/default/dw687596c2/products/CHLOE/UK200056608_CHLOE.jpg?sw=582&sh=582,"Aqua/water/eau, coco-caprylate/caprate, glycerin, parfum/fragrance, cetyl alcohol, tetramethyl acetyloctahydronaphthalenes, glyceryl stearates, jojoba esters, stearyl alcohol, hydroxyacetophenone, acrylates/c10-30 alkyl acrylate crosspolymer, helianthus annuus (sunflower) seed wax, sodium stearoyl glutamate, 1,2-hexanediol, caprylyl glycol, citrus aurantium bergamia (bergamot) peel oil, limonene, linalyl acetate, sodium hydroxide, linalool, pinene, citrus aurantium peel oil, hydroxycitronellal, polyglycerin-3, citronellol, faex/yeast extract/extrait de levure, alpha-isomethyl ionone, juniperus virginiana oil, pogostemon cablin oil, beta-caryophyllene, coumarin, geranyl acetate, citral, tocopherol.",'4.8,'241
Bath & Body,Body Lotion,'MUK200054263,'UK200054263,Nécessaire,The Body Lotion Hinoki 450 ML,https://www.spacenk.com/uk/bath-body/body-moisturiser-oils/body-lotion/the-body-lotion-hinoki-MUK200054263.html?dwvar_MUK200054263_size=UK200054263&pid=MUK200054263&quantity=1,https://www.spacenk.com/dw/image/v2/ABCE_PRD/on/demandware.static/-/Sites-spacenkmastercatalog/default/dw34f58a35/products/NECESSAIRE/UK200054263_NECESSAIRE.jpg?sw=582&sh=582,"Aqua/water/eau, helianthus annuus (sunflower) seed oil, glycerin, caprylic/capric triglyceride, niacinamide, shea butter glycerides, cetearyl olivate, cetearyl alcohol, glyceryl stearate, sorbitan olivate, fragrance (parfum), hexanoyl dipeptide-3 norleucine acetate, palmitoyl dipeptide-5 diaminobutyroyl hydroxythreonine, palmitoyl dipeptide-5 diaminonhydroxybutyrate, palmitoyl tetrapeptide-7, palmitoyl tripeptide-1, chamaecyparis obtusa wood oil, lactic acid, glycolic acid, mandelic acid, salicylic acid, gluconolactone, polygonum cuspidatum root extract, tocopherol, linoleic acid, linolenic acid, propanediol, lecithin, xanthan gum, polyacrylate crosspolymer-6, caprylhydroxamic acid, caprylyl glycol, sodium benzoate, phenoxyethanol, oleic acid, palmitic acid, stearic acid, t-butyl alcohol, beta-caryophyllene, terpineol, tetramethyl acetyloctahydronaphthalenes, geranyl acetate, hydroxycitronellal, benzyl salicylate, evernia prunastri extract, cedrus atlantica wood oil, pinene, camphor, geraniol, citronellol, linalool, limonene.",'4.5,'10
Bath & Body,Body Lotion,'MUK200019218,'UK200019218,Natura bissé,C+C Vitamin Summer Lotion 200 ML,https://www.spacenk.com/uk/bath-body/body-moisturiser-oils/body-lotion/cc-vitamin-summer-lotion-MUK200019218.html?dwvar_MUK200019218_size=UK200019218&pid=MUK200019218&quantity=1,https://www.spacenk.com/dw/image/v2/ABCE_PRD/on/demandware.static/-/Sites-spacenkmastercatalog/default/dw2dea8d1a/products/NATURA_B/UK200019218_NATURA_B.jpg?sw=582&sh=582,"Water (aqua), glycerin, cylopentasiloxone, cetearyl ethylhexanoate, copper acetyl tyrosinate methylsilanol, aloe barbadensis leaf extract, tocopheryl acetate, citrus nobilis (mandarin orange) oil, citrus aurantium dulcis (orange) oil, citrus aurantium amara (bitter orange) peel extract, ascorbic acid, bisabolol, allantoin, polyacrylamide, c13-14 isoparaffin, xanthan gum, laureth-7, isodium edta, propylene glycol, cyclodextrin, citric acid, phenoxyethanol, ethylparaben, methylparaben, sodium methylparaben, sodium benzoate, propylparaben, butylparaben, fragrance (parfum), limonene, linalool, amyl cinnamal, yellow 5 (ci 19140), red 4 (ci 14700).",'4.9,'19
Bath & Body,Body Lotion,'MUK200052796,'UK200052796,Hermès,Eau de Rhubarbe Ecarlate Moisturising Body Lotion 20,https://www.spacenk.com/uk/bath-body/body-moisturiser-oils/body-lotion/eau-de-rhubarbe-ecarlate-moisturising-body-lotion-MUK200052796.html?dwvar_MUK200052796_size=UK200052796&pid=MUK200052796&quantity=1,https://www.spacenk.com/dw/image/v2/ABCE_PRD/on/demandware.static/-/Sites-spacenkmastercatalog/default/dwf6cd6c09/products/HERMÈS/UK200052796_HERMÈS.jpg?sw=582&sh=582,This list is subject to change over time. please refer to the information on your product’s packaging for the most up-to-date list of ingredients. ingredients : aqua (water) • coco-caprylate/caprate • glycerin • parfum (fragrance) • oleic/linoleic/linolenic polyglycerides • pentylene glycol • olus oil/vegetable oil/huile vegetale • pentaerythrityl distearate • hydroxyethyl acrylate/sodium acryloyldimethyl taurate copolymer • silica • squalane • caprylyl glycol • sodium stearoyl glutamate • hydrogenated vegetable oil • limonene • cetyl alcohol • polysorbate 60 • xanthan gum • citric acid • candelilla cera/euphorbia cerifera (candelilla) wax/cire de candelilla • sodium hyaluronate • sodium phytate • o-cymen-5-ol • sorbitan isostearate • linalool • geraniol • citronellol • sodium hydroxide • citral • tocopherol.,'5.0,'3
Bath & Body,Body Lotion,'MUK200054849,'UK200054849,Neom,Hand Lotion Real Luxury 300 ML,https://www.spacenk.com/uk/bath-body/body-moisturiser-oils/body-lotion/hand-lotion-real-luxury-MUK200054849.html?dwvar_MUK200054849_size=UK200054849&pid=MUK200054849&quantity=1,https://www.spacenk.com/dw/image/v2/ABCE_PRD/on/demandware.static/-/Sites-spacenkmastercatalog/default/dw4e14c2b9/products/NEOM/UK200054849_NEOM.jpg?sw=582&sh=582,"Aqua (water/eau), helianthus annuus (sunflower) seed oil, dicaprylyl ether, glyceryl stearate, butyrospermum parkii (shea) butter, cera alba (beeswax), glycerin, propanediol, theobroma cacao (cocoa) seed butter, sodium stearoyl glutamate, sucrose stearate, linalool, benzyl alcohol, parfum (fragrance)*, coco-glucoside, aloe barbadensis leaf juice powder, sodium gluconate, xanthan gum, coconut alcohol, limonene, cocos nucifera (coconut) water, dehydroacetic acid, argania spinosa kernel oil, citronellol, geraniol, tocopherol, eugenol, benzyl benzoate, citral, citric acid, punica granatum seed oil, glycine soja (soybean) oil, fucus vesiculosus extract, leuconostoc/radish root ferment filtrate, glucose, sodium hydroxide. *made with 100% natural essential oils and extracts. 99% naturally derived ingredients. *ok for use during pregnancy and breastfeeding, however if still concerned and wish to take extra caution, we advise to seek the advice of their medical practit",'0,'0
Bath & Body,Body Lotion,'MUK200049853,'UK200049853,Oskia,Renaissance Body Treatment Milk 150 ML,https://www.spacenk.com/uk/bath-body/body-moisturiser-oils/body-lotion/renaissance-body-treatment-milk-MUK200049853.html?dwvar_MUK200049853_size=UK200049853&pid=MUK200049853&quantity=1,https://www.spacenk.com/dw/image/v2/ABCE_PRD/on/demandware.static/-/Sites-spacenkmastercatalog/default/dw7f7ab64a/products/OSKIA/UK200049853_OSKIA.jpg?sw=582&sh=582,"Aqua (water), coconut alkanes, glycerin, butyrospermum parkii butter, cetearyl alcohol, cetearyl olivate, sorbitan olivate, dimethyl sulfone (msm), cetyl esters, punica granatum sterols, phenethyl alcohol, glyceryl stearate se, coco-caprylate/caprate,cetyl palmitate, macadamia ternifolia seed oil, rosa canina fruit oil, sorbitan palmitate, parfum (natural), xanthan gum, citrus medica limonum fruit extract, geraniol, ethylhexylglycerin, vitis vinifera fruit extract, ananas sativus fruit extract, passiflora quadrangularis fruit extract, borago officinalis seed oil, citronellol,alcohol denat, petasites japonicus root extract, leuconostoc/radish root ferment filtrate, retinyl palmitate, linalool, saccharomyces/magnesium ferment, potassium sorbate, saccharomyces/copper ferment, saccharomyces/silicon ferment, saccharomyces/zinc ferment, saccharomyces/iron ferment, ci 77491",'4.8,'16
Bath & Body,Body Lotion,'MUK200055664,'UK200055664,Kopari,Tahitian Vanilla Body Butter 230 ML,https://www.spacenk.com/uk/bath-body/body-moisturiser-oils/body-lotion/tahitian-vanilla-body-butter-MUK200055664.html?dwvar_MUK200055664_size=UK200055664&pid=MUK200055664&quantity=1,https://www.spacenk.com/dw/image/v2/ABCE_PRD/on/demandware.static/-/Sites-spacenkmastercatalog/default/dwe30090d5/products/KOPARI/UK200055664_KOPARI.jpg?sw=582&sh=582,"Water (aqua), cocos nucifera (coconut) oil, glycerin, squalane, ethylhexyl palmitate, stearic acid, stearyl alcohol, phenoxyethanol, mangifera indica (mango) seed butter, steareth-21, acrylates/c10-30 alkyl acrylate crosspolymer, fragrance (parfum), ethylhexylglycerin, sodium hydroxide, xanthan gum, helianthus annuus (sunflower) seed oil, panthenol, tocopherol, coumarin, canola oil, cereus grandiflorus (cactus) flower extract, garcinia cambogia fruit extract, hydrogenated lecithin, opuntia ficus- indica seed oil, sodium hyaluronate, citric acid, betula alba bark extract",'4.8,'614
Bath & Body,Body Creme & Butter,'MUK200019243,'UK200019243,Sisley-paris,Restorative Body Cream 200 ML,https://www.spacenk.com/uk/bath-body/body-moisturiser-oils/body-creme-butter/restorative-body-cream-MUK200019243.html?dwvar_MUK200019243_size=UK200019243&pid=MUK200019243&quantity=1,https://www.spacenk.com/dw/image/v2/ABCE_PRD/on/demandware.static/-/Sites-spacenkmastercatalog/default/dwcf4fadf8/products/SISLEY/UK200019243_SISLEY.jpg?sw=582&sh=582,,'4.5,'18
Bath & Body,Hand & Feet,'MUK300054979,'UK300054979,Byredo,Hand Lotion Tulipmania 450 ML,https://www.spacenk.com/uk/bath-body/body-moisturiser-oils/hand-feet/hand-lotion-tulipmania-MUK300054979.html?dwvar_MUK300054979_size=UK300054979&pid=MUK300054979&quantity=1,https://www.spacenk.com/dw/image/v2/ABCE_PRD/on/demandware.static/-/Sites-spacenkmastercatalog/default/dwc98d81b0/products/BYREDO/UK300054979_BYREDO.jpg?sw=582&sh=582,"Aqua (water), butyrospermum parkii (shea) butter, parfum (fragrance), glyceryl stearate, peg-100 stearate, alcohol, butylene glycol, glycerin, cetearyl alcohol, polyacrylamide, ceteareth-22, c13-14 isoparaffin, dimethicone, phenoxyethanol, caprylyl glycol, xanthan gum, limonene, laureth-7, disodium edta, geraniol, bht, linalool, citral, sodium hydroxide, hydroxycitronellal, citronellol, isoeugenol.",'4.7,'27
Bath & Body,Body Creme & Butter,'MUK200034716,'UK200034716,Drunk elephant,Wonderwild Miracle Butter 6,https://www.spacenk.com/uk/bath-body/body-moisturiser-oils/body-creme-butter/wonderwild-miracle-butter-MUK200034716.html?dwvar_MUK200034716_size=UK200034716&pid=MUK200034716&quantity=1,https://www.spacenk.com/dw/image/v2/ABCE_PRD/on/demandware.static/-/Sites-spacenkmastercatalog/default/dw933b9ce5/products/DRUNK_ELEP/UK200034716_DRUNK_ELEP.jpg?sw=582&sh=582,"Sclerocarya birrea seed oil, cocos nucifera (coconut) oil, hydrogenated vegetable oil, cucurbita pepo (pumpkin) seed oil, butyrospermum parkii (shea) butter, sclerocarya birrea seed butter, mangifera indica (mango) seed butter, theobroma grandiflorum seed butter, camellia sinensis seed oil, rosa canina fruit oil, aleurites moluccanus seed oil, simmondsia chinensis (jojoba) seed oil, limnanthes alba (meadowfoam) seed oil, oryza sativa (rice) bran oil, persea gratissima (avocado) oil, helianthus annuus (sunflower) seed wax, vitis vinifera (grape) seed oil",'4.4,'185
Bath & Body,Body Oil,'MUK200038709,'UK200038709,Laura mercier,Ambre Vanille Bath And Body Oil 10,https://www.spacenk.com/uk/bath-body/body-moisturiser-oils/body-oil/ambre-vanille-bath-and-body-oil-MUK200038709.html?dwvar_MUK200038709_size=UK200038709&pid=MUK200038709&quantity=1,https://www.spacenk.com/dw/image/v2/ABCE_PRD/on/demandware.static/-/Sites-spacenkmastercatalog/default/dw33a02bf6/products/LAURA_MERC/UK200038709_LAURA_MERC.jpg?sw=582&sh=582,"Carthamus tinctorius (safflower) seed oil, ricinus communis (castor) seed oil, helianthus annuus (sunflower) seed oil, fragrance (parfum), simmondsia chinensis (jojoba) seed oil, adansonia digitata seed oil, borago officinalis seed oil, olea europaea (olive) leaf extract, prunus domestica seed oil, arnica montana flower extract (arnica montana), tocopherol, glycerin, aqua/water/eau, citric acid, bisabolol, 1,2-hexanediol, caprylyl glycol, hydroxycitronellal, benzyl salicylate, limonene, potassium sorbate, sodium benzoate, benzyl alcohol.",'4.9,'14
Bath & Body,Body Creme & Butter,'MUK200035273,'UK200035273,Susanne kaufmann,Body Butter 200 ML,https://www.spacenk.com/uk/bath-body/body-moisturiser-oils/body-creme-butter/body-butter-MUK200035273.html?dwvar_MUK200035273_size=UK200035273&pid=MUK200035273&quantity=1,https://www.spacenk.com/dw/image/v2/ABCE_PRD/on/demandware.static/-/Sites-spacenkmastercatalog/default/dw1f1a1dd8/products/SUSANNE_K/UK200035273_SUSANNE_K.jpg?sw=582&sh=582,"Aqua (water), olea europaea (olive) fruit oil, pentylene glycol, butyrospermum parkii (shea) butter, cetearyl alcohol, glyceryl stearate citrate, glycerin, sucrose stearate, cera alba, whey powder, helianthus annuus (sunflower) seed oil, mel, pollen, tocopherol, tocopheryl acetate, sodium stearoyl glutamate, xanthan gum, parfum.",'4.7,'48
Bath & Body,Body Oil,'MUK200055694,'UK200055694,Susanne kaufmann,Pomegranate Body Oil 100 ML,https://www.spacenk.com/uk/bath-body/body-moisturiser-oils/body-oil/pomegranate-body-oil-MUK200055694.html?dwvar_MUK200055694_size=UK200055694&pid=MUK200055694&quantity=1,https://www.spacenk.com/dw/image/v2/ABCE_PRD/on/demandware.static/-/Sites-spacenkmastercatalog/default/dwe61f24e6/products/SUSANNE_K/UK200055694_SUSANNE_K.jpg?sw=582&sh=582,"Brassica campestris (rapeseed) seed oil, caprylic/capric triglyceride, simmondsia chinensis (jojoba) seed oil, helianthus annuus (sunflower) hybrid oil, sesamum indicum (sesame) seed oil, triticum vulgare (wheat) germ oil, punica granatum seed oil, panicum miliaceum (millet) seed extract, tocopherol, helianthus annuus (sunflower) seed oil, rosmarinus officinalis (rosemary) leaf extract, limonene, citral, linalool, citronellol, geraniol, parfum.",'4.7,'3
Bath & Body,Body Lotion,'MUK200034204,'UK200034204,Byredo,Blanche Body Lotion 225 ML,https://www.spacenk.com/uk/bath-body/body-moisturiser-oils/body-lotion/blanche-body-lotion-MUK200034204.html?dwvar_MUK200034204_size=UK200034204&pid=MUK200034204&quantity=1,https://www.spacenk.com/dw/image/v2/ABCE_PRD/on/demandware.static/-/Sites-spacenkmastercatalog/default/dw90f59d1b/products/BYREDO/UK200034204_BYREDO.jpg?sw=582&sh=582,"Aqua (water), caprylic/capric triglyceride, butylene glycol, parfum (fragrance), steareth-2, butyrospermum parkii (shea) butter, dimethicone, glycerin, steareth-21, polymethyl methacrylate, cetyl alcohol, phenoxyethanol, xanthan gum, ethylhexyl methoxycinnamate, butyl methoxydibenzoylmethane, caprylyl glycol, tocopheryl acetate, acrylates/c10-30 alkyl acrylate crosspolymer, disodium edta, hydroxycitronellal, potassium hydroxide, alpha-isomethyl ionone, limonene, citral, bht.",'4.8,'4
Bath & Body,Body Lotion,'MUK200055778,'UK200055778,Bulgari,Eau Parfumée The Vert Body Lotion 30,https://www.spacenk.com/uk/bath-body/body-moisturiser-oils/body-lotion/eau-parfumee-the-vert-body-lotion-MUK200055778.html?dwvar_MUK200055778_size=UK200055778&pid=MUK200055778&quantity=1,https://www.spacenk.com/dw/image/v2/ABCE_PRD/on/demandware.static/-/Sites-spacenkmastercatalog/default/dwbc5c96b6/products/BULGARI/UK200055778_BULGARI.jpg?sw=582&sh=582,"Aqua (water), isocetyl stearate, caprylic/capric triglyceride, butyrospermum parkii (shea) butter, dimethicone, propylene glycol, steareth-21, parfum (fragrance), glyceryl stearate, peg-90 stearate, cetyl alcohol, myristyl myristate, phenoxyethanol, sodium benzoate, hexyl cinnamal, carbomer, limonene, xanthan gum, linalool, phytic acid, sodium hydroxide, coumarin, citral, geraniol, citronellol, citric acid",'4.0,'1
Bath & Body,Body Oil,'MUK200055881,'UK200055881,May lindstrom skin,The Good Stuff ,https://www.spacenk.com/uk/bath-body/body-moisturiser-oils/body-oil/the-good-stuff-MUK200055881.html?dwvar_MUK200055881_size=UK200055881&pid=MUK200055881&quantity=1,https://www.spacenk.com/dw/image/v2/ABCE_PRD/on/demandware.static/-/Sites-spacenkmastercatalog/default/dw873d1ea5/products/MAY_LINDST/UK200055881_MAY_LINDST.jpg?sw=582&sh=582,"*camellia oleifera seed oil, prunus domestica (plum) seed oil, *limnanthes alba (meadowfoam) seed oil, *tanacetum annuum (blue tansy) flower oil, jasminum grandiflorum (jasmine) flower extract, *citrus limon (lemon) peel oil, *cananga odorata (ylang-ylang) flower oil, *citrus paradisi (grapefruit) peel oil, *pelargonium graveolens (geranium rose) oil, *lavandula angustifolia (lavender) oil, niacinamide, tetrahexyldecyl ascorbate (vitamin c), sodium hyaluronate, hydrogenated castor oil, ricinus communis seed oil, +benzyl alcohol, +benzyl benzoate, +benzyl salicylate, +citral, +eugenol, +farnesol, +citronellol, +geraniol, +isoeugenol, +limonene, +linalool -- *certified organic **wild harvested ***fair trade, raw, & unrefined +component of essential oil microbiome-friendly",'4.8,'99
Bath & Body,Body Creme & Butter,'MUK200037045,'UK200037045,Mirror water,Rub Solid Balm 50 ML,https://www.spacenk.com/uk/bath-body/body-moisturiser-oils/body-creme-butter/rub-solid-balm-MUK200037045.html?dwvar_MUK200037045_size=UK200037045&pid=MUK200037045&quantity=1,https://www.spacenk.com/dw/image/v2/ABCE_PRD/on/demandware.static/-/Sites-spacenkmastercatalog/default/dwe293238a/products/MIRROR_W/UK200037045_MIRROR_W.jpg?sw=582&sh=582,"Butyrospermum parkii (shea) butter, shea butter ethyl esters, oryza sativa (rice) bran wax, vetiveria zizanoides (vetiver) root oil, cedrus atlantica (cedarwood) bark oil, citrus aurantium bergamia (bergamot) fruit oil, picea mariana (black spruce) leaf oil, helianthus annuus (sunflower) seed oil, beta-carotene, daucus carota sativa (carrot) root extract, daucus carota sativa (carrot) seed oil, ascorbyl palmitate, tocopherol (vitamin e), citric acid, limonene, linalool, citral.",'4.3,'35
Bath & Body,Hand & Feet,'MUK200056404,'UK200056404,Victoria beckham beauty,Hand Creme 21:50 Rêverie 24 ,https://www.spacenk.com/uk/bath-body/body-moisturiser-oils/hand-feet/hand-creme-21%3A50-r%C3%AAverie-MUK200056404.html?dwvar_MUK200056404_size=UK200056404&pid=MUK200056404&quantity=1,https://www.spacenk.com/dw/image/v2/ABCE_PRD/on/demandware.static/-/Sites-spacenkmastercatalog/default/dw7fc41605/products/VB_BEAUTY/UK200056404_VB_BEAUTY.jpg?sw=582&sh=582,,'5.0,'1
Bath & Body,Body Lotion,'MUK200031920,'UK200031920,Bamford,Geranium Hand and Body Lotion ,https://www.spacenk.com/uk/bath-body/body-moisturiser-oils/body-lotion/geranium-hand-and-body-lotion-MUK200031920.html?dwvar_MUK200031920_size=UK200031920&pid=MUK200031920&quantity=1,https://www.spacenk.com/dw/image/v2/ABCE_PRD/on/demandware.static/-/Sites-spacenkmastercatalog/default/dwe704f0e5/products/BAMFORD/UK200031920_BAMFORD.jpg?sw=582&sh=582,"Aloe barbadensis leaf juice powder*, caprylic/capric triglyceride, glycerin, coco-caprylate, polyglyceryl-3 dicitrate/stearate, cetearyl alcohol, glyceryl stearate, parfum (fragrance), butyrospermum parkii (shea) butter*, theobroma cacao (cocoa) seed butter*, benzyl alcohol, citric acid, sodium benzoate, sodium stearoyl glutamate, eucalyptus globulus leaf oil, lavandula angustifolia (lavender) oil, xanthan gum, aqua (water), pelargonium graveolens flower oil, tocopherol, deh",'4.6,'11
Bath & Body,Body Creme & Butter,'MUK200027419,'UK200027419,Neom,Great Day Magnesium Body Butter 200 ML,https://www.spacenk.com/uk/bath-body/body-moisturiser-oils/body-creme-butter/great-day-magnesium-body-butter-MUK200027419.html?dwvar_MUK200027419_size=UK200027419&pid=MUK200027419&quantity=1,https://www.spacenk.com/dw/image/v2/ABCE_PRD/on/demandware.static/-/Sites-spacenkmastercatalog/default/dw9cc9582e/products/NEOM/UK200027419_NEOM.jpg?sw=582&sh=582,,'4.4,'21
Bath & Body,Body Lotion,'MUK200055701,'UK200055701,Kopari,Ultra Restore Body Butter 230 ML,https://www.spacenk.com/uk/bath-body/body-moisturiser-oils/body-lotion/ultra-restore-body-butter-MUK200055701.html?dwvar_MUK200055701_size=UK200055701&pid=MUK200055701&quantity=1,https://www.spacenk.com/dw/image/v2/ABCE_PRD/on/demandware.static/-/Sites-spacenkmastercatalog/default/dw77ce8044/products/KOPARI/UK200055701_KOPARI.jpg?sw=582&sh=582,"Water (aqua), cocos nucifera (coconut) oil, glycerin, squalane, ethylhexyl palmitate, stearic acid, stearyl alcohol, phenoxyethanol, mangifera indica (mango) seed butter, steareth-21, acrylates/c10-30 alkyl acrylate crosspolymer, fragrance (parfum), ethylhexylglycerin, sodium hydroxide, xanthan gum, helianthus annuus (sunflower) seed oil, panthenol, tocopherol, coumarin, canola oil, cereus grandiflorus (cactus) flower extract, garcinia cambogia fruit extract, hydrogenated lecithin, opuntia ficus- indica seed oil, sodium hyaluronate, citric acid, betula alba bark extract",'4.8,'565
Bath & Body,Body Lotion,'MUK200050033,'UK200050033,Fresh,Lily Jasmine Body Lotion 300 ML,https://www.spacenk.com/uk/bath-body/body-moisturiser-oils/body-lotion/lily-jasmine-body-lotion-MUK200050033.html?dwvar_MUK200050033_size=UK200050033&pid=MUK200050033&quantity=1,https://www.spacenk.com/dw/image/v2/ABCE_PRD/on/demandware.static/-/Sites-spacenkmastercatalog/default/dwb2c436f1/products/FRESH/UK200050033_FRESH.jpg?sw=582&sh=582,"Aqua (water), glycerin, butylene glycol, cocamidopropyl betaine, coco-betaine, peg-120 methyl glucose dioleate, parfum (fragrance), peg-40 hydrogenated castor oil, disodium cocoyl glutamate, tocopheryl acetate, tocopherol, sodium methyl cocoyl taurate, sodium cocoyl isethionate, polyacrylate crosspolymer-6, sodium stearoyl glutamate, citric acid, sodium cocoyl glutamate, caprylyl glycol, sodium citrate, ascorbyl tetraisopalmitate , propanediol, caramel, sodium hydroxide, sodium benzoate, limonene, linalool, citral, citronellol, geraniol<18394>",'4.2,'9
Bath & Body,Hand & Feet,'MUK200034213,'UK200034213,Byredo,Blanche Hand Cream Travel Size 30 ML,https://www.spacenk.com/uk/bath-body/body-moisturiser-oils/hand-feet/blanche-hand-cream-travel-size-MUK200034213.html?dwvar_MUK200034213_size=UK200034213&pid=MUK200034213&quantity=1,https://www.spacenk.com/dw/image/v2/ABCE_PRD/on/demandware.static/-/Sites-spacenkmastercatalog/default/dwd53ecf59/products/BYREDO/UK200034213_BYREDO.jpg?sw=582&sh=582,"Aqua (water), butyrospermum parkii (shea) butter, parfum (fragrance), glyceryl stearate, peg-100 stearate, alcohol, butylene glycol, glycerin, cetearyl alcohol, polyacrylamide, ceteareth-20, c13-14 isoparaffin, dimethicone, phenoxyethanol, caprylyl glycol, xanthan gum, laureth-7, disodium edta, hydroxycitronellal, alpha-isomethyl ionone, limonene, bht, sodium hydroxide, citral.",'4.0,'5
Bath & Body,Body Lotion,'MUK200039735,'UK200039735,Fresh,Rose Morning Body Lotion 300 ML,https://www.spacenk.com/uk/bath-body/body-moisturiser-oils/body-lotion/rose-morning-body-lotion-MUK200039735.html?dwvar_MUK200039735_size=UK200039735&pid=MUK200039735&quantity=1,https://www.spacenk.com/dw/image/v2/ABCE_PRD/on/demandware.static/-/Sites-spacenkmastercatalog/default/dw66b2b52b/products/FRESH/UK200039735_FRESH.jpg?sw=582&sh=582,"Aqua (water), hexyldecanol, hexyldecyl laurate, butylene glycol, polysorbate 60, sorbitan stearate, cetyl alcohol, butyrospermum parkii (shea butter), mangifera indica (mango) seed oil, litchi chinensis seed extract, sucrose, tocopheryl acetate, ascorbic acid, tocopherol, caprylyl glycol, parfum (fragrance), carbomer, hexylene glycol, allantoin, tetrasodium edta, sodium hydroxide, peg-40 castor oil, bht, citric acid, phenoxyethanol, limonene, benzyl salicylate, hydroxycitronellal, citral, citronellol, benzyl alcohol, geraniol, coumarin <12576/a> disclaimer: fresh product ingredient listings are updated periodically. before using a fresh product, please read the ingredient list on the packaging of your product to be sure that the ingredients are appropriate for your personal use.",'4.1,'19
Bath & Body,Hand & Feet,'MUK200034229,'UK200034229,Byredo,La Tulipe Hand Cream Travel Size 30 ML,https://www.spacenk.com/uk/bath-body/body-moisturiser-oils/hand-feet/la-tulipe-hand-cream-travel-size-MUK200034229.html?dwvar_MUK200034229_size=UK200034229&pid=MUK200034229&quantity=1,https://www.spacenk.com/dw/image/v2/ABCE_PRD/on/demandware.static/-/Sites-spacenkmastercatalog/default/dw1d6caed3/products/BYREDO/UK200034229_BYREDO.jpg?sw=582&sh=582,"Aqua (water), caprylic/capric triglyceride, butylene glycol, parfum (fragrance), steareth-2, butyrospermum parkii (shea) butter, dimethicone, glycerin, steareth-21, polymethyl methacrylate, cetyl alcohol, phenoxyethanol, xanthan gum, ethylhexyl methoxycinnamate, butyl methoxydibenzoylmethane, caprylyl glycol, tocopheryl acetate, acrylates/c10-30 alkyl acrylate crosspolymer, disodium edta, limonene, potassium hydroxide, hydroxycitronellal, geraniol, linalool, citronellol, citral, isoeugenol, bht.",'5.0,'4
Bath & Body,Body Lotion,'MUK200049858,'UK200049858,Rodial,Bee Venom Body Serum 200 ML,https://www.spacenk.com/uk/bath-body/body-moisturiser-oils/body-lotion/bee-venom-body-serum-MUK200049858.html?dwvar_MUK200049858_size=UK200049858&pid=MUK200049858&quantity=1,https://www.spacenk.com/dw/image/v2/ABCE_PRD/on/demandware.static/-/Sites-spacenkmastercatalog/default/dw98b29764/products/RODIAL/UK200049858_RODIAL.jpg?sw=582&sh=582,"Aqua/water/eau, glycerin, cetyl ethylhexanoate, octyldodecanol, bee venom, phenoxyethanol, glyceryl stearate, peg-100 stearate, carbomer, benzyl alcohol, parfum (fragrance), ethylhexylglycerin, sodium hydroxide, tocopherol, glyceryl acrylate/acrylic acid copolymer, polysorbate 20, alpha-isomethyl ionone, hydroxycitronellal, disodium edta, limonene, citronellol, lecithin, retinol, bht, bha.",'4.5,'2
Bath & Body,Body Lotion,'MUK200049462,'UK200049462,Neom,Real Luxury Multi-Mineral Body Milk 200 ML,https://www.spacenk.com/uk/bath-body/body-moisturiser-oils/body-lotion/real-luxury-multi-mineral-body-milk-MUK200049462.html?dwvar_MUK200049462_size=UK200049462&pid=MUK200049462&quantity=1,https://www.spacenk.com/dw/image/v2/ABCE_PRD/on/demandware.static/-/Sites-spacenkmastercatalog/default/dw766f17cf/products/NEOM/UK200049462_NEOM.jpg?sw=582&sh=582,"""aqua (water, eau), glycerin, c15-19 alkane, caprylic/capric triglyceride, glyceryl stearate se, parfum (fragrance)*, xanthan gum, sodium stearoyl lactylate, inulin, linalool, rosa canina seed oil, salvia hispanica seed oil, aloe barbadensis leaf juice, sodium benzoate, limonene, potassium sorbate, tocopherol, tapioca starch, citric acid, fructose, algin, helianthus annuus seed oil, geraniol, opuntia ficus-indica stem extract, saccharomyces/copper ferment, saccharomyces/iron ferment, saccharomyces/magnesium ferment, saccharomyces/silicon ferment, saccharomyces/zinc ferment, citronellol, eugenol, leuconostoc/radish root ferment filtrate, benzyl benzoate, citral.""",'5.0,'1
Bath & Body,Hand & Feet,'MUK200038705,'UK200038705,Laura mercier,Néroli Du Sud Hand Cream 5,https://www.spacenk.com/uk/bath-body/body-moisturiser-oils/hand-feet/neroli-du-sud-hand-cream-MUK200038705.html?dwvar_MUK200038705_size=UK200038705&pid=MUK200038705&quantity=1,https://www.spacenk.com/dw/image/v2/ABCE_PRD/on/demandware.static/-/Sites-spacenkmastercatalog/default/dw052b23dd/products/LAURA_MERC/UK200038705_LAURA_MERC.jpg?sw=582&sh=582,"Aqua/water/eau, c12-15 alkyl benzoate, theobroma cacao (cocoa) seed butter, glycerin, cetearyl olivate, squalane, sorbitan olivate, fragrance (parfum), cetearyl alcohol, tapioca starch, butyrospermum parkii (shea) butter, helianthus annuus (sunflower) seed oil, mangifera indica (mango) seed butter, borago officinalis seed oil, prunus domestica seed oil, porphyridium cruentum extract, olea europaea (olive) leaf extract, acrylates/c10-30 alkyl acrylate crosspolymer, tetrasodium glutamate diacetate, hydroxyacetophenone, tocopherol, sodium hydroxide, maris aqua/sea water/eau de mer, propanediol, citric acid, 1,2-hexanediol, caprylyl glycol, hydroxycitronellal, benzyl salicylate, limonene, potassium sorbate, sodium benzoate, benzyl alcohol.",'4.4,'65
Bath & Body,Body Oil,'MUK200041262,'UK200041262,Susanne kaufmann,Hayflower Bath Oil 250 ML,https://www.spacenk.com/uk/bath-body/body-moisturiser-oils/body-oil/hayflower-bath-oil-MUK200041262.html?dwvar_MUK200041262_size=UK200041262&pid=MUK200041262&quantity=1,https://www.spacenk.com/dw/image/v2/ABCE_PRD/on/demandware.static/-/Sites-spacenkmastercatalog/default/dwb519af38/products/SUSANNE_K/UK200041262_SUSANNE_K.jpg?sw=582&sh=582,"Brassica campestris (rapeseed) seed oil, prunus amygdalus dulcis (sweet almond) oil, helianthus annuus (sunflower) seed oil, glyceryl caprylate, triticum vulgare (wheat) germ oil, polyglyceryl-3 palmitate, lavandula hybrida oil, rosmarinus officinalis (rosemary) leaf oil, picea abies leaf oil, hayflower extract, haematococcus pluvialis extract, thymus vulgaris (thyme) flower/leaf oil, tocopherol, linoleic acid, linolenic acid, simmondsia chinensis (jojoba) seed oil, glycine soja (soybean) oil, beta-sitosterol, squalene, linalool, limonene.",'4.9,'8
Bath & Body,Body Lotion,'MUK200016191,'UK200016191,Sisley-paris,Phytobuste Intensive Bust Compound 50 ML,https://www.spacenk.com/uk/bath-body/body-moisturiser-oils/body-lotion/phytobuste-intensive-bust-compound-MUK200016191.html?dwvar_MUK200016191_size=UK200016191&pid=MUK200016191&quantity=1,https://www.spacenk.com/dw/image/v2/ABCE_PRD/on/demandware.static/-/Sites-spacenkmastercatalog/default/dw77a6aebf/products/SISLEY/UK200016191_SISLEY.jpg?sw=582&sh=582,,'4.2,'10
Bath & Body,Hand & Feet,'MUK200024961,'UK200024961,Sisley-paris,Sisleÿa L'Intégral Anti-Âge Hand Care Anti-Aging Concentrate 75 ML,https://www.spacenk.com/uk/bath-body/body-moisturiser-oils/hand-feet/sisle%C3%BFa-lintegral-anti-%C3%A2ge-hand-care-anti-aging-concentrate-MUK200024961.html?dwvar_MUK200024961_size=UK200024961&pid=MUK200024961&quantity=1,https://www.spacenk.com/dw/image/v2/ABCE_PRD/on/demandware.static/-/Sites-spacenkmastercatalog/default/dwbf7ba871/products/SISLEY/UK200024961_SISLEY.jpg?sw=582&sh=582,"Water/eau (aqua), dimethicone, titanium dioxide (nano), dicaprylyl carbonate, glycerin, hydrogenated polyisobutene, polyglyceryl-3 polydimethylsiloxyethyl dimethicone, betaine, butyrospermum parkii (shea) butter, lauryl peg-10 tris(trimethylsiloxy)silylethyl dimethicone, dimethicone/vinyl dimethicone crosspolymer, pentylene glycol, aluminum hydroxide, stearic acid, tocopheryl acetate, hexylresorcinol, polygonum fagopyrum (buckwheat) seed extract, harpagophytum procumbens root extract, adenosine, tocopherol, saccharide hydrolysate, albizia julibrissin bark extract, padina pavonica thallus extract, hydrolyzed soy protein, hydrolyzed yeast protein, pelargonium graveolens oil, lavandula angustifolia (lavender) oil, coriandrum sativum (coriander) fruit oil, stearalkonium hectorite, sodium chloride, simmondsia chinensis (jojoba) seed oil, glyceryl caprylate, propylene carbonate, silica, isoceteth-10, glycine soja (soybean) oil, citric acid, sodium hydroxide, ethylhexylglycerin, phenoxyethanol, sodium benzoate, potassium sorbate, linalool, citronellol, geraniol, citral, limonene. il#1a",'4.8,'17
Bath & Body,Hand & Feet,'MUK200052389,'UK200052389,Oribe,Côte d’Azur Hand Crème 10,https://www.spacenk.com/uk/bath-body/body-moisturiser-oils/hand-feet/cote-dazur-hand-creme-MUK200052389.html?dwvar_MUK200052389_size=UK200052389&pid=MUK200052389&quantity=1,https://www.spacenk.com/dw/image/v2/ABCE_PRD/on/demandware.static/-/Sites-spacenkmastercatalog/default/dw60e484e4/products/ORIBE/UK200052389_ORIBE.jpg?sw=582&sh=582,"Aqua/water/eau, caprylic/capric triglyceride, glycerin, c12-15 alkyl benzoate, cetearyl alcohol, glyceryl stearate, peg-100 stearate, hydrogenated vegetable oil, myristyl myristate, isododecane, propanediol, steareth-2, parfum/fragrance, stearyl alcohol, aluminum starch octenylsuccinate, cetyl alcohol, phenoxyethanol, tribehenin, borago officinalis seed oil, limnanthes alba (meadowfoam) seed oil, prunus amygdalus dulcis (sweet almond) oil, butyrospermum parkii (shea) butter, behenyl alcohol, ammonium acryloyldimethyltaurate/vp copolymer, polyacrylamide, c13-14 isoparaffin, disodium edta, xanthan gum, arachidyl alcohol, caprylyl glycol, panthenol, bht, laureth-7, pentaerythrityl tetra-di-t-butyl hydroxyhydrocinnamate, benzoic acid, aloe barbadensis leaf juice, tocopheryl acetate, sodium hyaluronate, aminomethyl propanol, citric acid, limonene, hexyl cinnamal, citral, linalool.",'3.5,'6
Bath & Body,Self Tanning,'MUK200024741,'UK200024741,Charlotte tilbury,Supermodel Body Highlighter 60 ML,https://www.spacenk.com/uk/sun-tan/tanning/self-tanning/supermodel-body-highlighter-MUK200024741.html?dwvar_MUK200024741_size=UK200024741&pid=MUK200024741&quantity=1,https://www.spacenk.com/dw/image/v2/ABCE_PRD/on/demandware.static/-/Sites-spacenkmastercatalog/default/dw0f9d5218/products/CHARLOTTE/UK200024741_CHARLOTTE.jpg?sw=582&sh=582,"Aqua/water/eau, caprylic/capric triglyceride, butylene glycol, dimethicone, mica, glycerin, glyceryl stearate, peg-100 stearate, alcohol denat., cetearyl alcohol, titanium dioxide (ci 77891), menthyl lactate, phenoxyethanol, hydroxyethylcellulose, caramel, ethylhexylglycerin, carbomer, iron oxides (ci 77491), xanthan gum, silica, hydrolyzed viola tricolor extract, allantoin, caffeine, disodium edta, menthol, camellia oleifera seed oil, rosa canina fruit oil, iron oxides (ci 77492), sodium hydroxide, iron oxides (ci 77499), rosa damascena extract, peg-8, aloe barbadensis leaf juice powder, michelia alba leaf oil, sodium hyaluronate, tocopherol, pentylene glycol, lentinus edodes extract, tin oxide, ascorbyl palmitate, ascorbic acid, citric acid, linalool, citronellol, geraniol.",'3.7,'54
Bath & Body,Body Lotion,'MUK200031914,'UK200031914,Bamford,Rose Hand And Body Lotion ,https://www.spacenk.com/uk/bath-body/body-moisturiser-oils/body-lotion/rose-hand-and-body-lotion-MUK200031914.html?dwvar_MUK200031914_size=UK200031914&pid=MUK200031914&quantity=1,https://www.spacenk.com/dw/image/v2/ABCE_PRD/on/demandware.static/-/Sites-spacenkmastercatalog/default/dwde4bfd18/products/BAMFORD/UK200031914_BAMFORD.jpg?sw=582&sh=582,"Aloe barbadensis leaf juice*, caprylic/capric triglyceride, glycerin, coco-caprylate, polyglyceryl-3 dicitrate/stearate, cetearyl alcohol, glyceryl stearate, butyrospermum parkii (shea butter), theobroma , cacao (cocoa) seed butter, benzyl alcohol, parfum (fragrance), citric acid, sodium benzoate, sodium stearoyl glutamate, xanthan gum, aqua (water), tocopherol, dehydroacetic acid, sodium phytate, citrus limon (lemon) peel oil, cananga odorata flower oil, rosa centifolia flower extract, anthemis nobilis flower extract, anthemis nobilis flower oil, ribes nigrum (black currant) bud extract, pelargonium graveolens leaf oil, benzyl benzoate, potassium sorbate, limonene, geraniol, citronellol. *organically grown ing",'4.3,'4
Bath & Body,Body Lotion,'MUK200031987,'UK200031987,Drunk elephant,T.L.C. Glycolic Body Lotion ,https://www.spacenk.com/uk/bath-body/body-moisturiser-oils/body-lotion/t.l.c.-glycolic-body-lotion-MUK200031987.html?dwvar_MUK200031987_size=UK200031987&pid=MUK200031987&quantity=1,https://www.spacenk.com/dw/image/v2/ABCE_PRD/on/demandware.static/-/Sites-spacenkmastercatalog/default/dwe36ec8eb/products/DRUNK_ELEP/UK200031987_DRUNK_ELEP.jpg?sw=582&sh=582,"Water/aqua/eau, glycolic acid, coconut alkanes, sodium hydroxide, hydroxyethyl acrylate/sodium acryloyldimethyl taurate copolymer, propanediol, cetearyl alcohol, squalane, cetearyl olivate, sorbitan olivate, sclerocarya birrea seed butter, butyrospermum parkii (shea) butter, camellia sinensis seed oil, passiflora edulis seed oil, niacinamide, sodium pca, lactic acid, tartaric acid, sclerocarya birrea seed oil, cocos nucifera (coconut) fruit juice, adansonia digitata seed oil, schinziophyton rautanenii kernel oil, coco-caprylate/caprate, citrullus lanatus (watermelon) seed oil, cocos nucifera (coconut) oil, tapioca starch, vitis vinifera (grape) juice extract, prunus armeniaca (apricot) kernel oil, simmondsia chinensis (jojoba) seed oil, ximenia americana seed oil, sodium hyaluronate crosspolymer, allantoin, quercetin, linoleic acid, linolenic acid, prunus amygdalus dulcis (sweet almond) oil, persea gratissima (avocado) oil, tocopherol, citric acid, sorbitan isostearate, polysorbate 60, chlorphenesin, phenoxyethanol, caprylyl glycol, potassium sorbate, pentylene glycol, sodium carbonate, sodium chloride, ethylhexylglycerin.",'4.4,'63
Bath & Body,Body Lotion,'MUK200039358,'UK200039358,Tatcha,Hinoki Body Milk 132 ML,https://www.spacenk.com/uk/bath-body/body-moisturiser-oils/body-lotion/hinoki-body-milk-MUK200039358.html?dwvar_MUK200039358_size=UK200039358&pid=MUK200039358&quantity=1,https://www.spacenk.com/dw/image/v2/ABCE_PRD/on/demandware.static/-/Sites-spacenkmastercatalog/default/dw8f0b0625/products/TATCHA/UK200039358_TATCHA.jpg?sw=582&sh=582,"Aqua/water/eau, glycerin, propanediol, dimethicone, ethyl oleate, squalane, stearic acid, sorbitan stearate, parfum/fragrance, chamaecyparis obtusa water, camellia japonica seed oil, prunus persica (peach) leaf extract, chamaecyparis obtusa wood oil, saccharomyces/rice ferment filtrate, cladosiphon okamuranus extract, camellia sinensis leaf extract, hydrogenated starch hydrolysate, sodium dilauramidoglutamide lysine, carbomer, tremella fuciformis polysaccharide, ceramide np, stearyl alcohol, glycosyl trehalose, behenyl alcohol, phytosteryl/octyldodecyl lauroyl glutamate, xanthan gum, potassium hydroxide, acrylates/c10-30 alkyl acrylate crosspolymer, butylene glycol, tocopherol, citronellol, geraniol, limonene, linalool, ethylhexylglycerin, phenoxyethanol",'4.8,'240
Bath & Body,Body Lotion,'MUK200040300,'UK200040300,Fresh,Sugar Lemon Body Lotion 300 ML,https://www.spacenk.com/uk/bath-body/body-moisturiser-oils/body-lotion/sugar-lemon-body-lotion-MUK200040300.html?dwvar_MUK200040300_size=UK200040300&pid=MUK200040300&quantity=1,https://www.spacenk.com/dw/image/v2/ABCE_PRD/on/demandware.static/-/Sites-spacenkmastercatalog/default/dwaa8c01a5/products/FRESH/UK200040300_FRESH.jpg?sw=582&sh=582,"Aqua (water), hexyldecanol, hexyldecyl laurate, butylene glycol, polysorbate 60, sorbitan stearate, cetyl alcohol, butyrospermum parkii (shea butter), mangifera indica (mango) seed oil, litchi chinensis seed extract, sucrose, tocopheryl acetate, ascorbic acid, caprylyl glycol, carbomer, parfum (fragrance), allantoin, hexylene glycol, tetrasodium edta, sodium hydroxide, peg-40 castor oil, bht, limonene, linalool, citral, citronellol, geraniol, phenoxyethanol <05055/a> disclaimer: fresh product ingredient listings are updated periodically. before using a fresh product, please read the ingredient list on the packaging of your product to be sure that the ingredients are appropriate for your personal use.",'3.8,'23
Bath & Body,Body Oil,'MUK200038921,'UK200038921,Tan-luxe,The Glow 80 ML,https://www.spacenk.com/uk/bath-body/body-moisturiser-oils/body-oil/the-glow-MUK200038921.html?dwvar_MUK200038921_size=UK200038921&pid=MUK200038921&quantity=1,https://www.spacenk.com/dw/image/v2/ABCE_PRD/on/demandware.static/-/Sites-spacenkmastercatalog/default/dw559adb59/products/TAN-LUXE/UK200038921_TAN-LUXE.jpg?sw=582&sh=582,Cetyl ethylhexanoate hydrogenated polydecene dextrin palmitate neopentyl glycol diheptanoate fragrance titanium dioxide simmondsia chinensis (jojoba) seed oil carthamus tinctorius (safflower) seed oil macadamia ternifolia seed oil opuntia ficus-indica seed oil punica granatum seed oil camellia japonica seed oil oryza sativa (rice) bran oil tocopherol mica ci 77491 synthetic fluorphlogopite titanium dioxide tin oxide (ci 77861) ethylhexylglycerin,'5.0,'2
Bath & Body,Hand & Feet,'MUK200056485,'UK200056485,Victoria beckham beauty,Hand Creme Suite 302 24 ,https://www.spacenk.com/uk/bath-body/body-moisturiser-oils/hand-feet/hand-creme-suite-302-MUK200056485.html?dwvar_MUK200056485_size=UK200056485&pid=MUK200056485&quantity=1,https://www.spacenk.com/dw/image/v2/ABCE_PRD/on/demandware.static/-/Sites-spacenkmastercatalog/default/dw3068f84c/products/VB_BEAUTY/UK200056485_VB_BEAUTY.jpg?sw=582&sh=582,"Ingredients / ingrédients : water / aqua / eau, propanediol, isododecane, c12-15 alkyl benzoate, neopentyl glycol diheptanoate, cetearyl alcohol, glycerin, fragrance / parfum, panthenol, citrullus lanatus (watermelon) fruit extract, lens esculenta (lentil) fruit extract, pyrus malus (apple) fruit extract, sodium pca, ammonium acryloyldimethyltaurate/vp copolymer, 1,2-hexanediol, glyceryl stearate, benzotriazolyl dodecyl p-cresol, pentaerythrityl tetra-di-t-butyl hydroxyhydrocinnamate, caprylhydroxamic acid, sodium benzotriazolyl butylphenol sulfonate, sodium phytate, sodium lactate, citric acid, sodium hydroxide, potassium sorbate, sodium benzoate, benzyl benzoate, cinnamal, cinnamyl alcohol, coumarin, hexyl cinnamal, limonene, linalool, citronellol, alpha-isomethyl ionone, benzaldehyde, beta-caryophyllene, cananga odorata oil/extract, cinnamomum zeylanicum bark oil, citrus aurantium bergamia peel oil, citrus limon peel oil, geranyl acetate, linalyl acetate, pinene, pogostemon cablin oil, rose flower oil/extract, tetramethyl acetyloctahydronaphthalenes, vanillin.",'5.0,'1
Bath & Body,Body Lotion,'MUK200052850,'UK200052850,Dr. jart+,Ceramidin Body Lotion 200 ML,https://www.spacenk.com/uk/bath-body/body-moisturiser-oils/body-lotion/ceramidin-body-lotion-MUK200052850.html?dwvar_MUK200052850_size=UK200052850&pid=MUK200052850&quantity=1,https://www.spacenk.com/dw/image/v2/ABCE_PRD/on/demandware.static/-/Sites-spacenkmastercatalog/default/dw302adf70/products/DR_JART/UK200052850_DR_JART.jpg?sw=582&sh=582,"Water/eau, glycerin, cetyl ethylhexanoate, pentylene glycol, cetearyl alcohol, ceramide np, ceramide ns, ceramide ap, ceramide as, ceramide eop, cocos nucifera (coconut) oil, citrus aurantium bergamia (bergamot) fruit oil, pelargonium graveolens flower oil, theobroma cacao (cocoa) seed extract, melia azadirachta flower extract, melia azadirachta leaf extract, curcuma longa (turmeric) root extract, ocimum sanctum leaf extract, salvia of?cinalis (sage) oil, pogostemon cablin oil, corallina of?cinalis extract, sodium hyaluronate, hydrolyzed hyaluronic acid, hyaluronic acid, raspberry ketone, diisostearyl malate, cetearyl glucoside, glyceryl stearate, caprylyl glycol, tromethamine, dipropylene glycol, hydrogenated lecithin, cetyl-pg hydroxyethyl palmitamide, dextrin, propanediol, sodium hyaluronate crosspolymer, hydrolyzed glycosaminoglycans, cholesterol, benzyl glycol, ethylhexylglycerin, carbomer, xanthan gum, disodium edta",'3.3,'4
Bath & Body,Hand & Feet,'MUK200052115,'UK200052115,Floral street,Wild Vanilla Orchid Hand Cream 60ml 6,https://www.spacenk.com/uk/bath-body/body-moisturiser-oils/hand-feet/wild-vanilla-orchid-hand-cream-60ml-MUK200052115.html?dwvar_MUK200052115_size=UK200052115&pid=MUK200052115&quantity=1,https://www.spacenk.com/dw/image/v2/ABCE_PRD/on/demandware.static/-/Sites-spacenkmastercatalog/default/dwffd2e11b/products/FLORAL_ST/UK200052115_FLORAL_ST.jpg?sw=582&sh=582,"Aqua, persea gratissima (avocado) oil, olea europaea (olive) fruit oil, glycerin, cetearyl alcohol, parfum, cocos nucifera (coconut) oil, butyrospermum parkii (shea) butter, macadamia integrifolia seed oil, polysorbate 60, phenoxyethanol, stearic acid, ribes nigrum (blackcurrant) seed oil, prunus domestica (plum) seed oil, prunus amygdalus dulcis (sweet almond) oil, ethylhexylglycerin, xanthan gum, helianthus annuus (sunflower) seed oil, sodium phytate, citric acid, benzyl salicylate, alpha-isomethyl ionone, citronellol.",'4.4,'11
Bath & Body,Body Lotion,'MUK200038261,'UK200038261,Aromatherapy associates,Replenishing Hand & Body Lotion 300 ML,https://www.spacenk.com/uk/bath-body/body-moisturiser-oils/body-lotion/replenishing-hand-body-lotion-MUK200038261.html?dwvar_MUK200038261_size=UK200038261&pid=MUK200038261&quantity=1,https://www.spacenk.com/dw/image/v2/ABCE_PRD/on/demandware.static/-/Sites-spacenkmastercatalog/default/dw1478ae65/products/AROMASSOC/UK200038261_AROMASSOC.jpg?sw=582&sh=582,"Aqua (water), caprylic/capric triglyceride, glycerin, glyceryl stearate, cetyl alcohol, cetearyl alcohol, isopropyl palmitate, sucrose stearate, prunus amygdalus dulcis (sweet almond) oil, butyrospermum parkii (shea) butter, polysorbate 60, xanthan gum, phenoxyethanol, cinnamomum camphora linalooliferum (ho) wood oil, linalool*, parfum (fragrance)**, benzoic acid, dehydroacetic acid, lavandula angustifolia (lavender) oil, tocopheryl acetate, sodium hyaluronate, sodium hydroxide, limonene*, cananga odorata (ylang ylang) flower oil, aloe barbadensis leaf juice. *natural essential oil contents **natural plant extracts",'4.3,'12
Bath & Body,Body Lotion,'MUK200038350,'UK200038350,Susanne kaufmann,Hypersensitive Body Lotion 250 ML,https://www.spacenk.com/uk/bath-body/body-moisturiser-oils/body-lotion/hypersensitive-body-lotion-MUK200038350.html?dwvar_MUK200038350_size=UK200038350&pid=MUK200038350&quantity=1,https://www.spacenk.com/dw/image/v2/ABCE_PRD/on/demandware.static/-/Sites-spacenkmastercatalog/default/dw09fc5d73/products/SUSANNE_K/UK200038350_SUSANNE_K.jpg?sw=582&sh=582,"Aqua (water), helianthus annuus (sunflower) seed oil, caprylic/capric triglyceride, glycerin, pentylene glycol, cetearyl alcohol, palmitic acid, stearic acid, brassica oleracea italica (broccoli) seed oil, butyrospermum parkii (shea) butter, glyceryl stearate citrate, saccharide isomerate, albatrellus confluens (mushroom) extract, propanediol, tocopherol, sodium levulinate, xanthan gum, sodium anisate, citric acid, bisabolol, glyceryl caprylate, sodium stearoyl glutamate, sodium citrate.",'4.0,'1
Bath & Body,Hand & Feet,'MUK144960009,'UK144960009,Chantecaille,Retinol Hand Cream 75 ML,https://www.spacenk.com/uk/bath-body/body-moisturiser-oils/hand-feet/retinol-hand-cream-MUK144960009.html?dwvar_MUK144960009_size=UK144960009&pid=MUK144960009&quantity=1,https://www.spacenk.com/dw/image/v2/ABCE_PRD/on/demandware.static/-/Sites-spacenkmastercatalog/default/dw8bed65df/products/CHANTECAIL/UK144960009_CHANTECAIL.jpg?sw=582&sh=582,"Rosa damascena flower water, aqua/water/eau, glycerin, coco-caprylate/caprate, glyceryl stearate, peg-100 stearate, dicaprylyl carbonate, cetyl alcohol, caprylic/capric triglyceride, 1,2-hexanediol, cellulose, butyrospermum parkii (shea) butter, citrus aurantium dulcis (orange) fruit extract, ethylhexylglycerin, vitis vinifera (grape) seed oil, saccharide isomerate, carbomer, ci 77891 (titanium dioxide), polysorbate 20, tocopheryl acetate, caprylyl glycol, sorbitan caprylate, sodium hydroxide, brassica campestris (rapeseed) seed oil, hydroxypropyl cyclodextrin, phytic acid, chondrus crispus extract, retinol, acacia dealbata flower wax, citrus aurantium amara (bitter orange) flower wax, jasminum grandiflorum (jasmine) flower wax, rosa damascena flower oil, rosmarinus officinalis (rosemary) leaf extract, pelargonium graveolens oil, lithothamnion calcareum extract, leontopodium alpinum extract, alcohol, citric acid, sodium citrate, citrus limon (lemon) fruit extract, tocopherol, lilium candidum bulb extract, phenoxyethanol, diacetyl boldine [citronellol, geraniol, linalool, limonene]",'3.4,'15
Bath & Body,Body Oil,'MUK200053970,'UK200053970,This works,Deep Sleep Beauty Oil 150 ML,https://www.spacenk.com/uk/bath-body/body-moisturiser-oils/body-oil/deep-sleep-beauty-oil-MUK200053970.html?dwvar_MUK200053970_size=UK200053970&pid=MUK200053970&quantity=1,https://www.spacenk.com/dw/image/v2/ABCE_PRD/on/demandware.static/-/Sites-spacenkmastercatalog/default/dw5a30b379/products/THIS_WORKS/UK200053970_THIS_WORKS.jpg?sw=582&sh=582,"Prunus amygdalus dulcis (sweet almond) oil, dicaprylyl carbonate, triheptanoin, parfum (fragrance), argania spinosa kernel oil, bakuchiol, punica granatum (pomegranate) seed oil, rosa canina seed oil, vaccinium macrocarpon seed oil, octyldodecanol, linalool*, tocopherol, cinnamomum camphora linalooliferum (ho wood) wood oil, lavandula angustifolia (lavender) oil, ormenis multicaulis flower oil, pogostemon cablin (patchouli) leaf oil, vetiveria zizanoides (vetivert) root oil, echium plantagineum seed oil, helianthus annuus (sunflower) seed oil, helianthus annuus (sunflower) seed oil unsaponifiables, limonene*, melaleuca alternifolia (tea tree) leaf oil, cardiospermum halicacabum flower/leaf/vine extract, geraniol* *naturally occurring in essential oils.",'4.5,'6
Bath & Body,Body Creme & Butter,'MUK200024988,'UK200024988,Sisley-paris,Sisleÿa L'Intégral Anti-Âge Concentrated Firming Body Cream 150 ML,https://www.spacenk.com/uk/bath-body/body-moisturiser-oils/body-creme-butter/sisle%C3%BFa-lintegral-anti-%C3%A2ge-concentrated-firming-body-cream-MUK200024988.html?dwvar_MUK200024988_size=UK200024988&pid=MUK200024988&quantity=1,https://www.spacenk.com/dw/image/v2/ABCE_PRD/on/demandware.static/-/Sites-spacenkmastercatalog/default/dw299987aa/products/SISLEY/UK200024988_SISLEY.jpg?sw=582&sh=582,"Ingredients : water/eau (aqua), butyrospermum parkii (shea butter), glycerin, isostearyl isostearate, isopropyl palmitate, caprylyl methicone, propylheptyl caprylate, carapa guaianensis seed oil, arachidyl alcohol, prunus domestica seed extract, pvp, sodium acryloyldimethyltaurate/vp crosspolymer, simmondsia chinensis (jojoba) seed oil, caffeine, tocopherol, avena sativa (oat) kernel extract, cedrol, physalis alkekengi calyx extract, adenosine, spirulina maxima extract, hydrolyzed soy flour (glycine soja protein), salix alba (willow) leaf extract, peucedanum graveolens (dill) extract, krameria triandra root extract, vitis vinifera (grape) leaf extract, padina pavonica thallus extract, triticum monococcum (wheat) seed extract, lavandula angustifolia (lavender) oil, thymus mastichina flower oil, glyceryl stearate citrate, butylene glycol, hydroxystearic/linolenic/oleic polyglycerides, behenyl alcohol, panthenol, arachidyl glucoside, hydrogenated soybean oil, pentylene glycol, tetrasodium edta, sodium hydroxide, citric acid, glyceryl stearate, xanthan gum, phenoxyethanol, ethylparaben, sorbic acid, sodium benzoate, potassium sorbate, bht, linalool, limonene, geraniol. il#1a",'4.1,'13
Bath & Body,Body Creme & Butter,'MUK200050794,'UK200050794,Bamford,Rose Nuture Balm 25 G,https://www.spacenk.com/uk/bath-body/body-moisturiser-oils/body-creme-butter/rose-nuture-balm-MUK200050794.html?dwvar_MUK200050794_size=UK200050794&pid=MUK200050794&quantity=1,https://www.spacenk.com/dw/image/v2/ABCE_PRD/on/demandware.static/-/Sites-spacenkmastercatalog/default/dw65bfaa1f/products/BAMFORD/UK200050794_BAMFORD.jpg?sw=582&sh=582,"Dicaprylyl ether, glycerin, aqua (water) , hydrogenated vegetable oil, polyglyceryl6 distearate, glyceryl stearate se, cetyl palmitate, cetyl alcohol, jojoba esters, parfum (fragrance), polyglyceryl3 beeswax, benzyl alcohol, sodium stearoyl glutamate, argania spinosa (argan) kernel oil, persea gratissima (avocado) oil, prunus amygdalus (sweet almond) dulcis oil, simmondsia chinensis (jojoba) seed oil, tocopherol, dehydroacetic acid, limonene, geraniol, citronellol, citral, linalool, benzyl benzoate, ci 14700 (red 4).",'4.0,'2
Bath & Body,Body Lotion,'MUK200037661,'UK200037661,Olverum,Soothing Hand Lotion 250 ML,https://www.spacenk.com/uk/bath-body/body-moisturiser-oils/body-lotion/soothing-hand-lotion-MUK200037661.html?dwvar_MUK200037661_size=UK200037661&pid=MUK200037661&quantity=1,https://www.spacenk.com/dw/image/v2/ABCE_PRD/on/demandware.static/-/Sites-spacenkmastercatalog/default/dwb90b4181/products/OLVERUM/UK200037661_OLVERUM.jpg?sw=582&sh=582,"Aqua (water), isoamyl laurate, caprylic/capric triglyceride, prunus armeniaca (apricot) kernel oil, diglycerin, polyglyceryl-3 stearate/citrate, jojoba esters, crambe abyssinica seed oil phytosterol esters, cetearyl alcohol, glyceryl stearate, butyrospermum parkii (shea) butter, aloe barbadensis leaf juice powder, origanum majorana (marjoram) herb oil, lavandula hybrida grosso (lavandin) herb oil, pelargonium graveolens (geranium) flower oil, eugenia caryophyllus (clove) leaf oil, rosmarinus officinalis (rosemary) leaf oil, saccharide isomerate, cedrus atlantica (ceder) bark oil, citrus aurantium dulcis (orange) peel oil, tocopherol, helianthus annuus (sunflower) seed oil, xanthan gum, sodium benzoate, potassium sorbate, citric acid, sodium citrate, sodium phytate, lactic acid, citral*, citronellol*, eugenol*, geraniol*, limonene*, linalool* *components of natural essential oil",'2.6,'5
Bath & Body,Body Oil,'MUK200038711,'UK200038711,Laura mercier,Almond Coconut Bath & Body Oil 10,https://www.spacenk.com/uk/bath-body/body-moisturiser-oils/body-oil/almond-coconut-bath-body-oil-MUK200038711.html?dwvar_MUK200038711_size=UK200038711&pid=MUK200038711&quantity=1,https://www.spacenk.com/dw/image/v2/ABCE_PRD/on/demandware.static/-/Sites-spacenkmastercatalog/default/dw5945b05e/products/LAURA_MERC/UK200038711_LAURA_MERC.jpg?sw=582&sh=582,"Carthamus tinctorius (safflower) seed oil, ricinus communis (castor) seed oil, helianthus annuus (sunflower) seed oil, fragrance (parfum), simmondsia chinensis (jojoba) seed oil, adansonia digitata seed oil, borago officinalis seed oil, olea europaea (olive) leaf extract, prunus domestica seed oil, arnica montana flower extract (arnica montana), tocopherol, glycerin, aqua/water/eau, citric acid, bisabolol, 1,2-hexanediol, caprylyl glycol, hydroxycitronellal, benzyl salicylate, limonene, potassium sorbate, sodium benzoate, benzyl alcohol.",'3.7,'6
Bath & Body,Body Lotion,'MUK200055780,'UK200055780,Bulgari,Eau Parfumée Thé Blanc Body Lotion 30,https://www.spacenk.com/uk/bath-body/body-moisturiser-oils/body-lotion/eau-parfumee-the-blanc-body-lotion-MUK200055780.html?dwvar_MUK200055780_size=UK200055780&pid=MUK200055780&quantity=1,https://www.spacenk.com/dw/image/v2/ABCE_PRD/on/demandware.static/-/Sites-spacenkmastercatalog/default/dw7037ad64/products/BULGARI/UK200055780_BULGARI.jpg?sw=582&sh=582,"Aqua (water), isocetyl stearate, caprylic/capric triglyceride, parfum (fragrance), butyrospermum parkii (shea) butter, dimethicone, propylene glycol, steareth-21, glyceryl stearate, peg-90 stearate, cetyl alcohol, myristyl myristate, phenoxyethanol, sodium benzoate, carbomer, xanthan gum, phytic acid, limonene, sodium hydroxide, linalool, geraniol, coumarin, citral, citric acid",'4.0,'1
Bath & Body,Body Creme & Butter,'MUK200048917,'UK200048847,Emma hardie,Moringa Luxury Body Butter 50 ML,https://www.spacenk.com/uk/bath-body/body-moisturiser-oils/body-creme-butter/moringa-luxury-body-butter-MUK200048917.html?dwvar_MUK200048917_size=UK200048847&pid=MUK200048917&quantity=1,https://www.spacenk.com/dw/image/v2/ABCE_PRD/on/demandware.static/-/Sites-spacenkmastercatalog/default/dw0d11f9a3/products/EMMA_HARD/UK200048847_EMMA_HARD.jpg?sw=582&sh=582,"Aqua (water), butyrospermum parkii (shea) butter, c15-19 alkane, cetearyl alcohol, glycerin, cetearyl olivate, sorbitan olivate, jojoba esters, ammonium polyacryloyldimethyl taurate, squalane, phenoxyethanol, benzyl alcohol, limonene, helianthus annuus (sunflower) seed wax, sodium stearoyl glutamate, xylitylglucoside, anhydroxylitol, mica, citrus aurantium dulcis (orange) peel oil expressed, xylitol, cannabis sativa seed oil, ethylhexylglycerin, moringa oleifera seed oil, ribes nigrum (black currant) seed oil, sodium hyaluronate, plukenetia volubilis seed oil, parfum (fragrance), dehydroacetic acid, linalool, acacia decurrens flower extract, citrus aurantium amara (bitter orange) flower oil, citrus aurantium bergamia (bergamot) fruit oil, polyglycerin-3, juniperus virginiana (cedarwood) oil, tin oxide, geraniol, jasminum officinale (jasmine) flower, rosa damascena flower oil, citronellol, citral, citric acid, tocopherol, ci 77891 (titanium dioxide), citrus nobilis (mandarin orange) peel oil",'4.6,'9
Bath & Body,Body Creme & Butter,'MUK200048917,'UK200048917,Emma hardie,Moringa Luxury Body Butter 200 ML,https://www.spacenk.com/uk/bath-body/body-moisturiser-oils/body-creme-butter/moringa-luxury-body-butter-MUK200048917.html?dwvar_MUK200048917_size=UK200048917&pid=MUK200048917&quantity=1,https://www.spacenk.com/dw/image/v2/ABCE_PRD/on/demandware.static/-/Sites-spacenkmastercatalog/default/dw845b960c/products/EMMA_HARD/UK200048917_EMMA_HARD.jpg?sw=582&sh=582,"Aqua (water), butyrospermum parkii (shea) butter, c15-19 alkane, cetearyl alcohol, glycerin, cetearyl olivate, sorbitan olivate, jojoba esters, ammonium polyacryloyldimethyl taurate, squalane, phenoxyethanol, benzyl alcohol, limonene, helianthus annuus (sunflower) seed wax, sodium stearoyl glutamate, xylitylglucoside, anhydroxylitol, mica, citrus aurantium dulcis (orange) peel oil expressed, xylitol, cannabis sativa seed oil, ethylhexylglycerin, moringa oleifera seed oil, ribes nigrum (black currant) seed oil, sodium hyaluronate, plukenetia volubilis seed oil, parfum (fragrance), dehydroacetic acid, linalool, acacia decurrens flower extract, citrus aurantium amara (bitter orange) flower oil, citrus aurantium bergamia (bergamot) fruit oil, polyglycerin-3, juniperus virginiana (cedarwood) oil, tin oxide, geraniol, jasminum officinale (jasmine) flower, rosa damascena flower oil, citronellol, citral, citric acid, tocopherol, ci 77891 (titanium dioxide), citrus nobilis (mandarin orange) peel oil",'4.6,'9
Bath & Body,Body Creme & Butter,'MUK200056346,'UK200056346,Kopari,Hydrating Silk Body Cream 196 ML,https://www.spacenk.com/uk/bath-body/body-moisturiser-oils/body-creme-butter/hydrating-silk-body-cream-MUK200056346.html?dwvar_MUK200056346_size=UK200056346&pid=MUK200056346&quantity=1,https://www.spacenk.com/dw/image/v2/ABCE_PRD/on/demandware.static/-/Sites-spacenkmastercatalog/default/dwb628edf9/products/KOPARI/UK200056346_KOPARI.jpg?sw=582&sh=582,"Water (aqua, eau), coco-caprylate/caprate, isododecane, glycerin, methyl glucose sesquistearate, cetearyl alcohol, dimethicone, cetyl alcohol, propanediol, fragrance (parfum), phenoxyethanol, glyceryl stearate citrate, hydroxyethyl acrylate/sodium acryloyldimethyl taurate copolymer, sodium stearoyl glutamate, sodium hyaluronate, xanthan gum, ethylhexylglycerin, sodium phytate, sorbitan isostearate, polyglutamic acid, sodium pca, urea, tocopherol, trehalose, hexylene glycol, polyquaternium-51, caprylyl glycol, triacetin, benzyl salicylate, cananga odorata oil/extract, hexyl cinnamal, isoeugenyl acetate, linalool, terpineol, tetramethyl acetyloctahydronaphthalenes",'4.5,'2
Bath & Body,Aromatherapy Treatments,'MUK200056533,'UK200056533,Aromatherapy associates,Energise & Renew Collection Gift Set ,https://www.spacenk.com/uk/bath-body/aromatherapy/aromatherapy-treatments/energise-renew-collection-gift-set-MUK200056533.html?dwvar_MUK200056533_size=UK200056533&pid=MUK200056533&quantity=1,https://www.spacenk.com/dw/image/v2/ABCE_PRD/on/demandware.static/-/Sites-spacenkmastercatalog/default/dwad2adfee/products/AROMASSOC/UK200056533_AROMASSOC.jpg?sw=582&sh=582,"Revive morning bath & shower oil 55 ml 1.85 fl.oz. ingredients: caprylic/capric triglyceride, limonene*, rosmarinus officinalis (rosemary) leaf oil, citrus grandis (grapefruit) peel oil, parfum (fragrance)**, melaleuca leucadendron cajuputi (cajuput) oil, eucalyptus globulus (eucalyptus) leaf oil, pinus sylvestris (pine) leaf oil, citrus nobilis (mandarin orange) oil, citrus aurantium dulcis (orange) peel oil, citrus aurantium amare (bitter orange) leaf/twig oil, juniperus communis (juniper) fruit oil, pelargonium graveolens (geranium) oil, mentha piperita (peppermint) oil, linalool*, citronellol*, geraniol*, citral*. revive shower oil 50 ml 1.69 fl.oz. ingredients: mipa-laureth sulfate, laureth-3, caprylic/capric triglyceride, helianthus annuus (sunflower) seed oil, limonene*, silica, propylene glycol, rosmarinus officinalis (rosemary) leaf oil, citrus grandis (grapefruit) peel oil, parfum (fragrance)**, melaleuca leucadendron cajaputi (cajeput) leaf oil, eucalyptus globulus (eucalyptus) leaf oil, pinus sylvestris (pine) leaf oil, citrus nobilis (mandarin) peel oil, citrus aurantium dulcis (orange) peel oil, citrus aurantium amara (bitter orange) leaf/twig oil, prunus persica (peach) kernel oil, simmondsia chinensis (jojoba) seed oil, juniperus communis (juniper) fruit oil, pelargonium graveolens (geranium) oil, mentha piperita (peppermint) oil, linalool*, citronellol*, geraniol*, tocopherol. revive energising exfoliator 50 ml 1.69 fl.oz. ingredients: maris sal (sea salt), prunus amygdalus dulcis (sweet almond) oil, glyceryl stearate, simmondsia chinensis (jojoba) seed powder, coffea arabica (coffee) seed oil, parfum (fragrance)**, coco-glucoside, limonene*, benzyl alcohol, aqua (water), rosmarinus officinalis (rosemary) leaf oil, pinene*, citrus grandis (grapefruit) peel oil, pogostemon cablin oil*, melaleuca leucadendron cajaputi (cajeput) leaf oil, eucalyptus globulus oil*, pinus sylvestris (pine) leaf oil, citrus nobilis (mandarin) peel oil, citrus aurantium peel oil*, tocopherol, citrus aurantium amara (bitter orange) leaf/twig oil, juniperus communis (juniper) fruit oil, pelargonium graveolens flower oil*, linalyl acetate*, beta-caryophyllene*, camphor*, mentha piperita oil*, terpineol*, linalool*, citronellol*, menthol*, geraniol*. *natural essential oil contents **natural plant extracts",'0,'0
Bath & Body,Hand & Feet,'MUK200056636,'UK200056636,Chloé,Atelier des Fleurs Cedrus Hand Cream 5,https://www.spacenk.com/uk/bath-body/body-moisturiser-oils/hand-feet/atelier-des-fleurs-cedrus-hand-cream-MUK200056636.html?dwvar_MUK200056636_size=UK200056636&pid=MUK200056636&quantity=1,https://www.spacenk.com/dw/image/v2/ABCE_PRD/on/demandware.static/-/Sites-spacenkmastercatalog/default/dwb1b3bedc/products/CHLOE/UK200056636_CHLOE.jpg?sw=582&sh=582,"Aqua/water/eau, coco-caprylate/caprate, glycerin, parfum/fragrance, cetyl alcohol, tetramethyl acetyloctahydronaphthalenes, glyceryl stearates, jojoba esters, stearyl alcohol, hydroxyacetophenone, acrylates/c10-30 alkyl acrylate crosspolymer, helianthus annuus (sunflower) seed wax, sodium stearoyl glutamate, 1,2-hexanediol, caprylyl glycol, citrus aurantium bergamia (bergamot) peel oil, limonene, linalyl acetate, sodium hydroxide, linalool, pinene, citrus aurantium peel oil, hydroxycitronellal, polyglycerin-3, citronellol, faex/yeast extract/extrait de levure, alpha-isomethyl ionone, juniperus virginiana oil, pogostemon cablin oil, beta-caryophyllene, coumarin, geranyl acetate, citral, tocopherol.",'0,'0
Bath & Body,Body Creme & Butter,'MUK200027913,'UK200027913,This works,Deep Sleep Body Cocoon 100 ML,https://www.spacenk.com/uk/bath-body/body-moisturiser-oils/body-creme-butter/deep-sleep-body-cocoon-MUK200027913.html?dwvar_MUK200027913_size=UK200027913&pid=MUK200027913&quantity=1,https://www.spacenk.com/dw/image/v2/ABCE_PRD/on/demandware.static/-/Sites-spacenkmastercatalog/default/dwba7de335/products/THIS_WORKS/UK200027913_THIS_WORKS.jpg?sw=582&sh=582,"Aqua (water/eau), glycerin, caprylic/capric triglyceride, stearic acid, ricinus communis (castor) seed oil, butyrospermum parkii (shea) butter, ethylhexyl palmitate, coconut alkanes, cetearyl olivate, crambe abyssinica seed oil, phenoxyethanol, sorbitan olivate, galactoarabinan, parfum (fragrance), hydrogenated castor oil, linalool*, acrylates/c10-30 alkyl acrylate crosspolymer, coco-caprylate/caprate, benzyl alcohol, cera alba (beeswax/cire d'abeille), sodium hydroxide, camelina sativa seed oil, disodium edta, ethylhexylglycerin, copernicia cerifera (carnauba/cire de carnauba) wax, cinnamomum camphora (camphor) leaf oil, lavandula angustifolia (lavender) oil, ormenis multicaulis (chamomile) flower extract, pogostemon cablin (patchouli) oil, vetiveria zizanoides (vetivert) root oil, dehydroacetic acid, geraniol*, limonene*, citric acid.",'4.3,'47
Bath & Body,Body Lotion,'MUK200040583,'UK200040583,Fresh,Sugar Lychee Body Lotion ,https://www.spacenk.com/uk/bath-body/body-moisturiser-oils/body-lotion/sugar-lychee-body-lotion-MUK200040583.html?dwvar_MUK200040583_size=UK200040583&pid=MUK200040583&quantity=1,https://www.spacenk.com/dw/image/v2/ABCE_PRD/on/demandware.static/-/Sites-spacenkmastercatalog/default/dwaaeff2ac/products/FRESH/UK200040583_FRESH.jpg?sw=582&sh=582,"Aqua (water), hexyldecanol, hexyldecyl laurate, butylene glycol, polysorbate 60, sorbitan stearate, cetyl alcohol, butyrospermum parkii (shea butter), mangifera indica (mango) seed oil, litchi chinensis seed extract, sucrose, tocopheryl acetate, ascorbic acid, tocopherol, caprylyl glycol, parfum (fragrance), carbomer, hexylene glycol, allantoin, tetrasodium edta, sodium hydroxide, peg-40 castor oil, bht, citric acid, phenoxyethanol, limonene, benzyl salicylate, hydroxycitronellal, citral, citronellol, benzyl alcohol, geraniol, coumarin <12576/a> disclaimer: fresh product ingredient listings are updated periodically. before using a fresh product, please read the ingredient list on the packaging of your product to be sure that the ingredients are appropriate for your personal use.",'4.0,'14
Bath & Body,Body Oil,'MUK200053078,'UK200053078,Whind,Marrakech Shimmer Luminous Gel Body Oil 200 ML,https://www.spacenk.com/uk/bath-body/body-moisturiser-oils/body-oil/marrakech-shimmer-luminous-gel-body-oil-MUK200053078.html?dwvar_MUK200053078_size=UK200053078&pid=MUK200053078&quantity=1,https://www.spacenk.com/dw/image/v2/ABCE_PRD/on/demandware.static/-/Sites-spacenkmastercatalog/default/dwf1775d77/products/WHIND/UK200053078_WHIND.jpg?sw=582&sh=582,"Caprylic/capric triglyceride, helianthus annuus (sunflower) seed oil, prunus armeniaca (apricot) kernel oil, parfum [fragrance], hydrogenated castor oil/sebacic acid copolymer, mica, argania spinosa kernel oil, punica granatum seed oil (pomegranate), titanium dioxide, persea gratissima (avocado) oil, rosa moschata seed oil (rose hip), tocopherol, ci 77491 [iron oxides], benzyl benzoate, benzyl cinnamate, coumarin, limonene, benzyl alcohol.",'4.6,'12
Bath & Body,Body Lotion,'MUK200052797,'UK200052797,Hermès,Eau de Citron Noir Moisturising Body Lotion 20,https://www.spacenk.com/uk/bath-body/body-moisturiser-oils/body-lotion/eau-de-citron-noir-moisturising-body-lotion-MUK200052797.html?dwvar_MUK200052797_size=UK200052797&pid=MUK200052797&quantity=1,https://www.spacenk.com/dw/image/v2/ABCE_PRD/on/demandware.static/-/Sites-spacenkmastercatalog/default/dw3d87b609/products/HERMÈS/UK200052797_HERMÈS.jpg?sw=582&sh=582,"This list is subject to change over time. please refer to the information on your product’s packaging for the most up-to-date list of ingredients. ingredients : aqua (water) • coco-caprylate/caprate • glycerin • parfum (fragrance) • oleic/linoleic/linolenic polyglycerides • olus oil/vegetable oil/huile vegetale • pentaerythrityl distearate • hydroxyethyl acrylate/sodium acryloyldimethyl taurate copolymer • limonene • silica • squalane • 1,2-hexanediol • caprylyl glycol • sodium stearoyl glutamate • hydrogenated vegetable oil • cetyl alcohol • polysorbate 60 • xanthan gum • citric acid • candelilla cera/euphorbia cerifera (candelilla) wax/cire de candelilla • sodium phytate • sodium hyaluronate • o-cymen-5-ol • citral • sorbitan isostearate • linalool • sodium hydroxide • evernia prunastri (oakmoss) extract • coumarin • citronellol • tocopherol • benzyl benzoate • geraniol.",'2.0,'1
Bath & Body,Hand & Feet,'MUK200019879,'UK200019879,Byredo,Rose Hand Cream 100 ML,https://www.spacenk.com/uk/bath-body/body-moisturiser-oils/hand-feet/rose-hand-cream-MUK200019879.html?dwvar_MUK200019879_size=UK200019879&pid=MUK200019879&quantity=1,https://www.spacenk.com/dw/image/v2/ABCE_PRD/on/demandware.static/-/Sites-spacenkmastercatalog/default/dw7bab087e/products/BYREDO/UK200019879_BYREDO.jpg?sw=582&sh=582,"Aqua (water), butyrospermum parkii (shea) butter, parfum (fragrance), glyceryl stearate, peg-100 stearate, alcohol, butylene glycol, glycerin, cetearyl alcohol, polyacrylamide, ceteareth-22, c13-14 isoparaffin, dimethicone, phenoxyethanol, caprylyl glycol, xanthan gum, laureth-7, disodium edta, bht, sodium hydroxide, citronellol, geraniol, limonene",'4.8,'34
Bath & Body,Body Lotion,'MUK200052795,'UK200052795,Hermès,Eau D'Orange Verte Moisturising Body Lotion 20,https://www.spacenk.com/uk/bath-body/body-moisturiser-oils/body-lotion/eau-dorange-verte-moisturising-body-lotion-MUK200052795.html?dwvar_MUK200052795_size=UK200052795&pid=MUK200052795&quantity=1,https://www.spacenk.com/dw/image/v2/ABCE_PRD/on/demandware.static/-/Sites-spacenkmastercatalog/default/dw7207a3da/products/HERMÈS/UK200052795_HERMÈS.jpg?sw=582&sh=582,This list is subject to change over time. please refer to the information on your product’s packaging for the most up-to-date list of ingredients. ingredients : aqua (water) • coco-caprylate/caprate • glycerin • oleic/linoleic/linolenic polyglycerides • pentylene glycol • parfum (fragrance) • olus oil/vegetable oil/huile vegetale • pentaerythrityl distearate • hydroxyethyl acrylate/sodium acryloyldimethyl taurate copolymer • silica • squalane • limonene • caprylyl glycol • sodium stearoyl glutamate • hydrogenated vegetable oil • cetyl alcohol • polysorbate 60 • xanthan gum • citric acid • candelilla cera/euphorbia cerifera (candelilla) wax/cire de candelilla • sodium phytate • sodium hyaluronate • o-cymen-5-ol • linalool • sorbitan isostearate • alpha-isomethyl ionone • coumarin • sodium hydroxide • geraniol • farnesol • tocopherol • citral,'2.5,'2
Bath & Body,Body Lotion,'MUK200035610,'UK200035610,Drunk elephant,Sili™ Whipped Body Lotion 24,https://www.spacenk.com/uk/bath-body/body-moisturiser-oils/body-lotion/sili-whipped-body-lotion-MUK200035610.html?dwvar_MUK200035610_size=UK200035610&pid=MUK200035610&quantity=1,https://www.spacenk.com/dw/image/v2/ABCE_PRD/on/demandware.static/-/Sites-spacenkmastercatalog/default/dw74f0602e/products/DRUNK_ELEP/UK200035610_DRUNK_ELEP.jpg?sw=582&sh=582,"Water/aqua/eau, squalane, glycerin, cetearyl alcohol, coconut alkanes, cetearyl olivate, sorbitan olivate, pentylene glycol, sclerocarya birrea seed butter, butyrospermum parkii (shea) butter, sclerocarya birrea seed oil, aloe barbadensis leaf juice, adansonia digitata seed oil, schinziophyton rautanenii kernel oil, coco-caprylate/caprate, helianthus annuus (sunflower) seed oil, citrullus lanatus (watermelon) seed oil, cocos nucifera (coconut) oil, caprylic/capric triglyceride, hydroxyethyl acrylate/sodium acryloyldimethyl taurate copolymer, moringa oleifera seed oil, terminalia ferdinandiana fruit extract, plukenetia volubilis seed oil, sodium pca, panthenol, sodium hyaluronate crosspolymer, allantoin, sodium lactate, pca, alanine, arginine, glycine, histidine, isoleucine, phenylalanine, proline, serine, threonine, valine, prunus amygdalus dulcis (sweet almond) seed extract, behenic acid, aspartic acid, adansonia digitata seed extract, beta-carotene, musa sapientum (banana) pulp extract, ascorbyl palmitate, linoleic acid, linolenic acid, ceramide ns, ceramide ap, ceramide eop, ceramide np, ceramide eos, cholesterol, mangifera indica (mango) pulp extract, caprooyl phytosphingosine, caprooyl sphingosine, zea mays (corn) oil, sorbitan isostearate, ceteareth-25, tocopherol, citric acid, cetyl alcohol, polysorbate 60, caprylyl glycol, chlorphenesin, phenoxyethanol, ethylhexylglycerin",'3.9,'13
Bath & Body,Body Lotion,'MUK200019385,'UK200019385,Diptyque,Hand & Body Lotion Philosykos 200 ML,https://www.spacenk.com/uk/bath-body/body-moisturiser-oils/body-lotion/philosykos-hand-body-lotion-MUK200019385.html?dwvar_MUK200019385_size=UK200019385&pid=MUK200019385&quantity=1,https://www.spacenk.com/dw/image/v2/ABCE_PRD/on/demandware.static/-/Sites-spacenkmastercatalog/default/dw8f135ff9/products/DIPTYQUE/UK200019385_DIPTYQUE.jpg?sw=582&sh=582,Aqua (water) - caprylic/capric triglyceride – squalane - coco-caprylate/caprate - parfum (fragrance) – diglycerin - oleic/linoleic/linolenic polyglycerides - pentylene glycol - c14-22 alcohols - ppg-26-buteth-26 - hydroxyethyl acrylate/sodium - acryloyldimethyl taurate copolymer - peg-40 hydrogenated castor oil - c12-20 alkyl glucoside – chlorphenesin - sodium benzoate - polysorbate 60 - sodium hyaluronate - xanthan gum - tetrasodium glutamate diacetate - citric acid - pentaerythrityl tetra-di-t-butyl hydroxyhydrocinnamate - sorbitan isostearate – tocopherol – linalool - alpha-isomethyl ionone – coumarin - limonene,'4.8,'38
Bath & Body,Hand & Feet,'MUK200034230,'UK200034230,Byredo,Suede Hand Cream 100 ML,https://www.spacenk.com/uk/bath-body/body-moisturiser-oils/hand-feet/suede-hand-cream-MUK200034230.html?dwvar_MUK200034230_size=UK200034230&pid=MUK200034230&quantity=1,https://www.spacenk.com/dw/image/v2/ABCE_PRD/on/demandware.static/-/Sites-spacenkmastercatalog/default/dw981ef7ea/products/BYREDO/UK200034230_BYREDO.jpg?sw=582&sh=582,"Aqua (water), butyrospermum parkii (shea) butter, parfum (fragrance), glyceryl stearate, peg-100 stearate, alcohol, butylene glycol, glycerin, cetearyl alcohol, polyacrylamide, ceteareth-20, c13-14 isoparaffin, dimethicone, phenoxyethanol, benzyl salicylate, caprylyl glycol, xanthan gum, laureth-7, hexyl cinnamal, hydroxycitronellal, disodium edta, bht, limonene, alpha-isomethyl ionone, linalool, sodium hydroxide.",'4.4,'9
Bath & Body,Body Oil,'MUK200055693,'UK200055693,Susanne kaufmann,Marigold Body Oil 100 ML,https://www.spacenk.com/uk/bath-body/body-moisturiser-oils/body-oil/marigold-body-oil-MUK200055693.html?dwvar_MUK200055693_size=UK200055693&pid=MUK200055693&quantity=1,https://www.spacenk.com/dw/image/v2/ABCE_PRD/on/demandware.static/-/Sites-spacenkmastercatalog/default/dw79baab57/products/SUSANNE_K/UK200055693_SUSANNE_K.jpg?sw=582&sh=582,"Brassica campestris (rapeseed) seed oil, cetearyl ethylhexanoate, caprylic/capric triglyceride, helianthus annuus (sunflower) seed oil, stearyl heptanoate, rosa moschata seed oil, simmondsia chinensis (jojoba) seed oil, olea europaea (olive) fruit oil, stearyl caprylate, calendula officinalis extract, hypericum perforatum flower/leaf extract, tocopherol, tocopheryl acetate, parfum.",'4.5,'2
Bath & Body,Fragrance,'MUK200052745,'UK200052745,Hermès,Barénia Perfumed Body Cream 20,https://www.spacenk.com/uk/fragrance/personal-fragrance/fragrance/barenia-perfumed-body-cream-MUK200052745.html?dwvar_MUK200052745_size=UK200052745&pid=MUK200052745&quantity=1,https://www.spacenk.com/dw/image/v2/ABCE_PRD/on/demandware.static/-/Sites-spacenkmastercatalog/default/dwe3ba2390/products/HERMÈS/UK200052745_HERMÈS.jpg?sw=582&sh=582,This list is subject to change over time. please refer to the information on your product’s packaging for the most up-to-date list of ingredients. ingredients : sodium palmate • sodium palm kernelate • aqua (water) • parfum (fragrance) • glycerin • palm kernel acid • sodium chloride • sodium thiosulfate • butyrospermum parkii (shea) butter • decyl glucoside • allantoin • ethylhexyl methoxycinnamate • benzyl salicylate • limonene • pentaerythrityl tetra-di-t-butyl hydroxyhydrocinnamate • geraniol • hexyl cinnamal • tetrasodium etidronate • tetrasodium edta • linalool • citronellol • benzyl alcohol • bht.,'5.0,'1
Bath & Body,Body Oil,'MUK200052450,'UK200052450,May lindstrom skin,The Happy Galaxy 200 ML,https://www.spacenk.com/uk/bath-body/body-moisturiser-oils/body-oil/the-happy-galaxy-MUK200052450.html?dwvar_MUK200052450_size=UK200052450&pid=MUK200052450&quantity=1,https://www.spacenk.com/dw/image/v2/ABCE_PRD/on/demandware.static/-/Sites-spacenkmastercatalog/default/dw9743016f/products/MAY_LINDST/UK200052450_MAY_LINDST.jpg?sw=582&sh=582,"*camellia oleifera seed oil, prunus domestica (plum) seed oil, *limnanthes alba (meadowfoam) seed oil, *tanacetum annuum (blue tansy) flower oil, jasminum grandiflorum (jasmine) flower extract, *citrus limon (lemon) peel oil, *cananga odorata (ylang-ylang) flower oil, *citrus paradisi (grapefruit) peel oil, *pelargonium graveolens (geranium rose) oil, *lavandula angustifolia (lavender) oil, niacinamide, tetrahexyldecyl ascorbate (vitamin c), sodium hyaluronate, hydrogenated castor oil, ricinus communis seed oil, +benzyl alcohol, +benzyl benzoate, +benzyl salicylate, +citral, +eugenol, +farnesol, +citronellol, +geraniol, +isoeugenol, +limonene, +linalool -- *certified organic **wild harvested ***fair trade, raw, & unrefined +component of essential oil microbiome-friendly",'4.8,'92
Bath & Body,Hand & Feet,'MUK200014957,'UK200014957,Margaret dabbs london,Nourishing Hand Wash 200 ML,https://www.spacenk.com/uk/bath-body/body-moisturiser-oils/hand-feet/nourishing-hand-wash-MUK200014957.html?dwvar_MUK200014957_size=UK200014957&pid=MUK200014957&quantity=1,https://www.spacenk.com/dw/image/v2/ABCE_PRD/on/demandware.static/-/Sites-spacenkmastercatalog/default/dw945eaf3f/products/MARGARET_D/UK200014957_MARGARET_D.jpg?sw=582&sh=582,,'3.9,'7
Bath & Body,Body Oil,'MUK200013381,'UK200013381,Sisley-paris,Eau de Campagne Bath Oil 125 ML,https://www.spacenk.com/uk/bath-body/body-moisturiser-oils/body-oil/eau-de-campagne-bath-oil-MUK200013381.html?dwvar_MUK200013381_size=UK200013381&pid=MUK200013381&quantity=1,https://www.spacenk.com/dw/image/v2/ABCE_PRD/on/demandware.static/-/Sites-spacenkmastercatalog/default/dw1d2da6fe/products/SISLEY/UK200013381_SISLEY.jpg?sw=582&sh=582,,'4.6,'7
Bath & Body,Body Lotion,'MUK200054824,'UK200054824,Acqua di parma,Acqua di Parma Buongiorno Hand & Body Lotion 30,https://www.spacenk.com/uk/bath-body/body-moisturiser-oils/body-lotion/acqua-di-parma-buongiorno-hand-body-lotion-MUK200054824.html?dwvar_MUK200054824_size=UK200054824&pid=MUK200054824&quantity=1,https://www.spacenk.com/dw/image/v2/ABCE_PRD/on/demandware.static/-/Sites-spacenkmastercatalog/default/dw28aa03fd/products/ACQUA_DI/UK200054824_ACQUA_DI.jpg?sw=582&sh=582,21226: aqua (water) • glycerin • dicaprylyl ether • ethylhexyl stearate • ethylhexyl palmitate • parfum (fragrance) • polysorbate 20 • polyacrylate-13 • hydroxyacetophenone • aloe barbadensis leaf juice • chlorphenesin • hydrogenated polyisobutene • acrylates/c10-30 alkyl acrylate crosspolymer • carbomer • polysorbate 80 • sodium hydroxide • polyglyceryl-10 laurate • limonene • octadecyl di-t-butyl-4-hydroxyhydrocinnamate • tetrasodium glutamate diacetate • sorbitan isostearate • geraniol • linalool • citral • citric acid • citronellol • tocopherol • sodium benzoate • potassium sorbate,'4.0,'1
Bath & Body,Body Lotion,'MUK200034205,'UK200034205,Byredo,La Tulipe Body Lotion 225 ML,https://www.spacenk.com/uk/bath-body/body-moisturiser-oils/body-lotion/la-tulipe-body-lotion-MUK200034205.html?dwvar_MUK200034205_size=UK200034205&pid=MUK200034205&quantity=1,https://www.spacenk.com/dw/image/v2/ABCE_PRD/on/demandware.static/-/Sites-spacenkmastercatalog/default/dw7546894d/products/BYREDO/UK200034205_BYREDO.jpg?sw=582&sh=582,"Aqua (water), caprylic/capric triglyceride, butylene glycol, parfum (fragrance), steareth-2, butyrospermum parkii (shea) butter, dimethicone, glycerin, steareth-21, polymethyl methacrylate, cetyl alcohol, phenoxyethanol, xanthan gum, ethylhexyl methoxycinnamate, butyl methoxydibenzoylmethane, caprylyl glycol, tocopheryl acetate, acrylates/c10-30 alkyl acrylate crosspolymer, disodium edta, limonene, potassium hydroxide, hydroxycitronellal, geraniol, linalool, citronellol, citral, isoeugenol, bht.",'3.8,'4
Bath & Body,Body Lotion,'MUK200056288,'UK200056288,Uni,Impulse Body Serum 90 ML,https://www.spacenk.com/uk/bath-body/body-moisturiser-oils/body-lotion/impulse-body-serum-MUK200056288.html?dwvar_MUK200056288_size=UK200056288&pid=MUK200056288&quantity=1,https://www.spacenk.com/dw/image/v2/ABCE_PRD/on/demandware.static/-/Sites-spacenkmastercatalog/default/dw60fdfed9/products/UNI/UK200056288_UNI.jpg?sw=582&sh=582,"Australia caviar lime, australian kakadu plum, bladderwrack seaweed, organic aloe vera",'0,'0
Bath & Body,Hand & Feet,'MUK300054980,'UK300054980,Byredo,Hand Cream Tulipmania 100 ML,https://www.spacenk.com/uk/bath-body/body-moisturiser-oils/hand-feet/hand-cream-tulipmania-MUK300054980.html?dwvar_MUK300054980_size=UK300054980&pid=MUK300054980&quantity=1,https://www.spacenk.com/dw/image/v2/ABCE_PRD/on/demandware.static/-/Sites-spacenkmastercatalog/default/dwbc77fd0e/products/BYREDO/UK300054980_BYREDO.jpg?sw=582&sh=582,"Aqua (water), butyrospermum parkii (shea) butter, parfum (fragrance), glyceryl stearate, peg-100 stearate, alcohol, butylene glycol, glycerin, cetearyl alcohol, polyacrylamide, ceteareth-22, c13-14 isoparaffin, dimethicone, phenoxyethanol, caprylyl glycol, xanthan gum, limonene, laureth-7, disodium edta, geraniol, bht, linalool, citral, sodium hydroxide, hydroxycitronellal, citronellol, isoeugenol.",'4.7,'11
Bath & Body,Body Oil,'MUK200051181,'UK200051181,Bamford,B Vibrant Tonifying Body Oil 125 ML,https://www.spacenk.com/uk/bath-body/body-moisturiser-oils/body-oil/b-vibrant-tonifying-body-oil-MUK200051181.html?dwvar_MUK200051181_size=UK200051181&pid=MUK200051181&quantity=1,https://www.spacenk.com/dw/image/v2/ABCE_PRD/on/demandware.static/-/Sites-spacenkmastercatalog/default/dwb744ad1d/products/BAMFORD/UK200051181_BAMFORD.jpg?sw=582&sh=582,"Helianthus annuus (sunflower) seed oil, coffea arabica (coffee) seed oil, caprylic/capric triglyceride, oenothera biennis (evening primrose) oil, prunus armeniaca (apricot) kernel oil, rosa canina (rosehip) fruit oil, rubus idaeus (raspberry) seed oil, origanum majorana (marjoram) leaf oil, zingiber officinale (ginger) root oil, lavandula angustifolia (lavender) herb oil, tocopherol, mentha viridis (spearmint) leaf oil*, eugenia caryophyllus (clove) bud oil, capsaicin, brassica alba sprout extract, limonene, linalool, citral, geraniol, eugenol.",'4.3,'3
Bath & Body,Body Lotion,'MUK200054814,'UK200054814,Bulgari,Omnia Crystalline Body Milk 20,https://www.spacenk.com/uk/bath-body/body-moisturiser-oils/body-lotion/omnia-crystalline-body-milk-MUK200054814.html?dwvar_MUK200054814_size=UK200054814&pid=MUK200054814&quantity=1,https://www.spacenk.com/dw/image/v2/ABCE_PRD/on/demandware.static/-/Sites-spacenkmastercatalog/default/dwb1f2d0c2/products/BULGARI/UK200054814_BULGARI.jpg?sw=582&sh=582,"Aqua (water), isocetyl stearate, parfum (fragrance), caprylic/capric triglyceride, propylene glycol, steareth-21, cetyl alcohol, glyceryl stearate, peg-90 stearate, c12-15 alkyl benzoate, dimethicone, myristyl myristate, phenoxyethanol, sodium benzoate, acrylates/c10-30 alkyl acrylate crosspolymer, xanthan gum, carbomer, methyl gluceth-20, tetrasodium edta, limonene, linalool, alpha-isomethyl ionone, sodium hydroxide, citronellol, geraniol, hexyl cinnamal",'5.0,'1
Bath & Body,Hand & Feet,'MUK200052114,'UK200052114,Floral street,Wonderland Peony Hand Cream 60ml 6,https://www.spacenk.com/uk/bath-body/body-moisturiser-oils/hand-feet/wonderland-peony-hand-cream-60ml-MUK200052114.html?dwvar_MUK200052114_size=UK200052114&pid=MUK200052114&quantity=1,https://www.spacenk.com/dw/image/v2/ABCE_PRD/on/demandware.static/-/Sites-spacenkmastercatalog/default/dwc0b54f89/products/FLORAL_ST/UK200052114_FLORAL_ST.jpg?sw=582&sh=582,"Aqua, glycerin, olea europaea (olive) fruit oil, persea gratissima (avocado) oil, cetearyl alcohol, butyrospermum parkii (shea) butter, cocos nucifera (coconut) oil, parfum, macadamia integrifolia seed oil, polysorbate 60, phenoxyethanol, stearic acid, ribes nigrum (blackcurrant) seed oil, prunus domestica (plum) seed oil, prunus amygdalus dulcis (sweet almond) oil, ethylhexylglycerin, xanthan gum, helianthus annuus (sunflower) seed oil, sodium phytate, citric acid, benzyl salicylate, limonene, coumarin, citronellol, citral, linalool.",'4.6,'9
Bath & Body,Body Oil,'MUK200038712,'UK200038712,Laura mercier,Néroli Du Sud Bath & Body Oil 10,https://www.spacenk.com/uk/bath-body/body-moisturiser-oils/body-oil/neroli-du-sud-bath-body-oil-MUK200038712.html?dwvar_MUK200038712_size=UK200038712&pid=MUK200038712&quantity=1,https://www.spacenk.com/dw/image/v2/ABCE_PRD/on/demandware.static/-/Sites-spacenkmastercatalog/default/dw65a659c5/products/LAURA_MERC/UK200038712_LAURA_MERC.jpg?sw=582&sh=582,"Carthamus tinctorius (safflower) seed oil, ricinus communis (castor) seed oil, helianthus annuus (sunflower) seed oil, fragrance (parfum), simmondsia chinensis (jojoba) seed oil, adansonia digitata seed oil, borago officinalis seed oil, olea europaea (olive) leaf extract, prunus domestica seed oil, arnica montana flower extract (arnica montana), tocopherol, glycerin, aqua/water/eau, citric acid, bisabolol, 1,2-hexanediol, caprylyl glycol, hydroxycitronellal, benzyl salicylate, limonene, potassium sorbate, sodium benzoate, benzyl alcohol.",'3.0,'6
Bath & Body,Hand & Feet,'MUK200051045,'UK200051045,Dr. jart+,Ceramidin Moisturizing Hand Cream 100 ML,https://www.spacenk.com/uk/bath-body/body-moisturiser-oils/hand-feet/ceramidin-moisturizing-hand-cream-MUK200051045.html?dwvar_MUK200051045_size=UK200051045&pid=MUK200051045&quantity=1,https://www.spacenk.com/dw/image/v2/ABCE_PRD/on/demandware.static/-/Sites-spacenkmastercatalog/default/dwa0101b29/products/DR_JART/UK200051045_DR_JART.jpg?sw=582&sh=582,"Water\aqua\eau, caprylic/capric triglyceride, butylene glycol, glycerin, behenyl alcohol, pentylene glycol, butyrospermum parkii (shea) butter, cetearyl alcohol, 1,2-hexanediol, panthenol, caprylic/capric/myristic/stearic triglyceride, vinyl dimethicone, theobroma cacao (cocoa) extract, cetearyl olivate, caprylyl glycol, ceramide np, c14-22 alcohols, c12-16 alcohols, hydroxyethyl acrylate/sodium acryloyldimethyl taurate copolymer, palmitic acid, hydrogenated lecithin, acrylates/c10-30 alkyl acrylate crosspolymer, sorbitan olivate, c12-20 alkyl glucoside, tromethamine, dextrin, sorbitan isostearate, fragrance (parfum), sodium phytate, yellow 5 (ci 19140)",'4.6,'14
Bath & Body,Body Treatments,'MUK200041232,'UK200041232,La mer,Renewal Oil Body Balm 200 ML,https://www.spacenk.com/uk/bath-body/body-treatment/body-treatments/renewal-oil-body-balm-MUK200041232.html?dwvar_MUK200041232_size=UK200041232&pid=MUK200041232&quantity=1,https://www.spacenk.com/dw/image/v2/ABCE_PRD/on/demandware.static/-/Sites-spacenkmastercatalog/default/dwb5467c52/products/LA_MER/UK200041232_LA_MER.jpg?sw=582&sh=582,"Glycine soja (soybean) oil, hydrogenated polydecene, dimethicone, limnanthes alba (meadowfoam) seed oil, helianthus annuus (sunflower) seed oil, dextrin palmitate, trisiloxane, olea europaea (olive) fruit oil, algae (seaweed) extract, sesamum indicum (sesame) seed oil, medicago sativa (alfalfa) seed powder, helianthus annuus (sunflower) seedcake, prunus amygdalus dulcis (sweet almond) seed meal, eucalyptus globulus (eucalyptus) leaf oil, sodium gluconate, copper gluconate, calcium gluconate, magnesium gluconate, zinc gluconate, tocopheryl succinate, niacin, sesamum indicum (sesame) seed powder, water\aqua\eau, prunus amygdalus dulcis (sweet almond) oil, brassica campestris (rapeseed) seed oil, oxycoccus palustris (cranberry) seed oil, persea gratissima (avocado) oil, citrus aurantifolia (lime) peel extract, rosmarinus officinalis (rosemary) leaf extract, triticum vulgare (wheat) germ oil, vegetable oil\olus\huile vegetale, prunus armeniaca (apricot) kernel oil, hippophae rhamnoides oil, oenothera biennis (evening primrose) oil, rosa canina (rose) fruit oil, tocopherol, vitis vinifera (grape) seed oil, camelina sativa seed oil, simmondsia chinensis (jojoba) seed oil, glycerin, polysorbate 80, caprylyl glycol, caprylic/capric triglyceride, silica, fragrance (parfum), bht, limonene, linalool, benzyl benzoate, coumarin, citronellol, geraniol, hydroxycitronellal, citral, alcohol denat",'0,'0
Bath & Body,Fragrance,'MUK200037028,'UK200037028,Bulgari,Rose Goldea Blossom Delight Body Milk 200 ML,https://www.spacenk.com/uk/fragrance/personal-fragrance/fragrance/rose-goldea-blossom-delight-body-milk-MUK200037028.html?dwvar_MUK200037028_size=UK200037028&pid=MUK200037028&quantity=1,https://www.spacenk.com/dw/image/v2/ABCE_PRD/on/demandware.static/-/Sites-spacenkmastercatalog/default/dwd064058e/products/BULGARI/UK200037028_BULGARI.jpg?sw=582&sh=582,"Aqua (water), isocetyl stearate, caprylic/capric triglyceride, propylene glycol, steareth-21, cetyl alcohol, parfum (fragrance), glyceryl stearate, peg-90 stearate, c12-15 alkyl benzoate, dimethicone, myristyl myristate, phenoxyethanol, sodium benzoate, acrylates/c10-30 alkyl acrylate crosspolymer, xanthan gum, carbomer, methyl gluceth-20, citronellol, tetrasodium edta, linalool, limonene, hydroxycitronellal, geraniol, hexyl cinnamal, alpha-isomethyl ionone, sodium hydroxide",'0,'0
Bath & Body,Body Oil,'MUK200012549,'UK200012549,Aromatherapy associates,Relax Massage and Body Oil 100 ML,https://www.spacenk.com/uk/bath-body/body-moisturiser-oils/body-oil/relax-massage-and-body-oil-MUK200012549.html?dwvar_MUK200012549_size=UK200012549&pid=MUK200012549&quantity=1,https://www.spacenk.com/dw/image/v2/ABCE_PRD/on/demandware.static/-/Sites-spacenkmastercatalog/default/dw539565aa/products/AROMASSOC/UK200012549_AROMASSOC.jpg?sw=582&sh=582,"Cocos nucifera (coconut) oil, prunus persica (peach) kernel oil, simmondsia chinensis (jojoba) seed oil, vetiveria zizanoides (vetivert) root oil, pogostemon cablin (patchouli) oli, fusanus spicatus (australian sandalwood) oil, ormenis multicaulis (wild camomile) oil, anthemis nobilis (camomile roman) flower oil, lavandula angustifolia (lavender) oil, cananga odorata (ylang ylang) flower oil, parfum**, citrus aurantium amara (bitter orange) leaf/twig oil, tocopherol, benzyl alcohol*, benzyl salicylate*, citral*, eugenol, geraniol*, isoeugenol*, benzyl benzoate* farnesol*, limonene*, linalool*. *natural essential oil contents **natural plant extracts",'4.8,'39
Bath & Body,Hand & Feet,'MUK200052398,'UK200052398,Oribe,Desertland Hand Crème 10,https://www.spacenk.com/uk/bath-body/body-moisturiser-oils/hand-feet/desertland-hand-creme-MUK200052398.html?dwvar_MUK200052398_size=UK200052398&pid=MUK200052398&quantity=1,https://www.spacenk.com/dw/image/v2/ABCE_PRD/on/demandware.static/-/Sites-spacenkmastercatalog/default/dwd717050d/products/ORIBE/UK200052398_ORIBE.jpg?sw=582&sh=582,"Aqua/water/eau, caprylic/capric triglyceride, glycerin, cetearyl alcohol, glyceryl stearate, propanediol, hydrogenated vegetable oil, myristyl myristate, c15-19 alkane, cetearyl olivate, neopentyl glycol diheptanoate, steareth-2, butyrospermum parkii (shea) butter, tapioca starch, behenyl alcohol, cetyl alcohol, phenoxyethanol, sorbitan olivate, stearyl alcohol, tribehenin, parfum/fragrance, borago officinalis seed oil, limnanthes alba (meadowfoam) seed oil, prunus amygdalus dulcis (sweet almond) oil, hydroxyethyl acrylate/sodium acryloyldimethyl taurate copolymer, ammonium acryloyldimethyltaurate/vp copolymer, xanthan gum, sodium phytate, oryza sativa (rice) bran extract, caprylyl glycol, panthenol, pentaerythrityl tetra-di-t-butyl hydroxyhydrocinnamate, sorbitan isostearate, helianthus annuus (sunflower) extract, polymethylsilsesquioxane, aloe barbadensis leaf juice, rosmarinus officinalis (rosemary) leaf extract, tocopherol, tocopheryl acetate, sodium hyaluronate, citric acid, aminomethyl propanol, hexyl cinnamal, linalool, limonene",'5.0,'2
Bath & Body,Face Oils,'MUK200040140,'UK200040140,Emma lewisham,Illuminating Face and Body Oil 115 ML,https://www.spacenk.com/uk/skincare/treatment/face-oils/illuminating-face-and-body-oil-MUK200040140.html?dwvar_MUK200040140_size=UK200040140&pid=MUK200040140&quantity=1,https://www.spacenk.com/dw/image/v2/ABCE_PRD/on/demandware.static/-/Sites-spacenkmastercatalog/default/dwda26e717/products/EMMA_LEWIS/UK200040140_EMMA_LEWIS.jpg?sw=582&sh=582,Helianthus annuus seed oil • camellia japonica seed oil • jojoba esters • mica • hydrated silica • shea butter ethyl esters • jojoba oil/macadamia seed oil esters • phytosterols • phytosteryl macadamiate • squalene • tocopherol • hydrolyzed sodium hyaluronate • sodium hyaluronate • rosmarinus officinalis leaf extract • tocopheryl acetate • ricinus communis seed oil • hydrogenated castor oil • iron oxide ( ci 77491) • titanium dioxide (ci 77891) • parfum • citronellol • linalool • geraniol • eugenol • benzyl salicylate • citral • limonene,'5.0,'4
Bath & Body,Body Lotion,'MUK200035269,'UK200035269,Susanne kaufmann,Mineral Body Lotion 200 ML,https://www.spacenk.com/uk/bath-body/body-moisturiser-oils/body-lotion/mineral-body-lotion-MUK200035269.html?dwvar_MUK200035269_size=UK200035269&pid=MUK200035269&quantity=1,https://www.spacenk.com/dw/image/v2/ABCE_PRD/on/demandware.static/-/Sites-spacenkmastercatalog/default/dw5d3eeeb8/products/SUSANNE_K/UK200035269_SUSANNE_K.jpg?sw=582&sh=582,"Aqua (water), propylheptyl caprylate, pentylene glycol, lactose, glycerin, alcohol denat., cetearyl alcohol, limnanthes alba (meadowfoam) seed oil, polyglyceryl-3 stearate, ricinus communis (castor) seed oil, glyceryl stearate citrate, mineral salts, astaxanthin, salvia sclarea (clary) extract, trifolium pratense (clover) flower extract, centella asiatica extract, scrophularia nodosa extract, rosmarinus officinalis (rosemary) leaf oil, sodium phytate, sodium stearoyl glutamate, tocopherol, olea europaea (olive) fruit oil, helianthus annuus (sunflower) seed oil, galactoarabinan, xanthan gum, limonene, geraniol, citronellol, linalool, citral, parfum.",'4.3,'4
Bath & Body,Body Lotion,'MUK200050847,'UK200050847,Acqua di parma,Fico Hand & Body Lotion 300 Ml 30,https://www.spacenk.com/uk/bath-body/body-moisturiser-oils/body-lotion/fico-hand-body-lotion-300-ml-MUK200050847.html?dwvar_MUK200050847_size=UK200050847&pid=MUK200050847&quantity=1,https://www.spacenk.com/dw/image/v2/ABCE_PRD/on/demandware.static/-/Sites-spacenkmastercatalog/default/dw6802f45f/products/ACQUA_DI/UK200050847_ACQUA_DI.jpg?sw=582&sh=582,"Ingredients: ingredients: aqua (water), ethylhexyl stearate, caprylic/capric triglyceride, glycerin, parfum (fragrance), polysorbate 20, hydroxyacetophenone, hydroxyethyl acrylate/sodium acryloyldimethyl taurate copolymer, squalane, chlorphenesin, carbomer, acrylates/c10-30 alkyl acrylate crosspolymer, limonene, sodium hydroxide, polysorbate 80, butyrospermum parkii (shea) butter, polysorbate 60, linalool, hexyl cinnamal, lecithin, alpha-isomethyl ionone, tetrasodium glutamate diacetate, sorbitan isostearate, citronellol, panthenol, tocopherol, citral, ascorbyl palmitate, hydroxycitronellal, coumarin, geraniol, amyl cinnamal, benzyl salicylate, citric acid",'0,'0
Bath & Body,Hand & Feet,'MUK200040837,'UK200040837,La prairie,Cellular Hand Cream 100 ML,https://www.spacenk.com/uk/bath-body/body-moisturiser-oils/hand-feet/cellular-hand-cream-MUK200040837.html?dwvar_MUK200040837_size=UK200040837&pid=MUK200040837&quantity=1,https://www.spacenk.com/dw/image/v2/ABCE_PRD/on/demandware.static/-/Sites-spacenkmastercatalog/default/dw86934284/products/LA_PRAIRIE/UK200040837_LA_PRAIRIE.jpg?sw=582&sh=582,"Water (aqua), glycerin, coco-caprylate/caprate, cetyl alcohol, pentylene glycol, glyceryl stearate citrate, glyceryl stearate, glycoproteins*, panax ginseng root extract*, equisetum arvense extract*, saccharomyces cerevisiae extract*, lactobacillus ferment*, butyrospermum parkii (shea butter), prunus amygdalus dulcis (sweet almond) oil, ricinus communis (castor) seed oil, lactic acid, allantoin, bacillus ferment, caprylic/capric triglyceride, panthenol, xylitylglucoside, anhydroxylitol, hydrogenated rapeseed oil, propylene glycol, sodium phytate, glucose, pantolactone, xylitol, disodium phosphate, diethylhexyl syringylidenemalonate, tocopherol, xanthan gum, carnosine, citric acid, fragrance (parfum), citronellol, alpha-isomethyl ionone, geraniol, limonene, sodium dehydroacetate, potassium sorbate, ethylhexylglycerin, phenoxyethanol i78 * la prairie’s exclusive cellular complex / patent ep 3062763 please consider that all la prairie products are labeled with an ingredient list. please note that the ingredient list printed on the product in your possession shall prevail",'4.5,'4
Bath & Body,Body Lotion,'MUK200055712,'UK200055712,Acqua di parma,Mandarino Hand & Body Lotion 30,https://www.spacenk.com/uk/bath-body/body-moisturiser-oils/body-lotion/mandarino-hand-body-lotion-MUK200055712.html?dwvar_MUK200055712_size=UK200055712&pid=MUK200055712&quantity=1,https://www.spacenk.com/dw/image/v2/ABCE_PRD/on/demandware.static/-/Sites-spacenkmastercatalog/default/dw7550f6a3/products/ACQUA_DI/UK200055712_ACQUA_DI.jpg?sw=582&sh=582,21492: aqua (water) • glycerin • dicaprylyl ether • ethylhexyl stearate • ethylhexyl palmitate • parfum (fragrance) • polysorbate 20 • polyacrylate-13 • limonene • hydroxyacetophenone • aloe barbadensis leaf juice • hydrogenated polyisobutene • chlorphenesin • acrylates/c10-30 alkyl acrylate crosspolymer • carbomer • polysorbate 80 • sodium hydroxide • linalool • polyglyceryl-10 laurate • citral • octadecyl di-t-butyl-4-hydroxyhydrocinnamate • sorbitan isostearate • hydroxycitronellal • eugenol • tetrasodium glutamate diacetate • citronellol • citric acid • geraniol • tocopherol • sodium benzoate • amylcinnamyl alcohol • potassium sorbate,'4.0,'1
Bath & Body,Aromatherapy Treatments,'MUK200025934,'UK200025934,Aromatherapy associates,Deep Relax Sleep Well Nourishing Body Treatment 200 ML,https://www.spacenk.com/uk/bath-body/aromatherapy/aromatherapy-treatments/deep-relax-sleep-well-nourishing-body-treatment-MUK200025934.html?dwvar_MUK200025934_size=UK200025934&pid=MUK200025934&quantity=1,https://www.spacenk.com/dw/image/v2/ABCE_PRD/on/demandware.static/-/Sites-spacenkmastercatalog/default/dwa7f5145b/products/AROMASSOC/UK200025934_AROMASSOC.jpg?sw=582&sh=582,"Aqua (water), hydrogenated ethylhexyl olivate, glycerin, coco-caprylate, cetearyl alcohol, cetearyl olivate, octyldodecyl olivate, jojoba esters, sorbitan olivate, helianthus annuus (sunflower) seed oil, cetearyl glucoside, camellia oleifera seed oil, phenoxyethanol, rosa canina fruit oil, hydrogenated olive oil unsaponifiables, vetiveria zizanoides (vetivert) root oil, tocopherol, amaranthus spinosus (amaranth) seed oil, xanthan gum, microcrystalline cellulose, sodium stearoyl glutamate, cetyl palmitate, aloe barbadensis leaf juice, pogostemon cablin (patchouli) leaf oil, citrus aurantium amara (bitter orange) leaf/twig oil, sorbitan palmitate, cananga odorata (ylang ylang) flower oil, levulinic acid, citric acid, potassium sorbate, fusanus spicatus (australian sandalwood) wood oil, linalool*, cetyl alcohol, stearyl alcohol, sorbitan oleate, sodium levulinate, sodium hyaluronate, ormenis multicaulis (wild camomile) oil, cellulose gum, centella asiatica (gotu kola) extract, benzyl benzoate*, geraniol*, benzyl salicylate*, farnesol*, limonene*, parfum**, citral*, anthemis nobilis (roman camomile) flower oil.",'4.4,'16
Bath & Body,Body Lotion,'MUK200049463,'UK200049463,Neom,Energy Burst Multi-Mineral Body Milk 200 ML,https://www.spacenk.com/uk/bath-body/body-moisturiser-oils/body-lotion/energy-burst-multi-mineral-body-milk-MUK200049463.html?dwvar_MUK200049463_size=UK200049463&pid=MUK200049463&quantity=1,https://www.spacenk.com/dw/image/v2/ABCE_PRD/on/demandware.static/-/Sites-spacenkmastercatalog/default/dwa4592798/products/NEOM/UK200049463_NEOM.jpg?sw=582&sh=582,"""aqua (water/eau), glycerin, c15-19 alkane, caprylic/capric triglyceride, glyceryl stearate se, parfum (fragrance)*, xanthan gum, sodium stearoyl lactylate, inulin, rosa canina seed oil, salvia hispanica seed oil, aloe barbadensis leaf juice, sodium benzoate, limonene, potassium sorbate, tocopherol, tapioca starch, citric acid, fructose, algin, helianthus annuus seed oil, opuntia ficus-indica stem extract, saccharomyces/copper ferment, saccharomyces/iron ferment, saccharomyces/magnesium ferment, saccharomyces/silicon ferment, saccharomyces/zinc ferment, linalool, citronellol, citral, leuconostoc/radish root ferment filtrate, geraniol, eugenol.""",'5.0,'1
Bath & Body,Hand & Feet,'MUK200052395,'UK200052395,Oribe,Valley of Flowers Hand Crème 10,https://www.spacenk.com/uk/bath-body/body-moisturiser-oils/hand-feet/valley-of-flowers-hand-creme-MUK200052395.html?dwvar_MUK200052395_size=UK200052395&pid=MUK200052395&quantity=1,https://www.spacenk.com/dw/image/v2/ABCE_PRD/on/demandware.static/-/Sites-spacenkmastercatalog/default/dw7126e24c/products/ORIBE/UK200052395_ORIBE.jpg?sw=582&sh=582,"Aqua/water/eau, caprylic/capric triglyceride, glycerin, cetearyl alcohol, glyceryl stearate, propanediol, hydrogenated vegetable oil, myristyl myristate, c15-19 alkane, cetearyl olivate, neopentyl glycol diheptanoate, steareth-2, butyrospermum parkii (shea) butter, tapioca starch, behenyl alcohol, cetyl alcohol, phenoxyethanol, sorbitan olivate, stearyl alcohol, tribehenin, borago officinalis seed oil, limnanthes alba (meadowfoam) seed oil, prunus amygdalus dulcis (sweet almond) oil, hydroxyethyl acrylate/sodium acryloyldimethyl taurate copolymer, parfum/fragrance, ammonium acryloyldimethyltaurate/vp copolymer, xanthan gum, sodium phytate, oryza sativa (rice) bran extract, caprylyl glycol, panthenol, pentaerythrityl tetra-di-t-butyl hydroxyhydrocinnamate, sorbitan isostearate, helianthus annuus (sunflower) extract, polymethylsilsesquioxane, aloe barbadensis leaf juice, rosmarinus officinalis (rosemary) leaf extract, tocopherol, tocopheryl acetate, sodium hyaluronate, citric acid, aminomethyl propanol, hexyl cinnamal, limonene, linalool, alpha-isomethyl ionone, citronellol, hydroxycitronellal, citral.",'0,'0
Bath & Body,Body Lotion,'MUK200052811,'UK200052811,Hermès,Un Jardin Sur Le Nil Moisturizing Body Lotion 20,https://www.spacenk.com/uk/bath-body/body-moisturiser-oils/body-lotion/un-jardin-sur-le-nil-moisturizing-body-lotion-MUK200052811.html?dwvar_MUK200052811_size=UK200052811&pid=MUK200052811&quantity=1,https://www.spacenk.com/dw/image/v2/ABCE_PRD/on/demandware.static/-/Sites-spacenkmastercatalog/default/dwda51446a/products/HERMÈS/UK200052811_HERMÈS.jpg?sw=582&sh=582,This list is subject to change over time. please refer to the information on your product’s packaging for the most up-to-date list of ingredients. ingredients : aqua (water) • coco-caprylate/caprate • glycerin • parfum (fragrance) • oleic/linoleic/linolenic polyglycerides • pentylene glycol • olus oil/vegetable oil/huile vegetale • pentaerythrityl distearate • hydroxyethyl acrylate/sodium acryloyldimethyl taurate copolymer • silica • squalane • caprylyl glycol • limonene • sodium stearoyl glutamate • hydrogenated vegetable oil • cetyl alcohol • polysorbate 60 • xanthan gum • citric acid • hydroxycitronellal • candelilla cera/euphorbia cerifera (candelilla) wax/cire de candelilla • sodium phytate • sodium hyaluronate • o-cymen-5-ol • sorbitan isostearate • citronellol • hexyl cinnamal • geraniol • sodium hydroxide • tocopherol.,'0,'0
Bath & Body,Body Lotion,'MUK200052808,'UK200052808,Hermès,Un Jardin À Cythère Moisturizing Body Lotion 20,https://www.spacenk.com/uk/bath-body/body-moisturiser-oils/body-lotion/un-jardin-%C3%A0-cythere-moisturizing-body-lotion-MUK200052808.html?dwvar_MUK200052808_size=UK200052808&pid=MUK200052808&quantity=1,https://www.spacenk.com/dw/image/v2/ABCE_PRD/on/demandware.static/-/Sites-spacenkmastercatalog/default/dwe1c4b815/products/HERMÈS/UK200052808_HERMÈS.jpg?sw=582&sh=582,"This list is subject to change over time. please refer to the information on your product’s packaging for the most up-to-date list of ingredients. ingredients : aqua (water) • coco-caprylate/caprate • glycerin • oleic/linoleic/linolenic polyglycerides • olus oil/vegetable oil/huile vegetale • pentaerythrityl distearate • parfum (fragrance) • hydroxyethyl acrylate/sodium acryloyldimethyl taurate copolymer • silica • squalane • benzyl alcohol • limonene • hydrogenated vegetable oil • sodium stearoyl glutamate • 1,2-hexanediol • caprylyl glycol • cetyl alcohol • polysorbate 60 • xanthan gum • citric acid • candelilla cera/euphorbia cerifera (candelilla) wax/cire de candelilla • sodium phytate • sodium hyaluronate • o-cymen-5-ol • linalool • sorbitan isostearate • citral • sodium hydroxide • coumarin • tocopherol • citronellol • geraniol",'0,'0
Bath & Body,Body Lotion,'MUK200052813,'UK200052813,Hermès,Le Jardin De Monsieur Li Moisturizing Body Lotion 20,https://www.spacenk.com/uk/bath-body/body-moisturiser-oils/body-lotion/le-jardin-de-monsieur-li-moisturizing-body-lotion-MUK200052813.html?dwvar_MUK200052813_size=UK200052813&pid=MUK200052813&quantity=1,https://www.spacenk.com/dw/image/v2/ABCE_PRD/on/demandware.static/-/Sites-spacenkmastercatalog/default/dw11da4037/products/HERMÈS/UK200052813_HERMÈS.jpg?sw=582&sh=582,"This list is subject to change over time. please refer to the information on your product’s packaging for the most up-to-date list of ingredients. ingredients : aqua (water) • coco-caprylate/caprate • glycerin • parfum (fragrance) • oleic/linoleic/linolenic polyglycerides • olus oil/vegetable oil/huile vegetale • pentaerythrityl distearate • hydroxyethyl acrylate/sodium acryloyldimethyl taurate copolymer • silica • squalane • benzyl salicylate • 1,2-hexanediol • caprylyl glycol • sodium stearoyl glutamate • hydrogenated vegetable oil • limonene • cetyl alcohol • polysorbate 60 • xanthan gum • citric acid • hydroxycitronellal • alpha-isomethyl ionone • candelilla cera/euphorbia cerifera (candelilla) wax/cire de candelilla • linalool • sodium hyaluronate • sodium phytate • o-cymen-5-ol • hexyl cinnamal • sorbitan isostearate • sodium hydroxide • citral • tocopherol.",'0,'0
Bath & Body,Body Oil,'MUK200052841,'UK200052841,Space nk,Paros Tides Body Oil 15,https://www.spacenk.com/uk/bath-body/body-moisturiser-oils/body-oil/paros-tides-body-oil-MUK200052841.html?dwvar_MUK200052841_size=UK200052841&pid=MUK200052841&quantity=1,https://www.spacenk.com/dw/image/v2/ABCE_PRD/on/demandware.static/-/Sites-spacenkmastercatalog/default/dwfb4f494f/products/NK/UK200052841_NK.jpg?sw=582&sh=582,"Vitis vinifera (grape) seed oil, parfum (fragrance), punica granatum seed oil, squalane, tocopherol, caprylic/capric triglyceride, brassica napus seed oil, ocimum sanctum leaf extract. allergens: citral. coumarin. geraniol. hydroxycitronellal. limonene. linalool. alpha-isomethyl ionone. tetramethyl acetyloctahydronaphthalenes. linalyl acetate. pinene. rose ketones.",'4.7,'12
Bath & Body,Hand & Feet,'MUK200027392,'UK200027392,Diptyque,Refill Velvet Hand Lotion 350 ML,https://www.spacenk.com/uk/bath-body/body-moisturiser-oils/hand-feet/refill-velvet-hand-lotion-MUK200027392.html?dwvar_MUK200027392_size=UK200027392&pid=MUK200027392&quantity=1,https://www.spacenk.com/dw/image/v2/ABCE_PRD/on/demandware.static/-/Sites-spacenkmastercatalog/default/dw07fc03d8/products/DIPTYQUE/UK200027392_DIPTYQUE.jpg?sw=582&sh=582,Aqua (water) - simmondsia chinensis (jojoba) seed oil - glycerin - caprylic/capric triglyceride - triethylhexanoin - dicaprylyl ether - parfum (fragrance) - hydrogenated vegetable oil1 - prunus persica (peach) kernel oil - lauryl glucoside - polyglyceryl-2 dipolyhydroxystearate - anthemis nobilis flower water - helichrysum italicum flower water - behenyl alcohol - xanthan gum - glycyrrhiza glabra (licorice) leaf extract - mel (honey) - pentaerythrityl distearate - sesamum indicum (sesame) seed oil - sodium polyacrylate - sodium stearoyl glutamate - prunus amygdalus dulcis (sweet almond) oil - polysorbate 20 - glyceryl stearate - cetearyl glucoside - aloe barbadensis leaf juice powder - glyceryl stearate se - linoleic acid - ethylhexylglycerin - oleic acid - palmitic acid - stearic acid - linolenic acid - hexyl cinnamal - coumarin - geraniol - linalool - hydroxycitronellal - benzyl salicylate - limonene - alpha-isomethyl ionone - cinnamal - citral - citric acid - sodium hydroxide - ethylhexyl methoxycinnamate - ethylhexyl salicylate - butyl methoxydibenzoylmethane - phenoxyethanol - chlorphenesin - sodium benzoate - benzoic acid - benzyl alcohol - dehydroacetic acid - potassium sorbate - tocopheryl acetate - bht - tocopherol - tbhq. 1 rapeseed oil & soybean oil.,'4.8,'17
Bath & Body,Neck & Decollete,'MUK200025728,'UK200025728,La mer,The Neck and Décolleté Concentrate 50 ML,https://www.spacenk.com/uk/skincare/neck-decollete/neck-decollete/the-neck-and-decollete-concentrate-MUK200025728.html?dwvar_MUK200025728_size=UK200025728&pid=MUK200025728&quantity=1,https://www.spacenk.com/dw/image/v2/ABCE_PRD/on/demandware.static/-/Sites-spacenkmastercatalog/default/dw4ef19754/products/LA_MER/UK200025728_LA_MER.jpg?sw=582&sh=582,,'3.8,'13
Bath & Body,Hand & Feet,'MUK200054288,'UK200054288,Drunk elephant,Therabu Hand Cream 75 ML,https://www.spacenk.com/uk/bath-body/body-moisturiser-oils/hand-feet/therabu-hand-cream-MUK200054288.html?dwvar_MUK200054288_size=UK200054288&pid=MUK200054288&quantity=1,https://www.spacenk.com/dw/image/v2/ABCE_PRD/on/demandware.static/-/Sites-spacenkmastercatalog/default/dwf64f6f4f/products/DRUNK_ELEP/UK200054288_DRUNK_ELEP.jpg?sw=582&sh=582,"Water/aqua/eau, dicaprylyl carbonate, caprylic/capric triglyceride, sclerocarya birrea seed butter, squalane, glycerin, butyrospermum parkii (shea) butter, cetearyl alcohol, glyceryl stearates, cetearyl olivate, hydroxyethyl acrylate/sodium acryloyldimethyl taurate copolymer, sorbitan olivate, persea gratissima (avocado) oil, sclerocarya birrea seed oil, simmondsia chinensis (jojoba) seed oil, oleic acid, panthenol, avena sativa (oat) kernel flour, colloidal oatmeal, palmitic acid, propanediol, linoleic acid, linolenic acid, tremella fuciformis sporocarp extract, allantoin, ceramide ap, ceramide np, ceramide eop, phytosphingosine, cholesterol, stearic acid, xanthan gum, carbomer, vanilla planifolia fruit extract, sodium stearoyl glutamate, caprylhydroxamic acid, sodium lauroyl lactylate, sorbitan isostearate, tocopherol, citric acid, polysorbate 60, caprylyl glycol, phenoxyethanol, ethylhexylglycerin.",'4.6,'7
Bath & Body,Hand & Feet,'MUS300026154,'US300026154,Byredo,Gypsy Water Hand Cream Travel Size 30 ML,https://www.spacenk.com/uk/bath-body/body-moisturiser-oils/hand-feet/gypsy-water-hand-cream-travel-size-MUS300026154.html?dwvar_MUS300026154_size=US300026154&pid=MUS300026154&quantity=1,https://www.spacenk.com/dw/image/v2/ABCE_PRD/on/demandware.static/-/Sites-spacenkmastercatalog/default/dwf77b4d2d/products/BYREDO/US300026154_BYREDO.jpg?sw=582&sh=582,"Alcohol, parfum (fragrance), aqua (water), limonene, linalool, butyl methoxydibenzoylmethane, ethylhexyl methoxycinnamate, citral, bht, geraniol.",'4.5,'48
Bath & Body,Body Lotion,'MUK200031900,'UK200031900,Bamford,Geranium Hand and Body Lotion ,https://www.spacenk.com/uk/bath-body/body-moisturiser-oils/body-lotion/geranium-hand-and-body-lotion-MUK200031900.html?dwvar_MUK200031900_size=UK200031900&pid=MUK200031900&quantity=1,https://www.spacenk.com/dw/image/v2/ABCE_PRD/on/demandware.static/-/Sites-spacenkmastercatalog/default/dw0567ca35/products/BAMFORD/UK200031900_BAMFORD.jpg?sw=582&sh=582,"Aloe barbadensis leaf juice powder*, caprylic/capric triglyceride, glycerin, coco-caprylate, polyglyceryl-3 dicitrate/stearate, cetearyl alcohol, glyceryl stearate, parfum (fragrance), butyrospermum parkii (shea) butter*, theobroma cacao (cocoa) seed butter*, benzyl alcohol, citric acid, sodium benzoate, sodium stearoyl glutamate, eucalyptus globulus leaf oil, lavandula angustifolia (lavender) oil, xanthan gum, aqua (water), pelargonium graveolens flower oil, tocopherol, dehydroacetic acid, mentha piperita (peppermint) oil, sodium phytate, anthemis nobilis flower extract, dipteryx odorata bean extract, lavandula hybrida extract, potassium sorbate, linalool, limonene, citronellol, geraniol, coumarin, citral. *organically grown ingredients of total: 82% organic, 98% natural origin",'4.1,'10
Bath & Body,Body Lotion,'MUK200027149,'UK200027149,Diptyque,Fresh Lotion for the Body 250 ML,https://www.spacenk.com/uk/bath-body/body-moisturiser-oils/body-lotion/fresh-lotion-for-the-body-MUK200027149.html?dwvar_MUK200027149_size=UK200027149&pid=MUK200027149&quantity=1,https://www.spacenk.com/dw/image/v2/ABCE_PRD/on/demandware.static/-/Sites-spacenkmastercatalog/default/dw0ff5ae8f/products/DIPTYQUE/UK200027149_DIPTYQUE.jpg?sw=582&sh=582,Aqua (water) - macadamia integrifolia seed oil - isononyl isononanoate - glycerin - simmondsia chinensis (jojoba) seed oil - prunus amygdalus dulcis (sweet almond) oil - caprylic/capric triglyceride - dicaprylyl carbonate - sorbitan stearate - cetearyl alcohol - citrus aurantium amara (bitter orange) flower water - hydroxyethyl acrylate/sodium acryloyldimethyl taurate copolymer - squalane - hydrogenated soybean oil - cera alba (beeswax) - sucrose cocoate - polysorbate 60 - glyceryl stearate - sodium hyaluronate - sorbitan isostearate - parfum (fragrance) - linalool - hydroxyisohexyl 3-cyclohexene carboxaldehyde - geraniol - citronellol - limonene - eugenol - farnesol - ethylhexyl methoxycinnamate - ethylhexyl salicylate - butyl methoxydibenzoylmethane - citric acid - benzyl alcohol - chlorhexidine digluconate - dehydroacetic acid - methyl benzoate - bht - tocopherol.,'4.5,'32
Bath & Body,Treatment,'MUS300026979,'US300026979,Ouai,Rose Hair & Body Oil 100 ML,https://www.spacenk.com/uk/rose-hair-body-oil-MUS300026979.html?dwvar_MUS300026979_size=US300026979&pid=MUS300026979&quantity=1,https://www.spacenk.com/dw/image/v2/ABCE_PRD/on/demandware.static/-/Sites-spacenkmastercatalog/default/dwbb7e74ab/products/OUAI/US300026979_OUAI.jpg?sw=582&sh=582,"Helianthus annuus (sunflower) seed oil, c15-19 alkane, butyrospermum parkii (shea) oil, crambe abyssinica seed oil, rosa moschata seed oil, prunus armeniaca (apricot) kernel oil, olus (vegetable oil/huile végétale), camelina sativa seed oil, parfum (fragrance), ethylhexyl methoxycinnamate, benzotriazolyl dodecyl p-cresol, linalool, citronellol, geraniol, ci 26100 (red 17).",'4.0,'101
Bath & Body,Bath & Body Sets,'MUK200055968,'UK200055968,Uni,The Body Glow Kit ,https://www.spacenk.com/uk/bath-body/bath-body-sets/bath-body-sets/the-body-glow-kit-MUK200055968.html?dwvar_MUK200055968_size=UK200055968&pid=MUK200055968&quantity=1,https://www.spacenk.com/dw/image/v2/ABCE_PRD/on/demandware.static/-/Sites-spacenkmastercatalog/default/dw7903d23f/products/UNI/UK200055968_UNI.jpg?sw=582&sh=582,"24-hour body serum: water (aqua) c12-15 alkyl benzoate glycerin (organic) aloe barbadensis leaf juice (aloe vera) coco-caprylate/caprate (coconut extract) hydroxyethyl acrylate/sodium acryloyldimethyl taurate copolymer 1,2-hexanediol c13-14 alkane c15-23 alkane caprylyl glycol citric acid citrus aurantifolia (lime) fruit extract decyl glucoside tasmanian sea kelp bladderwrack seaweed (fucus vesiculosus extract) red macroalga (kappaphycus alvarezii extract) leuconostoc/radish root ferment filtrate (radish root) melia azadirachta flower extract melia azadirachta leaf extract olea europaea (olive) fruit oil (olive oil) sodium benzoate potassium sorbate panthenol sodium sulfite sea water sodium polyacrylate starch australian kakadu plum tropolone 2,6-dimethyl-7-octen-2-ol cedrus atlantica oil cistus ladaniferus resin dodecahydro-tetramethylnaphthofuran ethyl hydroxypyrone fusanus spicatus (sandalwood) oil gamma-decalactone gamma octalactone gamma valerolactone juniperus virginiana oil myrtus communis oil octanal phenethyl alcohol pogostemon cablin (patchouli) oil thuja plicata (western red cedar) wood oil triethyl citrate golden microalgae body oil: helianthus annuus (sunflower) seed oil, caprylic/capric triglyceride, fragrance (parfum), citrullus lanatus (watermelon) seed oil, passiflora edulis seed oil, terminalia ferdinandiana seed oil, tocopherol, plankton extract, benzyl, benzoate, coumarin, linaloo",'2.0,'1
Bath & Body,Hand & Feet,'MUK200028747,'UK200028747,Ouai,Hand Wash Refill 946 G,https://www.spacenk.com/uk/bath-body/body-moisturiser-oils/hand-feet/hand-wash-refill-MUK200028747.html?dwvar_MUK200028747_size=UK200028747&pid=MUK200028747&quantity=1,https://www.spacenk.com/dw/image/v2/ABCE_PRD/on/demandware.static/-/Sites-spacenkmastercatalog/default/dw6f0f0e97/products/OUAI/UK200028747_OUAI.jpg?sw=582&sh=582,"Water / aqua / eau, glycerin, sodium c14-16 olefin sulfonate, acrylates copolymer, cocamidopropyl betaine, jojoba esters, peg-40 hydrogenated castor oil, sodium methyl cocoyl taurate, cocamide mipa, polyquaternium-7, simmondsia chinensis (jojoba) seed oil, rosa canina fruit oil, persea gratissima (avocado) oil, polysorbate 20,peg-150 pentaerythrityl tetrastearate, peg-6 caprylic/capric glycerides, disodium edta,benzophenone-4, sodium chloride, tetrasodium edta, sodium hydroxide, tocopherol, hydroxyacetophenone, propylene glycol, isopropyl alcohol, ethylhexylglycerin, sodium benzoate, phenoxyethanol, fragrance / parfum, ci 60730 (ext. violet 2), citronellol, limonene, hydroxycitronellal, linalool.",'4.6,'12
Bath & Body,Deodorants,'MUK200053564,'UK200053564,Phlur,Vanilla Skin Deodorant 2 ,https://www.spacenk.com/uk/bath-body/deodorant/deodorants/vanilla-skin-deodorant-MUK200053564.html?dwvar_MUK200053564_size=UK200053564&pid=MUK200053564&quantity=1,https://www.spacenk.com/dw/image/v2/ABCE_PRD/on/demandware.static/-/Sites-spacenkmastercatalog/default/dw454c21d8/products/PHLUR/UK200053564_PHLUR.jpg?sw=582&sh=582,"Caprylic/capric triglyceride, ozokerite, maranta arundinacea root powder, fragrance (parfum), zinc ricinoleate, salicylic acid, saccharomyces ferment, cocos nucifera (coconut) oil, butyrospermum parkii (shea) butter, lauroyl lysine, calophyllum inophyllum seed oil, glycerin, ascophyllum nodosum extract, laminaria digitata extract, benzyl benzoate, alpha-isomethyl ionone.",'4.3,'28
Bath & Body,Deodorants,'MUK200006635,'UK200006635,Malin + goetz,Eucalyptus Deodorant 73 G,https://www.spacenk.com/uk/bath-body/deodorant/deodorants/eucalyptus-deodorant-MUK200006635.html?dwvar_MUK200006635_size=UK200006635&pid=MUK200006635&quantity=1,https://www.spacenk.com/dw/image/v2/ABCE_PRD/on/demandware.static/-/Sites-spacenkmastercatalog/default/dwefc64f9a/products/MALIN_GO/UK200006635_MALIN_GO.jpg?sw=582&sh=582,"Propylene glycol, aqua/water/eau, sodium stearate, eucalyptus globulus leaf oil, caprylyl glycol, phenoxyethanol, hexylene glycol, citronellyl methylcrotonate, caprylic/capric triglyceride, sodium hydroxide.",'3.9,'704
Bath & Body,Deodorants,'MUK200006635,'US300050095,Malin + goetz,Eucalyptus Deodorant Travel Size 28 ML,https://www.spacenk.com/uk/bath-body/deodorant/deodorants/eucalyptus-deodorant-MUK200006635.html?dwvar_MUK200006635_size=US300050095&pid=MUK200006635&quantity=1,https://www.spacenk.com/dw/image/v2/ABCE_PRD/on/demandware.static/-/Sites-spacenkmastercatalog/default/dw433ff056/products/MALIN_GO/US300050095_MALIN_GO.jpg?sw=582&sh=582,"Propylene glycol, aqua/water/eau, sodium stearate, eucalyptus globulus leaf oil, caprylyl glycol, phenoxyethanol, hexylene glycol, citronellyl methylcrotonate, caprylic/capric triglyceride, sodium hydroxide.",'3.9,'704
Bath & Body,Deodorants,'MUK200034052,'UK200034052,Nécessaire,The Deodorant Gel – Eucalyptus 5,https://www.spacenk.com/uk/bath-body/deodorant/deodorants/the-deodorant-gel-%E2%80%93-eucalyptus-MUK200034052.html?dwvar_MUK200034052_size=UK200034052&pid=MUK200034052&quantity=1,https://www.spacenk.com/dw/image/v2/ABCE_PRD/on/demandware.static/-/Sites-spacenkmastercatalog/default/dw8a92a91d/products/NECESSAIRE/UK200034052_NECESSAIRE.jpg?sw=582&sh=582,Aqua/water/eau mandelic acid potassium hydroxide hydroxypropyl methylcellulose hamamelis virginiana (witch hazel) water gluconolactone lactic acid panthenol niacinamide glycerin chamomilla recutita (matricaria) flower extract sodium benzoate calcium gluconate sodium phytate eucalyptus globulus (eucalyptus) leaf oil lavandula angustifolia (lavender) oil abies sibirica (siberian fir) oil zingiber officinale (ginger) root oil citrus aurantium dulcis (orange) peel oil pogostemon cablin (patchouli) oil benzoic acid citric acid limonene,'4.2,'806
Bath & Body,Deodorants,'MUK200055262,'UK200055262,Nécessaire,The Deodorant Olibanum 75 G,https://www.spacenk.com/uk/bath-body/deodorant/deodorants/the-deodorant-olibanum-MUK200055262.html?dwvar_MUK200055262_size=UK200055262&pid=MUK200055262&quantity=1,https://www.spacenk.com/dw/image/v2/ABCE_PRD/on/demandware.static/-/Sites-spacenkmastercatalog/default/dwabfef7e4/products/NECESSAIRE/UK200055262_NECESSAIRE.jpg?sw=582&sh=582,"Caprylic/capric triglyceride, tapioca starch, helianthus annuus (sunflower) seed wax, polyhydroxystearic acid, ricinus communis (castor) seed oil, mandelic acid, fragrance (parfum), cocos nucifera (coconut) oil, triethyl citrate, zinc ricinoleate, boswellia carterii gum oil, niacinamide, panthenol, tocopherol, lactic acid,butyrospermum parkii (shea) butter, helianthus annuus (sunflower) seed oil, aqua/water/eau.",'4.9,'18
Bath & Body,Deodorants,'MUK200038000,'UK200038000,Sol de janeiro,Rio Deo Aluminum-Free Deodorant Cheirosa 62 57 ,https://www.spacenk.com/uk/bath-body/deodorant/deodorants/rio-deo-aluminum-free-deodorant-cheirosa-62-MUK200038000.html?dwvar_MUK200038000_size=UK200038000&pid=MUK200038000&quantity=1,https://www.spacenk.com/dw/image/v2/ABCE_PRD/on/demandware.static/-/Sites-spacenkmastercatalog/default/dw6a2b92a6/products/SOL_DE_JAN/UK200038000_SOL_DE_JAN.jpg?sw=582&sh=582,"Cocos nucifera (coconut) oil, caprylic/capric triglyceride, tapioca starch, stearyl alcohol, magnesium hydroxide, hydrogenated castor oil, triethyl citrate, parfum (fragrance), oryza sativa (rice) bran wax, behenyl alcohol, polyglyceryl-3 stearate, mangifera indica (mango) seed butter, platonia insignis seed butter, lactobacillus/papaya fruit ferment extract, helianthus annuus (sunflower) seed oil, vaccinium myrtillus fruit/leaf extract, carica papaya (papaya) seed oil, saccharum officinarum (sugar cane) extract, citrus limon (lemon) fruit extract, citrus aurantium dulcis (orange) fruit extract, acer saccharum (sugar maple) extract, tocopherol, benzyl alcohol, benzyl salicylate, coumarin, hydroxycitronellal, limonene.",'4.4,"'2,977"
Bath & Body,Deodorants,'MUK200006993,'UK200006993,Aesop,Deodorant 50ml 50 ML,https://www.spacenk.com/uk/bath-body/deodorant/deodorants/deodorant-MUK200006993.html?dwvar_MUK200006993_size=UK200006993&pid=MUK200006993&quantity=1,https://www.spacenk.com/dw/image/v2/ABCE_PRD/on/demandware.static/-/Sites-spacenkmastercatalog/default/dw93b7d445/products/AESOP/UK200006993_AESOP.jpg?sw=582&sh=582,"Alcohol denat., water (aqua), hamamelis virginiana (witch hazel) water, polysorbate 80, zinc ricinoleate, glycerin, aminomethyl propanol, citric acid, pelargonium graveolens oil, lavandula angustifolia (lavender) oil, fusanus spicatus wood oil, pogostemon cablin oil, eucalyptus globulus leaf oil, cymbopogon schoenanthus oil, eugenia caryophyllus (clove) flower oil, melaleuca alternifolia (tea tree) leaf oil, coriandrum sativum (coriander) seed oil, thymus vulgaris (thyme) oil, vetiveria zizanoides root oil, linalool, citronellol, geraniol, eugenol, citral, farnesol, d-limonene.",'4.0,'87
Bath & Body,Deodorants,'MUK200021699,'UK200021699,Aesop,Deodorant Roll-On 50 ML,https://www.spacenk.com/uk/bath-body/deodorant/deodorants/deodorant-roll-on-MUK200021699.html?dwvar_MUK200021699_size=UK200021699&pid=MUK200021699&quantity=1,https://www.spacenk.com/dw/image/v2/ABCE_PRD/on/demandware.static/-/Sites-spacenkmastercatalog/default/dwe89308e2/products/AESOP/UK200021699_AESOP.jpg?sw=582&sh=582,"Water (aqua), coco-caprylate, glycerin, ceteareth-20, zinc ricinoleate, cetearyl alcohol, sorbitan stearate, candelilla/jojoba/rice bran polyglyceryl-3 esters, glyceryl stearate, bisabolol, phenoxyethanol, polysorbate 20, benzyl alcohol, microcrystalline cellulose, sodium stearoyl lactylate, pelargonium graveolens extract, lavandula angustifolia (lavender) oil, fusanus spicatus wood oil, sodium gluconate, xanthan gum, pogostemon cablin oil, eucalyptus globulus leaf oil, ethylhexylglycerin, wasabia japonica root powder, eugenia caryophyllus (clove) flower oil, melaleuca alternifolia (tea tree) leaf oil, cellulose gum, vetiveria zizanoides root oil, coriandrum sativum (coriander) seed oil, cymbopogon schoenanthus oil, sodium benzoate, zingiber officinale (ginger) root extract, lactic acid, potassium sorbate, tocopherol, linalool, citronellol, geraniol, eugenol, farnesol, citral, d-limonene.",'4.0,'25
Bath & Body,Deodorants,'MUK200030101,'UK200030101,Caudalie,Vinofresh Natural Stick Deodorant 50 G,https://www.spacenk.com/uk/bath-body/deodorant/deodorants/vinofresh-natural-aluminum-free-deodorant-MUK200030101.html?dwvar_MUK200030101_size=UK200030101&pid=MUK200030101&quantity=1,https://www.spacenk.com/dw/image/v2/ABCE_PRD/on/demandware.static/-/Sites-spacenkmastercatalog/default/dwadcc7f05/products/CAUDALIE/UK200030101_CAUDALIE.jpg?sw=582&sh=582,"Butylene glycol, glycerin, propanediol, aqua/water/eau, sodium stearate, polyglyceryl-4 caprate, polyglyceryl-6 caprylate, citronellyl methylcrotonate, vitis vinifera (grape) fruit water, eucalyptus globulus leaf oil, caprylyl glycol, limonene, vitis vinifera (grape) juice, citric acid, sodium benzoate, potassium sorbate, citronellol. (270/030)",'4.1,'118
Bath & Body,Fragrance,'MUK200054167,'UK200054167,Phlur,Father Figure Deodorant 5,https://www.spacenk.com/uk/fragrance/personal-fragrance/fragrance/father-figure-deodorant-MUK200054167.html?dwvar_MUK200054167_size=UK200054167&pid=MUK200054167&quantity=1,https://www.spacenk.com/dw/image/v2/ABCE_PRD/on/demandware.static/-/Sites-spacenkmastercatalog/default/dw23b96197/products/PHLUR/UK200054167_PHLUR.jpg?sw=582&sh=582,"Caprylic/capric triglyceride, ozokerite, maranta arundinacea root powder, fragrance (parfum), zinc ricinoleate, salicylic acid, saccharomyces ferment, cocos nucifera (coconut) oil, butyrospermum parkii (shea) butter, lauroyl lysine, calophyllum inophyllum seed oil, glycerin, ascophyllum nodosum extract, laminaria digitata extract, tetramethyl acetyloctahydronaphthalenes, acetyl cedrene, coumarin, alpha-isomethyl ionone, pinene, beta-caryophyllene, limonene, vanillin.",'3.5,'8
Bath & Body,Deodorants,'MUK200053548,'UK200053548,Sol de janeiro,Rio Deo Cheirosa '59 57 G,https://www.spacenk.com/uk/bath-body/deodorant/deodorants/rio-deo-cheirosa-59-MUK200053548.html?dwvar_MUK200053548_size=UK200053548&pid=MUK200053548&quantity=1,https://www.spacenk.com/dw/image/v2/ABCE_PRD/on/demandware.static/-/Sites-spacenkmastercatalog/default/dwc3aa1bad/products/SOL_DE_JAN/UK200053548_SOL_DE_JAN.jpg?sw=582&sh=582,"Cocos nucifera (coconut) oil, caprylic/capric triglyceride, tapioca starch, stearyl alcohol, magnesium hydroxide, hydrogenated castor oil, triethyl citrate, parfum (fragrance), oryza sativa (rice) bran wax, behenyl alcohol, polyglyceryl-3 stearate, mangifera indica (mango) seed butter, platonia insignis seed butter, lactobacillus/papaya fruit ferment extract, helianthus annuus (sunflower) seed oil, vaccinium myrtillus fruit extract, carica papaya (papaya) seed oil, saccharum officinarum (sugar cane) extract, citrus limon (lemon) fruit extract, citrus aurantium dulcis (orange) fruit extract, acer saccharum (sugar maple) extract, tocopherol, alpha-isomethyl ionone, hydroxycitronellal.",'4.4,'160
Bath & Body,Deodorants,'MUK200037730,'UK200037730,Kosas,Chemistry Deodorant - AHA Serum - Fragrance Free 7,https://www.spacenk.com/uk/bath-body/deodorant/deodorants/chemistry-deodorant---aha-serum---fragrance-free-MUK200037730.html?dwvar_MUK200037730_size=UK200037730&pid=MUK200037730&quantity=1,https://www.spacenk.com/dw/image/v2/ABCE_PRD/on/demandware.static/-/Sites-spacenkmastercatalog/default/dw69217d9b/products/KOSAS/UK200037730_KOSAS.jpg?sw=582&sh=582,"Aqua, aloe barbadensis leaf juice, glycerin, mandelic acid, polyglyceryl-4 cocoate, sodium hydroxide, shikimic acid, lactic acid, palmitoyl tripeptide-5, hyaluronic acid, citric acid, tartaric acid, xanthan gum, potassium sorbate, sodium benzoate, cananga odorata flower (ylang ylang) oil, citrus aurantium amara (bitter orange) flower oil, citrus paradisi peel oil, simmondsia chinensis seed (jojoba) oil, benzyl benzoate, limonene, linalool size: 70 ml/ 2.4 fl oz",'4.3,'24
Bath & Body,Bath & Body Sets,'MUK200055270,'UK200055270,Nécessaire,The Body Essentials Kit Santal ,https://www.spacenk.com/uk/bath-body/bath-body-sets/bath-body-sets/the-body-essentials-kit-santal-MUK200055270.html?dwvar_MUK200055270_size=UK200055270&pid=MUK200055270&quantity=1,https://www.spacenk.com/dw/image/v2/ABCE_PRD/on/demandware.static/-/Sites-spacenkmastercatalog/default/dw75271e71/products/NECESSAIRE/UK200055270_NECESSAIRE.jpg?sw=582&sh=582,"The body wash - santal: aqua/water/eau, sodium laurylglucosides hydroxypropylsulfonate, coco-glucoside, disodium cocoamphodiacetate, glycerin, sodium methyl cocoyl taurate, sodium chloride, magnesium sulfate, tocopherol, niacinamide, magnesium pca, zinc pca, silica, citric acid, sodium hydroxide, caprylyl glycol, helianthus annuus (sunflower) seed oil, santalum album (sandalwood) oil, juniperus virginiana oil, fragrance (parfum), chlorphenesin, phenoxyethanol, acrylates crosspolymer-4, hydroxycitronellal, tetramethyl acetyloctahydronaphthalenes. the deodorant - santal: caprylic/capric triglyceride, tapioca starch, helianthus annuus (sunflower) seed wax, polyhydroxystearic acid, ricinus communis (castor) seed oil, mandelic acid, fragrance (parfum), cocos nucifera (coconut) oil, triethyl citrate, zinc ricinoleate, santalum album (sandalwood) oil, niacinamide, panthenol, tocopherol, lactic acid, butyrospermum parkii (shea) butter, helianthus annuus (sunflower) seed oil, aqua/water/eau. the body lotion - santal: aqua/water/eau, helianthus annuus (sunflower) seed oil, glycerin, caprylic/capric triglyceride, niacinamide, shea butter glycerides, cetearyl olivate, cetearyl alcohol, glyceryl stearate, sorbitan olivate, fragrance (parfum), hexapeptide-9, palmitoyl dipeptide-5 diaminobutyroyl hydroxythreonine, palmitoyl dipeptide-5 diaminonhydroxybutyrate, palmitoyl tetrapeptide-7, palmitoyl tripeptide-1, santalum album (sandalwood) oil*, magnesium sulfate, magnesium pca, zinc pca, silica, tocopherol, linoleic acid, linolenic acid, propanediol, xanthan gum, polyacrylate crosspolymer-6, caprylhydroxamic acid, caprylyl glycol, oleic acid, palmitic acid, stearic acid, beta-caryophyllene, linalyl acetate, t-butyl alcohol, alpha-isomethyl ionone, santalol, sclareol, terpineol, tetramethyl acetyloctahydronaphthalenes, trimethylcyclopentenyl methylisopentenol, jasminum officinale oil, juniperus virginiana oil, hydroxycitronellal, pinene, vanillin, geraniol, linalool, limonene.",'4.6,'9
Bath & Body,Deodorants,'MUK200055264,'UK200055264,Nécessaire,The Deodorant Santal 75 G,https://www.spacenk.com/uk/bath-body/deodorant/deodorants/the-deodorant-santal-MUK200055264.html?dwvar_MUK200055264_size=UK200055264&pid=MUK200055264&quantity=1,https://www.spacenk.com/dw/image/v2/ABCE_PRD/on/demandware.static/-/Sites-spacenkmastercatalog/default/dw9de6cef8/products/NECESSAIRE/UK200055264_NECESSAIRE.jpg?sw=582&sh=582,"Caprylic/capric triglyceride, tapioca starch, helianthus annuus (sunflower) seed wax, polyhydroxystearic acid, ricinus communis (castor) seed oil, mandelic acid, fragrance (parfum), cocos nucifera (coconut) oil, triethyl citrate, zinc ricinoleate, santalum album (sandalwood) oil, niacinamide, panthenol, tocopherol, lactic acid, butyrospermum parkii (shea) butter, helianthus annuus (sunflower) seed oil, aqua/water/eau.",'4.5,'17
Bath & Body,Deodorants,'MUK200037731,'UK200037731,Kosas,Chemistry AHA Serum Deodorant - Serene Clean 7,https://www.spacenk.com/uk/bath-body/deodorant/deodorants/chemistry-aha-serum-deodorant---serene-clean-MUK200037731.html?dwvar_MUK200037731_size=UK200037731&pid=MUK200037731&quantity=1,https://www.spacenk.com/dw/image/v2/ABCE_PRD/on/demandware.static/-/Sites-spacenkmastercatalog/default/dw44d358a7/products/KOSAS/UK200037731_KOSAS.jpg?sw=582&sh=582,"Aqua, aloe barbadensis leaf juice, glycerin, mandelic acid, polyglyceryl-4 cocoate, sodium hydroxide, shikimic acid, lactic acid, palmitoyl tripeptide-5, hyaluronic acid, citric acid, tartaric acid, xanthan gum, potassium sorbate, sodium benzoate, cananga odorata flower (ylang ylang) oil, citrus aurantium amara (bitter orange) flower oil, citrus paradisi peel oil, simmondsia chinensis seed (jojoba) oil, benzyl benzoate, limonene, linalool size: 70 ml/ 2.4 fl oz",'3.7,'17
Bath & Body,Hand & Feet,'MUK200040396,'UK200040396,Rare beauty,Find Comfort Hydrating Hand Cream 53 ,https://www.spacenk.com/uk/bath-body/body-moisturiser-oils/hand-feet/find-comfort-hydrating-hand-cream-MUK200040396.html?dwvar_MUK200040396_size=UK200040396&pid=MUK200040396&quantity=1,https://www.spacenk.com/dw/image/v2/ABCE_PRD/on/demandware.static/-/Sites-spacenkmastercatalog/default/dwdf7d0ab4/products/RARE/UK200040396_RARE.jpg?sw=582&sh=582,"""key ingredients: niacinamide – a form of vitamin b3; helps support skin’s moisture barrier sodium hyaluronate – a natural humectant that helps retain moisture for skin that feels soft and looks more youthful peach flower extract – a blend of antioxidants that help soothe and revitalize the skin, leaving a soft, supple feel ashwagandha – a natural “anti-stress” ingredient known to moisturize, protect, and soothe skin water (aqua/eau), glycerin, cetearyl alcohol, macadamia integrifolia seed oil, butyrospermum parkii (shea) butter, niacinamide, pentaerythrityl tetraethylhexanoate, silica, polyglyceryl-3 methylglucose distearate, 1,2-hexanediol, pentylene glycol, hydroxyethyl acrylate/sodium acryloyldimethyl taurate copolymer, cetearyl glucoside, fragrance (parfum), butylene glycol, glucose, caprylyl glycol, chlorella vulgaris extract, fructooligosaccharides, fructose, withania somnifera root extract, ethylhexylglycerin, tocopherol, sodium hyaluronate, prunus persica (peach) flower extract, sodium benzoate, citric acid, limonene, coumarin, linalool""",'4.5,'442
Bath & Body,Handwash,'MUK200006989,'UK200006989,Aesop,Resurrection Aromatique Hand Wash 500 ML,https://www.spacenk.com/uk/bath-body/body-cleanser/handwash/resurrection-aromatique-hand-wash-MUK200006989.html?dwvar_MUK200006989_size=UK200006989&pid=MUK200006989&quantity=1,https://www.spacenk.com/dw/image/v2/ABCE_PRD/on/demandware.static/-/Sites-spacenkmastercatalog/default/dw856f1f60/products/AESOP/UK200006989_AESOP.jpg?sw=582&sh=582,"Water (aqua), sodium laureth sulfate, coco-betaine, cocamide dea, sea salt (maris sal ), citrus nobilis (mandarin orange) peel oil, cedrus atlantica (cedarwood) bark oil, lavandula angustifolia (lavender) oil, citrus aurantium dulcis (orange) oil, rosmarinus officinalis (rosemary) leaf oil, citric acid, methylchloroisothiazolinone, methylisothiazolinone, d-limonene, linalool.",'4.8,"'1,042"
Bath & Body,Handwash,'MUK300055877,'UK300055877,Aesop,Reverence Aromatique Hand Wash 500 ML,https://www.spacenk.com/uk/bath-body/body-cleanser/handwash/reverence-aromatique-hand-wash-MUK300055877.html?dwvar_MUK300055877_size=UK300055877&pid=MUK300055877&quantity=1,https://www.spacenk.com/dw/image/v2/ABCE_PRD/on/demandware.static/-/Sites-spacenkmastercatalog/default/dwa5295240/products/AESOP/UK300055877_AESOP.jpg?sw=582&sh=582,"Water (aqua), sodium laureth sulfate, acrylates copolymer, pumice, coco-betaine, polysorbate 20, citrus aurantium bergamia (bergamot) fruit oil, sodium cocoamphoacetate, sodium hydroxide, citrus aurantium amara (bitter orange) leaf/twig oil, vetiveria zizanoides root oil, citrus grandis (grapefruit) peel oil, fusanus spicatus wood oil, methylchloroisothiazolinone, methylisothiazolinone, d-limonene, linalool, farnesol.",'4.7,'320
Bath & Body,Handwash,'MUK200027390,'UK200027390,Diptyque,Refill Softening Hand Wash 350 ML,https://www.spacenk.com/uk/bath-body/body-cleanser/handwash/refill-softening-hand-wash-MUK200027390.html?dwvar_MUK200027390_size=UK200027390&pid=MUK200027390&quantity=1,https://www.spacenk.com/dw/image/v2/ABCE_PRD/on/demandware.static/-/Sites-spacenkmastercatalog/default/dw3797fe77/products/DIPTYQUE/UK200027390_DIPTYQUE.jpg?sw=582&sh=582,Aqua (water) - cocamidopropyl betaine - decyl glucoside - polysorbate 20 – glycerin - parfum (fragrance) - pentylene glycol - acrylates copolymer - sodium chloride - sodium lauroyl lactylate - lavandula angustifolia (lavender) flower water - tetrasodium glutamate diacetate - coco-glucoside - glyceryl oleate - mel (honey) – linalool – chlorphenesin – coumarin - sodium benzoate - citric acid – limonene - sodium hydroxide – citronellol – tocopherol - hydrogenated palm glycerides citrate - rosmarinus officinalis (rosemary) leaf water - alpha-isomethyl ionone – maltodextrin - benzyl alcohol - dehydroacetic acid,'4.6,'51
Bath & Body,Hand & Feet,'MUK200006991,'UK200006991,Aesop,Resurrection Aromatique Hand Balm 75 ML,https://www.spacenk.com/uk/bath-body/body-moisturiser-oils/hand-feet/resurrection-aromatique-hand-balm-MUK200006991.html?dwvar_MUK200006991_size=UK200006991&pid=MUK200006991&quantity=1,https://www.spacenk.com/dw/image/v2/ABCE_PRD/on/demandware.static/-/Sites-spacenkmastercatalog/default/dw463c8834/products/AESOP/UK200006991_AESOP.jpg?sw=582&sh=582,"Water (aqua), glycerin, prunus amygdalus dulcis (sweet almond ) oil, stearic acid, cetearyl alcohol, ceteareth-20, cocos nucifera (coconut) oil, macadamia ternifolia seed oil, citrus nobilis (mandarin orange) peel oil, glyceryl stearate, cedrus atlantica (cedarwood ) bark oil, lavandula angustifolia (lavender) oil, tocopherol, aloe barbadensis leaf juice, butyrospermum parkii (shea butter), theobroma cacao (cocoa) seed butter, citrus aurantium dulcis (orange) oil, phenoxyethanol, rosmarinus officinalis (rosemary) leaf oil, citrus grandis (grapefruit ) seed extract, triticum vulgare (wheat) germ oil, glycine soja (soybean) oil, disodium edta, daucus carota sativa (carrot) root extract, beta-carotene, d-limonene, linalool.",'4.6,'665
Bath & Body,Hand & Feet,'MUK200006991,'UK200007367,Aesop,Resurrection Aromatique Hand Balm 500 ML,https://www.spacenk.com/uk/bath-body/body-moisturiser-oils/hand-feet/resurrection-aromatique-hand-balm-MUK200006991.html?dwvar_MUK200006991_size=UK200007367&pid=MUK200006991&quantity=1,https://www.spacenk.com/dw/image/v2/ABCE_PRD/on/demandware.static/-/Sites-spacenkmastercatalog/default/dw262c603f/products/AESOP/UK200007367_AESOP.jpg?sw=582&sh=582,"Water (aqua), glycerin, prunus amygdalus dulcis (sweet almond ) oil, stearic acid, cetearyl alcohol, ceteareth-20, cocos nucifera (coconut) oil, macadamia ternifolia seed oil, citrus nobilis (mandarin orange) peel oil, glyceryl stearate, cedrus atlantica (cedarwood ) bark oil, lavandula angustifolia (lavender) oil, tocopherol, aloe barbadensis leaf juice, butyrospermum parkii (shea butter), theobroma cacao (cocoa) seed butter, citrus aurantium dulcis (orange) oil, phenoxyethanol, rosmarinus officinalis (rosemary) leaf oil, citrus grandis (grapefruit ) seed extract, triticum vulgare (wheat) germ oil, glycine soja (soybean) oil, disodium edta, daucus carota sativa (carrot) root extract, beta-carotene, d-limonene, linalool.",'4.6,'665
Bath & Body,Handwash,'MUK200027148,'UK200027148,Diptyque,Softening Hand Wash 350 ML,https://www.spacenk.com/uk/bath-body/body-cleanser/handwash/softening-hand-wash-MUK200027148.html?dwvar_MUK200027148_size=UK200027148&pid=MUK200027148&quantity=1,https://www.spacenk.com/dw/image/v2/ABCE_PRD/on/demandware.static/-/Sites-spacenkmastercatalog/default/dw33d6fd5d/products/DIPTYQUE/UK200027148_DIPTYQUE.jpg?sw=582&sh=582,Aqua (water) - polysorbate 20 - glycerin - cocamidopropyl betaine - decyl glucoside - acrylates copolymer - parfum (fragrance) - sodium chloride - sodium lauroyl lactylate - lavandula angustifolia (lavender) flower water - rosmarinus officinalis (rosemary) leaf water - coco-glucoside - glyceryl oleate - mel (honey) - tetrasodium glutamate diacetate - maltodextrin - hydrogenated palm glycerides citrate - linalool - coumarin - limonene - citronellol - alpha-isomethyl ionone - sodium hydroxide - citric acid - chlorphenesin - benzoic acid - sodium benzoate - benzyl alcohol - dehydroacetic acid - methyl benzoate - tocopherol - bht - caramel.,'4.6,'95
Bath & Body,Body Creme & Butter,'MUK200038401,'UK200038401,Space nk,Caribbean Shores Hand Crème 30 ML,https://www.spacenk.com/uk/bath-body/body-moisturiser-oils/body-creme-butter/caribbean-shores-hand-creme-MUK200038401.html?dwvar_MUK200038401_size=UK200038401&pid=MUK200038401&quantity=1,https://www.spacenk.com/dw/image/v2/ABCE_PRD/on/demandware.static/-/Sites-spacenkmastercatalog/default/dw973447a9/products/NK/UK200038401_NK.jpg?sw=582&sh=582,"Aqua (water/eau), butyrospermum parkii (shea) butter, glycerin, cetearyl alcohol, caprylic/capric triglyceride, cetyl alcohol, vitis vinifera (grape) seed oil, arachidyl alcohol, parfum (fragrance), helianthus annuus (sunflower) seed oil, behenyl alcohol, phenoxyethanol, arachidyl glucoside, carbomer, xanthan gum, propanediol, ethylhexylglycerin, sodium hydroxide, tocopherol, maltose, fructose, passiflora edulis fruit extract, agave tequilana leaf extract, withania somnifera root extract, potassium sorbate, citric acid. allergens: benzyl alcohol, benzyl salicylate, citral, eugenol, geraniol, hexyl cinnamal, limonene, linalool.",'4.7,'112
Bath & Body,Handwash,'MUK200034210,'UK200034210,Byredo,Suede Hand Wash 450 ML,https://www.spacenk.com/uk/bath-body/body-cleanser/handwash/suede-hand-wash-MUK200034210.html?dwvar_MUK200034210_size=UK200034210&pid=MUK200034210&quantity=1,https://www.spacenk.com/dw/image/v2/ABCE_PRD/on/demandware.static/-/Sites-spacenkmastercatalog/default/dw1e322048/products/BYREDO/UK200034210_BYREDO.jpg?sw=582&sh=582,"Aqua (water), sodium laureth sulfate, cocamidopropyl betaine, parfum (fragrance), peg-7 glyceryl cocoate, decyl glucoside, dipropylene glycol, glycerin, ppg-26-buteth-26, peg-55 propylene glycol oleate, propylene glycol, peg-200 hydrogenated glyceryl palmate, peg-40 hydrogenated castor oil, sodium benzoate, benzyl salicylate, butyl methoxydibenzoylmethane, citric acid, tocopheryl acetate, sodium gluconate, hexyl cinnamal, hydroxycitronellal, limonene, alpha-isomethyl ionone, linalool",'4.7,'15
Bath & Body,Hand & Feet,'MUK200038315,'UK200038315,Space nk,Parisian Gardens Hand Crème 75 ML,https://www.spacenk.com/uk/bath-body/body-moisturiser-oils/hand-feet/parisian-gardens-hand-creme-MUK200038315.html?dwvar_MUK200038315_size=UK200038315&pid=MUK200038315&quantity=1,https://www.spacenk.com/dw/image/v2/ABCE_PRD/on/demandware.static/-/Sites-spacenkmastercatalog/default/dw2044b5ba/products/NK/UK200038315_NK.jpg?sw=582&sh=582,"Ingredients: aqua (water/eau), caprylic/capric triglyceride, glycerin, arachidyl alcohol, simmondsia chinensis (jojoba) seed oil, behenyl alcohol, phenoxyethanol, arachidyl glucoside, carbomer, parfum (fragrance), sodium hydroxide, xanthan gum, disodium edta, ethylhexylglycerin, propylene glycol, aloe barbadensis leaf juice, avena sativa (oat) kernel oil, moringa oleifera leaf extract, sorbitol, anthemis nobilis flower extract, sambucus nigra flower extract, citric acid, potassium sorbate, tocopherol, sodium benzoate. allergens: citronellol. geraniol. hexyl cinnamal. hydroxycitronellal. limonene. linalool. alpha-isomethyl ionone.",'4.5,'99
Bath & Body,Hand & Feet,'MUK200038315,'UK200038399,Space nk,Parisian Gardens Hand Crème 30 ML,https://www.spacenk.com/uk/bath-body/body-moisturiser-oils/hand-feet/parisian-gardens-hand-creme-MUK200038315.html?dwvar_MUK200038315_size=UK200038399&pid=MUK200038315&quantity=1,https://www.spacenk.com/dw/image/v2/ABCE_PRD/on/demandware.static/-/Sites-spacenkmastercatalog/default/dw6b3ccefe/products/NK/UK200038399_NK.jpg?sw=582&sh=582,"Ingredients: aqua (water/eau), caprylic/capric triglyceride, glycerin, arachidyl alcohol, simmondsia chinensis (jojoba) seed oil, behenyl alcohol, phenoxyethanol, arachidyl glucoside, carbomer, parfum (fragrance), sodium hydroxide, xanthan gum, disodium edta, ethylhexylglycerin, propylene glycol, aloe barbadensis leaf juice, avena sativa (oat) kernel oil, moringa oleifera leaf extract, sorbitol, anthemis nobilis flower extract, sambucus nigra flower extract, citric acid, potassium sorbate, tocopherol, sodium benzoate. allergens: citronellol. geraniol. hexyl cinnamal. hydroxycitronellal. limonene. linalool. alpha-isomethyl ionone.",'4.5,'99
Bath & Body,Hand & Feet,'MUK200033704,'UK200033704,Caudalie,Hand and Nail Cream -75ml 75 ,https://www.spacenk.com/uk/bath-body/body-moisturiser-oils/hand-feet/hand-and-nail-cream--75ml-MUK200033704.html?dwvar_MUK200033704_size=UK200033704&pid=MUK200033704&quantity=1,https://www.spacenk.com/dw/image/v2/ABCE_PRD/on/demandware.static/-/Sites-spacenkmastercatalog/default/dw62146e96/products/CAUDALIE/UK200033704_CAUDALIE.jpg?sw=582&sh=582,"Aqua/water/eau, glycerin, cetearyl alcohol, vitis vinifera (grape) seed oil, glyceryl stearate, butyrospermum parkii (shea) butter extract, palmitoyl grape seed extract, sodium cetearyl sulfate, coco-caprylate/caprate, tocopheryl acetate, limonene, persea gratissima (avocado) oil, caprylyl glycol, acrylates/c10-30 alkyl acrylate crosspolymer, potassium sorbate, phytosterols, olea europaea (olive) fruit oil, linalool, sodium hydroxide, carbomer, geraniol, sodium carboxymethyl beta-glucan, sorbitan oleate, tocopherol, ascorbyl palmitate, parfum (fragrance), citral.(061/136)",'4.7,'109
Bath & Body,Handwash,'MUK200027157,'UK200027157,Nursem,Caring Hand Wash 300 ML,https://www.spacenk.com/uk/bath-body/body-cleanser/handwash/caring-hand-wash-MUK200027157.html?dwvar_MUK200027157_size=UK200027157&pid=MUK200027157&quantity=1,https://www.spacenk.com/dw/image/v2/ABCE_PRD/on/demandware.static/-/Sites-spacenkmastercatalog/default/dwad2e0d63/products/NURSEM/UK200027157_NURSEM.jpg?sw=582&sh=582,"Aqua (water), lauryl glucoside, cocamidopropyl betaine, coco-glucoside, betaine, glycerin, sodium chloride, acrylates/c10-30 alkyl acrylate crosspolymer, polyglyceryl-4 caprate, polyglyceryl-6 caprylate, panthenol, sodium benzoate, limonene, xylitylglucoside, citrus paradisi (grapefruit) peel oil, potassium sorbate, anhydroxylitol, citrus aurantium bergamia (bergamot) peel oil, aloe barbadensis leaf juice, caramel, citrus aurantium amara (bitter orange) leaf/twig oil, persea gratissima (avocado) oil, xylitol, linalool, sodium hydroxide, triticum vulgare (wheat) germ oil, tocopheryl acetate",'4.6,'60
Bath & Body,Handwash,'MUK200038327,'UK200038327,Space nk,Caribbean Shores Hand Wash 350 ML,https://www.spacenk.com/uk/bath-body/body-cleanser/handwash/caribbean-shores-hand-wash-MUK200038327.html?dwvar_MUK200038327_size=UK200038327&pid=MUK200038327&quantity=1,https://www.spacenk.com/dw/image/v2/ABCE_PRD/on/demandware.static/-/Sites-spacenkmastercatalog/default/dw9f199dc9/products/NK/UK200038327_NK.jpg?sw=582&sh=582,"Aqua (water/eau), disodium cocoamphodiacetate, glycerin, sodium cocoyl isethionate, polysorbate 20, acrylates copolymer, parfum (fragrance), phenoxyethanol, hydrated silica, citric acid, prunus armeniaca (apricot) seed powder, ethylhexylglycerin, disodium edta, aloe barbadensis leaf juice, hydrolyzed jojoba esters, maltose, fructose, agave tequilana leaf extract, withania somnifera root extract, tocopherol, potassium sorbate. allergens: benzyl salicylate. limonene. linalool. benzyl alcohol.",'4.7,'35
Bath & Body,Hand & Feet,'MUK149759204,'UK149759204,Kiehl's,Ultimate Strength Hand Salve 150 ML,https://www.spacenk.com/uk/bath-body/body-moisturiser-oils/hand-feet/ultimate-strength-hand-salve-MUK149759204.html?dwvar_MUK149759204_size=UK149759204&pid=MUK149759204&quantity=1,https://www.spacenk.com/dw/image/v2/ABCE_PRD/on/demandware.static/-/Sites-spacenkmastercatalog/default/dwd0b38c94/products/KIEHLS_NEW/UK149759204_KIEHLS_NEW.jpg?sw=582&sh=582,,'4.8,'394
Bath & Body,Hand & Feet,'MUK149759204,'UK149769205,Kiehl's,Ultimate Strength Hand Salve 75 ML,https://www.spacenk.com/uk/bath-body/body-moisturiser-oils/hand-feet/ultimate-strength-hand-salve-MUK149759204.html?dwvar_MUK149759204_size=UK149769205&pid=MUK149759204&quantity=1,https://www.spacenk.com/dw/image/v2/ABCE_PRD/on/demandware.static/-/Sites-spacenkmastercatalog/default/dw9213d7f5/products/KIEHLS_NEW/UK149769205_KIEHLS_NEW.jpg?sw=582&sh=582,,'4.8,'394
Bath & Body,Handwash,'MUK200027391,'UK200027391,Diptyque,Refill Exfoliating Hand Wash 350 ML,https://www.spacenk.com/uk/bath-body/body-cleanser/handwash/refill-exfoliating-hand-wash-MUK200027391.html?dwvar_MUK200027391_size=UK200027391&pid=MUK200027391&quantity=1,https://www.spacenk.com/dw/image/v2/ABCE_PRD/on/demandware.static/-/Sites-spacenkmastercatalog/default/dwb403d8ca/products/DIPTYQUE/UK200027391_DIPTYQUE.jpg?sw=582&sh=582,Aqua (water) - cocamidopropyl betaine - decyl glucoside - polysorbate 20 – glycerin - acrylates copolymer - pentylene glycol – pumice - sodium chloride - parfum (fragrance) - sodium lauroyl lactylate - coco-glucoside - glyceryl oleate - olea europaea (olive) seed – chlorphenesin - sodium hydroxide - sodium benzoate - citric acid - tetrasodium glutamate diacetate – maltodextrin - laurus nobilis leaf extract - potassium sorbate – tocopherol - hydrogenated palm glycerides citrate – caramel – limonene – linalool - hexyl cinnamal,'4.3,'27
Bath & Body,Handwash,'MUK200028664,'UK200028664,Ouai,Hand Wash 88 ML,https://www.spacenk.com/uk/bath-body/body-cleanser/handwash/hand-wash-MUK200028664.html?dwvar_MUK200028664_size=UK200028664&pid=MUK200028664&quantity=1,https://www.spacenk.com/dw/image/v2/ABCE_PRD/on/demandware.static/-/Sites-spacenkmastercatalog/default/dw0b8cf4a5/products/OUAI/UK200028664_OUAI.jpg?sw=582&sh=582,"Water / aqua / eau, glycerin, sodium c14-16 olefin sulfonate, acrylates copolymer, cocamidopropyl betaine, jojoba esters, peg-40 hydrogenated castor oil, sodium methyl cocoyl taurate, cocamide mipa, polyquaternium-7, simmondsia chinensis (jojoba) seed oil, rosa canina fruit oil, persea gratissima (avocado) oil, polysorbate 20,peg-150 pentaerythrityl tetrastearate, peg-6 caprylic/capric glycerides, disodium edta,benzophenone-4, sodium chloride, tetrasodium edta, sodium hydroxide, tocopherol, hydroxyacetophenone, propylene glycol, isopropyl alcohol, ethylhexylglycerin, sodium benzoate, phenoxyethanol, fragrance / parfum, ci 60730 (ext. violet 2), citronellol, limonene, hydroxycitronellal, linalool.",'4.2,'21
Bath & Body,Hand & Feet,'MUK200036906,'UK200036906,Augustinus bader,The Hand Treatment 50 ML,https://www.spacenk.com/uk/bath-body/body-moisturiser-oils/hand-feet/the-hand-treatment-MUK200036906.html?dwvar_MUK200036906_size=UK200036906&pid=MUK200036906&quantity=1,https://www.spacenk.com/dw/image/v2/ABCE_PRD/on/demandware.static/-/Sites-spacenkmastercatalog/default/dwf139e768/products/AUGUSTINUS/UK200036906_AUGUSTINUS.jpg?sw=582&sh=582,"Aqua (water), butyrospermum parkii (shea) butter, behenyl alcohol, glycerin, dicaprylyl ether, lauryl laurate, myristyl myristate, glyceryl stearate, polyglyceryl-3 methylglucose distearate, sodium stearoyl glutamate, xylitylglucoside, anhydroxylitol, mel (honey), xylitol, chlorphenesin, citric acid, bisabolol, sodium benzoate, xanthan gum, tocopherol, helianthus annuus (sunflower) seed oil, paeonia lactiflora root extract, alcohol, glucose, tocopheryl acetate, cholesterol, hydrogenated lecithin, sodium hydroxide, alanyl glutamine, arginine, ceramide ng, ceramide np, glycine, lysine, oleic acid, palmitic acid, phenylalanine, proline, scenedesmus rubescens extract, brassica alba oil, disodium edta, oligopeptide-177, phenoxyethanol, sodium ascorbate.",'4.5,'49
Bath & Body,Handwash,'MUK200028840,'UK200028840,This works,Stress Check Hand Shield 50 ML,https://www.spacenk.com/uk/bath-body/body-cleanser/handwash/stress-check-hand-shield-MUK200028840.html?dwvar_MUK200028840_size=UK200028840&pid=MUK200028840&quantity=1,https://www.spacenk.com/dw/image/v2/ABCE_PRD/on/demandware.static/-/Sites-spacenkmastercatalog/default/dw28ddbd44/products/THIS_WORKS/UK200028840_THIS_WORKS.jpg?sw=582&sh=582,"Alcohol denat. (sd alcohol 40-b), aqua (water), glycerin, parfum (fragrance), sodium hyaluronate, linalool*, limonene*, cinnamomum camphora linalooliferum wood oil, citrus aurantium amara (bitter orange) flower oil, lavandula angustifolia (lavender) oil, ormenis multicaulis (chamomile) oil, pogostemon cablin (patchouli) leaf oil, vetiveria zizanoides (vetivert) root oil.* naturally occuring in essential oils",'4.6,'33
Bath & Body,Handwash,'MUK200006655,'UK200006655,Malin + goetz,Rum Hand and Body Wash 250 ML,https://www.spacenk.com/uk/bath-body/body-cleanser/handwash/rum-hand-and-body-wash-MUK200006655.html?dwvar_MUK200006655_size=UK200006655&pid=MUK200006655&quantity=1,https://www.spacenk.com/dw/image/v2/ABCE_PRD/on/demandware.static/-/Sites-spacenkmastercatalog/default/dwc27d8177/products/MALIN_GO/UK200006655_MALIN_GO.jpg?sw=582&sh=582,"Water/aqua/eau, ammonium lauryl sulfate, sodium laureth sulfate, glycerin, cocamide mipa, phenoxyethanol, polyquaternium-10, fragrance (parfum), sodium benzoate, potassium sorbate, citric acid, disodium edta, polyquaternium-7, sodium citrate, polysorbate 20, citrus limon (lemon) fruit extract, citrus aurantium dulcis (orange) fruit extract, sodium pca, sodium lactate, arginine, aspartic acid, pca, glycine, alanine, serine, valine, threonine, proline, isoleucine, phenylalanine, histidine.",'4.3,'94
Bath & Body,Handwash,'MUK200006655,'UK200011069,Malin + goetz,Rum Hand and Body Wash 473 ML,https://www.spacenk.com/uk/bath-body/body-cleanser/handwash/rum-hand-and-body-wash-MUK200006655.html?dwvar_MUK200006655_size=UK200011069&pid=MUK200006655&quantity=1,https://www.spacenk.com/dw/image/v2/ABCE_PRD/on/demandware.static/-/Sites-spacenkmastercatalog/default/dw05311e96/products/MALIN_GO/UK200011069_MALIN_GO.jpg?sw=582&sh=582,"Water/aqua/eau, ammonium lauryl sulfate, sodium laureth sulfate, glycerin, cocamide mipa, phenoxyethanol, polyquaternium-10, fragrance (parfum), sodium benzoate, potassium sorbate, citric acid, disodium edta, polyquaternium-7, sodium citrate, polysorbate 20, citrus limon (lemon) fruit extract, citrus aurantium dulcis (orange) fruit extract, sodium pca, sodium lactate, arginine, aspartic acid, pca, glycine, alanine, serine, valine, threonine, proline, isoleucine, phenylalanine, histidine.",'4.3,'94
Bath & Body,Handwash,'MUK200034211,'UK200034211,Byredo,Vetyver Hand Wash 450 ML,https://www.spacenk.com/uk/bath-body/body-cleanser/handwash/vetyver-hand-wash-MUK200034211.html?dwvar_MUK200034211_size=UK200034211&pid=MUK200034211&quantity=1,https://www.spacenk.com/dw/image/v2/ABCE_PRD/on/demandware.static/-/Sites-spacenkmastercatalog/default/dwffa12959/products/BYREDO/UK200034211_BYREDO.jpg?sw=582&sh=582,"Aqua (water), sodium laureth sulfate, cocamidopropyl betaine, parfum (fragrance), peg-7 glyceryl cocoate, decyl glucoside, dipropylene glycol, glycerin, ppg-26-buteth-26, peg-200 hydrogenated glyceryl palmate, peg-40 hydrogenated castor oil, peg-55 propylene glycol oleate, propylene glycol, sodium benzoate, butyl methoxydibenzoylmethane, citric acid, tocopheryl acetate, sodium gluconate, limonene, hydroxycitronellal, alpha-isomethyl ionone, linalool.",'4.8,'16
Bath & Body,Bath & Body Sets,'MUK200038340,'UK200038340,Space nk,Caribbean Shores Hand Duo 700 ML,https://www.spacenk.com/uk/bath-body/bath-body-sets/bath-body-sets/caribbean-shores-hand-duo-MUK200038340.html?dwvar_MUK200038340_size=UK200038340&pid=MUK200038340&quantity=1,https://www.spacenk.com/dw/image/v2/ABCE_PRD/on/demandware.static/-/Sites-spacenkmastercatalog/default/dw60711381/products/NK/UK200038340_NK.jpg?sw=582&sh=582,"Hand wash/nettoyant pour les mains ingredients: aqua (water/eau), disodium cocoamphodiacetate, glycerin, sodium cocoyl isethionate, polysorbate 20, acrylates copolymer, parfum (fragrance), phenoxyethanol, hydrated silica, citric acid, prunus armeniaca (apricot) seed powder, ethylhexylglycerin, disodium edta, aloe barbadensis leaf juice, hydrolyzed jojoba esters, maltose, fructose, agave tequilana leaf extract, withania somnifera root extract, tocopherol, potassium sorbate. allergens: benzyl salicylate. limonene. linalool. benzyl alcohol. hand lotion/lotion pour les mains ingredients: aqua (water/eau), glycerin, vitis vinifera (grape) seed oil, caprylic/capric glycerides, cetearyl alcohol, butyrospermum parkii (shea) butter, arachidyl alcohol, cetyl alcohol, parfum (fragrance), phenoxyethanol, behenyl alcohol, arachidyl glucoside, sodium hydroxide, carbomer, propanediol, xanthan gum, simmondsia chinensis (jojoba) seed oil, ethylhexylglycerin, aloe barbadensis leaf juice, glucose, maltose, fructose, passiflora edulis fruit extract, agave tequilana leaf extract, withania somnifera root extract, citric acid, potassium sorbate. allergens: benzyl salicylate. citral. eugenol. geraniol. hexyl cinnamal. limonene. linalool. benzyl alcohol.",'4.8,'13
Bath & Body,Handwash,'MUK200027395,'UK200027395,Diptyque,Exfoliating Hand Wash 350 ML,https://www.spacenk.com/uk/bath-body/body-cleanser/handwash/exfoliating-hand-wash-MUK200027395.html?dwvar_MUK200027395_size=UK200027395&pid=MUK200027395&quantity=1,https://www.spacenk.com/dw/image/v2/ABCE_PRD/on/demandware.static/-/Sites-spacenkmastercatalog/default/dw7b710df9/products/DIPTYQUE/UK200027395_DIPTYQUE.jpg?sw=582&sh=582,Aqua (water) - cocamidopropyl betaine - decyl glucoside - polysorbate 20 – glycerin - acrylates copolymer - pentylene glycol – pumice - sodium chloride - parfum (fragrance) - sodium lauroyl lactylate - coco-glucoside - glyceryl oleate - olea europaea (olive) seed – chlorphenesin - sodium hydroxide - sodium benzoate - citric acid - tetrasodium glutamate diacetate – maltodextrin - laurus nobilis leaf extract - potassium sorbate – tocopherol - hydrogenated palm glycerides citrate – caramel – limonene – linalool - hexyl cinnamal,'4.1,'53
Bath & Body,Handwash,'MUK200019881,'UK200019881,Byredo,Rose Hand Wash 450 ML,https://www.spacenk.com/uk/bath-body/body-cleanser/handwash/rose-hand-wash-MUK200019881.html?dwvar_MUK200019881_size=UK200019881&pid=MUK200019881&quantity=1,https://www.spacenk.com/dw/image/v2/ABCE_PRD/on/demandware.static/-/Sites-spacenkmastercatalog/default/dw0e3f6400/products/BYREDO/UK200019881_BYREDO.jpg?sw=582&sh=582,"Aqua (water), sodium laureth sulfate, cocamidopropyl betaine, parfum (fragrance), peg-7 glyceryl cocoate, decyl glucoside, dipropylene glycol, glycerin, ppg-26-buteth-26, peg-55 propylene glycol oleate, propylene glycol, peg-200 hydrogenated glyceryl palmate, peg-40 hydrogenated castor oil, sodium benzoate, butyl methoxydibenzoylmethane, citric acid, tocopheryl acetate, sodium gluconate",'4.5,'52
Bath & Body,Body Lotion,'MUK200034209,'UK200034209,Byredo,Vetyver Hand Lotion 450 ML,https://www.spacenk.com/uk/bath-body/body-moisturiser-oils/body-lotion/vetyver-hand-lotion-MUK200034209.html?dwvar_MUK200034209_size=UK200034209&pid=MUK200034209&quantity=1,https://www.spacenk.com/dw/image/v2/ABCE_PRD/on/demandware.static/-/Sites-spacenkmastercatalog/default/dwf8a808e5/products/BYREDO/UK200034209_BYREDO.jpg?sw=582&sh=582,"Aqua (water), butylene glycol, butyrospermum parkii (shea) butter, dimethicone, parfum (fragrance), steareth-2, alcohol, phenyl trimethicone, steareth-21, glycerin, polymethyl methacrylate, phenoxyethanol, hydroxyethyl acrylate/sodium acryloyldimethyl taurate copolymer, caprylyl glycol, isohexadecane, tocopheryl acetate, acrylates/c10-30 alkyl acrylate crosspolymer, disodium edta, limonene, polysorbate 60, hydroxycitronellal, sodium hydroxide, alpha-isomethyl ionone, sorbitan isostearate, linalool, isoeugenol.",'4.7,'7
Bath & Body,Body Wash,'MUK200025851,'UK200025851,Malin + goetz,Eucalyptus Hand + Body Wash 250 ML,https://www.spacenk.com/uk/bath-body/body-cleanser/body-wash/eucalyptus-hand-body-wash-MUK200025851.html?dwvar_MUK200025851_size=UK200025851&pid=MUK200025851&quantity=1,https://www.spacenk.com/dw/image/v2/ABCE_PRD/on/demandware.static/-/Sites-spacenkmastercatalog/default/dwe2fc88f3/products/MALIN_GO/UK200025851_MALIN_GO.jpg?sw=582&sh=582,"Water/aqua/eau, ammonium lauryl sulfate, sodium laureth sulfate, glycerin, cocamide mipa, phenoxyethanol, polyquaternium-10, eucalyptus globulus leaf oil, citric acid, sodium benzoate, potassium sorbate, disodium edta, polyquaternium-7, sodium citrate, eucalyptus globulus leaf extract, citrus limon (lemon) fruit extract, citrus aurantium dulcis (orange) fruit extract, sodium pca, sodium lactate, arginine, aspartic acid, pca, glycine, alanine, serine, valine, threonine, proline, isoleucine, phenylalanine, histidine, limonene.",'4.5,'17
Bath & Body,Handwash,'MUK200019384,'UK200019384,Diptyque,Philosykos Hand & Body Gel 200 ML,https://www.spacenk.com/uk/bath-body/body-cleanser/handwash/philosykos-hand-body-gel-MUK200019384.html?dwvar_MUK200019384_size=UK200019384&pid=MUK200019384&quantity=1,https://www.spacenk.com/dw/image/v2/ABCE_PRD/on/demandware.static/-/Sites-spacenkmastercatalog/default/dwfb96ae51/products/DIPTYQUE/UK200019384_DIPTYQUE.jpg?sw=582&sh=582,Aqua (water) - coco-glucoside - cocamidopropyl betaine - parfum (fragrance) - pentylene glycol - polysorbate 20 - ceteareth-60 myristyl glycol - peg-75 shea butter glyceride – glycerin - disodium cocoyl glutamate - sodium chloride - glyceryl oleate - sodium cocoyl glutamate - hydrogenated palm glycerides citrate - tetrasodium glutamate diacetate - citric acid – chlorphenesin - sodium benzoate – tocopherol – linalool – coumarin - alpha-isomethyl ionone,'4.6,'47
Bath & Body,Body Lotion,'MUK200034183,'UK200034183,Byredo,Suede Hand Lotion 450 ML,https://www.spacenk.com/uk/bath-body/body-moisturiser-oils/body-lotion/suede-hand-lotion-MUK200034183.html?dwvar_MUK200034183_size=UK200034183&pid=MUK200034183&quantity=1,https://www.spacenk.com/dw/image/v2/ABCE_PRD/on/demandware.static/-/Sites-spacenkmastercatalog/default/dw761c54cc/products/BYREDO/UK200034183_BYREDO.jpg?sw=582&sh=582,"Aqua (water), butylene glycol, butyrospermum parkii (shea) butter, dimethicone, parfum (fragrance), steareth-2, alcohol, phenyl trimethicone, steareth-21, glycerin, polymethyl methacrylate, phenoxyethanol, benzyl salicylate, hydroxyethyl acrylate/sodium acryloyldimethyl taurate copolymer, caprylyl glycol, isohexadecane, tocopheryl acetate, hexyl cinnamal, hydroxycitronellal, acrylates/c10-30 alkyl acrylate crosspolymer, disodium edta, polysorbate 60, sodium hydroxide, limonene, sorbitan isostearate, alpha-isomethyl ionone, linalool.",'4.8,'12
Bath & Body,Handwash,'MUK300054978,'UK300054978,Byredo,Hand Wash Tulipmania 450 ML,https://www.spacenk.com/uk/bath-body/body-cleanser/handwash/hand-wash-tulipmania-MUK300054978.html?dwvar_MUK300054978_size=UK300054978&pid=MUK300054978&quantity=1,https://www.spacenk.com/dw/image/v2/ABCE_PRD/on/demandware.static/-/Sites-spacenkmastercatalog/default/dw70b5ac74/products/BYREDO/UK300054978_BYREDO.jpg?sw=582&sh=582,"Aqua (water), sodium laureth sulfate, cocamidopropyl betaine, parfum (fragrance), peg-7 glyceryl cocoate, decyl glucoside, dipropylene glycol, glycerin, ppg-26-buteth-26, peg-55 propylene glycol oleate, propylene glycol, peg-200 hydrogenated glyceryl palmate, peg-40 hydrogenated castor oil, sodium benzoate, tocopheryl acetate, limonene, citric acid, butyl methoxydibenzoylmethane, sodium gluconate, geraniol, linalool, citral.",'4.8,'25
Bath & Body,Hand & Feet,'MUK200019880,'UK200019880,Byredo,Rose Hand Lotion 450 ML,https://www.spacenk.com/uk/bath-body/body-moisturiser-oils/hand-feet/rose-hand-lotion-MUK200019880.html?dwvar_MUK200019880_size=UK200019880&pid=MUK200019880&quantity=1,https://www.spacenk.com/dw/image/v2/ABCE_PRD/on/demandware.static/-/Sites-spacenkmastercatalog/default/dw992ee113/products/BYREDO/UK200019880_BYREDO.jpg?sw=582&sh=582,"Aqua (water), butylene glycol, butyrospermum parkii (shea) butter, dimethicone, parfum (fragrance), steareth-2, alcohol, phenyl trimethicone, steareth-21, glycerin, polymethyl methacrylate, phenoxyethanol, hydroxyethyl acrylate/sodium acryloyldimethyl taurate copolymer, isohexadecane, caprylyl glycol, tocopheryl acetate, acrylates/c10-30 alkyl acrylate crosspolymer, disodium edta, polysorbate 60, sodium hydroxide, sorbitan isostearate, citronellol, geraniol, limonene.",'4.6,'83
Bath & Body,Body Wash,'MUK200025852,'UK200025852,Malin + goetz,Bergamot Hand + Body Wash 250 ML,https://www.spacenk.com/uk/bath-body/body-cleanser/body-wash/bergamot-hand-body-wash-MUK200025852.html?dwvar_MUK200025852_size=UK200025852&pid=MUK200025852&quantity=1,https://www.spacenk.com/dw/image/v2/ABCE_PRD/on/demandware.static/-/Sites-spacenkmastercatalog/default/dwb5ac5e67/products/MALIN_GO/UK200025852_MALIN_GO.jpg?sw=582&sh=582,"Water/aqua/eau, ammonium lauryl sulfate, sodium laureth sulfate, cocamide mipa, glycerin, fragrance (parfum), phenoxyethanol, polyquaternium-10, citric acid, potassium sorbate, sodium benzoate, disodium edta, polyquaternium-7, polysorbate 20, sodium citrate, citrus aurantium dulcis (orange) fruit extract, citrus limon (lemon) fruit extract, sodium pca, sodium lactate, arginine, aspartic acid, pca, glycine, alanine, serine, valine, isoleucine, proline, threonine, histidine, phenylalanine, citral, limonene, linalool.",'4.5,'79
Bath & Body,Bath & Body Sets,'MUK200052910,'UK200052910,Space nk,Paros Tides Hand Duo 75,https://www.spacenk.com/uk/bath-body/bath-body-sets/bath-body-sets/paros-tides-hand-duo-MUK200052910.html?dwvar_MUK200052910_size=UK200052910&pid=MUK200052910&quantity=1,https://www.spacenk.com/dw/image/v2/ABCE_PRD/on/demandware.static/-/Sites-spacenkmastercatalog/default/dw3be91a9e/products/NK/UK200052910_NK.jpg?sw=582&sh=582,"Hand wash- aqua (water), polysorbate 20, lauryl glucoside, acrylates copolymer, hydrated silica, sodium cocoamphoacetate, cocamidopropyl betaine, olea europaea (olive) seed, parfum (fragrance), phenoxyethanol, sodium chloride, propanediol, sodium hydroxide, ethylhexylglycerin, glycerin, maris sal (sea salt), squalane, o-cymen-5-ol, butyrospermum parkii nut shell powder, disodium edta, lactobacillus/punica granatum fruit ferment extract, citric acid, ocimum sanctum leaf extract. allergens: geraniol. limonene. linalool. alpha-isomethyl ionone. tetramethyl acetyloctahydronaphthalenes. linalyl acetate. pinene. hand lotion-aqua (water), glycerin, vitis vinifera (grape) seed oil, caprylic/capric triglyceride, cetearyl alcohol, butyrospermum parkii (shea) butter, arachidyl alcohol, cetyl alcohol, parfum (fragrance), phenoxyethanol, behenyl alcohol, arachidyl glucoside, carbomer, maris sal (sea salt), xanthan gum, squalane, simmondsia chinensis (jojoba) seed oil, ethylhexylglycerin, lactobacillus/punica granatum fruit ferment extract, sodium hydroxide, ocimum sanctum leaf extract. allergens: citral. coumarin. geraniol. hydroxycitronellal. limonene. linalool. alpha-isomethyl ionone. tetramethyl acetyloctahydronaphthalenes. linalyl acetate. rose ketones. pinene.",'4.6,'5
Bath & Body,Hand & Feet,'MUK200014956,'UK200014956,Margaret dabbs london,Intensive Hydrating Hand Lotion 200 ML,https://www.spacenk.com/uk/bath-body/body-moisturiser-oils/hand-feet/intensive-hydrating-hand-lotion-MUK200014956.html?dwvar_MUK200014956_size=UK200014956&pid=MUK200014956&quantity=1,https://www.spacenk.com/dw/image/v2/ABCE_PRD/on/demandware.static/-/Sites-spacenkmastercatalog/default/dwf85e8ab1/products/MARGARET_D/UK200014956_MARGARET_D.jpg?sw=582&sh=582,Aqua (water) caprylic/capric triglyceride cetearyl alcohol dromiceius (emu) oil glyceryl stearate steareth-21 phenoxyethanol parfum (fragrance) prunus amygdalus dulcis (sweet almond) oil steareth-2 carbomer disodium edta ethylhexylglycerin glycerin laminaria ochroleuca extract sodium hydroxide alaria esculenta extract cannabis sativa seed extract nymphaea alba root extract rosa spinosissima fruit extract symphytum officinale root extract citric acid sodium benzoate potassium sorbate limonene geraniol citronellol linalool citral,'4.4,'49
Bath & Body,Hand & Feet,'MUS300026153,'US300026153,Byredo,Mojave Ghost Hand Cream Travel Size 30 ML,https://www.spacenk.com/uk/bath-body/body-moisturiser-oils/hand-feet/mojave-ghost-hand-cream-travel-size-MUS300026153.html?dwvar_MUS300026153_size=US300026153&pid=MUS300026153&quantity=1,https://www.spacenk.com/dw/image/v2/ABCE_PRD/on/demandware.static/-/Sites-spacenkmastercatalog/default/dw5f0df9e8/products/BYREDO/US300026153_BYREDO.jpg?sw=582&sh=582,"Aqua (water), butyrospermum parkii (shea) butter, parfum (fragrance), glyceryl stearate, peg-100 stearate, alcohol, butylene glycol, glycerin, cetearyl alcohol, polyacrylamide, ceteareth-22, c13-14 isoparaffin, dimethicone, phenoxyethanol, caprylyl glycol, xanthan gum, laureth-7, disodium edta, alpha-isomethyl ionone, bht, sodium hydroxide.",'4.3,'33
Bath & Body,Hand & Feet,'MUK200034212,'UK200034212,Byredo,Bal D' Afrique Hand Cream Travel Size 30 ML,https://www.spacenk.com/uk/bath-body/body-moisturiser-oils/hand-feet/bal-d-afrique-hand-cream-travel-size-MUK200034212.html?dwvar_MUK200034212_size=UK200034212&pid=MUK200034212&quantity=1,https://www.spacenk.com/dw/image/v2/ABCE_PRD/on/demandware.static/-/Sites-spacenkmastercatalog/default/dw9b449536/products/BYREDO/UK200034212_BYREDO.jpg?sw=582&sh=582,"Aqua (water), butyrospermum parkii (shea) butter, parfum (fragrance), glyceryl stearate, peg-100 stearate, alcohol, butylene glycol, glycerin, cetearyl alcohol, polyacrylamide, ceteareth-20, c13-14 isoparaffin, dimethicone, phenoxyethanol, caprylyl glycol, xanthan gum, limonene, laureth-7, disodium edta, alpha-isomethyl ionone, hydroxycitronellal, bht, linalool, coumarin, sodium hydroxide, citral.",'4.9,'16
Bath & Body,Hand & Feet,'MUK200019388,'UK200019388,Diptyque,Hand Cream Eau Rose 45 ML,https://www.spacenk.com/uk/bath-body/body-moisturiser-oils/hand-feet/hand-cream-eau-rose-MUK200019388.html?dwvar_MUK200019388_size=UK200019388&pid=MUK200019388&quantity=1,https://www.spacenk.com/dw/image/v2/ABCE_PRD/on/demandware.static/-/Sites-spacenkmastercatalog/default/dw159242ef/products/DIPTYQUE/UK200019388_DIPTYQUE.jpg?sw=582&sh=582,Aqua (water) – glycerin - coco-caprylate/caprate - macadamia integrifolia seed oil – silica - parfum (fragrance) - cetyl alcohol - pentylene glycol - glyceryl stearate - peg-100 stearate – carbomer - stearic acid - palmitic acid – chlorphenesin - sodium benzoate - sodium hydroxide - sodium hyaluronate - aloe barbadensis leaf juice powder – tocopherol – geraniol - hexyl cinnamal – hydroxycitronellal - alpha-isomethyl ionone – citronellol – limonene - linalool,'4.2,'24
Bath & Body,Hand & Feet,'MUK200034445,'UK200034445,Fresh,Milk Hand Cream 5,https://www.spacenk.com/uk/bath-body/body-moisturiser-oils/hand-feet/milk-hand-cream-MUK200034445.html?dwvar_MUK200034445_size=UK200034445&pid=MUK200034445&quantity=1,https://www.spacenk.com/dw/image/v2/ABCE_PRD/on/demandware.static/-/Sites-spacenkmastercatalog/default/dweb8f4df5/products/FRESH/UK200034445_FRESH.jpg?sw=582&sh=582,"Aqua (water), glycerin, squalane, butylene glycol, pentylene glycol, jojoba esters, cetearyl alcohol, hydrogenated coco-glycerides, octyldodecanol, olus oil (vegetable oil), hydroxyethyl acrylate/sodium acryloyldimethyl taurate copolymer, irvingia gabonensis kernel butter, candelilla cera (euphorbia cerifera (candelilla) wax), olea europaea (olive) fruit oil, centella asiatica extract, linum usitatissimum (linseed) seed extract, hydrolyzed rice bran protein, linum usitatissimum (linseed) seed oil, cetearyl glucoside, behenyl alcohol, sodium stearoyl glutamate, caprylyl glycol, hydrogenated vegetable oil , niacinamide, sodium hyaluronate, polysorbate 60, sorbitan isostearate, citric acid, sodium citrate, parfum (fragrance), xanthan gum, tocopherol, sodium hydroxide, biotin, glucose, pentaerythrityl tetra-di-t-butyl hydroxyhydrocinnamate, chlorphenesin, sodium benzoate, sorbic acid <16352>",'4.8,'532
Bath & Body,Handwash,'MUK200054846,'UK200054846,Neom,Hand Wash Great Day 300 ML,https://www.spacenk.com/uk/bath-body/body-cleanser/handwash/hand-wash-great-day-MUK200054846.html?dwvar_MUK200054846_size=UK200054846&pid=MUK200054846&quantity=1,https://www.spacenk.com/dw/image/v2/ABCE_PRD/on/demandware.static/-/Sites-spacenkmastercatalog/default/dwed75c529/products/NEOM/UK200054846_NEOM.jpg?sw=582&sh=582,"Aqua (water/eau), sodium coco-sulfate, caprylyl/capryl glucoside, cocamidopropyl betaine, sodium chloride, olea europaea (olive) seed powder, parfum (fragrance)*, limonene, glycerin, sodium benzoate, aloe barbadensis leaf juice powder, citric acid, sodium gluconate, citrus aurantium dulcis (orange) peel powder, perlite, cellulose, cellulose gum, citral, citronellol, polyglyceryl-3 cocoate, polyglyceryl-4 caprate, polyglyceryl-6 caprylate, polyglyceryl-6 ricinoleate, geraniol, benzoic acid, linalool, citrus nobilis (mandarin orange) fruit extract, phyllanthus emblica extract, sodium hydroxide, leuconostoc/radish root ferment filtrate, potassium sorbate. *made with 100% natural essential oils. 96% naturally derived ingredients. natural colour",'5.0,'1
Bath & Body,Body Wash,'MUK200012852,'UK200012852,Malin + goetz,Cannabis Hand + Body Wash 250 ML,https://www.spacenk.com/uk/bath-body/body-cleanser/body-wash/cannabis-hand-body-wash-MUK200012852.html?dwvar_MUK200012852_size=UK200012852&pid=MUK200012852&quantity=1,https://www.spacenk.com/dw/image/v2/ABCE_PRD/on/demandware.static/-/Sites-spacenkmastercatalog/default/dw0b377233/products/MALIN_GO/UK200012852_MALIN_GO.jpg?sw=582&sh=582,,'4.7,'15
Bath & Body,Hand & Feet,'MUK200008253,'UK200008253,This works,Perfect Hands Intense Moisture 75ml 75 ML,https://www.spacenk.com/uk/bath-body/body-moisturiser-oils/hand-feet/perfect-hands-intense-moisture-MUK200008253.html?dwvar_MUK200008253_size=UK200008253&pid=MUK200008253&quantity=1,https://www.spacenk.com/dw/image/v2/ABCE_PRD/on/demandware.static/-/Sites-spacenkmastercatalog/default/dw7aa629cb/products/THIS_WORKS/UK200008253_THIS_WORKS.jpg?sw=582&sh=582,"Aqua (water), glyceryl stearate se, glycerin, cetearyl alcohol, candelilla/jojoba/rice bran polyglyceryl-3 esters, caprylic/capric triglycerides, glyceryl stearate, citrus aurantifolia (lime) peel oil, citrus medica limonum (lemon) peel oil, eucalyptus globulus (eucalyptus) oil, rosmarinus officianlis (rosemary) leaf oil, ocimum basilicum (basil) oil, mentha arvensis (peppermint) oil, mentha spicata (spearmint) oil, rosmarinus officianlis (rosemary) absolute, thymus vulgaris (thyme) absolute, citrus aurantium bergamia (bergamot) fruit oil, sodium stearoyl lactylate, galactoarabinan, phenethyl alcohol, ppg-2 methyl ether, brassica napus (rapeseed) extract, citronellol*, linalool*, galactaric acid, geraniol*, methylisothiazolinone, parfum (pure essential oils), limonene*, benzyl benzoate*, benzyl salicylate*, farnesol*, sodium hyaluronate, sodium hydroxide, citral*, benzyl alcohol, eugenol*, isoeugenol*. *natural essential oil contents",'4.0,'24
Bath & Body,Hand & Feet,'MUK300050719,'UK300050719,Diptyque,Luxurious Hand Balm 45 ML,https://www.spacenk.com/uk/bath-body/body-moisturiser-oils/hand-feet/luxurious-hand-balm-MUK300050719.html?dwvar_MUK300050719_size=UK300050719&pid=MUK300050719&quantity=1,https://www.spacenk.com/dw/image/v2/ABCE_PRD/on/demandware.static/-/Sites-spacenkmastercatalog/default/dw1a82009d/products/DIPTYQUE/UK300050719_DIPTYQUE.jpg?sw=582&sh=582,Aqua (water) - ethylhexyl palmitate - olus oil (vegetable oil1) - caprylic/ capric triglyceride - isononyl isononanoate - glycerin - macadamia integrifolia seed oil - glyceryl stearate - butyrospermum parkii (shea butter) extract - cetyl alcohol - ceteareth-20 - benzyl alcohol - prunus armeniaca (apricot) kernel oil - hydroxyethyl acrylate/ sodium acryloyldimethyl taurate copolymer - ceteareth-12 - cetearyl alcohol - hydrogenated vegetable oil1 - argania spinosa kernel oil - candelilla cera (euphorbia cerifera (candelilla) wax) - polysorbate 60 - sorbitan isostearate - tetrasodium glutamate diacetate - parfum (fragrance) - coumarin - linalool - benzyl salicylate - alpha-isomethyl ionone - limonene - cinnamal - sodium hydroxide - dehydroacetic acid. 1 rape seed oil & soybean oil & palm oil,'4.6,'28
Bath & Body,Body Lotion,'MUK200019386,'UK200019386,Diptyque,Eau Rose Hand & Body Lotion 200 ML,https://www.spacenk.com/uk/bath-body/body-moisturiser-oils/body-lotion/eau-rose-hand-body-lotion-MUK200019386.html?dwvar_MUK200019386_size=UK200019386&pid=MUK200019386&quantity=1,https://www.spacenk.com/dw/image/v2/ABCE_PRD/on/demandware.static/-/Sites-spacenkmastercatalog/default/dw08b13e09/products/DIPTYQUE/UK200019386_DIPTYQUE.jpg?sw=582&sh=582,Aqua (water) - caprylic/capric triglyceride - squalane - coco-caprylate/caprate - parfum (fragrance) - diglycerin - oleic/linoleic/linolenic polyglycerides - pentylene glycol - c14-22 alcohols - ppg-26-buteth-26 - peg-40 hydrogenated castor oil - hydroxyethyl acrylate/sodium acryloyldimethyl taurate copolymer - c12-20 alkyl glucoside - polysorbate 60 - sodium hyaluronate - xanthan gum - sorbitan isostearate - rosa canina flower extract - helianthus annuus (sunflower) seed oil - geraniol - hexyl cinnamal - hydroxycitronellal - alpha-isomethyl ionone - citronellol - limonene - linalool - disodium edta - citric acid - sodium hydroxide - triethanolamine - chlorphenesin - sodium benzoate - bht - tocophero,'4.7,'28
Bath & Body,Hand & Feet,'MUK200014910,'UK200014910,Margaret dabbs london,Intensive Anti-Age Hand Serum 30 ML,https://www.spacenk.com/uk/bath-body/body-moisturiser-oils/hand-feet/intensive-anti-age-hand-serum-MUK200014910.html?dwvar_MUK200014910_size=UK200014910&pid=MUK200014910&quantity=1,https://www.spacenk.com/dw/image/v2/ABCE_PRD/on/demandware.static/-/Sites-spacenkmastercatalog/default/dw7642c879/products/MARGARET_D/UK200014910_MARGARET_D.jpg?sw=582&sh=582,,'4.4,'56
Bath & Body,Hand & Feet,'MUK200034213,'UK200034213,Byredo,Blanche Hand Cream Travel Size 30 ML,https://www.spacenk.com/uk/bath-body/body-moisturiser-oils/hand-feet/blanche-hand-cream-travel-size-MUK200034213.html?dwvar_MUK200034213_size=UK200034213&pid=MUK200034213&quantity=1,https://www.spacenk.com/dw/image/v2/ABCE_PRD/on/demandware.static/-/Sites-spacenkmastercatalog/default/dwd53ecf59/products/BYREDO/UK200034213_BYREDO.jpg?sw=582&sh=582,"Aqua (water), butyrospermum parkii (shea) butter, parfum (fragrance), glyceryl stearate, peg-100 stearate, alcohol, butylene glycol, glycerin, cetearyl alcohol, polyacrylamide, ceteareth-20, c13-14 isoparaffin, dimethicone, phenoxyethanol, caprylyl glycol, xanthan gum, laureth-7, disodium edta, hydroxycitronellal, alpha-isomethyl ionone, limonene, bht, sodium hydroxide, citral.",'4.0,'5
Bath & Body,Handwash,'MUK200055970,'UK200055970,Uni,Mr Chow Hand Wash 375 ML,https://www.spacenk.com/uk/bath-body/body-cleanser/handwash/mr-chow-hand-wash-MUK200055970.html?dwvar_MUK200055970_size=UK200055970&pid=MUK200055970&quantity=1,https://www.spacenk.com/dw/image/v2/ABCE_PRD/on/demandware.static/-/Sites-spacenkmastercatalog/default/dw54fe1774/products/UNI/UK200055970_UNI.jpg?sw=582&sh=582,"Water, sodium c14-16 olefin sulfonate, cocamidopropyl hydroxysultaine, cocamide mipa, hydroxypropyl bis-hydroxyethyldimonium chloride, kapphaphycus alvarezii extract, sea water, fucus vesiculosus extract, durvillaea potatorum extract, terminalia ferdinandiana fruit extract, olea europaea (olive) fruit oil, aloe barbadensis leaf juice, glycerin, cocamidopropyl pg-dimonium chloride phosphate, polyquaternium-7, phenethyl alcohol, sodium chloride, citric acid, trisodium ethylenediamine disuccinate, caprylhydroxamic acid, fragrance, linalyl acetate, linalool, limonene, citrus limon (lemon) peel oil, beta-caryophyllene",'5.0,'4
Bath & Body,Hand & Feet,'MUK200034229,'UK200034229,Byredo,La Tulipe Hand Cream Travel Size 30 ML,https://www.spacenk.com/uk/bath-body/body-moisturiser-oils/hand-feet/la-tulipe-hand-cream-travel-size-MUK200034229.html?dwvar_MUK200034229_size=UK200034229&pid=MUK200034229&quantity=1,https://www.spacenk.com/dw/image/v2/ABCE_PRD/on/demandware.static/-/Sites-spacenkmastercatalog/default/dw1d6caed3/products/BYREDO/UK200034229_BYREDO.jpg?sw=582&sh=582,"Aqua (water), caprylic/capric triglyceride, butylene glycol, parfum (fragrance), steareth-2, butyrospermum parkii (shea) butter, dimethicone, glycerin, steareth-21, polymethyl methacrylate, cetyl alcohol, phenoxyethanol, xanthan gum, ethylhexyl methoxycinnamate, butyl methoxydibenzoylmethane, caprylyl glycol, tocopheryl acetate, acrylates/c10-30 alkyl acrylate crosspolymer, disodium edta, limonene, potassium hydroxide, hydroxycitronellal, geraniol, linalool, citronellol, citral, isoeugenol, bht.",'5.0,'4
Bath & Body,Hand & Feet,'MUK144960009,'UK144960009,Chantecaille,Retinol Hand Cream 75 ML,https://www.spacenk.com/uk/bath-body/body-moisturiser-oils/hand-feet/retinol-hand-cream-MUK144960009.html?dwvar_MUK144960009_size=UK144960009&pid=MUK144960009&quantity=1,https://www.spacenk.com/dw/image/v2/ABCE_PRD/on/demandware.static/-/Sites-spacenkmastercatalog/default/dw8bed65df/products/CHANTECAIL/UK144960009_CHANTECAIL.jpg?sw=582&sh=582,"Rosa damascena flower water, aqua/water/eau, glycerin, coco-caprylate/caprate, glyceryl stearate, peg-100 stearate, dicaprylyl carbonate, cetyl alcohol, caprylic/capric triglyceride, 1,2-hexanediol, cellulose, butyrospermum parkii (shea) butter, citrus aurantium dulcis (orange) fruit extract, ethylhexylglycerin, vitis vinifera (grape) seed oil, saccharide isomerate, carbomer, ci 77891 (titanium dioxide), polysorbate 20, tocopheryl acetate, caprylyl glycol, sorbitan caprylate, sodium hydroxide, brassica campestris (rapeseed) seed oil, hydroxypropyl cyclodextrin, phytic acid, chondrus crispus extract, retinol, acacia dealbata flower wax, citrus aurantium amara (bitter orange) flower wax, jasminum grandiflorum (jasmine) flower wax, rosa damascena flower oil, rosmarinus officinalis (rosemary) leaf extract, pelargonium graveolens oil, lithothamnion calcareum extract, leontopodium alpinum extract, alcohol, citric acid, sodium citrate, citrus limon (lemon) fruit extract, tocopherol, lilium candidum bulb extract, phenoxyethanol, diacetyl boldine [citronellol, geraniol, linalool, limonene]",'3.4,'15
Bath & Body,Hand & Feet,'MUK200019879,'UK200019879,Byredo,Rose Hand Cream 100 ML,https://www.spacenk.com/uk/bath-body/body-moisturiser-oils/hand-feet/rose-hand-cream-MUK200019879.html?dwvar_MUK200019879_size=UK200019879&pid=MUK200019879&quantity=1,https://www.spacenk.com/dw/image/v2/ABCE_PRD/on/demandware.static/-/Sites-spacenkmastercatalog/default/dw7bab087e/products/BYREDO/UK200019879_BYREDO.jpg?sw=582&sh=582,"Aqua (water), butyrospermum parkii (shea) butter, parfum (fragrance), glyceryl stearate, peg-100 stearate, alcohol, butylene glycol, glycerin, cetearyl alcohol, polyacrylamide, ceteareth-22, c13-14 isoparaffin, dimethicone, phenoxyethanol, caprylyl glycol, xanthan gum, laureth-7, disodium edta, bht, sodium hydroxide, citronellol, geraniol, limonene",'4.8,'34
Bath & Body,Hand & Feet,'MUK200034230,'UK200034230,Byredo,Suede Hand Cream 100 ML,https://www.spacenk.com/uk/bath-body/body-moisturiser-oils/hand-feet/suede-hand-cream-MUK200034230.html?dwvar_MUK200034230_size=UK200034230&pid=MUK200034230&quantity=1,https://www.spacenk.com/dw/image/v2/ABCE_PRD/on/demandware.static/-/Sites-spacenkmastercatalog/default/dw981ef7ea/products/BYREDO/UK200034230_BYREDO.jpg?sw=582&sh=582,"Aqua (water), butyrospermum parkii (shea) butter, parfum (fragrance), glyceryl stearate, peg-100 stearate, alcohol, butylene glycol, glycerin, cetearyl alcohol, polyacrylamide, ceteareth-20, c13-14 isoparaffin, dimethicone, phenoxyethanol, benzyl salicylate, caprylyl glycol, xanthan gum, laureth-7, hexyl cinnamal, hydroxycitronellal, disodium edta, bht, limonene, alpha-isomethyl ionone, linalool, sodium hydroxide.",'4.4,'9
Bath & Body,Hand & Feet,'MUK200014957,'UK200014957,Margaret dabbs london,Nourishing Hand Wash 200 ML,https://www.spacenk.com/uk/bath-body/body-moisturiser-oils/hand-feet/nourishing-hand-wash-MUK200014957.html?dwvar_MUK200014957_size=UK200014957&pid=MUK200014957&quantity=1,https://www.spacenk.com/dw/image/v2/ABCE_PRD/on/demandware.static/-/Sites-spacenkmastercatalog/default/dw945eaf3f/products/MARGARET_D/UK200014957_MARGARET_D.jpg?sw=582&sh=582,,'3.9,'7
Bath & Body,Fragrance,'MUK200039436,'UK200039436,Byredo,De Los Santos Hand Cream 30 ML,https://www.spacenk.com/uk/fragrance/personal-fragrance/fragrance/de-los-santos-hand-cream-MUK200039436.html?dwvar_MUK200039436_size=UK200039436&pid=MUK200039436&quantity=1,https://www.spacenk.com/dw/image/v2/ABCE_PRD/on/demandware.static/-/Sites-spacenkmastercatalog/default/dw1bb558e7/products/BYREDO/UK200039436_BYREDO.jpg?sw=582&sh=582,"Aqua (water), butyrospermum parkii (shea) butter, parfum (fragrance), glyceryl stearate, peg-100 stearate, alcohol, butylene glycol, glycerin, cetearyl alcohol, polyacrylamide, ceteareth-20, c13-14 isoalkane, dimethicone, phenoxyethanol, caprylyl glycol, tocopheryl acetate, xanthan gum, laureth-7, disodium edta, linalool, sodium hydroxide, limonene, geraniol",'3.3,'3
Bath & Body,Bath & Body Sets,'MUK200033197,'UK200033197,Nursem,Hand Duo ,https://www.spacenk.com/uk/bath-body/bath-body-sets/bath-body-sets/hand-duo-MUK200033197.html?dwvar_MUK200033197_size=UK200033197&pid=MUK200033197&quantity=1,https://www.spacenk.com/dw/image/v2/ABCE_PRD/on/demandware.static/-/Sites-spacenkmastercatalog/default/dwb6130d96/products/NURSEM/UK200033197_NURSEM.jpg?sw=582&sh=582,"Caring hand cream aqua (water), glycerin, glyceryl stearate citrate, cetearyl alcohol, panthenol, allantoin, glyceryl stearate, sucrose stearate, ethylhexyl palmitate, glycine soja (soybean) oil, mel (honey), vitis vinifera (grape) seed oil, benzyl alcohol, limonene, caprylic / capric triglyceride, passiflora edulis (passion flower) seed oil, punica granatum (pomegranate) seed oil, citrus paradisi (grapefruit) peel oil, citrus aurantium bergamia (bergamot) fruit oil, sodium hydroxide, xanthan gum, salix alba (willow) bark extract, salicylic acid, citrus aurantium amara (bitter orange) leaf/twig oil, linalool, tocopheryl acetate, sorbic acid, geraniol, citral caring hand wash aqua (water), lauryl glucoside, cocamidopropyl betaine, coco-glucoside, betaine, glycerin, sodium chloride, acrylates/c10-30 alkyl acrylate crosspolymer, polyglyceryl-4 caprate, polyglyceryl-6 caprylate, panthenol, sodium benzoate, limonene, xylitylglucoside, citrus paradisi (grapefruit) peel oil, potassium sorbate, anhydroxylitol, citrus aurantium bergamia (bergamot) peel oil, aloe barbadensis leaf juice, caramel, citrus aurantium amara (bitter orange) leaf/twig oil, persea gratissima (avocado) oil, xylitol, linalool, sodium hydroxide, triticum vulgare (wheat) germ oil, tocopheryl acetate",'4.9,'14
Bath & Body,Nursem,'MUK200033198,'UK200033198,Nursem,Hand Cream Home and Away ,https://www.spacenk.com/uk/brands/n/nursem/hand-cream-home-and-away-MUK200033198.html?dwvar_MUK200033198_size=UK200033198&pid=MUK200033198&quantity=1,https://www.spacenk.com/dw/image/v2/ABCE_PRD/on/demandware.static/-/Sites-spacenkmastercatalog/default/dw1ef2918e/products/NURSEM/UK200033198_NURSEM.jpg?sw=582&sh=582,"Caring hand cream aqua (water), glycerin, glyceryl stearate citrate, cetearyl alcohol, panthenol, allantoin, glyceryl stearate, sucrose stearate, ethylhexyl palmitate, glycine soja (soybean) oil, mel (honey), vitis vinifera (grape) seed oil, benzyl alcohol, limonene, caprylic / capric triglyceride, passiflora edulis (passion flower) seed oil, punica granatum (pomegranate) seed oil, citrus paradisi (grapefruit) peel oil, citrus aurantium bergamia (bergamot) fruit oil, sodium hydroxide, xanthan gum, salix alba (willow) bark extract, salicylic acid, citrus aurantium amara (bitter orange) leaf/twig oil, linalool, tocopheryl acetate, sorbic",'4.9,'15
Bath & Body,Hand & Feet,'MUS300026154,'US300026154,Byredo,Gypsy Water Hand Cream Travel Size 30 ML,https://www.spacenk.com/uk/bath-body/body-moisturiser-oils/hand-feet/gypsy-water-hand-cream-travel-size-MUS300026154.html?dwvar_MUS300026154_size=US300026154&pid=MUS300026154&quantity=1,https://www.spacenk.com/dw/image/v2/ABCE_PRD/on/demandware.static/-/Sites-spacenkmastercatalog/default/dwf77b4d2d/products/BYREDO/US300026154_BYREDO.jpg?sw=582&sh=582,"Alcohol, parfum (fragrance), aqua (water), limonene, linalool, butyl methoxydibenzoylmethane, ethylhexyl methoxycinnamate, citral, bht, geraniol.",'4.5,'48
Bath & Body,Handwash,'MUK200028563,'UK200028563,Aesop,Geranium Leaf Rinse-Free Hand Wash 50 ML,https://www.spacenk.com/uk/bath-body/body-cleanser/handwash/geranium-leaf-rinse-free-hand-wash-MUK200028563.html?dwvar_MUK200028563_size=UK200028563&pid=MUK200028563&quantity=1,https://www.spacenk.com/dw/image/v2/ABCE_PRD/on/demandware.static/-/Sites-spacenkmastercatalog/default/dwf2a16817/products/AESOP/UK200028563_AESOP.jpg?sw=582&sh=582,"Alcohol denat., water (aqua), acrylates/c10-30 alkyl acrylate crosspolymer, peg-40 hydrogenated castor oil, saccharide isomerate, citrus aurantium bergamia (bergamot) fruit oil, citrus nobilis (mandarin orange) peel oil, pelargonium graveleons extract, aminomethyl propanol, tocopherol, glycine soja (soybean) oil, citric acid, sodium citrate, limonene, linalool, citronellol, geraniol.",'4.6,'80
Bath & Body,Nail Tools,'MUK200010864,'UK200010864,Margaret dabbs london,Professional Foot File ,https://www.spacenk.com/uk/accessories/tools/nail-tools/professional-foot-file-MUK200010864.html?dwvar_MUK200010864_size=UK200010864&pid=MUK200010864&quantity=1,https://www.spacenk.com/dw/image/v2/ABCE_PRD/on/demandware.static/-/Sites-spacenkmastercatalog/default/dwa89b82ad/products/MARGARET_D/UK200010864_MARGARET_D.jpg?sw=582&sh=582,Stainless steel,'4.9,'150
Bath & Body,Bath & Body Sets,'MUK200055981,'UK200055981,Aromatherapy associates,Heritage Collection ,https://www.spacenk.com/uk/bath-body/bath-body-sets/bath-body-sets/heritage-collection-MUK200055981.html?dwvar_MUK200055981_size=UK200055981&pid=MUK200055981&quantity=1,https://www.spacenk.com/dw/image/v2/ABCE_PRD/on/demandware.static/-/Sites-spacenkmastercatalog/default/dw9d4f9ae7/products/AROMASSOC/UK200055981_AROMASSOC.jpg?sw=582&sh=582,"Relax sleep mist 50ml e 1.69 fl. oz. ingredients: aqua (water), glycerin, peg-40 hydrogenated castor oil, trideceth-9, parfum (fragrance)**, pogostemon cablin oil*, linalool*, propylene glycol, linalyl acetate*, sodium benzoate, citric acid, potassium sorbate, santalol*, cananaga odorata oil/extract*, beta-caryophyllene*, farnesol*, pinene*, geranyl acetate*, limonene*, geraniol*, benzyl benzoate*, myrixylon pereirae oil/extract*, benzyl salicylate*, jasmine oil/extract*, isoeugenol*, eugenol*, benzyl cinnamate*. de-stress mind bath & shower oil 55ml e 1.85 fl. oz. ingredients: caprylic/capric triglyceride, linalool*, parfum (fragrance)**, limonene*, geraniol*, citral*, benzyl salicylate*. revive body oil 100ml e 3.38 fl. oz. ingredients: caprylic/capric triglyceride, prunus persica (peach) kernel oil, simmondsia chinensis (jojoba) seed oil, linum usitatissimum (linseed) seed oil, limonene*, parfum (fragrance)**, tocopherol, linalool*, citronellol*, geraniol*, citral*. de-stress muscle gel 150ml e 5.1 fl. oz. ingredients: aqua (water), phenoxyethanol, carbomer, lavandula angustifolia (lavender) oil, rosmarinus officinalis (rosemary) leaf oil, linalool*, parfum (fragrance)**, ethylhexylglycerin, limonene*, sodium hydroxide, geraniol*, lavandula angustifolia (lavender) flower water, rosmarinus officinalis (rosemary) water. *natural essential oil contents **natural plant extracts",'5.0,'7
Bath & Body,Nail Tools,'MUK200011692,'UK200011692,Margaret dabbs london,Foot File Replacement Pads ,https://www.spacenk.com/uk/accessories/tools/nail-tools/foot-file-replacement-pads-MUK200011692.html?dwvar_MUK200011692_size=UK200011692&pid=MUK200011692&quantity=1,https://www.spacenk.com/dw/image/v2/ABCE_PRD/on/demandware.static/-/Sites-spacenkmastercatalog/default/dwc1c17228/products/MARGARET_D/UK200011692_MARGARET_D.jpg?sw=582&sh=582,,'4.9,'57
Bath & Body,Body Tools,'MUK300052246,'UK300052246,Aromatherapy associates,Polishing Body Brush ,https://www.spacenk.com/uk/accessories/tools/body-tools/polishing-body-brush-MUK300052246.html?dwvar_MUK300052246_size=UK300052246&pid=MUK300052246&quantity=1,https://www.spacenk.com/dw/image/v2/ABCE_PRD/on/demandware.static/-/Sites-spacenkmastercatalog/default/dw779987ed/products/AROMASSOC/UK300052246_AROMASSOC.jpg?sw=582&sh=582,Cactus sisal,'4.2,'50
Bath & Body,Body Tools,'MUK200030941,'UK200030941,Dr. dennis gross,Spectralite Bodyware Pro ,https://www.spacenk.com/uk/accessories/tools/body-tools/spectralite-bodyware-pro-MUK200030941.html?dwvar_MUK200030941_size=UK200030941&pid=MUK200030941&quantity=1,https://www.spacenk.com/dw/image/v2/ABCE_PRD/on/demandware.static/-/Sites-spacenkmastercatalog/default/dw687e9b7f/products/DR_GROSS/UK200030941_DR_GROSS.jpg?sw=582&sh=582,,'4.8,'6
Bath & Body,Body Devices,'MUK200041472,'UK200041472,Foreo,Peach 2 IPL Hair Removal Device ,https://www.spacenk.com/uk/accessories/electronic/body-devices/peach-2-ipl-hair-removal-device-MUK200041472.html?dwvar_MUK200041472_size=UK200041472&pid=MUK200041472&quantity=1,https://www.spacenk.com/dw/image/v2/ABCE_PRD/on/demandware.static/-/Sites-spacenkmastercatalog/default/dw97a3c8f0/products/FOREO/UK200041472_FOREO.jpg?sw=582&sh=582,,'3.9,'16
