Major Category,Specific Category,Product ID,SKU ID,Product Brand,Product Desc,Product URL,Product Image Link,Product Ingredients,Rating,User Reviews
Make Up,Lips,'7628062785708,'43794623266988,Violette FR,Bisou Balm Sheer Matte Lipstick,https://ohmycream.co.uk/collections/make-up-lips/products/violette-fr-bisou-tinted-balm?variant=43794623266988,https://cdn.shopify.com/s/files/1/0555/4071/1596/files/2024_09_Violette_FR_Bisou_Balm_Bonbon_Myrtille_Packshot.jpg?v=1746445221,"Complete list of ingredients

bêtise diméthicone, polyéthylène, polymère croisé de diméthicone, diphényl diméthicone, huile de graines de brassica campestris, phosphate dicalcique, extrait d'écorce de tabebuia impetiginosa, diisostéarate de polyglycéryle-3, vanilline éthylique, hectorite de disteardimonium, triméthylsiloxyphényl diméthicone, peut contenir : ci 15850, ci 77891, ci 19140, ci 77491, ci 45410, ci 77492, ci 77499, ci 42090.

sucette diméthicone, polyéthylène, polymère croisé de diméthicone, diphényl diméthicone, huile de graines de brassica campestris, phosphate dicalcique, extrait d'écorce de tabebuia impetiginosa, diisostéarate de polyglycéryle-3, vanilline éthylique, hectorite de disteardimonium, triméthylsiloxyphényl diméthicone, peut contenir : ci 15850, ci 77891, ci 19140, ci 77491, ci 45410, ci 77492, ci 45410, ci77491, ci 77499, ci 42090

calisson dimethicone, polyethylene, dimethicone crosspolymer, diphenyl dimethicone, brassica campestris seed oil, dicalcium phosphate, tabebuia impetiginosa bark extract, polyglyceryl-3 diisostearate, ethyl vanillin, disteardimonium hectorite, trimethylsiloxyphenyl dimethicone, may contain: ci 15850, ci 77891, ci 19140, ci 77491, ci 45410, ci 77492, ci 77499, ci 42090

guimauve dimethicone, polyethylene, dimethicone crosspolymer, diphenyl dimethicone, brassica campestris seed oil, dicalcium phosphate, tabebuia impetiginosa bark extract, polyglyceryl-3 diisostearate, ethyl vanillin, disteardimonium hectorite, trimethylsiloxyphenyl dimethicone, may contain: ci 15850, ci 77891, ci 19140, ci 77491, ci 45410, ci 77492, ci 45410, ci77491, ci 77499, ci 42090

bonbon coquelicot dimethicone, synthetic wax, dimethicone crosspolymer, diphenyl dimethicone, brassica campestris seed oil / brassica campestris (rapeseed) seed oil, dicalcium phosphate, tabebuia impetiginosa bark extract, polyglyceryl-3 diisostearate, ethyl vanillin, disteardimonium hectorite, trimethylsiloxyphenyl dimethicone. may contain (+/-): ci 77891 / titanium dioxide, ci 77491/ci 77492/ci 77499 iron oxides, ci 15850 / red 6, ci 15850 / red 7, ci 15850 / red 7 lake, ci 45410 / red 28 lake, ci 19140 / yellow 5 lake, ci 42090 / blue 1 lake.

bonbon myrtille dimethicone, synthetic wax, dimethicone crosspolymer, diphenyl dimethicone, brassica campestris seed oil / brassica campestris (rapeseed) seed oil, dicalcium phosphate, tabebuia impetiginosa bark extract, polyglyceryl-3 diisostearate, ethyl vanillin, disteardimonium hectorite, trimethylsiloxyphenyl dimethicone. may contain (+/-): titanium dioxide (ci 77891), iron oxides (ci 77491, ci 77492, ci 77499), red 6 (ci 15850), red 7 (ci 15850), red 7 lake (ci 15850), red 28 lake (ci 45410), yellow 5 lake (ci 19140), blue 1 lake (ci 42090).

rose latte dimethicone, synthetic wax, dimethicone crosspolymer, diphenyl dimethicone, brassica campestris seed oil / brassica campestris (rapeseed) seed oil, dicalcium phosphate, tabebuia impetiginosa bark extract, polyglyceryl-3 diisostearate, ethyl vanillin, disteardimonium hectorite, trimethylsiloxyphenyl dimethicone. may contain (+/-): titanium dioxide (ci 77891), iron oxides (ci 77491, ci 77492, ci 77499), red 6 (ci 15850), red 7 (ci 15850), red 7 lake (ci 15850), red 28 lake (ci 45410), yellow 5 lake (ci 19140), blue 1 lake (ci 42090).

amour fou dimethicone, synthetic wax, dimethicone crosspolymer, diphenyl dimethicone, brassica campestris seed oil / brassica campestris (rapeseed) seed oil, dicalcium phosphate, tabebuia impetiginosa bark extract, polyglyceryl-3 diisostearate, ethyl vanillin, disteardimonium hectorite, trimethylsiloxyphenyl dimethicone. may contain (+/-): titanium dioxide (ci 77891), iron oxides (ci 77491, ci 77492, ci 77499), red 6 (ci 15850), red 7 (ci 15850), red 7 lake (ci 15850), red 28 lake (ci 45410), yellow 5 lake (ci 19140), blue 1 lake (ci 42090).

mon chéri dimethicone, synthetic wax, dimethicone crosspolymer, diphenyl dimethicone, brassica campestris seed oil / brassica campestris (rapeseed) seed oil, dicalcium phosphate, tabebuia impetiginosa bark extract, polyglyceryl-3 diisostearate, ethyl vanillin, disteardimonium hectorite, trimethylsiloxyphenyl dimethicone. may contain (+/-): titanium dioxide (ci 77891), iron oxides (ci 77491, ci 77492, ci 77499), red 6 (ci 15850), red 7 (ci 15850), red 7 lake (ci 15850), red 28 lake (ci 45410), yellow 5 lake (ci 19140), blue 1 lake (ci 42090).

this list of ingredients is subject to change; please refer to the packaging of the purchased product.",'4.6,116
Make Up,Lips,'7628062785708,'42571104026796,Violette FR,Bisou Balm Sheer Matte Lipstick,https://ohmycream.co.uk/collections/make-up-lips/products/violette-fr-bisou-tinted-balm?variant=42571104026796,https://cdn.shopify.com/s/files/1/0555/4071/1596/files/BisouBalm_Betise_Violette.jpg?v=1746445221,"Complete list of ingredients

bêtise diméthicone, polyéthylène, polymère croisé de diméthicone, diphényl diméthicone, huile de graines de brassica campestris, phosphate dicalcique, extrait d'écorce de tabebuia impetiginosa, diisostéarate de polyglycéryle-3, vanilline éthylique, hectorite de disteardimonium, triméthylsiloxyphényl diméthicone, peut contenir : ci 15850, ci 77891, ci 19140, ci 77491, ci 45410, ci 77492, ci 77499, ci 42090.

sucette diméthicone, polyéthylène, polymère croisé de diméthicone, diphényl diméthicone, huile de graines de brassica campestris, phosphate dicalcique, extrait d'écorce de tabebuia impetiginosa, diisostéarate de polyglycéryle-3, vanilline éthylique, hectorite de disteardimonium, triméthylsiloxyphényl diméthicone, peut contenir : ci 15850, ci 77891, ci 19140, ci 77491, ci 45410, ci 77492, ci 45410, ci77491, ci 77499, ci 42090

calisson dimethicone, polyethylene, dimethicone crosspolymer, diphenyl dimethicone, brassica campestris seed oil, dicalcium phosphate, tabebuia impetiginosa bark extract, polyglyceryl-3 diisostearate, ethyl vanillin, disteardimonium hectorite, trimethylsiloxyphenyl dimethicone, may contain: ci 15850, ci 77891, ci 19140, ci 77491, ci 45410, ci 77492, ci 77499, ci 42090

guimauve dimethicone, polyethylene, dimethicone crosspolymer, diphenyl dimethicone, brassica campestris seed oil, dicalcium phosphate, tabebuia impetiginosa bark extract, polyglyceryl-3 diisostearate, ethyl vanillin, disteardimonium hectorite, trimethylsiloxyphenyl dimethicone, may contain: ci 15850, ci 77891, ci 19140, ci 77491, ci 45410, ci 77492, ci 45410, ci77491, ci 77499, ci 42090

bonbon coquelicot dimethicone, synthetic wax, dimethicone crosspolymer, diphenyl dimethicone, brassica campestris seed oil / brassica campestris (rapeseed) seed oil, dicalcium phosphate, tabebuia impetiginosa bark extract, polyglyceryl-3 diisostearate, ethyl vanillin, disteardimonium hectorite, trimethylsiloxyphenyl dimethicone. may contain (+/-): ci 77891 / titanium dioxide, ci 77491/ci 77492/ci 77499 iron oxides, ci 15850 / red 6, ci 15850 / red 7, ci 15850 / red 7 lake, ci 45410 / red 28 lake, ci 19140 / yellow 5 lake, ci 42090 / blue 1 lake.

bonbon myrtille dimethicone, synthetic wax, dimethicone crosspolymer, diphenyl dimethicone, brassica campestris seed oil / brassica campestris (rapeseed) seed oil, dicalcium phosphate, tabebuia impetiginosa bark extract, polyglyceryl-3 diisostearate, ethyl vanillin, disteardimonium hectorite, trimethylsiloxyphenyl dimethicone. may contain (+/-): titanium dioxide (ci 77891), iron oxides (ci 77491, ci 77492, ci 77499), red 6 (ci 15850), red 7 (ci 15850), red 7 lake (ci 15850), red 28 lake (ci 45410), yellow 5 lake (ci 19140), blue 1 lake (ci 42090).

rose latte dimethicone, synthetic wax, dimethicone crosspolymer, diphenyl dimethicone, brassica campestris seed oil / brassica campestris (rapeseed) seed oil, dicalcium phosphate, tabebuia impetiginosa bark extract, polyglyceryl-3 diisostearate, ethyl vanillin, disteardimonium hectorite, trimethylsiloxyphenyl dimethicone. may contain (+/-): titanium dioxide (ci 77891), iron oxides (ci 77491, ci 77492, ci 77499), red 6 (ci 15850), red 7 (ci 15850), red 7 lake (ci 15850), red 28 lake (ci 45410), yellow 5 lake (ci 19140), blue 1 lake (ci 42090).

amour fou dimethicone, synthetic wax, dimethicone crosspolymer, diphenyl dimethicone, brassica campestris seed oil / brassica campestris (rapeseed) seed oil, dicalcium phosphate, tabebuia impetiginosa bark extract, polyglyceryl-3 diisostearate, ethyl vanillin, disteardimonium hectorite, trimethylsiloxyphenyl dimethicone. may contain (+/-): titanium dioxide (ci 77891), iron oxides (ci 77491, ci 77492, ci 77499), red 6 (ci 15850), red 7 (ci 15850), red 7 lake (ci 15850), red 28 lake (ci 45410), yellow 5 lake (ci 19140), blue 1 lake (ci 42090).

mon chéri dimethicone, synthetic wax, dimethicone crosspolymer, diphenyl dimethicone, brassica campestris seed oil / brassica campestris (rapeseed) seed oil, dicalcium phosphate, tabebuia impetiginosa bark extract, polyglyceryl-3 diisostearate, ethyl vanillin, disteardimonium hectorite, trimethylsiloxyphenyl dimethicone. may contain (+/-): titanium dioxide (ci 77891), iron oxides (ci 77491, ci 77492, ci 77499), red 6 (ci 15850), red 7 (ci 15850), red 7 lake (ci 15850), red 28 lake (ci 45410), yellow 5 lake (ci 19140), blue 1 lake (ci 42090).

this list of ingredients is subject to change; please refer to the packaging of the purchased product.",'4.6,116
Make Up,Lips,'7628062785708,'42571103994028,Violette FR,Bisou Balm Sheer Matte Lipstick,https://ohmycream.co.uk/collections/make-up-lips/products/violette-fr-bisou-tinted-balm?variant=42571103994028,https://cdn.shopify.com/s/files/1/0555/4071/1596/files/BisouBalm_Sucette_Violette.jpg?v=1746445221,"Complete list of ingredients

bêtise diméthicone, polyéthylène, polymère croisé de diméthicone, diphényl diméthicone, huile de graines de brassica campestris, phosphate dicalcique, extrait d'écorce de tabebuia impetiginosa, diisostéarate de polyglycéryle-3, vanilline éthylique, hectorite de disteardimonium, triméthylsiloxyphényl diméthicone, peut contenir : ci 15850, ci 77891, ci 19140, ci 77491, ci 45410, ci 77492, ci 77499, ci 42090.

sucette diméthicone, polyéthylène, polymère croisé de diméthicone, diphényl diméthicone, huile de graines de brassica campestris, phosphate dicalcique, extrait d'écorce de tabebuia impetiginosa, diisostéarate de polyglycéryle-3, vanilline éthylique, hectorite de disteardimonium, triméthylsiloxyphényl diméthicone, peut contenir : ci 15850, ci 77891, ci 19140, ci 77491, ci 45410, ci 77492, ci 45410, ci77491, ci 77499, ci 42090

calisson dimethicone, polyethylene, dimethicone crosspolymer, diphenyl dimethicone, brassica campestris seed oil, dicalcium phosphate, tabebuia impetiginosa bark extract, polyglyceryl-3 diisostearate, ethyl vanillin, disteardimonium hectorite, trimethylsiloxyphenyl dimethicone, may contain: ci 15850, ci 77891, ci 19140, ci 77491, ci 45410, ci 77492, ci 77499, ci 42090

guimauve dimethicone, polyethylene, dimethicone crosspolymer, diphenyl dimethicone, brassica campestris seed oil, dicalcium phosphate, tabebuia impetiginosa bark extract, polyglyceryl-3 diisostearate, ethyl vanillin, disteardimonium hectorite, trimethylsiloxyphenyl dimethicone, may contain: ci 15850, ci 77891, ci 19140, ci 77491, ci 45410, ci 77492, ci 45410, ci77491, ci 77499, ci 42090

bonbon coquelicot dimethicone, synthetic wax, dimethicone crosspolymer, diphenyl dimethicone, brassica campestris seed oil / brassica campestris (rapeseed) seed oil, dicalcium phosphate, tabebuia impetiginosa bark extract, polyglyceryl-3 diisostearate, ethyl vanillin, disteardimonium hectorite, trimethylsiloxyphenyl dimethicone. may contain (+/-): ci 77891 / titanium dioxide, ci 77491/ci 77492/ci 77499 iron oxides, ci 15850 / red 6, ci 15850 / red 7, ci 15850 / red 7 lake, ci 45410 / red 28 lake, ci 19140 / yellow 5 lake, ci 42090 / blue 1 lake.

bonbon myrtille dimethicone, synthetic wax, dimethicone crosspolymer, diphenyl dimethicone, brassica campestris seed oil / brassica campestris (rapeseed) seed oil, dicalcium phosphate, tabebuia impetiginosa bark extract, polyglyceryl-3 diisostearate, ethyl vanillin, disteardimonium hectorite, trimethylsiloxyphenyl dimethicone. may contain (+/-): titanium dioxide (ci 77891), iron oxides (ci 77491, ci 77492, ci 77499), red 6 (ci 15850), red 7 (ci 15850), red 7 lake (ci 15850), red 28 lake (ci 45410), yellow 5 lake (ci 19140), blue 1 lake (ci 42090).

rose latte dimethicone, synthetic wax, dimethicone crosspolymer, diphenyl dimethicone, brassica campestris seed oil / brassica campestris (rapeseed) seed oil, dicalcium phosphate, tabebuia impetiginosa bark extract, polyglyceryl-3 diisostearate, ethyl vanillin, disteardimonium hectorite, trimethylsiloxyphenyl dimethicone. may contain (+/-): titanium dioxide (ci 77891), iron oxides (ci 77491, ci 77492, ci 77499), red 6 (ci 15850), red 7 (ci 15850), red 7 lake (ci 15850), red 28 lake (ci 45410), yellow 5 lake (ci 19140), blue 1 lake (ci 42090).

amour fou dimethicone, synthetic wax, dimethicone crosspolymer, diphenyl dimethicone, brassica campestris seed oil / brassica campestris (rapeseed) seed oil, dicalcium phosphate, tabebuia impetiginosa bark extract, polyglyceryl-3 diisostearate, ethyl vanillin, disteardimonium hectorite, trimethylsiloxyphenyl dimethicone. may contain (+/-): titanium dioxide (ci 77891), iron oxides (ci 77491, ci 77492, ci 77499), red 6 (ci 15850), red 7 (ci 15850), red 7 lake (ci 15850), red 28 lake (ci 45410), yellow 5 lake (ci 19140), blue 1 lake (ci 42090).

mon chéri dimethicone, synthetic wax, dimethicone crosspolymer, diphenyl dimethicone, brassica campestris seed oil / brassica campestris (rapeseed) seed oil, dicalcium phosphate, tabebuia impetiginosa bark extract, polyglyceryl-3 diisostearate, ethyl vanillin, disteardimonium hectorite, trimethylsiloxyphenyl dimethicone. may contain (+/-): titanium dioxide (ci 77891), iron oxides (ci 77491, ci 77492, ci 77499), red 6 (ci 15850), red 7 (ci 15850), red 7 lake (ci 15850), red 28 lake (ci 45410), yellow 5 lake (ci 19140), blue 1 lake (ci 42090).

this list of ingredients is subject to change; please refer to the packaging of the purchased product.",'4.6,116
Make Up,Lips,'7628062785708,'43607852351660,Violette FR,Bisou Balm Sheer Matte Lipstick,https://ohmycream.co.uk/collections/make-up-lips/products/violette-fr-bisou-tinted-balm?variant=43607852351660,https://cdn.shopify.com/s/files/1/0555/4071/1596/files/2024_07_VioletteFR_Bisou_Balm_Coquelicot_Packshot.jpg?v=1746445221,"Complete list of ingredients

bêtise diméthicone, polyéthylène, polymère croisé de diméthicone, diphényl diméthicone, huile de graines de brassica campestris, phosphate dicalcique, extrait d'écorce de tabebuia impetiginosa, diisostéarate de polyglycéryle-3, vanilline éthylique, hectorite de disteardimonium, triméthylsiloxyphényl diméthicone, peut contenir : ci 15850, ci 77891, ci 19140, ci 77491, ci 45410, ci 77492, ci 77499, ci 42090.

sucette diméthicone, polyéthylène, polymère croisé de diméthicone, diphényl diméthicone, huile de graines de brassica campestris, phosphate dicalcique, extrait d'écorce de tabebuia impetiginosa, diisostéarate de polyglycéryle-3, vanilline éthylique, hectorite de disteardimonium, triméthylsiloxyphényl diméthicone, peut contenir : ci 15850, ci 77891, ci 19140, ci 77491, ci 45410, ci 77492, ci 45410, ci77491, ci 77499, ci 42090

calisson dimethicone, polyethylene, dimethicone crosspolymer, diphenyl dimethicone, brassica campestris seed oil, dicalcium phosphate, tabebuia impetiginosa bark extract, polyglyceryl-3 diisostearate, ethyl vanillin, disteardimonium hectorite, trimethylsiloxyphenyl dimethicone, may contain: ci 15850, ci 77891, ci 19140, ci 77491, ci 45410, ci 77492, ci 77499, ci 42090

guimauve dimethicone, polyethylene, dimethicone crosspolymer, diphenyl dimethicone, brassica campestris seed oil, dicalcium phosphate, tabebuia impetiginosa bark extract, polyglyceryl-3 diisostearate, ethyl vanillin, disteardimonium hectorite, trimethylsiloxyphenyl dimethicone, may contain: ci 15850, ci 77891, ci 19140, ci 77491, ci 45410, ci 77492, ci 45410, ci77491, ci 77499, ci 42090

bonbon coquelicot dimethicone, synthetic wax, dimethicone crosspolymer, diphenyl dimethicone, brassica campestris seed oil / brassica campestris (rapeseed) seed oil, dicalcium phosphate, tabebuia impetiginosa bark extract, polyglyceryl-3 diisostearate, ethyl vanillin, disteardimonium hectorite, trimethylsiloxyphenyl dimethicone. may contain (+/-): ci 77891 / titanium dioxide, ci 77491/ci 77492/ci 77499 iron oxides, ci 15850 / red 6, ci 15850 / red 7, ci 15850 / red 7 lake, ci 45410 / red 28 lake, ci 19140 / yellow 5 lake, ci 42090 / blue 1 lake.

bonbon myrtille dimethicone, synthetic wax, dimethicone crosspolymer, diphenyl dimethicone, brassica campestris seed oil / brassica campestris (rapeseed) seed oil, dicalcium phosphate, tabebuia impetiginosa bark extract, polyglyceryl-3 diisostearate, ethyl vanillin, disteardimonium hectorite, trimethylsiloxyphenyl dimethicone. may contain (+/-): titanium dioxide (ci 77891), iron oxides (ci 77491, ci 77492, ci 77499), red 6 (ci 15850), red 7 (ci 15850), red 7 lake (ci 15850), red 28 lake (ci 45410), yellow 5 lake (ci 19140), blue 1 lake (ci 42090).

rose latte dimethicone, synthetic wax, dimethicone crosspolymer, diphenyl dimethicone, brassica campestris seed oil / brassica campestris (rapeseed) seed oil, dicalcium phosphate, tabebuia impetiginosa bark extract, polyglyceryl-3 diisostearate, ethyl vanillin, disteardimonium hectorite, trimethylsiloxyphenyl dimethicone. may contain (+/-): titanium dioxide (ci 77891), iron oxides (ci 77491, ci 77492, ci 77499), red 6 (ci 15850), red 7 (ci 15850), red 7 lake (ci 15850), red 28 lake (ci 45410), yellow 5 lake (ci 19140), blue 1 lake (ci 42090).

amour fou dimethicone, synthetic wax, dimethicone crosspolymer, diphenyl dimethicone, brassica campestris seed oil / brassica campestris (rapeseed) seed oil, dicalcium phosphate, tabebuia impetiginosa bark extract, polyglyceryl-3 diisostearate, ethyl vanillin, disteardimonium hectorite, trimethylsiloxyphenyl dimethicone. may contain (+/-): titanium dioxide (ci 77891), iron oxides (ci 77491, ci 77492, ci 77499), red 6 (ci 15850), red 7 (ci 15850), red 7 lake (ci 15850), red 28 lake (ci 45410), yellow 5 lake (ci 19140), blue 1 lake (ci 42090).

mon chéri dimethicone, synthetic wax, dimethicone crosspolymer, diphenyl dimethicone, brassica campestris seed oil / brassica campestris (rapeseed) seed oil, dicalcium phosphate, tabebuia impetiginosa bark extract, polyglyceryl-3 diisostearate, ethyl vanillin, disteardimonium hectorite, trimethylsiloxyphenyl dimethicone. may contain (+/-): titanium dioxide (ci 77891), iron oxides (ci 77491, ci 77492, ci 77499), red 6 (ci 15850), red 7 (ci 15850), red 7 lake (ci 15850), red 28 lake (ci 45410), yellow 5 lake (ci 19140), blue 1 lake (ci 42090).

this list of ingredients is subject to change; please refer to the packaging of the purchased product.",'4.6,116
Make Up,Lips,'7628062785708,'42710127247532,Violette FR,Bisou Balm Sheer Matte Lipstick,https://ohmycream.co.uk/collections/make-up-lips/products/violette-fr-bisou-tinted-balm?variant=42710127247532,https://cdn.shopify.com/s/files/1/0555/4071/1596/files/BisouBalm_Calisson_Violette.jpg?v=1746445221,"Complete list of ingredients

bêtise diméthicone, polyéthylène, polymère croisé de diméthicone, diphényl diméthicone, huile de graines de brassica campestris, phosphate dicalcique, extrait d'écorce de tabebuia impetiginosa, diisostéarate de polyglycéryle-3, vanilline éthylique, hectorite de disteardimonium, triméthylsiloxyphényl diméthicone, peut contenir : ci 15850, ci 77891, ci 19140, ci 77491, ci 45410, ci 77492, ci 77499, ci 42090.

sucette diméthicone, polyéthylène, polymère croisé de diméthicone, diphényl diméthicone, huile de graines de brassica campestris, phosphate dicalcique, extrait d'écorce de tabebuia impetiginosa, diisostéarate de polyglycéryle-3, vanilline éthylique, hectorite de disteardimonium, triméthylsiloxyphényl diméthicone, peut contenir : ci 15850, ci 77891, ci 19140, ci 77491, ci 45410, ci 77492, ci 45410, ci77491, ci 77499, ci 42090

calisson dimethicone, polyethylene, dimethicone crosspolymer, diphenyl dimethicone, brassica campestris seed oil, dicalcium phosphate, tabebuia impetiginosa bark extract, polyglyceryl-3 diisostearate, ethyl vanillin, disteardimonium hectorite, trimethylsiloxyphenyl dimethicone, may contain: ci 15850, ci 77891, ci 19140, ci 77491, ci 45410, ci 77492, ci 77499, ci 42090

guimauve dimethicone, polyethylene, dimethicone crosspolymer, diphenyl dimethicone, brassica campestris seed oil, dicalcium phosphate, tabebuia impetiginosa bark extract, polyglyceryl-3 diisostearate, ethyl vanillin, disteardimonium hectorite, trimethylsiloxyphenyl dimethicone, may contain: ci 15850, ci 77891, ci 19140, ci 77491, ci 45410, ci 77492, ci 45410, ci77491, ci 77499, ci 42090

bonbon coquelicot dimethicone, synthetic wax, dimethicone crosspolymer, diphenyl dimethicone, brassica campestris seed oil / brassica campestris (rapeseed) seed oil, dicalcium phosphate, tabebuia impetiginosa bark extract, polyglyceryl-3 diisostearate, ethyl vanillin, disteardimonium hectorite, trimethylsiloxyphenyl dimethicone. may contain (+/-): ci 77891 / titanium dioxide, ci 77491/ci 77492/ci 77499 iron oxides, ci 15850 / red 6, ci 15850 / red 7, ci 15850 / red 7 lake, ci 45410 / red 28 lake, ci 19140 / yellow 5 lake, ci 42090 / blue 1 lake.

bonbon myrtille dimethicone, synthetic wax, dimethicone crosspolymer, diphenyl dimethicone, brassica campestris seed oil / brassica campestris (rapeseed) seed oil, dicalcium phosphate, tabebuia impetiginosa bark extract, polyglyceryl-3 diisostearate, ethyl vanillin, disteardimonium hectorite, trimethylsiloxyphenyl dimethicone. may contain (+/-): titanium dioxide (ci 77891), iron oxides (ci 77491, ci 77492, ci 77499), red 6 (ci 15850), red 7 (ci 15850), red 7 lake (ci 15850), red 28 lake (ci 45410), yellow 5 lake (ci 19140), blue 1 lake (ci 42090).

rose latte dimethicone, synthetic wax, dimethicone crosspolymer, diphenyl dimethicone, brassica campestris seed oil / brassica campestris (rapeseed) seed oil, dicalcium phosphate, tabebuia impetiginosa bark extract, polyglyceryl-3 diisostearate, ethyl vanillin, disteardimonium hectorite, trimethylsiloxyphenyl dimethicone. may contain (+/-): titanium dioxide (ci 77891), iron oxides (ci 77491, ci 77492, ci 77499), red 6 (ci 15850), red 7 (ci 15850), red 7 lake (ci 15850), red 28 lake (ci 45410), yellow 5 lake (ci 19140), blue 1 lake (ci 42090).

amour fou dimethicone, synthetic wax, dimethicone crosspolymer, diphenyl dimethicone, brassica campestris seed oil / brassica campestris (rapeseed) seed oil, dicalcium phosphate, tabebuia impetiginosa bark extract, polyglyceryl-3 diisostearate, ethyl vanillin, disteardimonium hectorite, trimethylsiloxyphenyl dimethicone. may contain (+/-): titanium dioxide (ci 77891), iron oxides (ci 77491, ci 77492, ci 77499), red 6 (ci 15850), red 7 (ci 15850), red 7 lake (ci 15850), red 28 lake (ci 45410), yellow 5 lake (ci 19140), blue 1 lake (ci 42090).

mon chéri dimethicone, synthetic wax, dimethicone crosspolymer, diphenyl dimethicone, brassica campestris seed oil / brassica campestris (rapeseed) seed oil, dicalcium phosphate, tabebuia impetiginosa bark extract, polyglyceryl-3 diisostearate, ethyl vanillin, disteardimonium hectorite, trimethylsiloxyphenyl dimethicone. may contain (+/-): titanium dioxide (ci 77891), iron oxides (ci 77491, ci 77492, ci 77499), red 6 (ci 15850), red 7 (ci 15850), red 7 lake (ci 15850), red 28 lake (ci 45410), yellow 5 lake (ci 19140), blue 1 lake (ci 42090).

this list of ingredients is subject to change; please refer to the packaging of the purchased product.",'4.6,116
Make Up,Lips,'7628062785708,'42571103961260,Violette FR,Bisou Balm Sheer Matte Lipstick,https://ohmycream.co.uk/collections/make-up-lips/products/violette-fr-bisou-tinted-balm?variant=42571103961260,https://cdn.shopify.com/s/files/1/0555/4071/1596/files/BisouBalm_AmourFou_Violette.jpg?v=1746445221,"Complete list of ingredients

bêtise diméthicone, polyéthylène, polymère croisé de diméthicone, diphényl diméthicone, huile de graines de brassica campestris, phosphate dicalcique, extrait d'écorce de tabebuia impetiginosa, diisostéarate de polyglycéryle-3, vanilline éthylique, hectorite de disteardimonium, triméthylsiloxyphényl diméthicone, peut contenir : ci 15850, ci 77891, ci 19140, ci 77491, ci 45410, ci 77492, ci 77499, ci 42090.

sucette diméthicone, polyéthylène, polymère croisé de diméthicone, diphényl diméthicone, huile de graines de brassica campestris, phosphate dicalcique, extrait d'écorce de tabebuia impetiginosa, diisostéarate de polyglycéryle-3, vanilline éthylique, hectorite de disteardimonium, triméthylsiloxyphényl diméthicone, peut contenir : ci 15850, ci 77891, ci 19140, ci 77491, ci 45410, ci 77492, ci 45410, ci77491, ci 77499, ci 42090

calisson dimethicone, polyethylene, dimethicone crosspolymer, diphenyl dimethicone, brassica campestris seed oil, dicalcium phosphate, tabebuia impetiginosa bark extract, polyglyceryl-3 diisostearate, ethyl vanillin, disteardimonium hectorite, trimethylsiloxyphenyl dimethicone, may contain: ci 15850, ci 77891, ci 19140, ci 77491, ci 45410, ci 77492, ci 77499, ci 42090

guimauve dimethicone, polyethylene, dimethicone crosspolymer, diphenyl dimethicone, brassica campestris seed oil, dicalcium phosphate, tabebuia impetiginosa bark extract, polyglyceryl-3 diisostearate, ethyl vanillin, disteardimonium hectorite, trimethylsiloxyphenyl dimethicone, may contain: ci 15850, ci 77891, ci 19140, ci 77491, ci 45410, ci 77492, ci 45410, ci77491, ci 77499, ci 42090

bonbon coquelicot dimethicone, synthetic wax, dimethicone crosspolymer, diphenyl dimethicone, brassica campestris seed oil / brassica campestris (rapeseed) seed oil, dicalcium phosphate, tabebuia impetiginosa bark extract, polyglyceryl-3 diisostearate, ethyl vanillin, disteardimonium hectorite, trimethylsiloxyphenyl dimethicone. may contain (+/-): ci 77891 / titanium dioxide, ci 77491/ci 77492/ci 77499 iron oxides, ci 15850 / red 6, ci 15850 / red 7, ci 15850 / red 7 lake, ci 45410 / red 28 lake, ci 19140 / yellow 5 lake, ci 42090 / blue 1 lake.

bonbon myrtille dimethicone, synthetic wax, dimethicone crosspolymer, diphenyl dimethicone, brassica campestris seed oil / brassica campestris (rapeseed) seed oil, dicalcium phosphate, tabebuia impetiginosa bark extract, polyglyceryl-3 diisostearate, ethyl vanillin, disteardimonium hectorite, trimethylsiloxyphenyl dimethicone. may contain (+/-): titanium dioxide (ci 77891), iron oxides (ci 77491, ci 77492, ci 77499), red 6 (ci 15850), red 7 (ci 15850), red 7 lake (ci 15850), red 28 lake (ci 45410), yellow 5 lake (ci 19140), blue 1 lake (ci 42090).

rose latte dimethicone, synthetic wax, dimethicone crosspolymer, diphenyl dimethicone, brassica campestris seed oil / brassica campestris (rapeseed) seed oil, dicalcium phosphate, tabebuia impetiginosa bark extract, polyglyceryl-3 diisostearate, ethyl vanillin, disteardimonium hectorite, trimethylsiloxyphenyl dimethicone. may contain (+/-): titanium dioxide (ci 77891), iron oxides (ci 77491, ci 77492, ci 77499), red 6 (ci 15850), red 7 (ci 15850), red 7 lake (ci 15850), red 28 lake (ci 45410), yellow 5 lake (ci 19140), blue 1 lake (ci 42090).

amour fou dimethicone, synthetic wax, dimethicone crosspolymer, diphenyl dimethicone, brassica campestris seed oil / brassica campestris (rapeseed) seed oil, dicalcium phosphate, tabebuia impetiginosa bark extract, polyglyceryl-3 diisostearate, ethyl vanillin, disteardimonium hectorite, trimethylsiloxyphenyl dimethicone. may contain (+/-): titanium dioxide (ci 77891), iron oxides (ci 77491, ci 77492, ci 77499), red 6 (ci 15850), red 7 (ci 15850), red 7 lake (ci 15850), red 28 lake (ci 45410), yellow 5 lake (ci 19140), blue 1 lake (ci 42090).

mon chéri dimethicone, synthetic wax, dimethicone crosspolymer, diphenyl dimethicone, brassica campestris seed oil / brassica campestris (rapeseed) seed oil, dicalcium phosphate, tabebuia impetiginosa bark extract, polyglyceryl-3 diisostearate, ethyl vanillin, disteardimonium hectorite, trimethylsiloxyphenyl dimethicone. may contain (+/-): titanium dioxide (ci 77891), iron oxides (ci 77491, ci 77492, ci 77499), red 6 (ci 15850), red 7 (ci 15850), red 7 lake (ci 15850), red 28 lake (ci 45410), yellow 5 lake (ci 19140), blue 1 lake (ci 42090).

this list of ingredients is subject to change; please refer to the packaging of the purchased product.",'4.6,116
Make Up,Lips,'7628062785708,'43794623299756,Violette FR,Bisou Balm Sheer Matte Lipstick,https://ohmycream.co.uk/collections/make-up-lips/products/violette-fr-bisou-tinted-balm?variant=43794623299756,https://cdn.shopify.com/s/files/1/0555/4071/1596/files/2024_09_Violette_FR_Bisou_Balm_Rose_Latte_Packshot.jpg?v=1746445221,"Complete list of ingredients

bêtise diméthicone, polyéthylène, polymère croisé de diméthicone, diphényl diméthicone, huile de graines de brassica campestris, phosphate dicalcique, extrait d'écorce de tabebuia impetiginosa, diisostéarate de polyglycéryle-3, vanilline éthylique, hectorite de disteardimonium, triméthylsiloxyphényl diméthicone, peut contenir : ci 15850, ci 77891, ci 19140, ci 77491, ci 45410, ci 77492, ci 77499, ci 42090.

sucette diméthicone, polyéthylène, polymère croisé de diméthicone, diphényl diméthicone, huile de graines de brassica campestris, phosphate dicalcique, extrait d'écorce de tabebuia impetiginosa, diisostéarate de polyglycéryle-3, vanilline éthylique, hectorite de disteardimonium, triméthylsiloxyphényl diméthicone, peut contenir : ci 15850, ci 77891, ci 19140, ci 77491, ci 45410, ci 77492, ci 45410, ci77491, ci 77499, ci 42090

calisson dimethicone, polyethylene, dimethicone crosspolymer, diphenyl dimethicone, brassica campestris seed oil, dicalcium phosphate, tabebuia impetiginosa bark extract, polyglyceryl-3 diisostearate, ethyl vanillin, disteardimonium hectorite, trimethylsiloxyphenyl dimethicone, may contain: ci 15850, ci 77891, ci 19140, ci 77491, ci 45410, ci 77492, ci 77499, ci 42090

guimauve dimethicone, polyethylene, dimethicone crosspolymer, diphenyl dimethicone, brassica campestris seed oil, dicalcium phosphate, tabebuia impetiginosa bark extract, polyglyceryl-3 diisostearate, ethyl vanillin, disteardimonium hectorite, trimethylsiloxyphenyl dimethicone, may contain: ci 15850, ci 77891, ci 19140, ci 77491, ci 45410, ci 77492, ci 45410, ci77491, ci 77499, ci 42090

bonbon coquelicot dimethicone, synthetic wax, dimethicone crosspolymer, diphenyl dimethicone, brassica campestris seed oil / brassica campestris (rapeseed) seed oil, dicalcium phosphate, tabebuia impetiginosa bark extract, polyglyceryl-3 diisostearate, ethyl vanillin, disteardimonium hectorite, trimethylsiloxyphenyl dimethicone. may contain (+/-): ci 77891 / titanium dioxide, ci 77491/ci 77492/ci 77499 iron oxides, ci 15850 / red 6, ci 15850 / red 7, ci 15850 / red 7 lake, ci 45410 / red 28 lake, ci 19140 / yellow 5 lake, ci 42090 / blue 1 lake.

bonbon myrtille dimethicone, synthetic wax, dimethicone crosspolymer, diphenyl dimethicone, brassica campestris seed oil / brassica campestris (rapeseed) seed oil, dicalcium phosphate, tabebuia impetiginosa bark extract, polyglyceryl-3 diisostearate, ethyl vanillin, disteardimonium hectorite, trimethylsiloxyphenyl dimethicone. may contain (+/-): titanium dioxide (ci 77891), iron oxides (ci 77491, ci 77492, ci 77499), red 6 (ci 15850), red 7 (ci 15850), red 7 lake (ci 15850), red 28 lake (ci 45410), yellow 5 lake (ci 19140), blue 1 lake (ci 42090).

rose latte dimethicone, synthetic wax, dimethicone crosspolymer, diphenyl dimethicone, brassica campestris seed oil / brassica campestris (rapeseed) seed oil, dicalcium phosphate, tabebuia impetiginosa bark extract, polyglyceryl-3 diisostearate, ethyl vanillin, disteardimonium hectorite, trimethylsiloxyphenyl dimethicone. may contain (+/-): titanium dioxide (ci 77891), iron oxides (ci 77491, ci 77492, ci 77499), red 6 (ci 15850), red 7 (ci 15850), red 7 lake (ci 15850), red 28 lake (ci 45410), yellow 5 lake (ci 19140), blue 1 lake (ci 42090).

amour fou dimethicone, synthetic wax, dimethicone crosspolymer, diphenyl dimethicone, brassica campestris seed oil / brassica campestris (rapeseed) seed oil, dicalcium phosphate, tabebuia impetiginosa bark extract, polyglyceryl-3 diisostearate, ethyl vanillin, disteardimonium hectorite, trimethylsiloxyphenyl dimethicone. may contain (+/-): titanium dioxide (ci 77891), iron oxides (ci 77491, ci 77492, ci 77499), red 6 (ci 15850), red 7 (ci 15850), red 7 lake (ci 15850), red 28 lake (ci 45410), yellow 5 lake (ci 19140), blue 1 lake (ci 42090).

mon chéri dimethicone, synthetic wax, dimethicone crosspolymer, diphenyl dimethicone, brassica campestris seed oil / brassica campestris (rapeseed) seed oil, dicalcium phosphate, tabebuia impetiginosa bark extract, polyglyceryl-3 diisostearate, ethyl vanillin, disteardimonium hectorite, trimethylsiloxyphenyl dimethicone. may contain (+/-): titanium dioxide (ci 77891), iron oxides (ci 77491, ci 77492, ci 77499), red 6 (ci 15850), red 7 (ci 15850), red 7 lake (ci 15850), red 28 lake (ci 45410), yellow 5 lake (ci 19140), blue 1 lake (ci 42090).

this list of ingredients is subject to change; please refer to the packaging of the purchased product.",'4.6,116
Make Up,Lips,'7628062785708,'54890036134268,Violette FR,Bisou Balm Sheer Matte Lipstick,https://ohmycream.co.uk/collections/make-up-lips/products/violette-fr-bisou-tinted-balm?variant=54890036134268,https://cdn.shopify.com/s/files/1/0555/4071/1596/files/202503_BisouBalmMonCheri_VioletteFR_Packshot.jpg?v=1746445221,"Complete list of ingredients

bêtise diméthicone, polyéthylène, polymère croisé de diméthicone, diphényl diméthicone, huile de graines de brassica campestris, phosphate dicalcique, extrait d'écorce de tabebuia impetiginosa, diisostéarate de polyglycéryle-3, vanilline éthylique, hectorite de disteardimonium, triméthylsiloxyphényl diméthicone, peut contenir : ci 15850, ci 77891, ci 19140, ci 77491, ci 45410, ci 77492, ci 77499, ci 42090.

sucette diméthicone, polyéthylène, polymère croisé de diméthicone, diphényl diméthicone, huile de graines de brassica campestris, phosphate dicalcique, extrait d'écorce de tabebuia impetiginosa, diisostéarate de polyglycéryle-3, vanilline éthylique, hectorite de disteardimonium, triméthylsiloxyphényl diméthicone, peut contenir : ci 15850, ci 77891, ci 19140, ci 77491, ci 45410, ci 77492, ci 45410, ci77491, ci 77499, ci 42090

calisson dimethicone, polyethylene, dimethicone crosspolymer, diphenyl dimethicone, brassica campestris seed oil, dicalcium phosphate, tabebuia impetiginosa bark extract, polyglyceryl-3 diisostearate, ethyl vanillin, disteardimonium hectorite, trimethylsiloxyphenyl dimethicone, may contain: ci 15850, ci 77891, ci 19140, ci 77491, ci 45410, ci 77492, ci 77499, ci 42090

guimauve dimethicone, polyethylene, dimethicone crosspolymer, diphenyl dimethicone, brassica campestris seed oil, dicalcium phosphate, tabebuia impetiginosa bark extract, polyglyceryl-3 diisostearate, ethyl vanillin, disteardimonium hectorite, trimethylsiloxyphenyl dimethicone, may contain: ci 15850, ci 77891, ci 19140, ci 77491, ci 45410, ci 77492, ci 45410, ci77491, ci 77499, ci 42090

bonbon coquelicot dimethicone, synthetic wax, dimethicone crosspolymer, diphenyl dimethicone, brassica campestris seed oil / brassica campestris (rapeseed) seed oil, dicalcium phosphate, tabebuia impetiginosa bark extract, polyglyceryl-3 diisostearate, ethyl vanillin, disteardimonium hectorite, trimethylsiloxyphenyl dimethicone. may contain (+/-): ci 77891 / titanium dioxide, ci 77491/ci 77492/ci 77499 iron oxides, ci 15850 / red 6, ci 15850 / red 7, ci 15850 / red 7 lake, ci 45410 / red 28 lake, ci 19140 / yellow 5 lake, ci 42090 / blue 1 lake.

bonbon myrtille dimethicone, synthetic wax, dimethicone crosspolymer, diphenyl dimethicone, brassica campestris seed oil / brassica campestris (rapeseed) seed oil, dicalcium phosphate, tabebuia impetiginosa bark extract, polyglyceryl-3 diisostearate, ethyl vanillin, disteardimonium hectorite, trimethylsiloxyphenyl dimethicone. may contain (+/-): titanium dioxide (ci 77891), iron oxides (ci 77491, ci 77492, ci 77499), red 6 (ci 15850), red 7 (ci 15850), red 7 lake (ci 15850), red 28 lake (ci 45410), yellow 5 lake (ci 19140), blue 1 lake (ci 42090).

rose latte dimethicone, synthetic wax, dimethicone crosspolymer, diphenyl dimethicone, brassica campestris seed oil / brassica campestris (rapeseed) seed oil, dicalcium phosphate, tabebuia impetiginosa bark extract, polyglyceryl-3 diisostearate, ethyl vanillin, disteardimonium hectorite, trimethylsiloxyphenyl dimethicone. may contain (+/-): titanium dioxide (ci 77891), iron oxides (ci 77491, ci 77492, ci 77499), red 6 (ci 15850), red 7 (ci 15850), red 7 lake (ci 15850), red 28 lake (ci 45410), yellow 5 lake (ci 19140), blue 1 lake (ci 42090).

amour fou dimethicone, synthetic wax, dimethicone crosspolymer, diphenyl dimethicone, brassica campestris seed oil / brassica campestris (rapeseed) seed oil, dicalcium phosphate, tabebuia impetiginosa bark extract, polyglyceryl-3 diisostearate, ethyl vanillin, disteardimonium hectorite, trimethylsiloxyphenyl dimethicone. may contain (+/-): titanium dioxide (ci 77891), iron oxides (ci 77491, ci 77492, ci 77499), red 6 (ci 15850), red 7 (ci 15850), red 7 lake (ci 15850), red 28 lake (ci 45410), yellow 5 lake (ci 19140), blue 1 lake (ci 42090).

mon chéri dimethicone, synthetic wax, dimethicone crosspolymer, diphenyl dimethicone, brassica campestris seed oil / brassica campestris (rapeseed) seed oil, dicalcium phosphate, tabebuia impetiginosa bark extract, polyglyceryl-3 diisostearate, ethyl vanillin, disteardimonium hectorite, trimethylsiloxyphenyl dimethicone. may contain (+/-): titanium dioxide (ci 77891), iron oxides (ci 77491, ci 77492, ci 77499), red 6 (ci 15850), red 7 (ci 15850), red 7 lake (ci 15850), red 28 lake (ci 45410), yellow 5 lake (ci 19140), blue 1 lake (ci 42090).

this list of ingredients is subject to change; please refer to the packaging of the purchased product.",'4.6,116
Make Up,Lips,'7628062785708,'42710127214764,Violette FR,Bisou Balm Sheer Matte Lipstick,https://ohmycream.co.uk/collections/make-up-lips/products/violette-fr-bisou-tinted-balm?variant=42710127214764,https://cdn.shopify.com/s/files/1/0555/4071/1596/files/BisouBalm_Guimauve_Violette.jpg?v=1746445221,"Complete list of ingredients

bêtise diméthicone, polyéthylène, polymère croisé de diméthicone, diphényl diméthicone, huile de graines de brassica campestris, phosphate dicalcique, extrait d'écorce de tabebuia impetiginosa, diisostéarate de polyglycéryle-3, vanilline éthylique, hectorite de disteardimonium, triméthylsiloxyphényl diméthicone, peut contenir : ci 15850, ci 77891, ci 19140, ci 77491, ci 45410, ci 77492, ci 77499, ci 42090.

sucette diméthicone, polyéthylène, polymère croisé de diméthicone, diphényl diméthicone, huile de graines de brassica campestris, phosphate dicalcique, extrait d'écorce de tabebuia impetiginosa, diisostéarate de polyglycéryle-3, vanilline éthylique, hectorite de disteardimonium, triméthylsiloxyphényl diméthicone, peut contenir : ci 15850, ci 77891, ci 19140, ci 77491, ci 45410, ci 77492, ci 45410, ci77491, ci 77499, ci 42090

calisson dimethicone, polyethylene, dimethicone crosspolymer, diphenyl dimethicone, brassica campestris seed oil, dicalcium phosphate, tabebuia impetiginosa bark extract, polyglyceryl-3 diisostearate, ethyl vanillin, disteardimonium hectorite, trimethylsiloxyphenyl dimethicone, may contain: ci 15850, ci 77891, ci 19140, ci 77491, ci 45410, ci 77492, ci 77499, ci 42090

guimauve dimethicone, polyethylene, dimethicone crosspolymer, diphenyl dimethicone, brassica campestris seed oil, dicalcium phosphate, tabebuia impetiginosa bark extract, polyglyceryl-3 diisostearate, ethyl vanillin, disteardimonium hectorite, trimethylsiloxyphenyl dimethicone, may contain: ci 15850, ci 77891, ci 19140, ci 77491, ci 45410, ci 77492, ci 45410, ci77491, ci 77499, ci 42090

bonbon coquelicot dimethicone, synthetic wax, dimethicone crosspolymer, diphenyl dimethicone, brassica campestris seed oil / brassica campestris (rapeseed) seed oil, dicalcium phosphate, tabebuia impetiginosa bark extract, polyglyceryl-3 diisostearate, ethyl vanillin, disteardimonium hectorite, trimethylsiloxyphenyl dimethicone. may contain (+/-): ci 77891 / titanium dioxide, ci 77491/ci 77492/ci 77499 iron oxides, ci 15850 / red 6, ci 15850 / red 7, ci 15850 / red 7 lake, ci 45410 / red 28 lake, ci 19140 / yellow 5 lake, ci 42090 / blue 1 lake.

bonbon myrtille dimethicone, synthetic wax, dimethicone crosspolymer, diphenyl dimethicone, brassica campestris seed oil / brassica campestris (rapeseed) seed oil, dicalcium phosphate, tabebuia impetiginosa bark extract, polyglyceryl-3 diisostearate, ethyl vanillin, disteardimonium hectorite, trimethylsiloxyphenyl dimethicone. may contain (+/-): titanium dioxide (ci 77891), iron oxides (ci 77491, ci 77492, ci 77499), red 6 (ci 15850), red 7 (ci 15850), red 7 lake (ci 15850), red 28 lake (ci 45410), yellow 5 lake (ci 19140), blue 1 lake (ci 42090).

rose latte dimethicone, synthetic wax, dimethicone crosspolymer, diphenyl dimethicone, brassica campestris seed oil / brassica campestris (rapeseed) seed oil, dicalcium phosphate, tabebuia impetiginosa bark extract, polyglyceryl-3 diisostearate, ethyl vanillin, disteardimonium hectorite, trimethylsiloxyphenyl dimethicone. may contain (+/-): titanium dioxide (ci 77891), iron oxides (ci 77491, ci 77492, ci 77499), red 6 (ci 15850), red 7 (ci 15850), red 7 lake (ci 15850), red 28 lake (ci 45410), yellow 5 lake (ci 19140), blue 1 lake (ci 42090).

amour fou dimethicone, synthetic wax, dimethicone crosspolymer, diphenyl dimethicone, brassica campestris seed oil / brassica campestris (rapeseed) seed oil, dicalcium phosphate, tabebuia impetiginosa bark extract, polyglyceryl-3 diisostearate, ethyl vanillin, disteardimonium hectorite, trimethylsiloxyphenyl dimethicone. may contain (+/-): titanium dioxide (ci 77891), iron oxides (ci 77491, ci 77492, ci 77499), red 6 (ci 15850), red 7 (ci 15850), red 7 lake (ci 15850), red 28 lake (ci 45410), yellow 5 lake (ci 19140), blue 1 lake (ci 42090).

mon chéri dimethicone, synthetic wax, dimethicone crosspolymer, diphenyl dimethicone, brassica campestris seed oil / brassica campestris (rapeseed) seed oil, dicalcium phosphate, tabebuia impetiginosa bark extract, polyglyceryl-3 diisostearate, ethyl vanillin, disteardimonium hectorite, trimethylsiloxyphenyl dimethicone. may contain (+/-): titanium dioxide (ci 77891), iron oxides (ci 77491, ci 77492, ci 77499), red 6 (ci 15850), red 7 (ci 15850), red 7 lake (ci 15850), red 28 lake (ci 45410), yellow 5 lake (ci 19140), blue 1 lake (ci 42090).

this list of ingredients is subject to change; please refer to the packaging of the purchased product.",'4.6,116
Make Up,Lips,'15226032521596,'55165375349116,Violette FR,Lip Nectar,https://ohmycream.co.uk/collections/make-up-lips/products/violette-fr-lip-nectar?variant=55165375349116,https://cdn.shopify.com/s/files/1/0555/4071/1596/files/Lip_Nectar_Betise_Violette_Fr.jpg?v=1751547511,"Complete list of ingredients

bêtise aqua (eau), diphényl diméthicone, malate de diisostéaryle, polyisobutène hydrogéné, polyacyladipate de bis-diglycéryle-2, dimère de bis-béhényl/isostéaryl/phytostéryle, dilinoléate de dimère de dilinoléyle, glycérine, octyldodécanol, butylène glycol, cétyl peg/ppg-10/1 diméthicone, isostéarate de sorbitane, polysorbate 60, pentylène glycol, copolymère d'acrylate d'hydroxyéthyle/acryloyldiméthyl taurate de sodium, squalane, cétéareth-20, phénoxyéthanol, parfum, beurre de karité (butyrospermum parkii), hydroxyde d'aluminium, polyacrylate d'ammonium, céramide np, phytosphingosine, hyaluronate de sodium, pentaérythrityl tétra-di-t-butyle hydroxyhydrocinnamate, éthylhexylglycérine, vanilline. peut contenir (+/-) : dioxyde de titane (ci 77891), jaune 6 (ci 15985), rouge 33 (ci 17200), bleu 1 (ci 42090), jaune 5 (ci 19140), rouge 28 (ci 45410).

pois de senteur aqua (eau), diphényl diméthicone, malate de diisostéaryle, polyisobutène hydrogéné, polyacyladipate de bis-diglycéryle-2, dimère de bis-béhényl/isostéaryl/phytostéryle, dilinoléate de dimère de dilinoléyle, glycérine, octyldodécanol, butylène glycol, cétyl peg/ppg-10/1 diméthicone, isostéarate de sorbitane, polysorbate 60, pentylène glycol, copolymère d'acrylate d'hydroxyéthyle/acryloyldiméthyl taurate de sodium, squalane, cétéareth-20, phénoxyéthanol, parfum, beurre de karité (butyrospermum parkii), hydroxyde d'aluminium, polyacrylate d'ammonium, céramide np, phytosphingosine, hyaluronate de sodium, pentaérythrityl tétra-di-t-butyle hydroxyhydrocinnamate, éthylhexylglycérine, vanilline. peut contenir (+/-) : dioxyde de titane (ci 77891), jaune 6 (ci 15985), rouge 33 (ci 17200), bleu 1 (ci 42090), jaune 5 (ci 19140), rouge 28 (ci 45410).

dahlia noir aqua (water), diphenyl dimethicone, diisostearyl malate, hydrogenated polyisobutene, bis-diglyceryl polyacyladipate-2, bis-behenyl/isostearyl/phytosteryl dimer dilinoleyl dimer dilinoleate, glycerin, octyldodecanol, butylene glycol, cetyl peg/ppg-10/1 dimethicone, sorbitan isostearate, polysorbate 60, pentylene glycol, hydroxyethyl acrylate/sodium acryloyldimethyl taurate copolymer, squalane, ceteareth-20, phenoxyethanol, fragrance (parfum), butyrospermum parkii (shea) butter, aluminum hydroxide, ammonium polyacrylate, ceramide np, phytosphingosine, sodium hyaluronate, pentaerythrityl tetra-di-t-butyl hydroxyhydrocinnamate, ethylhexylglycerin, vanillin. may contain (+/-): titanium dioxide (ci 77891), yellow 6 (ci 15985), red 33 (ci 17200), blue 1 (ci 42090), yellow 5 (ci 19140), red 28 (ci 45410).

rose de moab aqua (water), diphenyl dimethicone, diisostearyl malate, hydrogenated polyisobutene, bis-diglyceryl polyacyladipate-2, bis-behenyl/isostearyl/phytosteryl dimer dilinoleyl dimer dilinoleate, glycerin, octyldodecanol, butylene glycol, cetyl peg/ppg-10/1 dimethicone, sorbitan isostearate, polysorbate 60, pentylene glycol, hydroxyethyl acrylate/sodium acryloyldimethyl taurate copolymer, squalane, ceteareth-20, phenoxyethanol, fragrance (parfum), butyrospermum parkii (shea) butter, aluminum hydroxide, ammonium polyacrylate, ceramide np, phytosphingosine, sodium hyaluronate, pentaerythrityl tetra-di-t-butyl hydroxyhydrocinnamate, ethylhexylglycerin, vanillin. may contain (+/-): titanium dioxide (ci 77891), yellow 6 (ci 15985), red 33 (ci 17200), blue 1 (ci 42090), yellow 5 (ci 19140), red 28 (ci 45410).

this list of ingredients is subject to change; please refer to the packaging of the purchased product.",'4.2,14
Make Up,Lips,'15226032521596,'55165375381884,Violette FR,Lip Nectar,https://ohmycream.co.uk/collections/make-up-lips/products/violette-fr-lip-nectar?variant=55165375381884,https://cdn.shopify.com/s/files/1/0555/4071/1596/files/Lip_Nectar_Pois_de_Senteur_Violette_Fr_bd3bf0dc-21d7-4a37-a72e-15e8f30b0bf1.jpg?v=1751548071,"Complete list of ingredients

bêtise aqua (eau), diphényl diméthicone, malate de diisostéaryle, polyisobutène hydrogéné, polyacyladipate de bis-diglycéryle-2, dimère de bis-béhényl/isostéaryl/phytostéryle, dilinoléate de dimère de dilinoléyle, glycérine, octyldodécanol, butylène glycol, cétyl peg/ppg-10/1 diméthicone, isostéarate de sorbitane, polysorbate 60, pentylène glycol, copolymère d'acrylate d'hydroxyéthyle/acryloyldiméthyl taurate de sodium, squalane, cétéareth-20, phénoxyéthanol, parfum, beurre de karité (butyrospermum parkii), hydroxyde d'aluminium, polyacrylate d'ammonium, céramide np, phytosphingosine, hyaluronate de sodium, pentaérythrityl tétra-di-t-butyle hydroxyhydrocinnamate, éthylhexylglycérine, vanilline. peut contenir (+/-) : dioxyde de titane (ci 77891), jaune 6 (ci 15985), rouge 33 (ci 17200), bleu 1 (ci 42090), jaune 5 (ci 19140), rouge 28 (ci 45410).

pois de senteur aqua (eau), diphényl diméthicone, malate de diisostéaryle, polyisobutène hydrogéné, polyacyladipate de bis-diglycéryle-2, dimère de bis-béhényl/isostéaryl/phytostéryle, dilinoléate de dimère de dilinoléyle, glycérine, octyldodécanol, butylène glycol, cétyl peg/ppg-10/1 diméthicone, isostéarate de sorbitane, polysorbate 60, pentylène glycol, copolymère d'acrylate d'hydroxyéthyle/acryloyldiméthyl taurate de sodium, squalane, cétéareth-20, phénoxyéthanol, parfum, beurre de karité (butyrospermum parkii), hydroxyde d'aluminium, polyacrylate d'ammonium, céramide np, phytosphingosine, hyaluronate de sodium, pentaérythrityl tétra-di-t-butyle hydroxyhydrocinnamate, éthylhexylglycérine, vanilline. peut contenir (+/-) : dioxyde de titane (ci 77891), jaune 6 (ci 15985), rouge 33 (ci 17200), bleu 1 (ci 42090), jaune 5 (ci 19140), rouge 28 (ci 45410).

dahlia noir aqua (water), diphenyl dimethicone, diisostearyl malate, hydrogenated polyisobutene, bis-diglyceryl polyacyladipate-2, bis-behenyl/isostearyl/phytosteryl dimer dilinoleyl dimer dilinoleate, glycerin, octyldodecanol, butylene glycol, cetyl peg/ppg-10/1 dimethicone, sorbitan isostearate, polysorbate 60, pentylene glycol, hydroxyethyl acrylate/sodium acryloyldimethyl taurate copolymer, squalane, ceteareth-20, phenoxyethanol, fragrance (parfum), butyrospermum parkii (shea) butter, aluminum hydroxide, ammonium polyacrylate, ceramide np, phytosphingosine, sodium hyaluronate, pentaerythrityl tetra-di-t-butyl hydroxyhydrocinnamate, ethylhexylglycerin, vanillin. may contain (+/-): titanium dioxide (ci 77891), yellow 6 (ci 15985), red 33 (ci 17200), blue 1 (ci 42090), yellow 5 (ci 19140), red 28 (ci 45410).

rose de moab aqua (water), diphenyl dimethicone, diisostearyl malate, hydrogenated polyisobutene, bis-diglyceryl polyacyladipate-2, bis-behenyl/isostearyl/phytosteryl dimer dilinoleyl dimer dilinoleate, glycerin, octyldodecanol, butylene glycol, cetyl peg/ppg-10/1 dimethicone, sorbitan isostearate, polysorbate 60, pentylene glycol, hydroxyethyl acrylate/sodium acryloyldimethyl taurate copolymer, squalane, ceteareth-20, phenoxyethanol, fragrance (parfum), butyrospermum parkii (shea) butter, aluminum hydroxide, ammonium polyacrylate, ceramide np, phytosphingosine, sodium hyaluronate, pentaerythrityl tetra-di-t-butyl hydroxyhydrocinnamate, ethylhexylglycerin, vanillin. may contain (+/-): titanium dioxide (ci 77891), yellow 6 (ci 15985), red 33 (ci 17200), blue 1 (ci 42090), yellow 5 (ci 19140), red 28 (ci 45410).

this list of ingredients is subject to change; please refer to the packaging of the purchased product.",'4.2,14
Make Up,Lips,'15226032521596,'55165375414652,Violette FR,Lip Nectar,https://ohmycream.co.uk/collections/make-up-lips/products/violette-fr-lip-nectar?variant=55165375414652,https://cdn.shopify.com/s/files/1/0555/4071/1596/files/Lip_Nectar_Rose_de_Moab_Violette_Fr_0db089f1-1ed9-4052-82c6-64933b6cdaa4.jpg?v=1751548071,"Complete list of ingredients

bêtise aqua (eau), diphényl diméthicone, malate de diisostéaryle, polyisobutène hydrogéné, polyacyladipate de bis-diglycéryle-2, dimère de bis-béhényl/isostéaryl/phytostéryle, dilinoléate de dimère de dilinoléyle, glycérine, octyldodécanol, butylène glycol, cétyl peg/ppg-10/1 diméthicone, isostéarate de sorbitane, polysorbate 60, pentylène glycol, copolymère d'acrylate d'hydroxyéthyle/acryloyldiméthyl taurate de sodium, squalane, cétéareth-20, phénoxyéthanol, parfum, beurre de karité (butyrospermum parkii), hydroxyde d'aluminium, polyacrylate d'ammonium, céramide np, phytosphingosine, hyaluronate de sodium, pentaérythrityl tétra-di-t-butyle hydroxyhydrocinnamate, éthylhexylglycérine, vanilline. peut contenir (+/-) : dioxyde de titane (ci 77891), jaune 6 (ci 15985), rouge 33 (ci 17200), bleu 1 (ci 42090), jaune 5 (ci 19140), rouge 28 (ci 45410).

pois de senteur aqua (eau), diphényl diméthicone, malate de diisostéaryle, polyisobutène hydrogéné, polyacyladipate de bis-diglycéryle-2, dimère de bis-béhényl/isostéaryl/phytostéryle, dilinoléate de dimère de dilinoléyle, glycérine, octyldodécanol, butylène glycol, cétyl peg/ppg-10/1 diméthicone, isostéarate de sorbitane, polysorbate 60, pentylène glycol, copolymère d'acrylate d'hydroxyéthyle/acryloyldiméthyl taurate de sodium, squalane, cétéareth-20, phénoxyéthanol, parfum, beurre de karité (butyrospermum parkii), hydroxyde d'aluminium, polyacrylate d'ammonium, céramide np, phytosphingosine, hyaluronate de sodium, pentaérythrityl tétra-di-t-butyle hydroxyhydrocinnamate, éthylhexylglycérine, vanilline. peut contenir (+/-) : dioxyde de titane (ci 77891), jaune 6 (ci 15985), rouge 33 (ci 17200), bleu 1 (ci 42090), jaune 5 (ci 19140), rouge 28 (ci 45410).

dahlia noir aqua (water), diphenyl dimethicone, diisostearyl malate, hydrogenated polyisobutene, bis-diglyceryl polyacyladipate-2, bis-behenyl/isostearyl/phytosteryl dimer dilinoleyl dimer dilinoleate, glycerin, octyldodecanol, butylene glycol, cetyl peg/ppg-10/1 dimethicone, sorbitan isostearate, polysorbate 60, pentylene glycol, hydroxyethyl acrylate/sodium acryloyldimethyl taurate copolymer, squalane, ceteareth-20, phenoxyethanol, fragrance (parfum), butyrospermum parkii (shea) butter, aluminum hydroxide, ammonium polyacrylate, ceramide np, phytosphingosine, sodium hyaluronate, pentaerythrityl tetra-di-t-butyl hydroxyhydrocinnamate, ethylhexylglycerin, vanillin. may contain (+/-): titanium dioxide (ci 77891), yellow 6 (ci 15985), red 33 (ci 17200), blue 1 (ci 42090), yellow 5 (ci 19140), red 28 (ci 45410).

rose de moab aqua (water), diphenyl dimethicone, diisostearyl malate, hydrogenated polyisobutene, bis-diglyceryl polyacyladipate-2, bis-behenyl/isostearyl/phytosteryl dimer dilinoleyl dimer dilinoleate, glycerin, octyldodecanol, butylene glycol, cetyl peg/ppg-10/1 dimethicone, sorbitan isostearate, polysorbate 60, pentylene glycol, hydroxyethyl acrylate/sodium acryloyldimethyl taurate copolymer, squalane, ceteareth-20, phenoxyethanol, fragrance (parfum), butyrospermum parkii (shea) butter, aluminum hydroxide, ammonium polyacrylate, ceramide np, phytosphingosine, sodium hyaluronate, pentaerythrityl tetra-di-t-butyl hydroxyhydrocinnamate, ethylhexylglycerin, vanillin. may contain (+/-): titanium dioxide (ci 77891), yellow 6 (ci 15985), red 33 (ci 17200), blue 1 (ci 42090), yellow 5 (ci 19140), red 28 (ci 45410).

this list of ingredients is subject to change; please refer to the packaging of the purchased product.",'4.2,14
Make Up,Lips,'15226032521596,'55165375447420,Violette FR,Lip Nectar,https://ohmycream.co.uk/collections/make-up-lips/products/violette-fr-lip-nectar?variant=55165375447420,https://cdn.shopify.com/s/files/1/0555/4071/1596/files/Lip_Nectar_Dahlia_Noir_Violette_Fr_d670fbc7-7bb4-45c9-b29a-8ff7606ba9de.jpg?v=1751548071,"Complete list of ingredients

bêtise aqua (eau), diphényl diméthicone, malate de diisostéaryle, polyisobutène hydrogéné, polyacyladipate de bis-diglycéryle-2, dimère de bis-béhényl/isostéaryl/phytostéryle, dilinoléate de dimère de dilinoléyle, glycérine, octyldodécanol, butylène glycol, cétyl peg/ppg-10/1 diméthicone, isostéarate de sorbitane, polysorbate 60, pentylène glycol, copolymère d'acrylate d'hydroxyéthyle/acryloyldiméthyl taurate de sodium, squalane, cétéareth-20, phénoxyéthanol, parfum, beurre de karité (butyrospermum parkii), hydroxyde d'aluminium, polyacrylate d'ammonium, céramide np, phytosphingosine, hyaluronate de sodium, pentaérythrityl tétra-di-t-butyle hydroxyhydrocinnamate, éthylhexylglycérine, vanilline. peut contenir (+/-) : dioxyde de titane (ci 77891), jaune 6 (ci 15985), rouge 33 (ci 17200), bleu 1 (ci 42090), jaune 5 (ci 19140), rouge 28 (ci 45410).

pois de senteur aqua (eau), diphényl diméthicone, malate de diisostéaryle, polyisobutène hydrogéné, polyacyladipate de bis-diglycéryle-2, dimère de bis-béhényl/isostéaryl/phytostéryle, dilinoléate de dimère de dilinoléyle, glycérine, octyldodécanol, butylène glycol, cétyl peg/ppg-10/1 diméthicone, isostéarate de sorbitane, polysorbate 60, pentylène glycol, copolymère d'acrylate d'hydroxyéthyle/acryloyldiméthyl taurate de sodium, squalane, cétéareth-20, phénoxyéthanol, parfum, beurre de karité (butyrospermum parkii), hydroxyde d'aluminium, polyacrylate d'ammonium, céramide np, phytosphingosine, hyaluronate de sodium, pentaérythrityl tétra-di-t-butyle hydroxyhydrocinnamate, éthylhexylglycérine, vanilline. peut contenir (+/-) : dioxyde de titane (ci 77891), jaune 6 (ci 15985), rouge 33 (ci 17200), bleu 1 (ci 42090), jaune 5 (ci 19140), rouge 28 (ci 45410).

dahlia noir aqua (water), diphenyl dimethicone, diisostearyl malate, hydrogenated polyisobutene, bis-diglyceryl polyacyladipate-2, bis-behenyl/isostearyl/phytosteryl dimer dilinoleyl dimer dilinoleate, glycerin, octyldodecanol, butylene glycol, cetyl peg/ppg-10/1 dimethicone, sorbitan isostearate, polysorbate 60, pentylene glycol, hydroxyethyl acrylate/sodium acryloyldimethyl taurate copolymer, squalane, ceteareth-20, phenoxyethanol, fragrance (parfum), butyrospermum parkii (shea) butter, aluminum hydroxide, ammonium polyacrylate, ceramide np, phytosphingosine, sodium hyaluronate, pentaerythrityl tetra-di-t-butyl hydroxyhydrocinnamate, ethylhexylglycerin, vanillin. may contain (+/-): titanium dioxide (ci 77891), yellow 6 (ci 15985), red 33 (ci 17200), blue 1 (ci 42090), yellow 5 (ci 19140), red 28 (ci 45410).

rose de moab aqua (water), diphenyl dimethicone, diisostearyl malate, hydrogenated polyisobutene, bis-diglyceryl polyacyladipate-2, bis-behenyl/isostearyl/phytosteryl dimer dilinoleyl dimer dilinoleate, glycerin, octyldodecanol, butylene glycol, cetyl peg/ppg-10/1 dimethicone, sorbitan isostearate, polysorbate 60, pentylene glycol, hydroxyethyl acrylate/sodium acryloyldimethyl taurate copolymer, squalane, ceteareth-20, phenoxyethanol, fragrance (parfum), butyrospermum parkii (shea) butter, aluminum hydroxide, ammonium polyacrylate, ceramide np, phytosphingosine, sodium hyaluronate, pentaerythrityl tetra-di-t-butyl hydroxyhydrocinnamate, ethylhexylglycerin, vanillin. may contain (+/-): titanium dioxide (ci 77891), yellow 6 (ci 15985), red 33 (ci 17200), blue 1 (ci 42090), yellow 5 (ci 19140), red 28 (ci 45410).

this list of ingredients is subject to change; please refer to the packaging of the purchased product.",'4.2,14
Make Up,Lips,'8025218711724,'43714518352044,Violette FR,Bisou Jelly Sheer Lip Shine,https://ohmycream.co.uk/collections/make-up-lips/products/violette-fr-bisou-jelly-sheer-lip-shine?variant=43714518352044,https://cdn.shopify.com/s/files/1/0555/4071/1596/files/2024_09_Violette_FR_Bisou_Jelly_Pomme_d_Amour_Packshot.jpg?v=1726067418,"Complete list of ingredients

pomme d'amour hydrogenated polyisobutene, octyldodecanol, polyamide-3, tridecyl trimellitate, ricinus communis seed oil / ricinus communis (castor) seed oil, isostearic acid, dibutyl lauroyl glutamide, synthetic wax, bis-diglyceryl polyacyladipate-2, pentaerythrityl tetraisostearate, synthetic beeswax, dibutyl ethylhexanoyl glutamide, polybutene, vp/hexadecene copolymer, ethyl vanillin, synthetic fluorphlogopite, helianthus annuus seed oil / helianthus annuus (sunflower) seed oil, candelilla cera / euphorbia cerifera (candelilla) wax, tocopheryl acetate, pentaerythrityl tetra-di-t-butyl hydroxyhydrocinnamate, jojoba esters, helianthus annus seed cera / helianthus annuus (sunflower) seed wax, vitex agnus-castus extract, polyglycerin-3, acacia decurrens flower cera / acacia decurrens flower wax, tocopherol, (+/-): titanium dioxide (ci 77891), yellow 5 lake (ci 19140), iron oxides (ci 77491, ci 77492, ci 77499), blue 1 lake (ci 42090), red 28 lake (ci 45410), red 6 (ci 15850).

bonbon caramel hydrogenated polyisobutene, octyldodecanol, polyamide-3, tridecyl trimellitate, ricinus communis seed oil / ricinus communis (castor) seed oil, isostearic acid, dibutyl lauroyl glutamide, synthetic wax, bis-diglyceryl polyacyladipate-2, pentaerythrityl tetraisostearate, synthetic beeswax, dibutyl ethylhexanoyl glutamide, polybutene, vp/hexadecene copolymer, ethyl vanillin, synthetic fluorphlogopite, helianthus annuus seed oil / helianthus annuus (sunflower) seed oil, candelilla cera / euphorbia cerifera (candelilla) wax, tocopheryl acetate, pentaerythrityl tetra-di-t-butyl hydroxyhydrocinnamate, jojoba esters, helianthus annus seed cera / helianthus annuus (sunflower) seed wax, vitex agnus-castus extract, polyglycerin-3, acacia decurrens flower cera / acacia decurrens flower wax, tocopherol, (+/-): titanium dioxide (ci 77891), yellow 5 lake (ci 19140), iron oxides (ci 77491, ci 77492, ci 77499), blue 1 lake (ci 42090), red 28 lake (ci 45410), red 6 (ci 15850).

aissa hydrogenated polyisobutene, octyldodecanol, polyamide-3, tridecyl trimellitate, ricinus communis seed oil / ricinus communis (castor) seed oil, isostearic acid, dibutyl lauroyl glutamide, synthetic wax, bis-diglyceryl polyacyladipate-2, pentaerythrityl tetraisostearate, synthetic fluorphlogopite, synthetic beeswax, dibutyl ethylhexanoyl glutamide, polybutene, vp/hexadecene copolymer, ethyl vanillin, helianthus annuus seed oil / helianthus annuus (sunflower) seed oil, candelilla cera / euphorbia cerifera (candelilla) wax, tocopheryl acetate, pentaerythrityl tetra-di-t-butyl hydroxyhydrocinnamate, jojoba esters, helianthus annus seed cera / helianthus annuus (sunflower) seed wax, vitex agnus-castus extract, polyglycerin-3, acacia decurrens flower cera / acacia decurrens flower wax, tocopherol. may contain: titanium dioxide (ci 77891), red 7 lake (ci 15850), blue 1 lake (ci 42090), red 28 lake (ci 45410), iron oxides (ci 77491).

bonbon a la rose hydrogenated polyisobutene, octyldodecanol, polyamide-3, tridecyl trimellitate, ricinus communis seed oil / ricinus communis (castor) seed oil, isostearic acid, dibutyl lauroyl glutamide, synthetic wax, bis-diglyceryl polyacyladipate-2, pentaerythrityl tetraisostearate, synthetic beeswax, dibutyl ethylhexanoyl glutamide, polybutene, vp/hexadecene copolymer, ethyl vanillin, synthetic fluorphlogopite, helianthus annuus seed oil / helianthus annuus (sunflower) seed oil, candelilla cera / euphorbia cerifera (candelilla) wax, tocopheryl acetate, pentaerythrityl tetra-di-t-butyl hydroxyhydrocinnamate, jojoba esters, helianthus annus seed cera / helianthus annuus (sunflower) seed wax, vitex agnus-castus extract, polyglycerin-3, acacia decurrens flower cera / acacia decurrens flower wax, tocopherol, (+/-): titanium dioxide (ci 77891), yellow 5 lake (ci 19140), iron oxides (ci 77491, ci 77492, ci 77499), blue 1 lake (ci 42090), red 28 lake (ci 45410), red 6 (ci 15850).)""

this list of ingredients is subject to change; please refer to the packaging of the purchased product.",'4.2,20
Make Up,Lips,'8025218711724,'43714518286508,Violette FR,Bisou Jelly Sheer Lip Shine,https://ohmycream.co.uk/collections/make-up-lips/products/violette-fr-bisou-jelly-sheer-lip-shine?variant=43714518286508,https://cdn.shopify.com/s/files/1/0555/4071/1596/files/2024_09_Violette_FR_Bisou_Jelly_Bonbon_a_la_Rose_Packshot.jpg?v=1726067418,"Complete list of ingredients

pomme d'amour hydrogenated polyisobutene, octyldodecanol, polyamide-3, tridecyl trimellitate, ricinus communis seed oil / ricinus communis (castor) seed oil, isostearic acid, dibutyl lauroyl glutamide, synthetic wax, bis-diglyceryl polyacyladipate-2, pentaerythrityl tetraisostearate, synthetic beeswax, dibutyl ethylhexanoyl glutamide, polybutene, vp/hexadecene copolymer, ethyl vanillin, synthetic fluorphlogopite, helianthus annuus seed oil / helianthus annuus (sunflower) seed oil, candelilla cera / euphorbia cerifera (candelilla) wax, tocopheryl acetate, pentaerythrityl tetra-di-t-butyl hydroxyhydrocinnamate, jojoba esters, helianthus annus seed cera / helianthus annuus (sunflower) seed wax, vitex agnus-castus extract, polyglycerin-3, acacia decurrens flower cera / acacia decurrens flower wax, tocopherol, (+/-): titanium dioxide (ci 77891), yellow 5 lake (ci 19140), iron oxides (ci 77491, ci 77492, ci 77499), blue 1 lake (ci 42090), red 28 lake (ci 45410), red 6 (ci 15850).

bonbon caramel hydrogenated polyisobutene, octyldodecanol, polyamide-3, tridecyl trimellitate, ricinus communis seed oil / ricinus communis (castor) seed oil, isostearic acid, dibutyl lauroyl glutamide, synthetic wax, bis-diglyceryl polyacyladipate-2, pentaerythrityl tetraisostearate, synthetic beeswax, dibutyl ethylhexanoyl glutamide, polybutene, vp/hexadecene copolymer, ethyl vanillin, synthetic fluorphlogopite, helianthus annuus seed oil / helianthus annuus (sunflower) seed oil, candelilla cera / euphorbia cerifera (candelilla) wax, tocopheryl acetate, pentaerythrityl tetra-di-t-butyl hydroxyhydrocinnamate, jojoba esters, helianthus annus seed cera / helianthus annuus (sunflower) seed wax, vitex agnus-castus extract, polyglycerin-3, acacia decurrens flower cera / acacia decurrens flower wax, tocopherol, (+/-): titanium dioxide (ci 77891), yellow 5 lake (ci 19140), iron oxides (ci 77491, ci 77492, ci 77499), blue 1 lake (ci 42090), red 28 lake (ci 45410), red 6 (ci 15850).

aissa hydrogenated polyisobutene, octyldodecanol, polyamide-3, tridecyl trimellitate, ricinus communis seed oil / ricinus communis (castor) seed oil, isostearic acid, dibutyl lauroyl glutamide, synthetic wax, bis-diglyceryl polyacyladipate-2, pentaerythrityl tetraisostearate, synthetic fluorphlogopite, synthetic beeswax, dibutyl ethylhexanoyl glutamide, polybutene, vp/hexadecene copolymer, ethyl vanillin, helianthus annuus seed oil / helianthus annuus (sunflower) seed oil, candelilla cera / euphorbia cerifera (candelilla) wax, tocopheryl acetate, pentaerythrityl tetra-di-t-butyl hydroxyhydrocinnamate, jojoba esters, helianthus annus seed cera / helianthus annuus (sunflower) seed wax, vitex agnus-castus extract, polyglycerin-3, acacia decurrens flower cera / acacia decurrens flower wax, tocopherol. may contain: titanium dioxide (ci 77891), red 7 lake (ci 15850), blue 1 lake (ci 42090), red 28 lake (ci 45410), iron oxides (ci 77491).

bonbon a la rose hydrogenated polyisobutene, octyldodecanol, polyamide-3, tridecyl trimellitate, ricinus communis seed oil / ricinus communis (castor) seed oil, isostearic acid, dibutyl lauroyl glutamide, synthetic wax, bis-diglyceryl polyacyladipate-2, pentaerythrityl tetraisostearate, synthetic beeswax, dibutyl ethylhexanoyl glutamide, polybutene, vp/hexadecene copolymer, ethyl vanillin, synthetic fluorphlogopite, helianthus annuus seed oil / helianthus annuus (sunflower) seed oil, candelilla cera / euphorbia cerifera (candelilla) wax, tocopheryl acetate, pentaerythrityl tetra-di-t-butyl hydroxyhydrocinnamate, jojoba esters, helianthus annus seed cera / helianthus annuus (sunflower) seed wax, vitex agnus-castus extract, polyglycerin-3, acacia decurrens flower cera / acacia decurrens flower wax, tocopherol, (+/-): titanium dioxide (ci 77891), yellow 5 lake (ci 19140), iron oxides (ci 77491, ci 77492, ci 77499), blue 1 lake (ci 42090), red 28 lake (ci 45410), red 6 (ci 15850).)""

this list of ingredients is subject to change; please refer to the packaging of the purchased product.",'4.2,20
Make Up,Lips,'8025218711724,'43714518384812,Violette FR,Bisou Jelly Sheer Lip Shine,https://ohmycream.co.uk/collections/make-up-lips/products/violette-fr-bisou-jelly-sheer-lip-shine?variant=43714518384812,https://cdn.shopify.com/s/files/1/0555/4071/1596/files/2024_09_Violette_FR_Bisou_Jelly_Bonbon_Caramel_Packshot.jpg?v=1726067418,"Complete list of ingredients

pomme d'amour hydrogenated polyisobutene, octyldodecanol, polyamide-3, tridecyl trimellitate, ricinus communis seed oil / ricinus communis (castor) seed oil, isostearic acid, dibutyl lauroyl glutamide, synthetic wax, bis-diglyceryl polyacyladipate-2, pentaerythrityl tetraisostearate, synthetic beeswax, dibutyl ethylhexanoyl glutamide, polybutene, vp/hexadecene copolymer, ethyl vanillin, synthetic fluorphlogopite, helianthus annuus seed oil / helianthus annuus (sunflower) seed oil, candelilla cera / euphorbia cerifera (candelilla) wax, tocopheryl acetate, pentaerythrityl tetra-di-t-butyl hydroxyhydrocinnamate, jojoba esters, helianthus annus seed cera / helianthus annuus (sunflower) seed wax, vitex agnus-castus extract, polyglycerin-3, acacia decurrens flower cera / acacia decurrens flower wax, tocopherol, (+/-): titanium dioxide (ci 77891), yellow 5 lake (ci 19140), iron oxides (ci 77491, ci 77492, ci 77499), blue 1 lake (ci 42090), red 28 lake (ci 45410), red 6 (ci 15850).

bonbon caramel hydrogenated polyisobutene, octyldodecanol, polyamide-3, tridecyl trimellitate, ricinus communis seed oil / ricinus communis (castor) seed oil, isostearic acid, dibutyl lauroyl glutamide, synthetic wax, bis-diglyceryl polyacyladipate-2, pentaerythrityl tetraisostearate, synthetic beeswax, dibutyl ethylhexanoyl glutamide, polybutene, vp/hexadecene copolymer, ethyl vanillin, synthetic fluorphlogopite, helianthus annuus seed oil / helianthus annuus (sunflower) seed oil, candelilla cera / euphorbia cerifera (candelilla) wax, tocopheryl acetate, pentaerythrityl tetra-di-t-butyl hydroxyhydrocinnamate, jojoba esters, helianthus annus seed cera / helianthus annuus (sunflower) seed wax, vitex agnus-castus extract, polyglycerin-3, acacia decurrens flower cera / acacia decurrens flower wax, tocopherol, (+/-): titanium dioxide (ci 77891), yellow 5 lake (ci 19140), iron oxides (ci 77491, ci 77492, ci 77499), blue 1 lake (ci 42090), red 28 lake (ci 45410), red 6 (ci 15850).

aissa hydrogenated polyisobutene, octyldodecanol, polyamide-3, tridecyl trimellitate, ricinus communis seed oil / ricinus communis (castor) seed oil, isostearic acid, dibutyl lauroyl glutamide, synthetic wax, bis-diglyceryl polyacyladipate-2, pentaerythrityl tetraisostearate, synthetic fluorphlogopite, synthetic beeswax, dibutyl ethylhexanoyl glutamide, polybutene, vp/hexadecene copolymer, ethyl vanillin, helianthus annuus seed oil / helianthus annuus (sunflower) seed oil, candelilla cera / euphorbia cerifera (candelilla) wax, tocopheryl acetate, pentaerythrityl tetra-di-t-butyl hydroxyhydrocinnamate, jojoba esters, helianthus annus seed cera / helianthus annuus (sunflower) seed wax, vitex agnus-castus extract, polyglycerin-3, acacia decurrens flower cera / acacia decurrens flower wax, tocopherol. may contain: titanium dioxide (ci 77891), red 7 lake (ci 15850), blue 1 lake (ci 42090), red 28 lake (ci 45410), iron oxides (ci 77491).

bonbon a la rose hydrogenated polyisobutene, octyldodecanol, polyamide-3, tridecyl trimellitate, ricinus communis seed oil / ricinus communis (castor) seed oil, isostearic acid, dibutyl lauroyl glutamide, synthetic wax, bis-diglyceryl polyacyladipate-2, pentaerythrityl tetraisostearate, synthetic beeswax, dibutyl ethylhexanoyl glutamide, polybutene, vp/hexadecene copolymer, ethyl vanillin, synthetic fluorphlogopite, helianthus annuus seed oil / helianthus annuus (sunflower) seed oil, candelilla cera / euphorbia cerifera (candelilla) wax, tocopheryl acetate, pentaerythrityl tetra-di-t-butyl hydroxyhydrocinnamate, jojoba esters, helianthus annus seed cera / helianthus annuus (sunflower) seed wax, vitex agnus-castus extract, polyglycerin-3, acacia decurrens flower cera / acacia decurrens flower wax, tocopherol, (+/-): titanium dioxide (ci 77891), yellow 5 lake (ci 19140), iron oxides (ci 77491, ci 77492, ci 77499), blue 1 lake (ci 42090), red 28 lake (ci 45410), red 6 (ci 15850).)""

this list of ingredients is subject to change; please refer to the packaging of the purchased product.",'4.2,20
Make Up,Lips,'8025218711724,'43714518319276,Violette FR,Bisou Jelly Sheer Lip Shine,https://ohmycream.co.uk/collections/make-up-lips/products/violette-fr-bisou-jelly-sheer-lip-shine?variant=43714518319276,https://cdn.shopify.com/s/files/1/0555/4071/1596/files/2024_09_Violette_FR_Bisou_Jelly_Aissa_Packshot.jpg?v=1726067418,"Complete list of ingredients

pomme d'amour hydrogenated polyisobutene, octyldodecanol, polyamide-3, tridecyl trimellitate, ricinus communis seed oil / ricinus communis (castor) seed oil, isostearic acid, dibutyl lauroyl glutamide, synthetic wax, bis-diglyceryl polyacyladipate-2, pentaerythrityl tetraisostearate, synthetic beeswax, dibutyl ethylhexanoyl glutamide, polybutene, vp/hexadecene copolymer, ethyl vanillin, synthetic fluorphlogopite, helianthus annuus seed oil / helianthus annuus (sunflower) seed oil, candelilla cera / euphorbia cerifera (candelilla) wax, tocopheryl acetate, pentaerythrityl tetra-di-t-butyl hydroxyhydrocinnamate, jojoba esters, helianthus annus seed cera / helianthus annuus (sunflower) seed wax, vitex agnus-castus extract, polyglycerin-3, acacia decurrens flower cera / acacia decurrens flower wax, tocopherol, (+/-): titanium dioxide (ci 77891), yellow 5 lake (ci 19140), iron oxides (ci 77491, ci 77492, ci 77499), blue 1 lake (ci 42090), red 28 lake (ci 45410), red 6 (ci 15850).

bonbon caramel hydrogenated polyisobutene, octyldodecanol, polyamide-3, tridecyl trimellitate, ricinus communis seed oil / ricinus communis (castor) seed oil, isostearic acid, dibutyl lauroyl glutamide, synthetic wax, bis-diglyceryl polyacyladipate-2, pentaerythrityl tetraisostearate, synthetic beeswax, dibutyl ethylhexanoyl glutamide, polybutene, vp/hexadecene copolymer, ethyl vanillin, synthetic fluorphlogopite, helianthus annuus seed oil / helianthus annuus (sunflower) seed oil, candelilla cera / euphorbia cerifera (candelilla) wax, tocopheryl acetate, pentaerythrityl tetra-di-t-butyl hydroxyhydrocinnamate, jojoba esters, helianthus annus seed cera / helianthus annuus (sunflower) seed wax, vitex agnus-castus extract, polyglycerin-3, acacia decurrens flower cera / acacia decurrens flower wax, tocopherol, (+/-): titanium dioxide (ci 77891), yellow 5 lake (ci 19140), iron oxides (ci 77491, ci 77492, ci 77499), blue 1 lake (ci 42090), red 28 lake (ci 45410), red 6 (ci 15850).

aissa hydrogenated polyisobutene, octyldodecanol, polyamide-3, tridecyl trimellitate, ricinus communis seed oil / ricinus communis (castor) seed oil, isostearic acid, dibutyl lauroyl glutamide, synthetic wax, bis-diglyceryl polyacyladipate-2, pentaerythrityl tetraisostearate, synthetic fluorphlogopite, synthetic beeswax, dibutyl ethylhexanoyl glutamide, polybutene, vp/hexadecene copolymer, ethyl vanillin, helianthus annuus seed oil / helianthus annuus (sunflower) seed oil, candelilla cera / euphorbia cerifera (candelilla) wax, tocopheryl acetate, pentaerythrityl tetra-di-t-butyl hydroxyhydrocinnamate, jojoba esters, helianthus annus seed cera / helianthus annuus (sunflower) seed wax, vitex agnus-castus extract, polyglycerin-3, acacia decurrens flower cera / acacia decurrens flower wax, tocopherol. may contain: titanium dioxide (ci 77891), red 7 lake (ci 15850), blue 1 lake (ci 42090), red 28 lake (ci 45410), iron oxides (ci 77491).

bonbon a la rose hydrogenated polyisobutene, octyldodecanol, polyamide-3, tridecyl trimellitate, ricinus communis seed oil / ricinus communis (castor) seed oil, isostearic acid, dibutyl lauroyl glutamide, synthetic wax, bis-diglyceryl polyacyladipate-2, pentaerythrityl tetraisostearate, synthetic beeswax, dibutyl ethylhexanoyl glutamide, polybutene, vp/hexadecene copolymer, ethyl vanillin, synthetic fluorphlogopite, helianthus annuus seed oil / helianthus annuus (sunflower) seed oil, candelilla cera / euphorbia cerifera (candelilla) wax, tocopheryl acetate, pentaerythrityl tetra-di-t-butyl hydroxyhydrocinnamate, jojoba esters, helianthus annus seed cera / helianthus annuus (sunflower) seed wax, vitex agnus-castus extract, polyglycerin-3, acacia decurrens flower cera / acacia decurrens flower wax, tocopherol, (+/-): titanium dioxide (ci 77891), yellow 5 lake (ci 19140), iron oxides (ci 77491, ci 77492, ci 77499), blue 1 lake (ci 42090), red 28 lake (ci 45410), red 6 (ci 15850).)""

this list of ingredients is subject to change; please refer to the packaging of the purchased product.",'4.2,20
Make Up,Lips,'7861143994540,'43619984703660,Ilia,Lip Sketch Hydrating Crayon,https://ohmycream.co.uk/collections/make-up-lips/products/ilia-lip-sketch-hydrating-crayon?variant=43619984703660,https://cdn.shopify.com/s/files/1/0555/4071/1596/files/Crayon_levreshydratantpampas_Ilia.jpg?v=1720617662,"Complete list of ingredients

pink door tridecyl trimellitate, octyldodecanol, dicalcium phosphate, synthetic wax, caprylic/capric triglyceride, diisostearyl malate, synthetic beeswax, helianthus annuus (sunflower) seed wax, rosa canina fruit oil, salicornia herbacea extract, undaria pinnatifida extract, sodium hyaluronate, rubus idaeus (raspberry) leaf extract, ricinus communis (castor) seed oil, disteardimonium hectorite, propylene carbonate, pentaerythrityl tetra-di-t-butyl hydroxyhydrocinnamate, hydrogenated castor oil, barium sulfate. may contain/peut contenir (+/-): ci 77891 (titanium dioxide), ci 15850 (red 7 lake), mica, ci 15850 (red 6), ci 19140 (yellow 5 lake), ci 15850 (red 7), ci 77491, ci 77492, ci 77499 (iron oxides), ci 15850 (red 7), ci 45410 (red 28 lake), ci 42090 (blue 1 lake), ci 45380 (red 22 lake), ci 15985 (yellow 6 lake).

banquette tridecyl trimellitate, octyldodecanol, dicalcium phosphate, synthetic wax, caprylic/capric triglyceride, diisostearyl malate, synthetic beeswax, helianthus annuus (sunflower) seed wax, rosa canina fruit oil, salicornia herbacea extract, undaria pinnatifida extract, sodium hyaluronate, rubus idaeus (raspberry) leaf extract, ricinus communis (castor) seed oil, disteardimonium hectorite, propylene carbonate, pentaerythrityl tetra-di-t-butyl hydroxyhydrocinnamate, hydrogenated castor oil, barium sulfate. may contain/peut contenir (+/-): ci 77891 (titanium dioxide), ci 15850 (red 7 lake), mica, ci 15850 (red 6), ci 19140 (yellow 5 lake), ci 15850 (red 7), ci 77491, ci 77492, ci 77499 (iron oxides), ci 15850 (red 7), ci 45410 (red 28 lake), ci 42090 (blue 1 lake), ci 45380 (red 22 lake), ci 15985 (yellow 6 lake).

genre tridecyl trimellitate, octyldodecanol, dicalcium phosphate, synthetic wax, caprylic/capric triglyceride, diisostearyl malate, synthetic beeswax, helianthus annuus (sunflower) seed wax, rosa canina fruit oil, salicornia herbacea extract, undaria pinnatifida extract, sodium hyaluronate, rubus idaeus (raspberry) leaf extract, ricinus communis (castor) seed oil, disteardimonium hectorite, propylene carbonate, pentaerythrityl tetra-di-t-butyl hydroxyhydrocinnamate, hydrogenated castor oil, barium sulfate. may contain/peut contenir (+/-): ci 77891 (titanium dioxide), ci 15850 (red 7 lake), mica, ci 15850 (red 6), ci 19140 (yellow 5 lake), ci 15850 (red 7), ci 77491, ci 77492, ci 77499 (iron oxides), ci 15850 (red 7), ci 45410 (red 28 lake), ci 42090 (blue 1 lake), ci 45380 (red 22 lake), ci 15985 (yellow 6 lake).

piazza tridecyl trimellitate, octyldodecanol, dicalcium phosphate, synthetic wax, caprylic/capric triglyceride, diisostearyl malate, synthetic beeswax, helianthus annuus (sunflower) seed wax, rosa canina fruit oil, salicornia herbacea extract, undaria pinnatifida extract, sodium hyaluronate, rubus idaeus (raspberry) leaf extract, ricinus communis (castor) seed oil, disteardimonium hectorite, propylene carbonate, pentaerythrityl tetra-di-t-butyl hydroxyhydrocinnamate, hydrogenated castor oil, barium sulfate. may contain/peut contenir (+/-): ci 77891 (titanium dioxide), ci 15850 (red 7 lake), mica, ci 15850 (red 6), ci 19140 (yellow 5 lake), ci 15850 (red 7), ci 77491, ci 77492, ci 77499 (iron oxides), ci 15850 (red 7), ci 45410 (red 28 lake), ci 42090 (blue 1 lake), ci 45380 (red 22 lake), ci 15985 (yellow 6 lake).

night bloom tridecyl trimellitate, octyldodecanol, dicalcium phosphate, synthetic wax, caprylic/capric triglyceride, diisostearyl malate, synthetic beeswax, helianthus annuus (sunflower) seed wax, rosa canina fruit oil, salicornia herbacea extract, undaria pinnatifida extract, sodium hyaluronate, rubus idaeus (raspberry) leaf extract, ricinus communis (castor) seed oil, disteardimonium hectorite, propylene carbonate, pentaerythrityl tetra-di-t-butyl hydroxyhydrocinnamate, hydrogenated castor oil, barium sulfate. may contain/peut contenir (+/-): ci 77891 (titanium dioxide), ci 15850 (red 7 lake), mica, ci 15850 (red 6), ci 19140 (yellow 5 lake), ci 15850 (red 7), ci 77491, ci 77492, ci 77499 (iron oxides), ci 15850 (red 7), ci 45410 (red 28 lake), ci 42090 (blue 1 lake), ci 45380 (red 22 lake), ci 15985 (yellow 6 lake).

blue note tridecyl trimellitate, octyldodecanol, dicalcium phosphate, synthetic wax, caprylic/capric triglyceride, diisostearyl malate, synthetic beeswax, helianthus annuus (sunflower) seed wax, rosa canina fruit oil, salicornia herbacea extract, undaria pinnatifida extract, sodium hyaluronate, rubus idaeus (raspberry) leaf extract, ricinus communis (castor) seed oil, disteardimonium hectorite, propylene carbonate, pentaerythrityl tetra-di-t-butyl hydroxyhydrocinnamate, hydrogenated castor oil, barium sulfate. may contain/peut contenir (+/-): ci 77891 (titanium dioxide), ci 15850 (red 7 lake), mica, ci 15850 (red 6), ci 19140 (yellow 5 lake), ci 15850 (red 7), ci 77491, ci 77492, ci 77499 (iron oxides), ci 15850 (red 7), ci 45410 (red 28 lake), ci 42090 (blue 1 lake), ci 45380 (red 22 lake), ci 15985 (yellow 6 lake).

gala tridecyl trimellitate, octyldodecanol, dicalcium phosphate, synthetic wax, caprylic/capric triglyceride, diisostearyl malate, synthetic beeswax, helianthus annuus (sunflower) seed wax, rosa canina fruit oil, salicornia herbacea extract, undaria pinnatifida extract, sodium hyaluronate, rubus idaeus (raspberry) leaf extract, ricinus communis (castor) seed oil, disteardimonium hectorite, propylene carbonate, pentaerythrityl tetra-di-t-butyl hydroxyhydrocinnamate, hydrogenated castor oil, barium sulfate. may contain/peut contenir (+/-): ci 77891 (titanium dioxide), ci 15850 (red 7 lake), mica, ci 15850 (red 6), ci 19140 (yellow 5 lake), ci 15850 (red 7), ci 77491, ci 77492, ci 77499 (iron oxides), ci 15850 (red 7), ci 45410 (red 28 lake), ci 42090 (blue 1 lake), ci 45380 (red 22 lake), ci 15985 (yellow 6 lake).

kiln tridecyl trimellitate, octyldodecanol, dicalcium phosphate, synthetic wax, caprylic/capric triglyceride, diisostearyl malate, synthetic beeswax, helianthus annuus (sunflower) seed wax, rosa canina fruit oil, salicornia herbacea extract, undaria pinnatifida extract, sodium hyaluronate, rubus idaeus (raspberry) leaf extract, ricinus communis (castor) seed oil, disteardimonium hectorite, propylene carbonate, pentaerythrityl tetra-di-t-butyl hydroxyhydrocinnamate, hydrogenated castor oil, barium sulfate. may contain/peut contenir (+/-): ci 77891 (titanium dioxide), ci 15850 (red 7 lake), mica, ci 15850 (red 6), ci 19140 (yellow 5 lake), ci 15850 (red 7), ci 77491, ci 77492, ci 77499 (iron oxides), ci 15850 (red 7), ci 45410 (red 28 lake), ci 42090 (blue 1 lake), ci 45380 (red 22 lake), ci 15985 (yellow 6 lake).

this list of ingredients is subject to change; please refer to the packaging of the purchased product.",'4.6,43
Make Up,Lips,'7861143994540,'43291325923500,Ilia,Lip Sketch Hydrating Crayon,https://ohmycream.co.uk/collections/make-up-lips/products/ilia-lip-sketch-hydrating-crayon?variant=43291325923500,https://cdn.shopify.com/s/files/1/0555/4071/1596/files/Crayonlevreshydratantpinkdoor_ILIA.jpg?v=1720617662,"Complete list of ingredients

pink door tridecyl trimellitate, octyldodecanol, dicalcium phosphate, synthetic wax, caprylic/capric triglyceride, diisostearyl malate, synthetic beeswax, helianthus annuus (sunflower) seed wax, rosa canina fruit oil, salicornia herbacea extract, undaria pinnatifida extract, sodium hyaluronate, rubus idaeus (raspberry) leaf extract, ricinus communis (castor) seed oil, disteardimonium hectorite, propylene carbonate, pentaerythrityl tetra-di-t-butyl hydroxyhydrocinnamate, hydrogenated castor oil, barium sulfate. may contain/peut contenir (+/-): ci 77891 (titanium dioxide), ci 15850 (red 7 lake), mica, ci 15850 (red 6), ci 19140 (yellow 5 lake), ci 15850 (red 7), ci 77491, ci 77492, ci 77499 (iron oxides), ci 15850 (red 7), ci 45410 (red 28 lake), ci 42090 (blue 1 lake), ci 45380 (red 22 lake), ci 15985 (yellow 6 lake).

banquette tridecyl trimellitate, octyldodecanol, dicalcium phosphate, synthetic wax, caprylic/capric triglyceride, diisostearyl malate, synthetic beeswax, helianthus annuus (sunflower) seed wax, rosa canina fruit oil, salicornia herbacea extract, undaria pinnatifida extract, sodium hyaluronate, rubus idaeus (raspberry) leaf extract, ricinus communis (castor) seed oil, disteardimonium hectorite, propylene carbonate, pentaerythrityl tetra-di-t-butyl hydroxyhydrocinnamate, hydrogenated castor oil, barium sulfate. may contain/peut contenir (+/-): ci 77891 (titanium dioxide), ci 15850 (red 7 lake), mica, ci 15850 (red 6), ci 19140 (yellow 5 lake), ci 15850 (red 7), ci 77491, ci 77492, ci 77499 (iron oxides), ci 15850 (red 7), ci 45410 (red 28 lake), ci 42090 (blue 1 lake), ci 45380 (red 22 lake), ci 15985 (yellow 6 lake).

genre tridecyl trimellitate, octyldodecanol, dicalcium phosphate, synthetic wax, caprylic/capric triglyceride, diisostearyl malate, synthetic beeswax, helianthus annuus (sunflower) seed wax, rosa canina fruit oil, salicornia herbacea extract, undaria pinnatifida extract, sodium hyaluronate, rubus idaeus (raspberry) leaf extract, ricinus communis (castor) seed oil, disteardimonium hectorite, propylene carbonate, pentaerythrityl tetra-di-t-butyl hydroxyhydrocinnamate, hydrogenated castor oil, barium sulfate. may contain/peut contenir (+/-): ci 77891 (titanium dioxide), ci 15850 (red 7 lake), mica, ci 15850 (red 6), ci 19140 (yellow 5 lake), ci 15850 (red 7), ci 77491, ci 77492, ci 77499 (iron oxides), ci 15850 (red 7), ci 45410 (red 28 lake), ci 42090 (blue 1 lake), ci 45380 (red 22 lake), ci 15985 (yellow 6 lake).

piazza tridecyl trimellitate, octyldodecanol, dicalcium phosphate, synthetic wax, caprylic/capric triglyceride, diisostearyl malate, synthetic beeswax, helianthus annuus (sunflower) seed wax, rosa canina fruit oil, salicornia herbacea extract, undaria pinnatifida extract, sodium hyaluronate, rubus idaeus (raspberry) leaf extract, ricinus communis (castor) seed oil, disteardimonium hectorite, propylene carbonate, pentaerythrityl tetra-di-t-butyl hydroxyhydrocinnamate, hydrogenated castor oil, barium sulfate. may contain/peut contenir (+/-): ci 77891 (titanium dioxide), ci 15850 (red 7 lake), mica, ci 15850 (red 6), ci 19140 (yellow 5 lake), ci 15850 (red 7), ci 77491, ci 77492, ci 77499 (iron oxides), ci 15850 (red 7), ci 45410 (red 28 lake), ci 42090 (blue 1 lake), ci 45380 (red 22 lake), ci 15985 (yellow 6 lake).

night bloom tridecyl trimellitate, octyldodecanol, dicalcium phosphate, synthetic wax, caprylic/capric triglyceride, diisostearyl malate, synthetic beeswax, helianthus annuus (sunflower) seed wax, rosa canina fruit oil, salicornia herbacea extract, undaria pinnatifida extract, sodium hyaluronate, rubus idaeus (raspberry) leaf extract, ricinus communis (castor) seed oil, disteardimonium hectorite, propylene carbonate, pentaerythrityl tetra-di-t-butyl hydroxyhydrocinnamate, hydrogenated castor oil, barium sulfate. may contain/peut contenir (+/-): ci 77891 (titanium dioxide), ci 15850 (red 7 lake), mica, ci 15850 (red 6), ci 19140 (yellow 5 lake), ci 15850 (red 7), ci 77491, ci 77492, ci 77499 (iron oxides), ci 15850 (red 7), ci 45410 (red 28 lake), ci 42090 (blue 1 lake), ci 45380 (red 22 lake), ci 15985 (yellow 6 lake).

blue note tridecyl trimellitate, octyldodecanol, dicalcium phosphate, synthetic wax, caprylic/capric triglyceride, diisostearyl malate, synthetic beeswax, helianthus annuus (sunflower) seed wax, rosa canina fruit oil, salicornia herbacea extract, undaria pinnatifida extract, sodium hyaluronate, rubus idaeus (raspberry) leaf extract, ricinus communis (castor) seed oil, disteardimonium hectorite, propylene carbonate, pentaerythrityl tetra-di-t-butyl hydroxyhydrocinnamate, hydrogenated castor oil, barium sulfate. may contain/peut contenir (+/-): ci 77891 (titanium dioxide), ci 15850 (red 7 lake), mica, ci 15850 (red 6), ci 19140 (yellow 5 lake), ci 15850 (red 7), ci 77491, ci 77492, ci 77499 (iron oxides), ci 15850 (red 7), ci 45410 (red 28 lake), ci 42090 (blue 1 lake), ci 45380 (red 22 lake), ci 15985 (yellow 6 lake).

gala tridecyl trimellitate, octyldodecanol, dicalcium phosphate, synthetic wax, caprylic/capric triglyceride, diisostearyl malate, synthetic beeswax, helianthus annuus (sunflower) seed wax, rosa canina fruit oil, salicornia herbacea extract, undaria pinnatifida extract, sodium hyaluronate, rubus idaeus (raspberry) leaf extract, ricinus communis (castor) seed oil, disteardimonium hectorite, propylene carbonate, pentaerythrityl tetra-di-t-butyl hydroxyhydrocinnamate, hydrogenated castor oil, barium sulfate. may contain/peut contenir (+/-): ci 77891 (titanium dioxide), ci 15850 (red 7 lake), mica, ci 15850 (red 6), ci 19140 (yellow 5 lake), ci 15850 (red 7), ci 77491, ci 77492, ci 77499 (iron oxides), ci 15850 (red 7), ci 45410 (red 28 lake), ci 42090 (blue 1 lake), ci 45380 (red 22 lake), ci 15985 (yellow 6 lake).

kiln tridecyl trimellitate, octyldodecanol, dicalcium phosphate, synthetic wax, caprylic/capric triglyceride, diisostearyl malate, synthetic beeswax, helianthus annuus (sunflower) seed wax, rosa canina fruit oil, salicornia herbacea extract, undaria pinnatifida extract, sodium hyaluronate, rubus idaeus (raspberry) leaf extract, ricinus communis (castor) seed oil, disteardimonium hectorite, propylene carbonate, pentaerythrityl tetra-di-t-butyl hydroxyhydrocinnamate, hydrogenated castor oil, barium sulfate. may contain/peut contenir (+/-): ci 77891 (titanium dioxide), ci 15850 (red 7 lake), mica, ci 15850 (red 6), ci 19140 (yellow 5 lake), ci 15850 (red 7), ci 77491, ci 77492, ci 77499 (iron oxides), ci 15850 (red 7), ci 45410 (red 28 lake), ci 42090 (blue 1 lake), ci 45380 (red 22 lake), ci 15985 (yellow 6 lake).

this list of ingredients is subject to change; please refer to the packaging of the purchased product.",'4.6,43
Make Up,Lips,'7861143994540,'43291325825196,Ilia,Lip Sketch Hydrating Crayon,https://ohmycream.co.uk/collections/make-up-lips/products/ilia-lip-sketch-hydrating-crayon?variant=43291325825196,https://cdn.shopify.com/s/files/1/0555/4071/1596/files/Crayonlevreshydratantkiln.jpg?v=1720617662,"Complete list of ingredients

pink door tridecyl trimellitate, octyldodecanol, dicalcium phosphate, synthetic wax, caprylic/capric triglyceride, diisostearyl malate, synthetic beeswax, helianthus annuus (sunflower) seed wax, rosa canina fruit oil, salicornia herbacea extract, undaria pinnatifida extract, sodium hyaluronate, rubus idaeus (raspberry) leaf extract, ricinus communis (castor) seed oil, disteardimonium hectorite, propylene carbonate, pentaerythrityl tetra-di-t-butyl hydroxyhydrocinnamate, hydrogenated castor oil, barium sulfate. may contain/peut contenir (+/-): ci 77891 (titanium dioxide), ci 15850 (red 7 lake), mica, ci 15850 (red 6), ci 19140 (yellow 5 lake), ci 15850 (red 7), ci 77491, ci 77492, ci 77499 (iron oxides), ci 15850 (red 7), ci 45410 (red 28 lake), ci 42090 (blue 1 lake), ci 45380 (red 22 lake), ci 15985 (yellow 6 lake).

banquette tridecyl trimellitate, octyldodecanol, dicalcium phosphate, synthetic wax, caprylic/capric triglyceride, diisostearyl malate, synthetic beeswax, helianthus annuus (sunflower) seed wax, rosa canina fruit oil, salicornia herbacea extract, undaria pinnatifida extract, sodium hyaluronate, rubus idaeus (raspberry) leaf extract, ricinus communis (castor) seed oil, disteardimonium hectorite, propylene carbonate, pentaerythrityl tetra-di-t-butyl hydroxyhydrocinnamate, hydrogenated castor oil, barium sulfate. may contain/peut contenir (+/-): ci 77891 (titanium dioxide), ci 15850 (red 7 lake), mica, ci 15850 (red 6), ci 19140 (yellow 5 lake), ci 15850 (red 7), ci 77491, ci 77492, ci 77499 (iron oxides), ci 15850 (red 7), ci 45410 (red 28 lake), ci 42090 (blue 1 lake), ci 45380 (red 22 lake), ci 15985 (yellow 6 lake).

genre tridecyl trimellitate, octyldodecanol, dicalcium phosphate, synthetic wax, caprylic/capric triglyceride, diisostearyl malate, synthetic beeswax, helianthus annuus (sunflower) seed wax, rosa canina fruit oil, salicornia herbacea extract, undaria pinnatifida extract, sodium hyaluronate, rubus idaeus (raspberry) leaf extract, ricinus communis (castor) seed oil, disteardimonium hectorite, propylene carbonate, pentaerythrityl tetra-di-t-butyl hydroxyhydrocinnamate, hydrogenated castor oil, barium sulfate. may contain/peut contenir (+/-): ci 77891 (titanium dioxide), ci 15850 (red 7 lake), mica, ci 15850 (red 6), ci 19140 (yellow 5 lake), ci 15850 (red 7), ci 77491, ci 77492, ci 77499 (iron oxides), ci 15850 (red 7), ci 45410 (red 28 lake), ci 42090 (blue 1 lake), ci 45380 (red 22 lake), ci 15985 (yellow 6 lake).

piazza tridecyl trimellitate, octyldodecanol, dicalcium phosphate, synthetic wax, caprylic/capric triglyceride, diisostearyl malate, synthetic beeswax, helianthus annuus (sunflower) seed wax, rosa canina fruit oil, salicornia herbacea extract, undaria pinnatifida extract, sodium hyaluronate, rubus idaeus (raspberry) leaf extract, ricinus communis (castor) seed oil, disteardimonium hectorite, propylene carbonate, pentaerythrityl tetra-di-t-butyl hydroxyhydrocinnamate, hydrogenated castor oil, barium sulfate. may contain/peut contenir (+/-): ci 77891 (titanium dioxide), ci 15850 (red 7 lake), mica, ci 15850 (red 6), ci 19140 (yellow 5 lake), ci 15850 (red 7), ci 77491, ci 77492, ci 77499 (iron oxides), ci 15850 (red 7), ci 45410 (red 28 lake), ci 42090 (blue 1 lake), ci 45380 (red 22 lake), ci 15985 (yellow 6 lake).

night bloom tridecyl trimellitate, octyldodecanol, dicalcium phosphate, synthetic wax, caprylic/capric triglyceride, diisostearyl malate, synthetic beeswax, helianthus annuus (sunflower) seed wax, rosa canina fruit oil, salicornia herbacea extract, undaria pinnatifida extract, sodium hyaluronate, rubus idaeus (raspberry) leaf extract, ricinus communis (castor) seed oil, disteardimonium hectorite, propylene carbonate, pentaerythrityl tetra-di-t-butyl hydroxyhydrocinnamate, hydrogenated castor oil, barium sulfate. may contain/peut contenir (+/-): ci 77891 (titanium dioxide), ci 15850 (red 7 lake), mica, ci 15850 (red 6), ci 19140 (yellow 5 lake), ci 15850 (red 7), ci 77491, ci 77492, ci 77499 (iron oxides), ci 15850 (red 7), ci 45410 (red 28 lake), ci 42090 (blue 1 lake), ci 45380 (red 22 lake), ci 15985 (yellow 6 lake).

blue note tridecyl trimellitate, octyldodecanol, dicalcium phosphate, synthetic wax, caprylic/capric triglyceride, diisostearyl malate, synthetic beeswax, helianthus annuus (sunflower) seed wax, rosa canina fruit oil, salicornia herbacea extract, undaria pinnatifida extract, sodium hyaluronate, rubus idaeus (raspberry) leaf extract, ricinus communis (castor) seed oil, disteardimonium hectorite, propylene carbonate, pentaerythrityl tetra-di-t-butyl hydroxyhydrocinnamate, hydrogenated castor oil, barium sulfate. may contain/peut contenir (+/-): ci 77891 (titanium dioxide), ci 15850 (red 7 lake), mica, ci 15850 (red 6), ci 19140 (yellow 5 lake), ci 15850 (red 7), ci 77491, ci 77492, ci 77499 (iron oxides), ci 15850 (red 7), ci 45410 (red 28 lake), ci 42090 (blue 1 lake), ci 45380 (red 22 lake), ci 15985 (yellow 6 lake).

gala tridecyl trimellitate, octyldodecanol, dicalcium phosphate, synthetic wax, caprylic/capric triglyceride, diisostearyl malate, synthetic beeswax, helianthus annuus (sunflower) seed wax, rosa canina fruit oil, salicornia herbacea extract, undaria pinnatifida extract, sodium hyaluronate, rubus idaeus (raspberry) leaf extract, ricinus communis (castor) seed oil, disteardimonium hectorite, propylene carbonate, pentaerythrityl tetra-di-t-butyl hydroxyhydrocinnamate, hydrogenated castor oil, barium sulfate. may contain/peut contenir (+/-): ci 77891 (titanium dioxide), ci 15850 (red 7 lake), mica, ci 15850 (red 6), ci 19140 (yellow 5 lake), ci 15850 (red 7), ci 77491, ci 77492, ci 77499 (iron oxides), ci 15850 (red 7), ci 45410 (red 28 lake), ci 42090 (blue 1 lake), ci 45380 (red 22 lake), ci 15985 (yellow 6 lake).

kiln tridecyl trimellitate, octyldodecanol, dicalcium phosphate, synthetic wax, caprylic/capric triglyceride, diisostearyl malate, synthetic beeswax, helianthus annuus (sunflower) seed wax, rosa canina fruit oil, salicornia herbacea extract, undaria pinnatifida extract, sodium hyaluronate, rubus idaeus (raspberry) leaf extract, ricinus communis (castor) seed oil, disteardimonium hectorite, propylene carbonate, pentaerythrityl tetra-di-t-butyl hydroxyhydrocinnamate, hydrogenated castor oil, barium sulfate. may contain/peut contenir (+/-): ci 77891 (titanium dioxide), ci 15850 (red 7 lake), mica, ci 15850 (red 6), ci 19140 (yellow 5 lake), ci 15850 (red 7), ci 77491, ci 77492, ci 77499 (iron oxides), ci 15850 (red 7), ci 45410 (red 28 lake), ci 42090 (blue 1 lake), ci 45380 (red 22 lake), ci 15985 (yellow 6 lake).

this list of ingredients is subject to change; please refer to the packaging of the purchased product.",'4.6,43
Make Up,Lips,'7861143994540,'43291325759660,Ilia,Lip Sketch Hydrating Crayon,https://ohmycream.co.uk/collections/make-up-lips/products/ilia-lip-sketch-hydrating-crayon?variant=43291325759660,https://cdn.shopify.com/s/files/1/0555/4071/1596/files/Crayonlevreshydratantnightbloom_ILIA.jpg?v=1720617662,"Complete list of ingredients

pink door tridecyl trimellitate, octyldodecanol, dicalcium phosphate, synthetic wax, caprylic/capric triglyceride, diisostearyl malate, synthetic beeswax, helianthus annuus (sunflower) seed wax, rosa canina fruit oil, salicornia herbacea extract, undaria pinnatifida extract, sodium hyaluronate, rubus idaeus (raspberry) leaf extract, ricinus communis (castor) seed oil, disteardimonium hectorite, propylene carbonate, pentaerythrityl tetra-di-t-butyl hydroxyhydrocinnamate, hydrogenated castor oil, barium sulfate. may contain/peut contenir (+/-): ci 77891 (titanium dioxide), ci 15850 (red 7 lake), mica, ci 15850 (red 6), ci 19140 (yellow 5 lake), ci 15850 (red 7), ci 77491, ci 77492, ci 77499 (iron oxides), ci 15850 (red 7), ci 45410 (red 28 lake), ci 42090 (blue 1 lake), ci 45380 (red 22 lake), ci 15985 (yellow 6 lake).

banquette tridecyl trimellitate, octyldodecanol, dicalcium phosphate, synthetic wax, caprylic/capric triglyceride, diisostearyl malate, synthetic beeswax, helianthus annuus (sunflower) seed wax, rosa canina fruit oil, salicornia herbacea extract, undaria pinnatifida extract, sodium hyaluronate, rubus idaeus (raspberry) leaf extract, ricinus communis (castor) seed oil, disteardimonium hectorite, propylene carbonate, pentaerythrityl tetra-di-t-butyl hydroxyhydrocinnamate, hydrogenated castor oil, barium sulfate. may contain/peut contenir (+/-): ci 77891 (titanium dioxide), ci 15850 (red 7 lake), mica, ci 15850 (red 6), ci 19140 (yellow 5 lake), ci 15850 (red 7), ci 77491, ci 77492, ci 77499 (iron oxides), ci 15850 (red 7), ci 45410 (red 28 lake), ci 42090 (blue 1 lake), ci 45380 (red 22 lake), ci 15985 (yellow 6 lake).

genre tridecyl trimellitate, octyldodecanol, dicalcium phosphate, synthetic wax, caprylic/capric triglyceride, diisostearyl malate, synthetic beeswax, helianthus annuus (sunflower) seed wax, rosa canina fruit oil, salicornia herbacea extract, undaria pinnatifida extract, sodium hyaluronate, rubus idaeus (raspberry) leaf extract, ricinus communis (castor) seed oil, disteardimonium hectorite, propylene carbonate, pentaerythrityl tetra-di-t-butyl hydroxyhydrocinnamate, hydrogenated castor oil, barium sulfate. may contain/peut contenir (+/-): ci 77891 (titanium dioxide), ci 15850 (red 7 lake), mica, ci 15850 (red 6), ci 19140 (yellow 5 lake), ci 15850 (red 7), ci 77491, ci 77492, ci 77499 (iron oxides), ci 15850 (red 7), ci 45410 (red 28 lake), ci 42090 (blue 1 lake), ci 45380 (red 22 lake), ci 15985 (yellow 6 lake).

piazza tridecyl trimellitate, octyldodecanol, dicalcium phosphate, synthetic wax, caprylic/capric triglyceride, diisostearyl malate, synthetic beeswax, helianthus annuus (sunflower) seed wax, rosa canina fruit oil, salicornia herbacea extract, undaria pinnatifida extract, sodium hyaluronate, rubus idaeus (raspberry) leaf extract, ricinus communis (castor) seed oil, disteardimonium hectorite, propylene carbonate, pentaerythrityl tetra-di-t-butyl hydroxyhydrocinnamate, hydrogenated castor oil, barium sulfate. may contain/peut contenir (+/-): ci 77891 (titanium dioxide), ci 15850 (red 7 lake), mica, ci 15850 (red 6), ci 19140 (yellow 5 lake), ci 15850 (red 7), ci 77491, ci 77492, ci 77499 (iron oxides), ci 15850 (red 7), ci 45410 (red 28 lake), ci 42090 (blue 1 lake), ci 45380 (red 22 lake), ci 15985 (yellow 6 lake).

night bloom tridecyl trimellitate, octyldodecanol, dicalcium phosphate, synthetic wax, caprylic/capric triglyceride, diisostearyl malate, synthetic beeswax, helianthus annuus (sunflower) seed wax, rosa canina fruit oil, salicornia herbacea extract, undaria pinnatifida extract, sodium hyaluronate, rubus idaeus (raspberry) leaf extract, ricinus communis (castor) seed oil, disteardimonium hectorite, propylene carbonate, pentaerythrityl tetra-di-t-butyl hydroxyhydrocinnamate, hydrogenated castor oil, barium sulfate. may contain/peut contenir (+/-): ci 77891 (titanium dioxide), ci 15850 (red 7 lake), mica, ci 15850 (red 6), ci 19140 (yellow 5 lake), ci 15850 (red 7), ci 77491, ci 77492, ci 77499 (iron oxides), ci 15850 (red 7), ci 45410 (red 28 lake), ci 42090 (blue 1 lake), ci 45380 (red 22 lake), ci 15985 (yellow 6 lake).

blue note tridecyl trimellitate, octyldodecanol, dicalcium phosphate, synthetic wax, caprylic/capric triglyceride, diisostearyl malate, synthetic beeswax, helianthus annuus (sunflower) seed wax, rosa canina fruit oil, salicornia herbacea extract, undaria pinnatifida extract, sodium hyaluronate, rubus idaeus (raspberry) leaf extract, ricinus communis (castor) seed oil, disteardimonium hectorite, propylene carbonate, pentaerythrityl tetra-di-t-butyl hydroxyhydrocinnamate, hydrogenated castor oil, barium sulfate. may contain/peut contenir (+/-): ci 77891 (titanium dioxide), ci 15850 (red 7 lake), mica, ci 15850 (red 6), ci 19140 (yellow 5 lake), ci 15850 (red 7), ci 77491, ci 77492, ci 77499 (iron oxides), ci 15850 (red 7), ci 45410 (red 28 lake), ci 42090 (blue 1 lake), ci 45380 (red 22 lake), ci 15985 (yellow 6 lake).

gala tridecyl trimellitate, octyldodecanol, dicalcium phosphate, synthetic wax, caprylic/capric triglyceride, diisostearyl malate, synthetic beeswax, helianthus annuus (sunflower) seed wax, rosa canina fruit oil, salicornia herbacea extract, undaria pinnatifida extract, sodium hyaluronate, rubus idaeus (raspberry) leaf extract, ricinus communis (castor) seed oil, disteardimonium hectorite, propylene carbonate, pentaerythrityl tetra-di-t-butyl hydroxyhydrocinnamate, hydrogenated castor oil, barium sulfate. may contain/peut contenir (+/-): ci 77891 (titanium dioxide), ci 15850 (red 7 lake), mica, ci 15850 (red 6), ci 19140 (yellow 5 lake), ci 15850 (red 7), ci 77491, ci 77492, ci 77499 (iron oxides), ci 15850 (red 7), ci 45410 (red 28 lake), ci 42090 (blue 1 lake), ci 45380 (red 22 lake), ci 15985 (yellow 6 lake).

kiln tridecyl trimellitate, octyldodecanol, dicalcium phosphate, synthetic wax, caprylic/capric triglyceride, diisostearyl malate, synthetic beeswax, helianthus annuus (sunflower) seed wax, rosa canina fruit oil, salicornia herbacea extract, undaria pinnatifida extract, sodium hyaluronate, rubus idaeus (raspberry) leaf extract, ricinus communis (castor) seed oil, disteardimonium hectorite, propylene carbonate, pentaerythrityl tetra-di-t-butyl hydroxyhydrocinnamate, hydrogenated castor oil, barium sulfate. may contain/peut contenir (+/-): ci 77891 (titanium dioxide), ci 15850 (red 7 lake), mica, ci 15850 (red 6), ci 19140 (yellow 5 lake), ci 15850 (red 7), ci 77491, ci 77492, ci 77499 (iron oxides), ci 15850 (red 7), ci 45410 (red 28 lake), ci 42090 (blue 1 lake), ci 45380 (red 22 lake), ci 15985 (yellow 6 lake).

this list of ingredients is subject to change; please refer to the packaging of the purchased product.",'4.6,43
Make Up,Lips,'7861143994540,'43291325890732,Ilia,Lip Sketch Hydrating Crayon,https://ohmycream.co.uk/collections/make-up-lips/products/ilia-lip-sketch-hydrating-crayon?variant=43291325890732,https://cdn.shopify.com/s/files/1/0555/4071/1596/files/Crayonlevreshydratantbluenote_ILIA.jpg?v=1720617662,"Complete list of ingredients

pink door tridecyl trimellitate, octyldodecanol, dicalcium phosphate, synthetic wax, caprylic/capric triglyceride, diisostearyl malate, synthetic beeswax, helianthus annuus (sunflower) seed wax, rosa canina fruit oil, salicornia herbacea extract, undaria pinnatifida extract, sodium hyaluronate, rubus idaeus (raspberry) leaf extract, ricinus communis (castor) seed oil, disteardimonium hectorite, propylene carbonate, pentaerythrityl tetra-di-t-butyl hydroxyhydrocinnamate, hydrogenated castor oil, barium sulfate. may contain/peut contenir (+/-): ci 77891 (titanium dioxide), ci 15850 (red 7 lake), mica, ci 15850 (red 6), ci 19140 (yellow 5 lake), ci 15850 (red 7), ci 77491, ci 77492, ci 77499 (iron oxides), ci 15850 (red 7), ci 45410 (red 28 lake), ci 42090 (blue 1 lake), ci 45380 (red 22 lake), ci 15985 (yellow 6 lake).

banquette tridecyl trimellitate, octyldodecanol, dicalcium phosphate, synthetic wax, caprylic/capric triglyceride, diisostearyl malate, synthetic beeswax, helianthus annuus (sunflower) seed wax, rosa canina fruit oil, salicornia herbacea extract, undaria pinnatifida extract, sodium hyaluronate, rubus idaeus (raspberry) leaf extract, ricinus communis (castor) seed oil, disteardimonium hectorite, propylene carbonate, pentaerythrityl tetra-di-t-butyl hydroxyhydrocinnamate, hydrogenated castor oil, barium sulfate. may contain/peut contenir (+/-): ci 77891 (titanium dioxide), ci 15850 (red 7 lake), mica, ci 15850 (red 6), ci 19140 (yellow 5 lake), ci 15850 (red 7), ci 77491, ci 77492, ci 77499 (iron oxides), ci 15850 (red 7), ci 45410 (red 28 lake), ci 42090 (blue 1 lake), ci 45380 (red 22 lake), ci 15985 (yellow 6 lake).

genre tridecyl trimellitate, octyldodecanol, dicalcium phosphate, synthetic wax, caprylic/capric triglyceride, diisostearyl malate, synthetic beeswax, helianthus annuus (sunflower) seed wax, rosa canina fruit oil, salicornia herbacea extract, undaria pinnatifida extract, sodium hyaluronate, rubus idaeus (raspberry) leaf extract, ricinus communis (castor) seed oil, disteardimonium hectorite, propylene carbonate, pentaerythrityl tetra-di-t-butyl hydroxyhydrocinnamate, hydrogenated castor oil, barium sulfate. may contain/peut contenir (+/-): ci 77891 (titanium dioxide), ci 15850 (red 7 lake), mica, ci 15850 (red 6), ci 19140 (yellow 5 lake), ci 15850 (red 7), ci 77491, ci 77492, ci 77499 (iron oxides), ci 15850 (red 7), ci 45410 (red 28 lake), ci 42090 (blue 1 lake), ci 45380 (red 22 lake), ci 15985 (yellow 6 lake).

piazza tridecyl trimellitate, octyldodecanol, dicalcium phosphate, synthetic wax, caprylic/capric triglyceride, diisostearyl malate, synthetic beeswax, helianthus annuus (sunflower) seed wax, rosa canina fruit oil, salicornia herbacea extract, undaria pinnatifida extract, sodium hyaluronate, rubus idaeus (raspberry) leaf extract, ricinus communis (castor) seed oil, disteardimonium hectorite, propylene carbonate, pentaerythrityl tetra-di-t-butyl hydroxyhydrocinnamate, hydrogenated castor oil, barium sulfate. may contain/peut contenir (+/-): ci 77891 (titanium dioxide), ci 15850 (red 7 lake), mica, ci 15850 (red 6), ci 19140 (yellow 5 lake), ci 15850 (red 7), ci 77491, ci 77492, ci 77499 (iron oxides), ci 15850 (red 7), ci 45410 (red 28 lake), ci 42090 (blue 1 lake), ci 45380 (red 22 lake), ci 15985 (yellow 6 lake).

night bloom tridecyl trimellitate, octyldodecanol, dicalcium phosphate, synthetic wax, caprylic/capric triglyceride, diisostearyl malate, synthetic beeswax, helianthus annuus (sunflower) seed wax, rosa canina fruit oil, salicornia herbacea extract, undaria pinnatifida extract, sodium hyaluronate, rubus idaeus (raspberry) leaf extract, ricinus communis (castor) seed oil, disteardimonium hectorite, propylene carbonate, pentaerythrityl tetra-di-t-butyl hydroxyhydrocinnamate, hydrogenated castor oil, barium sulfate. may contain/peut contenir (+/-): ci 77891 (titanium dioxide), ci 15850 (red 7 lake), mica, ci 15850 (red 6), ci 19140 (yellow 5 lake), ci 15850 (red 7), ci 77491, ci 77492, ci 77499 (iron oxides), ci 15850 (red 7), ci 45410 (red 28 lake), ci 42090 (blue 1 lake), ci 45380 (red 22 lake), ci 15985 (yellow 6 lake).

blue note tridecyl trimellitate, octyldodecanol, dicalcium phosphate, synthetic wax, caprylic/capric triglyceride, diisostearyl malate, synthetic beeswax, helianthus annuus (sunflower) seed wax, rosa canina fruit oil, salicornia herbacea extract, undaria pinnatifida extract, sodium hyaluronate, rubus idaeus (raspberry) leaf extract, ricinus communis (castor) seed oil, disteardimonium hectorite, propylene carbonate, pentaerythrityl tetra-di-t-butyl hydroxyhydrocinnamate, hydrogenated castor oil, barium sulfate. may contain/peut contenir (+/-): ci 77891 (titanium dioxide), ci 15850 (red 7 lake), mica, ci 15850 (red 6), ci 19140 (yellow 5 lake), ci 15850 (red 7), ci 77491, ci 77492, ci 77499 (iron oxides), ci 15850 (red 7), ci 45410 (red 28 lake), ci 42090 (blue 1 lake), ci 45380 (red 22 lake), ci 15985 (yellow 6 lake).

gala tridecyl trimellitate, octyldodecanol, dicalcium phosphate, synthetic wax, caprylic/capric triglyceride, diisostearyl malate, synthetic beeswax, helianthus annuus (sunflower) seed wax, rosa canina fruit oil, salicornia herbacea extract, undaria pinnatifida extract, sodium hyaluronate, rubus idaeus (raspberry) leaf extract, ricinus communis (castor) seed oil, disteardimonium hectorite, propylene carbonate, pentaerythrityl tetra-di-t-butyl hydroxyhydrocinnamate, hydrogenated castor oil, barium sulfate. may contain/peut contenir (+/-): ci 77891 (titanium dioxide), ci 15850 (red 7 lake), mica, ci 15850 (red 6), ci 19140 (yellow 5 lake), ci 15850 (red 7), ci 77491, ci 77492, ci 77499 (iron oxides), ci 15850 (red 7), ci 45410 (red 28 lake), ci 42090 (blue 1 lake), ci 45380 (red 22 lake), ci 15985 (yellow 6 lake).

kiln tridecyl trimellitate, octyldodecanol, dicalcium phosphate, synthetic wax, caprylic/capric triglyceride, diisostearyl malate, synthetic beeswax, helianthus annuus (sunflower) seed wax, rosa canina fruit oil, salicornia herbacea extract, undaria pinnatifida extract, sodium hyaluronate, rubus idaeus (raspberry) leaf extract, ricinus communis (castor) seed oil, disteardimonium hectorite, propylene carbonate, pentaerythrityl tetra-di-t-butyl hydroxyhydrocinnamate, hydrogenated castor oil, barium sulfate. may contain/peut contenir (+/-): ci 77891 (titanium dioxide), ci 15850 (red 7 lake), mica, ci 15850 (red 6), ci 19140 (yellow 5 lake), ci 15850 (red 7), ci 77491, ci 77492, ci 77499 (iron oxides), ci 15850 (red 7), ci 45410 (red 28 lake), ci 42090 (blue 1 lake), ci 45380 (red 22 lake), ci 15985 (yellow 6 lake).

this list of ingredients is subject to change; please refer to the packaging of the purchased product.",'4.6,43
Make Up,Lips,'7861143994540,'43620290461868,Ilia,Lip Sketch Hydrating Crayon,https://ohmycream.co.uk/collections/make-up-lips/products/ilia-lip-sketch-hydrating-crayon?variant=43620290461868,https://cdn.shopify.com/s/files/1/0555/4071/1596/files/Crayon_levreshydratantearthen_Ilia.jpg?v=1720617662,"Complete list of ingredients

pink door tridecyl trimellitate, octyldodecanol, dicalcium phosphate, synthetic wax, caprylic/capric triglyceride, diisostearyl malate, synthetic beeswax, helianthus annuus (sunflower) seed wax, rosa canina fruit oil, salicornia herbacea extract, undaria pinnatifida extract, sodium hyaluronate, rubus idaeus (raspberry) leaf extract, ricinus communis (castor) seed oil, disteardimonium hectorite, propylene carbonate, pentaerythrityl tetra-di-t-butyl hydroxyhydrocinnamate, hydrogenated castor oil, barium sulfate. may contain/peut contenir (+/-): ci 77891 (titanium dioxide), ci 15850 (red 7 lake), mica, ci 15850 (red 6), ci 19140 (yellow 5 lake), ci 15850 (red 7), ci 77491, ci 77492, ci 77499 (iron oxides), ci 15850 (red 7), ci 45410 (red 28 lake), ci 42090 (blue 1 lake), ci 45380 (red 22 lake), ci 15985 (yellow 6 lake).

banquette tridecyl trimellitate, octyldodecanol, dicalcium phosphate, synthetic wax, caprylic/capric triglyceride, diisostearyl malate, synthetic beeswax, helianthus annuus (sunflower) seed wax, rosa canina fruit oil, salicornia herbacea extract, undaria pinnatifida extract, sodium hyaluronate, rubus idaeus (raspberry) leaf extract, ricinus communis (castor) seed oil, disteardimonium hectorite, propylene carbonate, pentaerythrityl tetra-di-t-butyl hydroxyhydrocinnamate, hydrogenated castor oil, barium sulfate. may contain/peut contenir (+/-): ci 77891 (titanium dioxide), ci 15850 (red 7 lake), mica, ci 15850 (red 6), ci 19140 (yellow 5 lake), ci 15850 (red 7), ci 77491, ci 77492, ci 77499 (iron oxides), ci 15850 (red 7), ci 45410 (red 28 lake), ci 42090 (blue 1 lake), ci 45380 (red 22 lake), ci 15985 (yellow 6 lake).

genre tridecyl trimellitate, octyldodecanol, dicalcium phosphate, synthetic wax, caprylic/capric triglyceride, diisostearyl malate, synthetic beeswax, helianthus annuus (sunflower) seed wax, rosa canina fruit oil, salicornia herbacea extract, undaria pinnatifida extract, sodium hyaluronate, rubus idaeus (raspberry) leaf extract, ricinus communis (castor) seed oil, disteardimonium hectorite, propylene carbonate, pentaerythrityl tetra-di-t-butyl hydroxyhydrocinnamate, hydrogenated castor oil, barium sulfate. may contain/peut contenir (+/-): ci 77891 (titanium dioxide), ci 15850 (red 7 lake), mica, ci 15850 (red 6), ci 19140 (yellow 5 lake), ci 15850 (red 7), ci 77491, ci 77492, ci 77499 (iron oxides), ci 15850 (red 7), ci 45410 (red 28 lake), ci 42090 (blue 1 lake), ci 45380 (red 22 lake), ci 15985 (yellow 6 lake).

piazza tridecyl trimellitate, octyldodecanol, dicalcium phosphate, synthetic wax, caprylic/capric triglyceride, diisostearyl malate, synthetic beeswax, helianthus annuus (sunflower) seed wax, rosa canina fruit oil, salicornia herbacea extract, undaria pinnatifida extract, sodium hyaluronate, rubus idaeus (raspberry) leaf extract, ricinus communis (castor) seed oil, disteardimonium hectorite, propylene carbonate, pentaerythrityl tetra-di-t-butyl hydroxyhydrocinnamate, hydrogenated castor oil, barium sulfate. may contain/peut contenir (+/-): ci 77891 (titanium dioxide), ci 15850 (red 7 lake), mica, ci 15850 (red 6), ci 19140 (yellow 5 lake), ci 15850 (red 7), ci 77491, ci 77492, ci 77499 (iron oxides), ci 15850 (red 7), ci 45410 (red 28 lake), ci 42090 (blue 1 lake), ci 45380 (red 22 lake), ci 15985 (yellow 6 lake).

night bloom tridecyl trimellitate, octyldodecanol, dicalcium phosphate, synthetic wax, caprylic/capric triglyceride, diisostearyl malate, synthetic beeswax, helianthus annuus (sunflower) seed wax, rosa canina fruit oil, salicornia herbacea extract, undaria pinnatifida extract, sodium hyaluronate, rubus idaeus (raspberry) leaf extract, ricinus communis (castor) seed oil, disteardimonium hectorite, propylene carbonate, pentaerythrityl tetra-di-t-butyl hydroxyhydrocinnamate, hydrogenated castor oil, barium sulfate. may contain/peut contenir (+/-): ci 77891 (titanium dioxide), ci 15850 (red 7 lake), mica, ci 15850 (red 6), ci 19140 (yellow 5 lake), ci 15850 (red 7), ci 77491, ci 77492, ci 77499 (iron oxides), ci 15850 (red 7), ci 45410 (red 28 lake), ci 42090 (blue 1 lake), ci 45380 (red 22 lake), ci 15985 (yellow 6 lake).

blue note tridecyl trimellitate, octyldodecanol, dicalcium phosphate, synthetic wax, caprylic/capric triglyceride, diisostearyl malate, synthetic beeswax, helianthus annuus (sunflower) seed wax, rosa canina fruit oil, salicornia herbacea extract, undaria pinnatifida extract, sodium hyaluronate, rubus idaeus (raspberry) leaf extract, ricinus communis (castor) seed oil, disteardimonium hectorite, propylene carbonate, pentaerythrityl tetra-di-t-butyl hydroxyhydrocinnamate, hydrogenated castor oil, barium sulfate. may contain/peut contenir (+/-): ci 77891 (titanium dioxide), ci 15850 (red 7 lake), mica, ci 15850 (red 6), ci 19140 (yellow 5 lake), ci 15850 (red 7), ci 77491, ci 77492, ci 77499 (iron oxides), ci 15850 (red 7), ci 45410 (red 28 lake), ci 42090 (blue 1 lake), ci 45380 (red 22 lake), ci 15985 (yellow 6 lake).

gala tridecyl trimellitate, octyldodecanol, dicalcium phosphate, synthetic wax, caprylic/capric triglyceride, diisostearyl malate, synthetic beeswax, helianthus annuus (sunflower) seed wax, rosa canina fruit oil, salicornia herbacea extract, undaria pinnatifida extract, sodium hyaluronate, rubus idaeus (raspberry) leaf extract, ricinus communis (castor) seed oil, disteardimonium hectorite, propylene carbonate, pentaerythrityl tetra-di-t-butyl hydroxyhydrocinnamate, hydrogenated castor oil, barium sulfate. may contain/peut contenir (+/-): ci 77891 (titanium dioxide), ci 15850 (red 7 lake), mica, ci 15850 (red 6), ci 19140 (yellow 5 lake), ci 15850 (red 7), ci 77491, ci 77492, ci 77499 (iron oxides), ci 15850 (red 7), ci 45410 (red 28 lake), ci 42090 (blue 1 lake), ci 45380 (red 22 lake), ci 15985 (yellow 6 lake).

kiln tridecyl trimellitate, octyldodecanol, dicalcium phosphate, synthetic wax, caprylic/capric triglyceride, diisostearyl malate, synthetic beeswax, helianthus annuus (sunflower) seed wax, rosa canina fruit oil, salicornia herbacea extract, undaria pinnatifida extract, sodium hyaluronate, rubus idaeus (raspberry) leaf extract, ricinus communis (castor) seed oil, disteardimonium hectorite, propylene carbonate, pentaerythrityl tetra-di-t-butyl hydroxyhydrocinnamate, hydrogenated castor oil, barium sulfate. may contain/peut contenir (+/-): ci 77891 (titanium dioxide), ci 15850 (red 7 lake), mica, ci 15850 (red 6), ci 19140 (yellow 5 lake), ci 15850 (red 7), ci 77491, ci 77492, ci 77499 (iron oxides), ci 15850 (red 7), ci 45410 (red 28 lake), ci 42090 (blue 1 lake), ci 45380 (red 22 lake), ci 15985 (yellow 6 lake).

this list of ingredients is subject to change; please refer to the packaging of the purchased product.",'4.6,43
Make Up,Lips,'7861143994540,'43619984670892,Ilia,Lip Sketch Hydrating Crayon,https://ohmycream.co.uk/collections/make-up-lips/products/ilia-lip-sketch-hydrating-crayon?variant=43619984670892,https://cdn.shopify.com/s/files/1/0555/4071/1596/files/Crayon_levreshydratantrhyme_Ilia.jpg?v=1720617662,"Complete list of ingredients

pink door tridecyl trimellitate, octyldodecanol, dicalcium phosphate, synthetic wax, caprylic/capric triglyceride, diisostearyl malate, synthetic beeswax, helianthus annuus (sunflower) seed wax, rosa canina fruit oil, salicornia herbacea extract, undaria pinnatifida extract, sodium hyaluronate, rubus idaeus (raspberry) leaf extract, ricinus communis (castor) seed oil, disteardimonium hectorite, propylene carbonate, pentaerythrityl tetra-di-t-butyl hydroxyhydrocinnamate, hydrogenated castor oil, barium sulfate. may contain/peut contenir (+/-): ci 77891 (titanium dioxide), ci 15850 (red 7 lake), mica, ci 15850 (red 6), ci 19140 (yellow 5 lake), ci 15850 (red 7), ci 77491, ci 77492, ci 77499 (iron oxides), ci 15850 (red 7), ci 45410 (red 28 lake), ci 42090 (blue 1 lake), ci 45380 (red 22 lake), ci 15985 (yellow 6 lake).

banquette tridecyl trimellitate, octyldodecanol, dicalcium phosphate, synthetic wax, caprylic/capric triglyceride, diisostearyl malate, synthetic beeswax, helianthus annuus (sunflower) seed wax, rosa canina fruit oil, salicornia herbacea extract, undaria pinnatifida extract, sodium hyaluronate, rubus idaeus (raspberry) leaf extract, ricinus communis (castor) seed oil, disteardimonium hectorite, propylene carbonate, pentaerythrityl tetra-di-t-butyl hydroxyhydrocinnamate, hydrogenated castor oil, barium sulfate. may contain/peut contenir (+/-): ci 77891 (titanium dioxide), ci 15850 (red 7 lake), mica, ci 15850 (red 6), ci 19140 (yellow 5 lake), ci 15850 (red 7), ci 77491, ci 77492, ci 77499 (iron oxides), ci 15850 (red 7), ci 45410 (red 28 lake), ci 42090 (blue 1 lake), ci 45380 (red 22 lake), ci 15985 (yellow 6 lake).

genre tridecyl trimellitate, octyldodecanol, dicalcium phosphate, synthetic wax, caprylic/capric triglyceride, diisostearyl malate, synthetic beeswax, helianthus annuus (sunflower) seed wax, rosa canina fruit oil, salicornia herbacea extract, undaria pinnatifida extract, sodium hyaluronate, rubus idaeus (raspberry) leaf extract, ricinus communis (castor) seed oil, disteardimonium hectorite, propylene carbonate, pentaerythrityl tetra-di-t-butyl hydroxyhydrocinnamate, hydrogenated castor oil, barium sulfate. may contain/peut contenir (+/-): ci 77891 (titanium dioxide), ci 15850 (red 7 lake), mica, ci 15850 (red 6), ci 19140 (yellow 5 lake), ci 15850 (red 7), ci 77491, ci 77492, ci 77499 (iron oxides), ci 15850 (red 7), ci 45410 (red 28 lake), ci 42090 (blue 1 lake), ci 45380 (red 22 lake), ci 15985 (yellow 6 lake).

piazza tridecyl trimellitate, octyldodecanol, dicalcium phosphate, synthetic wax, caprylic/capric triglyceride, diisostearyl malate, synthetic beeswax, helianthus annuus (sunflower) seed wax, rosa canina fruit oil, salicornia herbacea extract, undaria pinnatifida extract, sodium hyaluronate, rubus idaeus (raspberry) leaf extract, ricinus communis (castor) seed oil, disteardimonium hectorite, propylene carbonate, pentaerythrityl tetra-di-t-butyl hydroxyhydrocinnamate, hydrogenated castor oil, barium sulfate. may contain/peut contenir (+/-): ci 77891 (titanium dioxide), ci 15850 (red 7 lake), mica, ci 15850 (red 6), ci 19140 (yellow 5 lake), ci 15850 (red 7), ci 77491, ci 77492, ci 77499 (iron oxides), ci 15850 (red 7), ci 45410 (red 28 lake), ci 42090 (blue 1 lake), ci 45380 (red 22 lake), ci 15985 (yellow 6 lake).

night bloom tridecyl trimellitate, octyldodecanol, dicalcium phosphate, synthetic wax, caprylic/capric triglyceride, diisostearyl malate, synthetic beeswax, helianthus annuus (sunflower) seed wax, rosa canina fruit oil, salicornia herbacea extract, undaria pinnatifida extract, sodium hyaluronate, rubus idaeus (raspberry) leaf extract, ricinus communis (castor) seed oil, disteardimonium hectorite, propylene carbonate, pentaerythrityl tetra-di-t-butyl hydroxyhydrocinnamate, hydrogenated castor oil, barium sulfate. may contain/peut contenir (+/-): ci 77891 (titanium dioxide), ci 15850 (red 7 lake), mica, ci 15850 (red 6), ci 19140 (yellow 5 lake), ci 15850 (red 7), ci 77491, ci 77492, ci 77499 (iron oxides), ci 15850 (red 7), ci 45410 (red 28 lake), ci 42090 (blue 1 lake), ci 45380 (red 22 lake), ci 15985 (yellow 6 lake).

blue note tridecyl trimellitate, octyldodecanol, dicalcium phosphate, synthetic wax, caprylic/capric triglyceride, diisostearyl malate, synthetic beeswax, helianthus annuus (sunflower) seed wax, rosa canina fruit oil, salicornia herbacea extract, undaria pinnatifida extract, sodium hyaluronate, rubus idaeus (raspberry) leaf extract, ricinus communis (castor) seed oil, disteardimonium hectorite, propylene carbonate, pentaerythrityl tetra-di-t-butyl hydroxyhydrocinnamate, hydrogenated castor oil, barium sulfate. may contain/peut contenir (+/-): ci 77891 (titanium dioxide), ci 15850 (red 7 lake), mica, ci 15850 (red 6), ci 19140 (yellow 5 lake), ci 15850 (red 7), ci 77491, ci 77492, ci 77499 (iron oxides), ci 15850 (red 7), ci 45410 (red 28 lake), ci 42090 (blue 1 lake), ci 45380 (red 22 lake), ci 15985 (yellow 6 lake).

gala tridecyl trimellitate, octyldodecanol, dicalcium phosphate, synthetic wax, caprylic/capric triglyceride, diisostearyl malate, synthetic beeswax, helianthus annuus (sunflower) seed wax, rosa canina fruit oil, salicornia herbacea extract, undaria pinnatifida extract, sodium hyaluronate, rubus idaeus (raspberry) leaf extract, ricinus communis (castor) seed oil, disteardimonium hectorite, propylene carbonate, pentaerythrityl tetra-di-t-butyl hydroxyhydrocinnamate, hydrogenated castor oil, barium sulfate. may contain/peut contenir (+/-): ci 77891 (titanium dioxide), ci 15850 (red 7 lake), mica, ci 15850 (red 6), ci 19140 (yellow 5 lake), ci 15850 (red 7), ci 77491, ci 77492, ci 77499 (iron oxides), ci 15850 (red 7), ci 45410 (red 28 lake), ci 42090 (blue 1 lake), ci 45380 (red 22 lake), ci 15985 (yellow 6 lake).

kiln tridecyl trimellitate, octyldodecanol, dicalcium phosphate, synthetic wax, caprylic/capric triglyceride, diisostearyl malate, synthetic beeswax, helianthus annuus (sunflower) seed wax, rosa canina fruit oil, salicornia herbacea extract, undaria pinnatifida extract, sodium hyaluronate, rubus idaeus (raspberry) leaf extract, ricinus communis (castor) seed oil, disteardimonium hectorite, propylene carbonate, pentaerythrityl tetra-di-t-butyl hydroxyhydrocinnamate, hydrogenated castor oil, barium sulfate. may contain/peut contenir (+/-): ci 77891 (titanium dioxide), ci 15850 (red 7 lake), mica, ci 15850 (red 6), ci 19140 (yellow 5 lake), ci 15850 (red 7), ci 77491, ci 77492, ci 77499 (iron oxides), ci 15850 (red 7), ci 45410 (red 28 lake), ci 42090 (blue 1 lake), ci 45380 (red 22 lake), ci 15985 (yellow 6 lake).

this list of ingredients is subject to change; please refer to the packaging of the purchased product.",'4.6,43
Make Up,Lips,'7861143994540,'43620290494636,Ilia,Lip Sketch Hydrating Crayon,https://ohmycream.co.uk/collections/make-up-lips/products/ilia-lip-sketch-hydrating-crayon?variant=43620290494636,https://cdn.shopify.com/s/files/1/0555/4071/1596/files/Crayon_levreshydratantcasestudy_Ilia.jpg?v=1720617662,"Complete list of ingredients

pink door tridecyl trimellitate, octyldodecanol, dicalcium phosphate, synthetic wax, caprylic/capric triglyceride, diisostearyl malate, synthetic beeswax, helianthus annuus (sunflower) seed wax, rosa canina fruit oil, salicornia herbacea extract, undaria pinnatifida extract, sodium hyaluronate, rubus idaeus (raspberry) leaf extract, ricinus communis (castor) seed oil, disteardimonium hectorite, propylene carbonate, pentaerythrityl tetra-di-t-butyl hydroxyhydrocinnamate, hydrogenated castor oil, barium sulfate. may contain/peut contenir (+/-): ci 77891 (titanium dioxide), ci 15850 (red 7 lake), mica, ci 15850 (red 6), ci 19140 (yellow 5 lake), ci 15850 (red 7), ci 77491, ci 77492, ci 77499 (iron oxides), ci 15850 (red 7), ci 45410 (red 28 lake), ci 42090 (blue 1 lake), ci 45380 (red 22 lake), ci 15985 (yellow 6 lake).

banquette tridecyl trimellitate, octyldodecanol, dicalcium phosphate, synthetic wax, caprylic/capric triglyceride, diisostearyl malate, synthetic beeswax, helianthus annuus (sunflower) seed wax, rosa canina fruit oil, salicornia herbacea extract, undaria pinnatifida extract, sodium hyaluronate, rubus idaeus (raspberry) leaf extract, ricinus communis (castor) seed oil, disteardimonium hectorite, propylene carbonate, pentaerythrityl tetra-di-t-butyl hydroxyhydrocinnamate, hydrogenated castor oil, barium sulfate. may contain/peut contenir (+/-): ci 77891 (titanium dioxide), ci 15850 (red 7 lake), mica, ci 15850 (red 6), ci 19140 (yellow 5 lake), ci 15850 (red 7), ci 77491, ci 77492, ci 77499 (iron oxides), ci 15850 (red 7), ci 45410 (red 28 lake), ci 42090 (blue 1 lake), ci 45380 (red 22 lake), ci 15985 (yellow 6 lake).

genre tridecyl trimellitate, octyldodecanol, dicalcium phosphate, synthetic wax, caprylic/capric triglyceride, diisostearyl malate, synthetic beeswax, helianthus annuus (sunflower) seed wax, rosa canina fruit oil, salicornia herbacea extract, undaria pinnatifida extract, sodium hyaluronate, rubus idaeus (raspberry) leaf extract, ricinus communis (castor) seed oil, disteardimonium hectorite, propylene carbonate, pentaerythrityl tetra-di-t-butyl hydroxyhydrocinnamate, hydrogenated castor oil, barium sulfate. may contain/peut contenir (+/-): ci 77891 (titanium dioxide), ci 15850 (red 7 lake), mica, ci 15850 (red 6), ci 19140 (yellow 5 lake), ci 15850 (red 7), ci 77491, ci 77492, ci 77499 (iron oxides), ci 15850 (red 7), ci 45410 (red 28 lake), ci 42090 (blue 1 lake), ci 45380 (red 22 lake), ci 15985 (yellow 6 lake).

piazza tridecyl trimellitate, octyldodecanol, dicalcium phosphate, synthetic wax, caprylic/capric triglyceride, diisostearyl malate, synthetic beeswax, helianthus annuus (sunflower) seed wax, rosa canina fruit oil, salicornia herbacea extract, undaria pinnatifida extract, sodium hyaluronate, rubus idaeus (raspberry) leaf extract, ricinus communis (castor) seed oil, disteardimonium hectorite, propylene carbonate, pentaerythrityl tetra-di-t-butyl hydroxyhydrocinnamate, hydrogenated castor oil, barium sulfate. may contain/peut contenir (+/-): ci 77891 (titanium dioxide), ci 15850 (red 7 lake), mica, ci 15850 (red 6), ci 19140 (yellow 5 lake), ci 15850 (red 7), ci 77491, ci 77492, ci 77499 (iron oxides), ci 15850 (red 7), ci 45410 (red 28 lake), ci 42090 (blue 1 lake), ci 45380 (red 22 lake), ci 15985 (yellow 6 lake).

night bloom tridecyl trimellitate, octyldodecanol, dicalcium phosphate, synthetic wax, caprylic/capric triglyceride, diisostearyl malate, synthetic beeswax, helianthus annuus (sunflower) seed wax, rosa canina fruit oil, salicornia herbacea extract, undaria pinnatifida extract, sodium hyaluronate, rubus idaeus (raspberry) leaf extract, ricinus communis (castor) seed oil, disteardimonium hectorite, propylene carbonate, pentaerythrityl tetra-di-t-butyl hydroxyhydrocinnamate, hydrogenated castor oil, barium sulfate. may contain/peut contenir (+/-): ci 77891 (titanium dioxide), ci 15850 (red 7 lake), mica, ci 15850 (red 6), ci 19140 (yellow 5 lake), ci 15850 (red 7), ci 77491, ci 77492, ci 77499 (iron oxides), ci 15850 (red 7), ci 45410 (red 28 lake), ci 42090 (blue 1 lake), ci 45380 (red 22 lake), ci 15985 (yellow 6 lake).

blue note tridecyl trimellitate, octyldodecanol, dicalcium phosphate, synthetic wax, caprylic/capric triglyceride, diisostearyl malate, synthetic beeswax, helianthus annuus (sunflower) seed wax, rosa canina fruit oil, salicornia herbacea extract, undaria pinnatifida extract, sodium hyaluronate, rubus idaeus (raspberry) leaf extract, ricinus communis (castor) seed oil, disteardimonium hectorite, propylene carbonate, pentaerythrityl tetra-di-t-butyl hydroxyhydrocinnamate, hydrogenated castor oil, barium sulfate. may contain/peut contenir (+/-): ci 77891 (titanium dioxide), ci 15850 (red 7 lake), mica, ci 15850 (red 6), ci 19140 (yellow 5 lake), ci 15850 (red 7), ci 77491, ci 77492, ci 77499 (iron oxides), ci 15850 (red 7), ci 45410 (red 28 lake), ci 42090 (blue 1 lake), ci 45380 (red 22 lake), ci 15985 (yellow 6 lake).

gala tridecyl trimellitate, octyldodecanol, dicalcium phosphate, synthetic wax, caprylic/capric triglyceride, diisostearyl malate, synthetic beeswax, helianthus annuus (sunflower) seed wax, rosa canina fruit oil, salicornia herbacea extract, undaria pinnatifida extract, sodium hyaluronate, rubus idaeus (raspberry) leaf extract, ricinus communis (castor) seed oil, disteardimonium hectorite, propylene carbonate, pentaerythrityl tetra-di-t-butyl hydroxyhydrocinnamate, hydrogenated castor oil, barium sulfate. may contain/peut contenir (+/-): ci 77891 (titanium dioxide), ci 15850 (red 7 lake), mica, ci 15850 (red 6), ci 19140 (yellow 5 lake), ci 15850 (red 7), ci 77491, ci 77492, ci 77499 (iron oxides), ci 15850 (red 7), ci 45410 (red 28 lake), ci 42090 (blue 1 lake), ci 45380 (red 22 lake), ci 15985 (yellow 6 lake).

kiln tridecyl trimellitate, octyldodecanol, dicalcium phosphate, synthetic wax, caprylic/capric triglyceride, diisostearyl malate, synthetic beeswax, helianthus annuus (sunflower) seed wax, rosa canina fruit oil, salicornia herbacea extract, undaria pinnatifida extract, sodium hyaluronate, rubus idaeus (raspberry) leaf extract, ricinus communis (castor) seed oil, disteardimonium hectorite, propylene carbonate, pentaerythrityl tetra-di-t-butyl hydroxyhydrocinnamate, hydrogenated castor oil, barium sulfate. may contain/peut contenir (+/-): ci 77891 (titanium dioxide), ci 15850 (red 7 lake), mica, ci 15850 (red 6), ci 19140 (yellow 5 lake), ci 15850 (red 7), ci 77491, ci 77492, ci 77499 (iron oxides), ci 15850 (red 7), ci 45410 (red 28 lake), ci 42090 (blue 1 lake), ci 45380 (red 22 lake), ci 15985 (yellow 6 lake).

this list of ingredients is subject to change; please refer to the packaging of the purchased product.",'4.6,43
Make Up,Lips,'7861143994540,'43291325956268,Ilia,Lip Sketch Hydrating Crayon,https://ohmycream.co.uk/collections/make-up-lips/products/ilia-lip-sketch-hydrating-crayon?variant=43291325956268,https://cdn.shopify.com/s/files/1/0555/4071/1596/files/Crayonlevreshydratantbanquette_ILIA.jpg?v=1713532636,"Complete list of ingredients

pink door tridecyl trimellitate, octyldodecanol, dicalcium phosphate, synthetic wax, caprylic/capric triglyceride, diisostearyl malate, synthetic beeswax, helianthus annuus (sunflower) seed wax, rosa canina fruit oil, salicornia herbacea extract, undaria pinnatifida extract, sodium hyaluronate, rubus idaeus (raspberry) leaf extract, ricinus communis (castor) seed oil, disteardimonium hectorite, propylene carbonate, pentaerythrityl tetra-di-t-butyl hydroxyhydrocinnamate, hydrogenated castor oil, barium sulfate. may contain/peut contenir (+/-): ci 77891 (titanium dioxide), ci 15850 (red 7 lake), mica, ci 15850 (red 6), ci 19140 (yellow 5 lake), ci 15850 (red 7), ci 77491, ci 77492, ci 77499 (iron oxides), ci 15850 (red 7), ci 45410 (red 28 lake), ci 42090 (blue 1 lake), ci 45380 (red 22 lake), ci 15985 (yellow 6 lake).

banquette tridecyl trimellitate, octyldodecanol, dicalcium phosphate, synthetic wax, caprylic/capric triglyceride, diisostearyl malate, synthetic beeswax, helianthus annuus (sunflower) seed wax, rosa canina fruit oil, salicornia herbacea extract, undaria pinnatifida extract, sodium hyaluronate, rubus idaeus (raspberry) leaf extract, ricinus communis (castor) seed oil, disteardimonium hectorite, propylene carbonate, pentaerythrityl tetra-di-t-butyl hydroxyhydrocinnamate, hydrogenated castor oil, barium sulfate. may contain/peut contenir (+/-): ci 77891 (titanium dioxide), ci 15850 (red 7 lake), mica, ci 15850 (red 6), ci 19140 (yellow 5 lake), ci 15850 (red 7), ci 77491, ci 77492, ci 77499 (iron oxides), ci 15850 (red 7), ci 45410 (red 28 lake), ci 42090 (blue 1 lake), ci 45380 (red 22 lake), ci 15985 (yellow 6 lake).

genre tridecyl trimellitate, octyldodecanol, dicalcium phosphate, synthetic wax, caprylic/capric triglyceride, diisostearyl malate, synthetic beeswax, helianthus annuus (sunflower) seed wax, rosa canina fruit oil, salicornia herbacea extract, undaria pinnatifida extract, sodium hyaluronate, rubus idaeus (raspberry) leaf extract, ricinus communis (castor) seed oil, disteardimonium hectorite, propylene carbonate, pentaerythrityl tetra-di-t-butyl hydroxyhydrocinnamate, hydrogenated castor oil, barium sulfate. may contain/peut contenir (+/-): ci 77891 (titanium dioxide), ci 15850 (red 7 lake), mica, ci 15850 (red 6), ci 19140 (yellow 5 lake), ci 15850 (red 7), ci 77491, ci 77492, ci 77499 (iron oxides), ci 15850 (red 7), ci 45410 (red 28 lake), ci 42090 (blue 1 lake), ci 45380 (red 22 lake), ci 15985 (yellow 6 lake).

piazza tridecyl trimellitate, octyldodecanol, dicalcium phosphate, synthetic wax, caprylic/capric triglyceride, diisostearyl malate, synthetic beeswax, helianthus annuus (sunflower) seed wax, rosa canina fruit oil, salicornia herbacea extract, undaria pinnatifida extract, sodium hyaluronate, rubus idaeus (raspberry) leaf extract, ricinus communis (castor) seed oil, disteardimonium hectorite, propylene carbonate, pentaerythrityl tetra-di-t-butyl hydroxyhydrocinnamate, hydrogenated castor oil, barium sulfate. may contain/peut contenir (+/-): ci 77891 (titanium dioxide), ci 15850 (red 7 lake), mica, ci 15850 (red 6), ci 19140 (yellow 5 lake), ci 15850 (red 7), ci 77491, ci 77492, ci 77499 (iron oxides), ci 15850 (red 7), ci 45410 (red 28 lake), ci 42090 (blue 1 lake), ci 45380 (red 22 lake), ci 15985 (yellow 6 lake).

night bloom tridecyl trimellitate, octyldodecanol, dicalcium phosphate, synthetic wax, caprylic/capric triglyceride, diisostearyl malate, synthetic beeswax, helianthus annuus (sunflower) seed wax, rosa canina fruit oil, salicornia herbacea extract, undaria pinnatifida extract, sodium hyaluronate, rubus idaeus (raspberry) leaf extract, ricinus communis (castor) seed oil, disteardimonium hectorite, propylene carbonate, pentaerythrityl tetra-di-t-butyl hydroxyhydrocinnamate, hydrogenated castor oil, barium sulfate. may contain/peut contenir (+/-): ci 77891 (titanium dioxide), ci 15850 (red 7 lake), mica, ci 15850 (red 6), ci 19140 (yellow 5 lake), ci 15850 (red 7), ci 77491, ci 77492, ci 77499 (iron oxides), ci 15850 (red 7), ci 45410 (red 28 lake), ci 42090 (blue 1 lake), ci 45380 (red 22 lake), ci 15985 (yellow 6 lake).

blue note tridecyl trimellitate, octyldodecanol, dicalcium phosphate, synthetic wax, caprylic/capric triglyceride, diisostearyl malate, synthetic beeswax, helianthus annuus (sunflower) seed wax, rosa canina fruit oil, salicornia herbacea extract, undaria pinnatifida extract, sodium hyaluronate, rubus idaeus (raspberry) leaf extract, ricinus communis (castor) seed oil, disteardimonium hectorite, propylene carbonate, pentaerythrityl tetra-di-t-butyl hydroxyhydrocinnamate, hydrogenated castor oil, barium sulfate. may contain/peut contenir (+/-): ci 77891 (titanium dioxide), ci 15850 (red 7 lake), mica, ci 15850 (red 6), ci 19140 (yellow 5 lake), ci 15850 (red 7), ci 77491, ci 77492, ci 77499 (iron oxides), ci 15850 (red 7), ci 45410 (red 28 lake), ci 42090 (blue 1 lake), ci 45380 (red 22 lake), ci 15985 (yellow 6 lake).

gala tridecyl trimellitate, octyldodecanol, dicalcium phosphate, synthetic wax, caprylic/capric triglyceride, diisostearyl malate, synthetic beeswax, helianthus annuus (sunflower) seed wax, rosa canina fruit oil, salicornia herbacea extract, undaria pinnatifida extract, sodium hyaluronate, rubus idaeus (raspberry) leaf extract, ricinus communis (castor) seed oil, disteardimonium hectorite, propylene carbonate, pentaerythrityl tetra-di-t-butyl hydroxyhydrocinnamate, hydrogenated castor oil, barium sulfate. may contain/peut contenir (+/-): ci 77891 (titanium dioxide), ci 15850 (red 7 lake), mica, ci 15850 (red 6), ci 19140 (yellow 5 lake), ci 15850 (red 7), ci 77491, ci 77492, ci 77499 (iron oxides), ci 15850 (red 7), ci 45410 (red 28 lake), ci 42090 (blue 1 lake), ci 45380 (red 22 lake), ci 15985 (yellow 6 lake).

kiln tridecyl trimellitate, octyldodecanol, dicalcium phosphate, synthetic wax, caprylic/capric triglyceride, diisostearyl malate, synthetic beeswax, helianthus annuus (sunflower) seed wax, rosa canina fruit oil, salicornia herbacea extract, undaria pinnatifida extract, sodium hyaluronate, rubus idaeus (raspberry) leaf extract, ricinus communis (castor) seed oil, disteardimonium hectorite, propylene carbonate, pentaerythrityl tetra-di-t-butyl hydroxyhydrocinnamate, hydrogenated castor oil, barium sulfate. may contain/peut contenir (+/-): ci 77891 (titanium dioxide), ci 15850 (red 7 lake), mica, ci 15850 (red 6), ci 19140 (yellow 5 lake), ci 15850 (red 7), ci 77491, ci 77492, ci 77499 (iron oxides), ci 15850 (red 7), ci 45410 (red 28 lake), ci 42090 (blue 1 lake), ci 45380 (red 22 lake), ci 15985 (yellow 6 lake).

this list of ingredients is subject to change; please refer to the packaging of the purchased product.",'4.6,43
Make Up,Lips,'7861143994540,'43291357446316,Ilia,Lip Sketch Hydrating Crayon,https://ohmycream.co.uk/collections/make-up-lips/products/ilia-lip-sketch-hydrating-crayon?variant=43291357446316,https://cdn.shopify.com/s/files/1/0555/4071/1596/files/Crayonlevreshydratantgenre_ILIA.jpg?v=1720617662,"Complete list of ingredients

pink door tridecyl trimellitate, octyldodecanol, dicalcium phosphate, synthetic wax, caprylic/capric triglyceride, diisostearyl malate, synthetic beeswax, helianthus annuus (sunflower) seed wax, rosa canina fruit oil, salicornia herbacea extract, undaria pinnatifida extract, sodium hyaluronate, rubus idaeus (raspberry) leaf extract, ricinus communis (castor) seed oil, disteardimonium hectorite, propylene carbonate, pentaerythrityl tetra-di-t-butyl hydroxyhydrocinnamate, hydrogenated castor oil, barium sulfate. may contain/peut contenir (+/-): ci 77891 (titanium dioxide), ci 15850 (red 7 lake), mica, ci 15850 (red 6), ci 19140 (yellow 5 lake), ci 15850 (red 7), ci 77491, ci 77492, ci 77499 (iron oxides), ci 15850 (red 7), ci 45410 (red 28 lake), ci 42090 (blue 1 lake), ci 45380 (red 22 lake), ci 15985 (yellow 6 lake).

banquette tridecyl trimellitate, octyldodecanol, dicalcium phosphate, synthetic wax, caprylic/capric triglyceride, diisostearyl malate, synthetic beeswax, helianthus annuus (sunflower) seed wax, rosa canina fruit oil, salicornia herbacea extract, undaria pinnatifida extract, sodium hyaluronate, rubus idaeus (raspberry) leaf extract, ricinus communis (castor) seed oil, disteardimonium hectorite, propylene carbonate, pentaerythrityl tetra-di-t-butyl hydroxyhydrocinnamate, hydrogenated castor oil, barium sulfate. may contain/peut contenir (+/-): ci 77891 (titanium dioxide), ci 15850 (red 7 lake), mica, ci 15850 (red 6), ci 19140 (yellow 5 lake), ci 15850 (red 7), ci 77491, ci 77492, ci 77499 (iron oxides), ci 15850 (red 7), ci 45410 (red 28 lake), ci 42090 (blue 1 lake), ci 45380 (red 22 lake), ci 15985 (yellow 6 lake).

genre tridecyl trimellitate, octyldodecanol, dicalcium phosphate, synthetic wax, caprylic/capric triglyceride, diisostearyl malate, synthetic beeswax, helianthus annuus (sunflower) seed wax, rosa canina fruit oil, salicornia herbacea extract, undaria pinnatifida extract, sodium hyaluronate, rubus idaeus (raspberry) leaf extract, ricinus communis (castor) seed oil, disteardimonium hectorite, propylene carbonate, pentaerythrityl tetra-di-t-butyl hydroxyhydrocinnamate, hydrogenated castor oil, barium sulfate. may contain/peut contenir (+/-): ci 77891 (titanium dioxide), ci 15850 (red 7 lake), mica, ci 15850 (red 6), ci 19140 (yellow 5 lake), ci 15850 (red 7), ci 77491, ci 77492, ci 77499 (iron oxides), ci 15850 (red 7), ci 45410 (red 28 lake), ci 42090 (blue 1 lake), ci 45380 (red 22 lake), ci 15985 (yellow 6 lake).

piazza tridecyl trimellitate, octyldodecanol, dicalcium phosphate, synthetic wax, caprylic/capric triglyceride, diisostearyl malate, synthetic beeswax, helianthus annuus (sunflower) seed wax, rosa canina fruit oil, salicornia herbacea extract, undaria pinnatifida extract, sodium hyaluronate, rubus idaeus (raspberry) leaf extract, ricinus communis (castor) seed oil, disteardimonium hectorite, propylene carbonate, pentaerythrityl tetra-di-t-butyl hydroxyhydrocinnamate, hydrogenated castor oil, barium sulfate. may contain/peut contenir (+/-): ci 77891 (titanium dioxide), ci 15850 (red 7 lake), mica, ci 15850 (red 6), ci 19140 (yellow 5 lake), ci 15850 (red 7), ci 77491, ci 77492, ci 77499 (iron oxides), ci 15850 (red 7), ci 45410 (red 28 lake), ci 42090 (blue 1 lake), ci 45380 (red 22 lake), ci 15985 (yellow 6 lake).

night bloom tridecyl trimellitate, octyldodecanol, dicalcium phosphate, synthetic wax, caprylic/capric triglyceride, diisostearyl malate, synthetic beeswax, helianthus annuus (sunflower) seed wax, rosa canina fruit oil, salicornia herbacea extract, undaria pinnatifida extract, sodium hyaluronate, rubus idaeus (raspberry) leaf extract, ricinus communis (castor) seed oil, disteardimonium hectorite, propylene carbonate, pentaerythrityl tetra-di-t-butyl hydroxyhydrocinnamate, hydrogenated castor oil, barium sulfate. may contain/peut contenir (+/-): ci 77891 (titanium dioxide), ci 15850 (red 7 lake), mica, ci 15850 (red 6), ci 19140 (yellow 5 lake), ci 15850 (red 7), ci 77491, ci 77492, ci 77499 (iron oxides), ci 15850 (red 7), ci 45410 (red 28 lake), ci 42090 (blue 1 lake), ci 45380 (red 22 lake), ci 15985 (yellow 6 lake).

blue note tridecyl trimellitate, octyldodecanol, dicalcium phosphate, synthetic wax, caprylic/capric triglyceride, diisostearyl malate, synthetic beeswax, helianthus annuus (sunflower) seed wax, rosa canina fruit oil, salicornia herbacea extract, undaria pinnatifida extract, sodium hyaluronate, rubus idaeus (raspberry) leaf extract, ricinus communis (castor) seed oil, disteardimonium hectorite, propylene carbonate, pentaerythrityl tetra-di-t-butyl hydroxyhydrocinnamate, hydrogenated castor oil, barium sulfate. may contain/peut contenir (+/-): ci 77891 (titanium dioxide), ci 15850 (red 7 lake), mica, ci 15850 (red 6), ci 19140 (yellow 5 lake), ci 15850 (red 7), ci 77491, ci 77492, ci 77499 (iron oxides), ci 15850 (red 7), ci 45410 (red 28 lake), ci 42090 (blue 1 lake), ci 45380 (red 22 lake), ci 15985 (yellow 6 lake).

gala tridecyl trimellitate, octyldodecanol, dicalcium phosphate, synthetic wax, caprylic/capric triglyceride, diisostearyl malate, synthetic beeswax, helianthus annuus (sunflower) seed wax, rosa canina fruit oil, salicornia herbacea extract, undaria pinnatifida extract, sodium hyaluronate, rubus idaeus (raspberry) leaf extract, ricinus communis (castor) seed oil, disteardimonium hectorite, propylene carbonate, pentaerythrityl tetra-di-t-butyl hydroxyhydrocinnamate, hydrogenated castor oil, barium sulfate. may contain/peut contenir (+/-): ci 77891 (titanium dioxide), ci 15850 (red 7 lake), mica, ci 15850 (red 6), ci 19140 (yellow 5 lake), ci 15850 (red 7), ci 77491, ci 77492, ci 77499 (iron oxides), ci 15850 (red 7), ci 45410 (red 28 lake), ci 42090 (blue 1 lake), ci 45380 (red 22 lake), ci 15985 (yellow 6 lake).

kiln tridecyl trimellitate, octyldodecanol, dicalcium phosphate, synthetic wax, caprylic/capric triglyceride, diisostearyl malate, synthetic beeswax, helianthus annuus (sunflower) seed wax, rosa canina fruit oil, salicornia herbacea extract, undaria pinnatifida extract, sodium hyaluronate, rubus idaeus (raspberry) leaf extract, ricinus communis (castor) seed oil, disteardimonium hectorite, propylene carbonate, pentaerythrityl tetra-di-t-butyl hydroxyhydrocinnamate, hydrogenated castor oil, barium sulfate. may contain/peut contenir (+/-): ci 77891 (titanium dioxide), ci 15850 (red 7 lake), mica, ci 15850 (red 6), ci 19140 (yellow 5 lake), ci 15850 (red 7), ci 77491, ci 77492, ci 77499 (iron oxides), ci 15850 (red 7), ci 45410 (red 28 lake), ci 42090 (blue 1 lake), ci 45380 (red 22 lake), ci 15985 (yellow 6 lake).

this list of ingredients is subject to change; please refer to the packaging of the purchased product.",'4.6,43
Make Up,Lips,'7861143994540,'43291325857964,Ilia,Lip Sketch Hydrating Crayon,https://ohmycream.co.uk/collections/make-up-lips/products/ilia-lip-sketch-hydrating-crayon?variant=43291325857964,https://cdn.shopify.com/s/files/1/0555/4071/1596/files/Crayonlevreshydratantpiazza_ILIA.jpg?v=1720617662,"Complete list of ingredients

pink door tridecyl trimellitate, octyldodecanol, dicalcium phosphate, synthetic wax, caprylic/capric triglyceride, diisostearyl malate, synthetic beeswax, helianthus annuus (sunflower) seed wax, rosa canina fruit oil, salicornia herbacea extract, undaria pinnatifida extract, sodium hyaluronate, rubus idaeus (raspberry) leaf extract, ricinus communis (castor) seed oil, disteardimonium hectorite, propylene carbonate, pentaerythrityl tetra-di-t-butyl hydroxyhydrocinnamate, hydrogenated castor oil, barium sulfate. may contain/peut contenir (+/-): ci 77891 (titanium dioxide), ci 15850 (red 7 lake), mica, ci 15850 (red 6), ci 19140 (yellow 5 lake), ci 15850 (red 7), ci 77491, ci 77492, ci 77499 (iron oxides), ci 15850 (red 7), ci 45410 (red 28 lake), ci 42090 (blue 1 lake), ci 45380 (red 22 lake), ci 15985 (yellow 6 lake).

banquette tridecyl trimellitate, octyldodecanol, dicalcium phosphate, synthetic wax, caprylic/capric triglyceride, diisostearyl malate, synthetic beeswax, helianthus annuus (sunflower) seed wax, rosa canina fruit oil, salicornia herbacea extract, undaria pinnatifida extract, sodium hyaluronate, rubus idaeus (raspberry) leaf extract, ricinus communis (castor) seed oil, disteardimonium hectorite, propylene carbonate, pentaerythrityl tetra-di-t-butyl hydroxyhydrocinnamate, hydrogenated castor oil, barium sulfate. may contain/peut contenir (+/-): ci 77891 (titanium dioxide), ci 15850 (red 7 lake), mica, ci 15850 (red 6), ci 19140 (yellow 5 lake), ci 15850 (red 7), ci 77491, ci 77492, ci 77499 (iron oxides), ci 15850 (red 7), ci 45410 (red 28 lake), ci 42090 (blue 1 lake), ci 45380 (red 22 lake), ci 15985 (yellow 6 lake).

genre tridecyl trimellitate, octyldodecanol, dicalcium phosphate, synthetic wax, caprylic/capric triglyceride, diisostearyl malate, synthetic beeswax, helianthus annuus (sunflower) seed wax, rosa canina fruit oil, salicornia herbacea extract, undaria pinnatifida extract, sodium hyaluronate, rubus idaeus (raspberry) leaf extract, ricinus communis (castor) seed oil, disteardimonium hectorite, propylene carbonate, pentaerythrityl tetra-di-t-butyl hydroxyhydrocinnamate, hydrogenated castor oil, barium sulfate. may contain/peut contenir (+/-): ci 77891 (titanium dioxide), ci 15850 (red 7 lake), mica, ci 15850 (red 6), ci 19140 (yellow 5 lake), ci 15850 (red 7), ci 77491, ci 77492, ci 77499 (iron oxides), ci 15850 (red 7), ci 45410 (red 28 lake), ci 42090 (blue 1 lake), ci 45380 (red 22 lake), ci 15985 (yellow 6 lake).

piazza tridecyl trimellitate, octyldodecanol, dicalcium phosphate, synthetic wax, caprylic/capric triglyceride, diisostearyl malate, synthetic beeswax, helianthus annuus (sunflower) seed wax, rosa canina fruit oil, salicornia herbacea extract, undaria pinnatifida extract, sodium hyaluronate, rubus idaeus (raspberry) leaf extract, ricinus communis (castor) seed oil, disteardimonium hectorite, propylene carbonate, pentaerythrityl tetra-di-t-butyl hydroxyhydrocinnamate, hydrogenated castor oil, barium sulfate. may contain/peut contenir (+/-): ci 77891 (titanium dioxide), ci 15850 (red 7 lake), mica, ci 15850 (red 6), ci 19140 (yellow 5 lake), ci 15850 (red 7), ci 77491, ci 77492, ci 77499 (iron oxides), ci 15850 (red 7), ci 45410 (red 28 lake), ci 42090 (blue 1 lake), ci 45380 (red 22 lake), ci 15985 (yellow 6 lake).

night bloom tridecyl trimellitate, octyldodecanol, dicalcium phosphate, synthetic wax, caprylic/capric triglyceride, diisostearyl malate, synthetic beeswax, helianthus annuus (sunflower) seed wax, rosa canina fruit oil, salicornia herbacea extract, undaria pinnatifida extract, sodium hyaluronate, rubus idaeus (raspberry) leaf extract, ricinus communis (castor) seed oil, disteardimonium hectorite, propylene carbonate, pentaerythrityl tetra-di-t-butyl hydroxyhydrocinnamate, hydrogenated castor oil, barium sulfate. may contain/peut contenir (+/-): ci 77891 (titanium dioxide), ci 15850 (red 7 lake), mica, ci 15850 (red 6), ci 19140 (yellow 5 lake), ci 15850 (red 7), ci 77491, ci 77492, ci 77499 (iron oxides), ci 15850 (red 7), ci 45410 (red 28 lake), ci 42090 (blue 1 lake), ci 45380 (red 22 lake), ci 15985 (yellow 6 lake).

blue note tridecyl trimellitate, octyldodecanol, dicalcium phosphate, synthetic wax, caprylic/capric triglyceride, diisostearyl malate, synthetic beeswax, helianthus annuus (sunflower) seed wax, rosa canina fruit oil, salicornia herbacea extract, undaria pinnatifida extract, sodium hyaluronate, rubus idaeus (raspberry) leaf extract, ricinus communis (castor) seed oil, disteardimonium hectorite, propylene carbonate, pentaerythrityl tetra-di-t-butyl hydroxyhydrocinnamate, hydrogenated castor oil, barium sulfate. may contain/peut contenir (+/-): ci 77891 (titanium dioxide), ci 15850 (red 7 lake), mica, ci 15850 (red 6), ci 19140 (yellow 5 lake), ci 15850 (red 7), ci 77491, ci 77492, ci 77499 (iron oxides), ci 15850 (red 7), ci 45410 (red 28 lake), ci 42090 (blue 1 lake), ci 45380 (red 22 lake), ci 15985 (yellow 6 lake).

gala tridecyl trimellitate, octyldodecanol, dicalcium phosphate, synthetic wax, caprylic/capric triglyceride, diisostearyl malate, synthetic beeswax, helianthus annuus (sunflower) seed wax, rosa canina fruit oil, salicornia herbacea extract, undaria pinnatifida extract, sodium hyaluronate, rubus idaeus (raspberry) leaf extract, ricinus communis (castor) seed oil, disteardimonium hectorite, propylene carbonate, pentaerythrityl tetra-di-t-butyl hydroxyhydrocinnamate, hydrogenated castor oil, barium sulfate. may contain/peut contenir (+/-): ci 77891 (titanium dioxide), ci 15850 (red 7 lake), mica, ci 15850 (red 6), ci 19140 (yellow 5 lake), ci 15850 (red 7), ci 77491, ci 77492, ci 77499 (iron oxides), ci 15850 (red 7), ci 45410 (red 28 lake), ci 42090 (blue 1 lake), ci 45380 (red 22 lake), ci 15985 (yellow 6 lake).

kiln tridecyl trimellitate, octyldodecanol, dicalcium phosphate, synthetic wax, caprylic/capric triglyceride, diisostearyl malate, synthetic beeswax, helianthus annuus (sunflower) seed wax, rosa canina fruit oil, salicornia herbacea extract, undaria pinnatifida extract, sodium hyaluronate, rubus idaeus (raspberry) leaf extract, ricinus communis (castor) seed oil, disteardimonium hectorite, propylene carbonate, pentaerythrityl tetra-di-t-butyl hydroxyhydrocinnamate, hydrogenated castor oil, barium sulfate. may contain/peut contenir (+/-): ci 77891 (titanium dioxide), ci 15850 (red 7 lake), mica, ci 15850 (red 6), ci 19140 (yellow 5 lake), ci 15850 (red 7), ci 77491, ci 77492, ci 77499 (iron oxides), ci 15850 (red 7), ci 45410 (red 28 lake), ci 42090 (blue 1 lake), ci 45380 (red 22 lake), ci 15985 (yellow 6 lake).

this list of ingredients is subject to change; please refer to the packaging of the purchased product.",'4.6,43
Make Up,Lips,'7861143994540,'43291325792428,Ilia,Lip Sketch Hydrating Crayon,https://ohmycream.co.uk/collections/make-up-lips/products/ilia-lip-sketch-hydrating-crayon?variant=43291325792428,https://cdn.shopify.com/s/files/1/0555/4071/1596/files/Crayonlevreshydratantgala_ILIA.jpg?v=1720617662,"Complete list of ingredients

pink door tridecyl trimellitate, octyldodecanol, dicalcium phosphate, synthetic wax, caprylic/capric triglyceride, diisostearyl malate, synthetic beeswax, helianthus annuus (sunflower) seed wax, rosa canina fruit oil, salicornia herbacea extract, undaria pinnatifida extract, sodium hyaluronate, rubus idaeus (raspberry) leaf extract, ricinus communis (castor) seed oil, disteardimonium hectorite, propylene carbonate, pentaerythrityl tetra-di-t-butyl hydroxyhydrocinnamate, hydrogenated castor oil, barium sulfate. may contain/peut contenir (+/-): ci 77891 (titanium dioxide), ci 15850 (red 7 lake), mica, ci 15850 (red 6), ci 19140 (yellow 5 lake), ci 15850 (red 7), ci 77491, ci 77492, ci 77499 (iron oxides), ci 15850 (red 7), ci 45410 (red 28 lake), ci 42090 (blue 1 lake), ci 45380 (red 22 lake), ci 15985 (yellow 6 lake).

banquette tridecyl trimellitate, octyldodecanol, dicalcium phosphate, synthetic wax, caprylic/capric triglyceride, diisostearyl malate, synthetic beeswax, helianthus annuus (sunflower) seed wax, rosa canina fruit oil, salicornia herbacea extract, undaria pinnatifida extract, sodium hyaluronate, rubus idaeus (raspberry) leaf extract, ricinus communis (castor) seed oil, disteardimonium hectorite, propylene carbonate, pentaerythrityl tetra-di-t-butyl hydroxyhydrocinnamate, hydrogenated castor oil, barium sulfate. may contain/peut contenir (+/-): ci 77891 (titanium dioxide), ci 15850 (red 7 lake), mica, ci 15850 (red 6), ci 19140 (yellow 5 lake), ci 15850 (red 7), ci 77491, ci 77492, ci 77499 (iron oxides), ci 15850 (red 7), ci 45410 (red 28 lake), ci 42090 (blue 1 lake), ci 45380 (red 22 lake), ci 15985 (yellow 6 lake).

genre tridecyl trimellitate, octyldodecanol, dicalcium phosphate, synthetic wax, caprylic/capric triglyceride, diisostearyl malate, synthetic beeswax, helianthus annuus (sunflower) seed wax, rosa canina fruit oil, salicornia herbacea extract, undaria pinnatifida extract, sodium hyaluronate, rubus idaeus (raspberry) leaf extract, ricinus communis (castor) seed oil, disteardimonium hectorite, propylene carbonate, pentaerythrityl tetra-di-t-butyl hydroxyhydrocinnamate, hydrogenated castor oil, barium sulfate. may contain/peut contenir (+/-): ci 77891 (titanium dioxide), ci 15850 (red 7 lake), mica, ci 15850 (red 6), ci 19140 (yellow 5 lake), ci 15850 (red 7), ci 77491, ci 77492, ci 77499 (iron oxides), ci 15850 (red 7), ci 45410 (red 28 lake), ci 42090 (blue 1 lake), ci 45380 (red 22 lake), ci 15985 (yellow 6 lake).

piazza tridecyl trimellitate, octyldodecanol, dicalcium phosphate, synthetic wax, caprylic/capric triglyceride, diisostearyl malate, synthetic beeswax, helianthus annuus (sunflower) seed wax, rosa canina fruit oil, salicornia herbacea extract, undaria pinnatifida extract, sodium hyaluronate, rubus idaeus (raspberry) leaf extract, ricinus communis (castor) seed oil, disteardimonium hectorite, propylene carbonate, pentaerythrityl tetra-di-t-butyl hydroxyhydrocinnamate, hydrogenated castor oil, barium sulfate. may contain/peut contenir (+/-): ci 77891 (titanium dioxide), ci 15850 (red 7 lake), mica, ci 15850 (red 6), ci 19140 (yellow 5 lake), ci 15850 (red 7), ci 77491, ci 77492, ci 77499 (iron oxides), ci 15850 (red 7), ci 45410 (red 28 lake), ci 42090 (blue 1 lake), ci 45380 (red 22 lake), ci 15985 (yellow 6 lake).

night bloom tridecyl trimellitate, octyldodecanol, dicalcium phosphate, synthetic wax, caprylic/capric triglyceride, diisostearyl malate, synthetic beeswax, helianthus annuus (sunflower) seed wax, rosa canina fruit oil, salicornia herbacea extract, undaria pinnatifida extract, sodium hyaluronate, rubus idaeus (raspberry) leaf extract, ricinus communis (castor) seed oil, disteardimonium hectorite, propylene carbonate, pentaerythrityl tetra-di-t-butyl hydroxyhydrocinnamate, hydrogenated castor oil, barium sulfate. may contain/peut contenir (+/-): ci 77891 (titanium dioxide), ci 15850 (red 7 lake), mica, ci 15850 (red 6), ci 19140 (yellow 5 lake), ci 15850 (red 7), ci 77491, ci 77492, ci 77499 (iron oxides), ci 15850 (red 7), ci 45410 (red 28 lake), ci 42090 (blue 1 lake), ci 45380 (red 22 lake), ci 15985 (yellow 6 lake).

blue note tridecyl trimellitate, octyldodecanol, dicalcium phosphate, synthetic wax, caprylic/capric triglyceride, diisostearyl malate, synthetic beeswax, helianthus annuus (sunflower) seed wax, rosa canina fruit oil, salicornia herbacea extract, undaria pinnatifida extract, sodium hyaluronate, rubus idaeus (raspberry) leaf extract, ricinus communis (castor) seed oil, disteardimonium hectorite, propylene carbonate, pentaerythrityl tetra-di-t-butyl hydroxyhydrocinnamate, hydrogenated castor oil, barium sulfate. may contain/peut contenir (+/-): ci 77891 (titanium dioxide), ci 15850 (red 7 lake), mica, ci 15850 (red 6), ci 19140 (yellow 5 lake), ci 15850 (red 7), ci 77491, ci 77492, ci 77499 (iron oxides), ci 15850 (red 7), ci 45410 (red 28 lake), ci 42090 (blue 1 lake), ci 45380 (red 22 lake), ci 15985 (yellow 6 lake).

gala tridecyl trimellitate, octyldodecanol, dicalcium phosphate, synthetic wax, caprylic/capric triglyceride, diisostearyl malate, synthetic beeswax, helianthus annuus (sunflower) seed wax, rosa canina fruit oil, salicornia herbacea extract, undaria pinnatifida extract, sodium hyaluronate, rubus idaeus (raspberry) leaf extract, ricinus communis (castor) seed oil, disteardimonium hectorite, propylene carbonate, pentaerythrityl tetra-di-t-butyl hydroxyhydrocinnamate, hydrogenated castor oil, barium sulfate. may contain/peut contenir (+/-): ci 77891 (titanium dioxide), ci 15850 (red 7 lake), mica, ci 15850 (red 6), ci 19140 (yellow 5 lake), ci 15850 (red 7), ci 77491, ci 77492, ci 77499 (iron oxides), ci 15850 (red 7), ci 45410 (red 28 lake), ci 42090 (blue 1 lake), ci 45380 (red 22 lake), ci 15985 (yellow 6 lake).

kiln tridecyl trimellitate, octyldodecanol, dicalcium phosphate, synthetic wax, caprylic/capric triglyceride, diisostearyl malate, synthetic beeswax, helianthus annuus (sunflower) seed wax, rosa canina fruit oil, salicornia herbacea extract, undaria pinnatifida extract, sodium hyaluronate, rubus idaeus (raspberry) leaf extract, ricinus communis (castor) seed oil, disteardimonium hectorite, propylene carbonate, pentaerythrityl tetra-di-t-butyl hydroxyhydrocinnamate, hydrogenated castor oil, barium sulfate. may contain/peut contenir (+/-): ci 77891 (titanium dioxide), ci 15850 (red 7 lake), mica, ci 15850 (red 6), ci 19140 (yellow 5 lake), ci 15850 (red 7), ci 77491, ci 77492, ci 77499 (iron oxides), ci 15850 (red 7), ci 45410 (red 28 lake), ci 42090 (blue 1 lake), ci 45380 (red 22 lake), ci 15985 (yellow 6 lake).

this list of ingredients is subject to change; please refer to the packaging of the purchased product.",'4.6,43
Make Up,Lips,'14826564583804,'55165153542524,Victoria Beckham Beauty,Posh Balm,https://ohmycream.co.uk/collections/make-up-lips/products/victoria-beckham-beauty-posh-balm?variant=55165153542524,https://cdn.shopify.com/s/files/1/0555/4071/1596/files/2024_11_Victoria_Beckham_Beauty_Posh_Balm_Cannelle_Packshot_1.jpg?v=1749130795,"Complete list of ingredients

glace diisostearyl malate, bis-diglyceryl polyacyladipate-2, bis-behenyl/isostearyl/phytosteryl dimer dilinoleyl dimer dilinoleate, hydrogenated polyisobutene, synthetic wax, sorbitan isostearate, 1,2-hexanediol, astrocaryum murumuru seed butter, gossypium herbaceum (cotton) seed oil, tocopheryl acetate, bidens pilosa extract, linum usitatissimum (linseed) seed oil, water/aqua/eau, tocopherol, cucumis sativus (cucumber) fruit extract, sodium benzoate, citric acid.

cassis diisostearyl malate, bis-diglyceryl polyacyladipate-2, bis-behenyl/isostearyl/phytosteryl dimer dilinoleyl dimer dilinoleate, hydrogenated polyisobutene, synthetic wax, isostearic acid, 1,2-hexanediol, sorbitan isostearate, astrocaryum murumuru seed butter, gossypium herbaceum (cotton) seed oil, tocopheryl acetate, bidens pilosa extract, linum usitatissimum (linseed) seed oil, polyglyceryl-2 triisostearate, water/aqua/eau, tocopherol, cucumis sativus (cucumber) fruit extract, citric acid, sodium benzoate. may contain / peut contenir / (+/-) : blue 1 lake (ci 42090), iron oxides (ci 77499), red 27 (ci 45410), red 28 lake (ci 45410), red 7 lake (ci 15850), titanium dioxide (ci 77891), yellow 5 lake (ci 19140), yellow 6 lake (ci 15985).

colette diisostearyl malate, bis-diglyceryl polyacyladipate-2, bis-behenyl/isostearyl/phytosteryl dimer dilinoleyl dimer dilinoleate, hydrogenated polyisobutene, synthetic wax, isostearic acid, 1,2-hexanediol, sorbitan isostearate, astrocaryum murumuru seed butter, gossypium herbaceum (cotton) seed oil, tocopheryl acetate, bidens pilosa extract, linum usitatissimum (linseed) seed oil, polyglyceryl-2 triisostearate, water/aqua/eau, tocopherol, cucumis sativus (cucumber) fruit extract, citric acid, sodium benzoate. may contain / peut contenir / (+/-) : blue 1 lake (ci 42090), iron oxides (ci 77499), red 27 (ci 45410), red 28 lake (ci 45410), red 7 lake (ci 15850), titanium dioxide (ci 77891), yellow 5 lake (ci 19140), yellow 6 lake (ci 15985).

fleur diisostearyl malate, bis-diglyceryl polyacyladipate-2, bis-behenyl/isostearyl/phytosteryl dimer dilinoleyl dimer dilinoleate, hydrogenated polyisobutene, synthetic wax, isostearic acid, 1,2-hexanediol, sorbitan isostearate, astrocaryum murumuru seed butter, gossypium herbaceum (cotton) seed oil, tocopheryl acetate, bidens pilosa extract, linum usitatissimum (linseed) seed oil, polyglyceryl-2 triisostearate, water/aqua/eau, tocopherol, cucumis sativus (cucumber) fruit extract, citric acid, sodium benzoate. may contain / peut contenir / (+/-) : blue 1 lake (ci 42090), iron oxides (ci 77499), red 27 (ci 45410), red 28 lake (ci 45410), red 7 lake (ci 15850), titanium dioxide (ci 77891), yellow 5 lake (ci 19140), yellow 6 lake (ci 15985).

cannelle diisostearyl malate, bis-diglyceryl polyacyladipate-2, bis-behenyl/isostearyl/phytosteryl dimer dilinoleyl dimer dilinoleate, hydrogenated polyisobutene, synthetic wax, isostearic acid,1,2-hexanediol, sorbitan isostearate, astrocaryum murumuru seed butter, gossypium herbaceum (cotton) seed oil, tocopheryl acetate, bidens pilosa extract, linum usitatissimum (linseed) seed oil, polyglyceryl-2 triisostearate, water/aqua/eau, tocopherol, cucumis sativus (cucumber) fruit extract, citric acid, sodium benzoate. may contain / peut contenir / (+/-) : blue 1 lake (ci 42090), iron oxides (ci 77499), red 27 (ci 45410), red 28 lake (ci 45410), red 7 lake (ci 15850), titanium dioxide (ci 77891), yellow 5 lake (ci 19140), yellow 6 lake (ci 15985).

this list of ingredients is subject to change; please refer to the packaging of the purchased product.",'4.9,10
Make Up,Lips,'14826564583804,'53625023529340,Victoria Beckham Beauty,Posh Balm,https://ohmycream.co.uk/collections/make-up-lips/products/victoria-beckham-beauty-posh-balm?variant=53625023529340,https://cdn.shopify.com/s/files/1/0555/4071/1596/files/2024_11_VictoriaBeckhamBeauty_PoshBalmGlace_Packshot.jpg?v=1749130795,"Complete list of ingredients

glace diisostearyl malate, bis-diglyceryl polyacyladipate-2, bis-behenyl/isostearyl/phytosteryl dimer dilinoleyl dimer dilinoleate, hydrogenated polyisobutene, synthetic wax, sorbitan isostearate, 1,2-hexanediol, astrocaryum murumuru seed butter, gossypium herbaceum (cotton) seed oil, tocopheryl acetate, bidens pilosa extract, linum usitatissimum (linseed) seed oil, water/aqua/eau, tocopherol, cucumis sativus (cucumber) fruit extract, sodium benzoate, citric acid.

cassis diisostearyl malate, bis-diglyceryl polyacyladipate-2, bis-behenyl/isostearyl/phytosteryl dimer dilinoleyl dimer dilinoleate, hydrogenated polyisobutene, synthetic wax, isostearic acid, 1,2-hexanediol, sorbitan isostearate, astrocaryum murumuru seed butter, gossypium herbaceum (cotton) seed oil, tocopheryl acetate, bidens pilosa extract, linum usitatissimum (linseed) seed oil, polyglyceryl-2 triisostearate, water/aqua/eau, tocopherol, cucumis sativus (cucumber) fruit extract, citric acid, sodium benzoate. may contain / peut contenir / (+/-) : blue 1 lake (ci 42090), iron oxides (ci 77499), red 27 (ci 45410), red 28 lake (ci 45410), red 7 lake (ci 15850), titanium dioxide (ci 77891), yellow 5 lake (ci 19140), yellow 6 lake (ci 15985).

colette diisostearyl malate, bis-diglyceryl polyacyladipate-2, bis-behenyl/isostearyl/phytosteryl dimer dilinoleyl dimer dilinoleate, hydrogenated polyisobutene, synthetic wax, isostearic acid, 1,2-hexanediol, sorbitan isostearate, astrocaryum murumuru seed butter, gossypium herbaceum (cotton) seed oil, tocopheryl acetate, bidens pilosa extract, linum usitatissimum (linseed) seed oil, polyglyceryl-2 triisostearate, water/aqua/eau, tocopherol, cucumis sativus (cucumber) fruit extract, citric acid, sodium benzoate. may contain / peut contenir / (+/-) : blue 1 lake (ci 42090), iron oxides (ci 77499), red 27 (ci 45410), red 28 lake (ci 45410), red 7 lake (ci 15850), titanium dioxide (ci 77891), yellow 5 lake (ci 19140), yellow 6 lake (ci 15985).

fleur diisostearyl malate, bis-diglyceryl polyacyladipate-2, bis-behenyl/isostearyl/phytosteryl dimer dilinoleyl dimer dilinoleate, hydrogenated polyisobutene, synthetic wax, isostearic acid, 1,2-hexanediol, sorbitan isostearate, astrocaryum murumuru seed butter, gossypium herbaceum (cotton) seed oil, tocopheryl acetate, bidens pilosa extract, linum usitatissimum (linseed) seed oil, polyglyceryl-2 triisostearate, water/aqua/eau, tocopherol, cucumis sativus (cucumber) fruit extract, citric acid, sodium benzoate. may contain / peut contenir / (+/-) : blue 1 lake (ci 42090), iron oxides (ci 77499), red 27 (ci 45410), red 28 lake (ci 45410), red 7 lake (ci 15850), titanium dioxide (ci 77891), yellow 5 lake (ci 19140), yellow 6 lake (ci 15985).

cannelle diisostearyl malate, bis-diglyceryl polyacyladipate-2, bis-behenyl/isostearyl/phytosteryl dimer dilinoleyl dimer dilinoleate, hydrogenated polyisobutene, synthetic wax, isostearic acid,1,2-hexanediol, sorbitan isostearate, astrocaryum murumuru seed butter, gossypium herbaceum (cotton) seed oil, tocopheryl acetate, bidens pilosa extract, linum usitatissimum (linseed) seed oil, polyglyceryl-2 triisostearate, water/aqua/eau, tocopherol, cucumis sativus (cucumber) fruit extract, citric acid, sodium benzoate. may contain / peut contenir / (+/-) : blue 1 lake (ci 42090), iron oxides (ci 77499), red 27 (ci 45410), red 28 lake (ci 45410), red 7 lake (ci 15850), titanium dioxide (ci 77891), yellow 5 lake (ci 19140), yellow 6 lake (ci 15985).

this list of ingredients is subject to change; please refer to the packaging of the purchased product.",'4.9,10
Make Up,Lips,'14826564583804,'53625023562108,Victoria Beckham Beauty,Posh Balm,https://ohmycream.co.uk/collections/make-up-lips/products/victoria-beckham-beauty-posh-balm?variant=53625023562108,https://cdn.shopify.com/s/files/1/0555/4071/1596/files/2024_11_VictoriaBeckhamBeauty_PoshBalmFleur_Packshot.jpg?v=1749130795,"Complete list of ingredients

glace diisostearyl malate, bis-diglyceryl polyacyladipate-2, bis-behenyl/isostearyl/phytosteryl dimer dilinoleyl dimer dilinoleate, hydrogenated polyisobutene, synthetic wax, sorbitan isostearate, 1,2-hexanediol, astrocaryum murumuru seed butter, gossypium herbaceum (cotton) seed oil, tocopheryl acetate, bidens pilosa extract, linum usitatissimum (linseed) seed oil, water/aqua/eau, tocopherol, cucumis sativus (cucumber) fruit extract, sodium benzoate, citric acid.

cassis diisostearyl malate, bis-diglyceryl polyacyladipate-2, bis-behenyl/isostearyl/phytosteryl dimer dilinoleyl dimer dilinoleate, hydrogenated polyisobutene, synthetic wax, isostearic acid, 1,2-hexanediol, sorbitan isostearate, astrocaryum murumuru seed butter, gossypium herbaceum (cotton) seed oil, tocopheryl acetate, bidens pilosa extract, linum usitatissimum (linseed) seed oil, polyglyceryl-2 triisostearate, water/aqua/eau, tocopherol, cucumis sativus (cucumber) fruit extract, citric acid, sodium benzoate. may contain / peut contenir / (+/-) : blue 1 lake (ci 42090), iron oxides (ci 77499), red 27 (ci 45410), red 28 lake (ci 45410), red 7 lake (ci 15850), titanium dioxide (ci 77891), yellow 5 lake (ci 19140), yellow 6 lake (ci 15985).

colette diisostearyl malate, bis-diglyceryl polyacyladipate-2, bis-behenyl/isostearyl/phytosteryl dimer dilinoleyl dimer dilinoleate, hydrogenated polyisobutene, synthetic wax, isostearic acid, 1,2-hexanediol, sorbitan isostearate, astrocaryum murumuru seed butter, gossypium herbaceum (cotton) seed oil, tocopheryl acetate, bidens pilosa extract, linum usitatissimum (linseed) seed oil, polyglyceryl-2 triisostearate, water/aqua/eau, tocopherol, cucumis sativus (cucumber) fruit extract, citric acid, sodium benzoate. may contain / peut contenir / (+/-) : blue 1 lake (ci 42090), iron oxides (ci 77499), red 27 (ci 45410), red 28 lake (ci 45410), red 7 lake (ci 15850), titanium dioxide (ci 77891), yellow 5 lake (ci 19140), yellow 6 lake (ci 15985).

fleur diisostearyl malate, bis-diglyceryl polyacyladipate-2, bis-behenyl/isostearyl/phytosteryl dimer dilinoleyl dimer dilinoleate, hydrogenated polyisobutene, synthetic wax, isostearic acid, 1,2-hexanediol, sorbitan isostearate, astrocaryum murumuru seed butter, gossypium herbaceum (cotton) seed oil, tocopheryl acetate, bidens pilosa extract, linum usitatissimum (linseed) seed oil, polyglyceryl-2 triisostearate, water/aqua/eau, tocopherol, cucumis sativus (cucumber) fruit extract, citric acid, sodium benzoate. may contain / peut contenir / (+/-) : blue 1 lake (ci 42090), iron oxides (ci 77499), red 27 (ci 45410), red 28 lake (ci 45410), red 7 lake (ci 15850), titanium dioxide (ci 77891), yellow 5 lake (ci 19140), yellow 6 lake (ci 15985).

cannelle diisostearyl malate, bis-diglyceryl polyacyladipate-2, bis-behenyl/isostearyl/phytosteryl dimer dilinoleyl dimer dilinoleate, hydrogenated polyisobutene, synthetic wax, isostearic acid,1,2-hexanediol, sorbitan isostearate, astrocaryum murumuru seed butter, gossypium herbaceum (cotton) seed oil, tocopheryl acetate, bidens pilosa extract, linum usitatissimum (linseed) seed oil, polyglyceryl-2 triisostearate, water/aqua/eau, tocopherol, cucumis sativus (cucumber) fruit extract, citric acid, sodium benzoate. may contain / peut contenir / (+/-) : blue 1 lake (ci 42090), iron oxides (ci 77499), red 27 (ci 45410), red 28 lake (ci 45410), red 7 lake (ci 15850), titanium dioxide (ci 77891), yellow 5 lake (ci 19140), yellow 6 lake (ci 15985).

this list of ingredients is subject to change; please refer to the packaging of the purchased product.",'4.9,10
Make Up,Lips,'14826564583804,'53625023594876,Victoria Beckham Beauty,Posh Balm,https://ohmycream.co.uk/collections/make-up-lips/products/victoria-beckham-beauty-posh-balm?variant=53625023594876,https://cdn.shopify.com/s/files/1/0555/4071/1596/files/2024_11_VictoriaBeckhamBeauty_PoshBalmCassis_Packshot.jpg?v=1749130795,"Complete list of ingredients

glace diisostearyl malate, bis-diglyceryl polyacyladipate-2, bis-behenyl/isostearyl/phytosteryl dimer dilinoleyl dimer dilinoleate, hydrogenated polyisobutene, synthetic wax, sorbitan isostearate, 1,2-hexanediol, astrocaryum murumuru seed butter, gossypium herbaceum (cotton) seed oil, tocopheryl acetate, bidens pilosa extract, linum usitatissimum (linseed) seed oil, water/aqua/eau, tocopherol, cucumis sativus (cucumber) fruit extract, sodium benzoate, citric acid.

cassis diisostearyl malate, bis-diglyceryl polyacyladipate-2, bis-behenyl/isostearyl/phytosteryl dimer dilinoleyl dimer dilinoleate, hydrogenated polyisobutene, synthetic wax, isostearic acid, 1,2-hexanediol, sorbitan isostearate, astrocaryum murumuru seed butter, gossypium herbaceum (cotton) seed oil, tocopheryl acetate, bidens pilosa extract, linum usitatissimum (linseed) seed oil, polyglyceryl-2 triisostearate, water/aqua/eau, tocopherol, cucumis sativus (cucumber) fruit extract, citric acid, sodium benzoate. may contain / peut contenir / (+/-) : blue 1 lake (ci 42090), iron oxides (ci 77499), red 27 (ci 45410), red 28 lake (ci 45410), red 7 lake (ci 15850), titanium dioxide (ci 77891), yellow 5 lake (ci 19140), yellow 6 lake (ci 15985).

colette diisostearyl malate, bis-diglyceryl polyacyladipate-2, bis-behenyl/isostearyl/phytosteryl dimer dilinoleyl dimer dilinoleate, hydrogenated polyisobutene, synthetic wax, isostearic acid, 1,2-hexanediol, sorbitan isostearate, astrocaryum murumuru seed butter, gossypium herbaceum (cotton) seed oil, tocopheryl acetate, bidens pilosa extract, linum usitatissimum (linseed) seed oil, polyglyceryl-2 triisostearate, water/aqua/eau, tocopherol, cucumis sativus (cucumber) fruit extract, citric acid, sodium benzoate. may contain / peut contenir / (+/-) : blue 1 lake (ci 42090), iron oxides (ci 77499), red 27 (ci 45410), red 28 lake (ci 45410), red 7 lake (ci 15850), titanium dioxide (ci 77891), yellow 5 lake (ci 19140), yellow 6 lake (ci 15985).

fleur diisostearyl malate, bis-diglyceryl polyacyladipate-2, bis-behenyl/isostearyl/phytosteryl dimer dilinoleyl dimer dilinoleate, hydrogenated polyisobutene, synthetic wax, isostearic acid, 1,2-hexanediol, sorbitan isostearate, astrocaryum murumuru seed butter, gossypium herbaceum (cotton) seed oil, tocopheryl acetate, bidens pilosa extract, linum usitatissimum (linseed) seed oil, polyglyceryl-2 triisostearate, water/aqua/eau, tocopherol, cucumis sativus (cucumber) fruit extract, citric acid, sodium benzoate. may contain / peut contenir / (+/-) : blue 1 lake (ci 42090), iron oxides (ci 77499), red 27 (ci 45410), red 28 lake (ci 45410), red 7 lake (ci 15850), titanium dioxide (ci 77891), yellow 5 lake (ci 19140), yellow 6 lake (ci 15985).

cannelle diisostearyl malate, bis-diglyceryl polyacyladipate-2, bis-behenyl/isostearyl/phytosteryl dimer dilinoleyl dimer dilinoleate, hydrogenated polyisobutene, synthetic wax, isostearic acid,1,2-hexanediol, sorbitan isostearate, astrocaryum murumuru seed butter, gossypium herbaceum (cotton) seed oil, tocopheryl acetate, bidens pilosa extract, linum usitatissimum (linseed) seed oil, polyglyceryl-2 triisostearate, water/aqua/eau, tocopherol, cucumis sativus (cucumber) fruit extract, citric acid, sodium benzoate. may contain / peut contenir / (+/-) : blue 1 lake (ci 42090), iron oxides (ci 77499), red 27 (ci 45410), red 28 lake (ci 45410), red 7 lake (ci 15850), titanium dioxide (ci 77891), yellow 5 lake (ci 19140), yellow 6 lake (ci 15985).

this list of ingredients is subject to change; please refer to the packaging of the purchased product.",'4.9,10
Make Up,Lips,'14826564583804,'53625023496572,Victoria Beckham Beauty,Posh Balm,https://ohmycream.co.uk/collections/make-up-lips/products/victoria-beckham-beauty-posh-balm?variant=53625023496572,https://cdn.shopify.com/s/files/1/0555/4071/1596/files/2024_11_VictoriaBeckhamBeauty_PoshBalmColette_Packshot.jpg?v=1749130795,"Complete list of ingredients

glace diisostearyl malate, bis-diglyceryl polyacyladipate-2, bis-behenyl/isostearyl/phytosteryl dimer dilinoleyl dimer dilinoleate, hydrogenated polyisobutene, synthetic wax, sorbitan isostearate, 1,2-hexanediol, astrocaryum murumuru seed butter, gossypium herbaceum (cotton) seed oil, tocopheryl acetate, bidens pilosa extract, linum usitatissimum (linseed) seed oil, water/aqua/eau, tocopherol, cucumis sativus (cucumber) fruit extract, sodium benzoate, citric acid.

cassis diisostearyl malate, bis-diglyceryl polyacyladipate-2, bis-behenyl/isostearyl/phytosteryl dimer dilinoleyl dimer dilinoleate, hydrogenated polyisobutene, synthetic wax, isostearic acid, 1,2-hexanediol, sorbitan isostearate, astrocaryum murumuru seed butter, gossypium herbaceum (cotton) seed oil, tocopheryl acetate, bidens pilosa extract, linum usitatissimum (linseed) seed oil, polyglyceryl-2 triisostearate, water/aqua/eau, tocopherol, cucumis sativus (cucumber) fruit extract, citric acid, sodium benzoate. may contain / peut contenir / (+/-) : blue 1 lake (ci 42090), iron oxides (ci 77499), red 27 (ci 45410), red 28 lake (ci 45410), red 7 lake (ci 15850), titanium dioxide (ci 77891), yellow 5 lake (ci 19140), yellow 6 lake (ci 15985).

colette diisostearyl malate, bis-diglyceryl polyacyladipate-2, bis-behenyl/isostearyl/phytosteryl dimer dilinoleyl dimer dilinoleate, hydrogenated polyisobutene, synthetic wax, isostearic acid, 1,2-hexanediol, sorbitan isostearate, astrocaryum murumuru seed butter, gossypium herbaceum (cotton) seed oil, tocopheryl acetate, bidens pilosa extract, linum usitatissimum (linseed) seed oil, polyglyceryl-2 triisostearate, water/aqua/eau, tocopherol, cucumis sativus (cucumber) fruit extract, citric acid, sodium benzoate. may contain / peut contenir / (+/-) : blue 1 lake (ci 42090), iron oxides (ci 77499), red 27 (ci 45410), red 28 lake (ci 45410), red 7 lake (ci 15850), titanium dioxide (ci 77891), yellow 5 lake (ci 19140), yellow 6 lake (ci 15985).

fleur diisostearyl malate, bis-diglyceryl polyacyladipate-2, bis-behenyl/isostearyl/phytosteryl dimer dilinoleyl dimer dilinoleate, hydrogenated polyisobutene, synthetic wax, isostearic acid, 1,2-hexanediol, sorbitan isostearate, astrocaryum murumuru seed butter, gossypium herbaceum (cotton) seed oil, tocopheryl acetate, bidens pilosa extract, linum usitatissimum (linseed) seed oil, polyglyceryl-2 triisostearate, water/aqua/eau, tocopherol, cucumis sativus (cucumber) fruit extract, citric acid, sodium benzoate. may contain / peut contenir / (+/-) : blue 1 lake (ci 42090), iron oxides (ci 77499), red 27 (ci 45410), red 28 lake (ci 45410), red 7 lake (ci 15850), titanium dioxide (ci 77891), yellow 5 lake (ci 19140), yellow 6 lake (ci 15985).

cannelle diisostearyl malate, bis-diglyceryl polyacyladipate-2, bis-behenyl/isostearyl/phytosteryl dimer dilinoleyl dimer dilinoleate, hydrogenated polyisobutene, synthetic wax, isostearic acid,1,2-hexanediol, sorbitan isostearate, astrocaryum murumuru seed butter, gossypium herbaceum (cotton) seed oil, tocopheryl acetate, bidens pilosa extract, linum usitatissimum (linseed) seed oil, polyglyceryl-2 triisostearate, water/aqua/eau, tocopherol, cucumis sativus (cucumber) fruit extract, citric acid, sodium benzoate. may contain / peut contenir / (+/-) : blue 1 lake (ci 42090), iron oxides (ci 77499), red 27 (ci 45410), red 28 lake (ci 45410), red 7 lake (ci 15850), titanium dioxide (ci 77891), yellow 5 lake (ci 19140), yellow 6 lake (ci 15985).

this list of ingredients is subject to change; please refer to the packaging of the purchased product.",'4.9,10
Make Up,Lips,'7383281860780,'41811524550828,RMS Beauty,Lip2Cheek,https://ohmycream.co.uk/collections/make-up-lips/products/rms-beauty-lip2cheek?variant=41811524550828,https://cdn.shopify.com/s/files/1/0555/4071/1596/products/packshot_lip2cheek_RM4013070.jpg?v=1664781183,"Complete list of ingredients

*cocos nucifera (coconut) oil, *ricinus communis (castor) seed oil, *cera alba (beeswax), *butyrospermum parkii (shea butter) fruit, *simmondsia chinensis (jojoba) seed oil, *theobroma cacao (cocoa) seed butter, *argania spinosa (argan) oil, tocopherol (non-gmo), helianthus annus (sunflower) seed oil, propolis extract, centella asiatica extract, *rosmarinus officinalis (rosemary) extract, and may contain: [+/-titanium dioxide ci 77891, iron oxide ci 77491, ci 77492, ci 77499, mica ci 77019]

*certified organic

in addition to above ingredient deck, the smile, beloved and curious lip2cheek shades contain the following pigments: [+/- red 30 ci 73360, red 6 lake ci 15850]

this list of ingredients is subject to change; please refer to the packaging of the purchased product.",'4.6,71
Make Up,Lips,'7383281860780,'41811524288684,RMS Beauty,Lip2Cheek,https://ohmycream.co.uk/collections/make-up-lips/products/rms-beauty-lip2cheek?variant=41811524288684,https://cdn.shopify.com/s/files/1/0555/4071/1596/products/packshot_lip2cheek_RM4013160.jpg?v=1664781183,"Complete list of ingredients

*cocos nucifera (coconut) oil, *ricinus communis (castor) seed oil, *cera alba (beeswax), *butyrospermum parkii (shea butter) fruit, *simmondsia chinensis (jojoba) seed oil, *theobroma cacao (cocoa) seed butter, *argania spinosa (argan) oil, tocopherol (non-gmo), helianthus annus (sunflower) seed oil, propolis extract, centella asiatica extract, *rosmarinus officinalis (rosemary) extract, and may contain: [+/-titanium dioxide ci 77891, iron oxide ci 77491, ci 77492, ci 77499, mica ci 77019]

*certified organic

in addition to above ingredient deck, the smile, beloved and curious lip2cheek shades contain the following pigments: [+/- red 30 ci 73360, red 6 lake ci 15850]

this list of ingredients is subject to change; please refer to the packaging of the purchased product.",'4.6,71
Make Up,Lips,'7383281860780,'41811524485292,RMS Beauty,Lip2Cheek,https://ohmycream.co.uk/collections/make-up-lips/products/rms-beauty-lip2cheek?variant=41811524485292,https://cdn.shopify.com/s/files/1/0555/4071/1596/products/packshot_lip2cheek_RM4013170.jpg?v=1664781183,"Complete list of ingredients

*cocos nucifera (coconut) oil, *ricinus communis (castor) seed oil, *cera alba (beeswax), *butyrospermum parkii (shea butter) fruit, *simmondsia chinensis (jojoba) seed oil, *theobroma cacao (cocoa) seed butter, *argania spinosa (argan) oil, tocopherol (non-gmo), helianthus annus (sunflower) seed oil, propolis extract, centella asiatica extract, *rosmarinus officinalis (rosemary) extract, and may contain: [+/-titanium dioxide ci 77891, iron oxide ci 77491, ci 77492, ci 77499, mica ci 77019]

*certified organic

in addition to above ingredient deck, the smile, beloved and curious lip2cheek shades contain the following pigments: [+/- red 30 ci 73360, red 6 lake ci 15850]

this list of ingredients is subject to change; please refer to the packaging of the purchased product.",'4.6,71
Make Up,Lips,'7383281860780,'41811524419756,RMS Beauty,Lip2Cheek,https://ohmycream.co.uk/collections/make-up-lips/products/rms-beauty-lip2cheek?variant=41811524419756,https://cdn.shopify.com/s/files/1/0555/4071/1596/products/packshot_lip2cheek_RM4013190.jpg?v=1664781183,"Complete list of ingredients

*cocos nucifera (coconut) oil, *ricinus communis (castor) seed oil, *cera alba (beeswax), *butyrospermum parkii (shea butter) fruit, *simmondsia chinensis (jojoba) seed oil, *theobroma cacao (cocoa) seed butter, *argania spinosa (argan) oil, tocopherol (non-gmo), helianthus annus (sunflower) seed oil, propolis extract, centella asiatica extract, *rosmarinus officinalis (rosemary) extract, and may contain: [+/-titanium dioxide ci 77891, iron oxide ci 77491, ci 77492, ci 77499, mica ci 77019]

*certified organic

in addition to above ingredient deck, the smile, beloved and curious lip2cheek shades contain the following pigments: [+/- red 30 ci 73360, red 6 lake ci 15850]

this list of ingredients is subject to change; please refer to the packaging of the purchased product.",'4.6,71
Make Up,Lips,'7383281860780,'41811524616364,RMS Beauty,Lip2Cheek,https://ohmycream.co.uk/collections/make-up-lips/products/rms-beauty-lip2cheek?variant=41811524616364,https://cdn.shopify.com/s/files/1/0555/4071/1596/products/packshot_lip2cheek_RM4013180.jpg?v=1664781183,"Complete list of ingredients

*cocos nucifera (coconut) oil, *ricinus communis (castor) seed oil, *cera alba (beeswax), *butyrospermum parkii (shea butter) fruit, *simmondsia chinensis (jojoba) seed oil, *theobroma cacao (cocoa) seed butter, *argania spinosa (argan) oil, tocopherol (non-gmo), helianthus annus (sunflower) seed oil, propolis extract, centella asiatica extract, *rosmarinus officinalis (rosemary) extract, and may contain: [+/-titanium dioxide ci 77891, iron oxide ci 77491, ci 77492, ci 77499, mica ci 77019]

*certified organic

in addition to above ingredient deck, the smile, beloved and curious lip2cheek shades contain the following pigments: [+/- red 30 ci 73360, red 6 lake ci 15850]

this list of ingredients is subject to change; please refer to the packaging of the purchased product.",'4.6,71
Make Up,Lips,'7383281860780,'41811524354220,RMS Beauty,Lip2Cheek,https://ohmycream.co.uk/collections/make-up-lips/products/rms-beauty-lip2cheek?variant=41811524354220,https://cdn.shopify.com/s/files/1/0555/4071/1596/products/packshot_lip2cheekRM4013150.jpg?v=1664781183,"Complete list of ingredients

*cocos nucifera (coconut) oil, *ricinus communis (castor) seed oil, *cera alba (beeswax), *butyrospermum parkii (shea butter) fruit, *simmondsia chinensis (jojoba) seed oil, *theobroma cacao (cocoa) seed butter, *argania spinosa (argan) oil, tocopherol (non-gmo), helianthus annus (sunflower) seed oil, propolis extract, centella asiatica extract, *rosmarinus officinalis (rosemary) extract, and may contain: [+/-titanium dioxide ci 77891, iron oxide ci 77491, ci 77492, ci 77499, mica ci 77019]

*certified organic

in addition to above ingredient deck, the smile, beloved and curious lip2cheek shades contain the following pigments: [+/- red 30 ci 73360, red 6 lake ci 15850]

this list of ingredients is subject to change; please refer to the packaging of the purchased product.",'4.6,71
Make Up,Lips,'7383281860780,'55102367891836,RMS Beauty,Lip2Cheek,https://ohmycream.co.uk/collections/make-up-lips/products/rms-beauty-lip2cheek?variant=55102367891836,https://cdn.shopify.com/s/files/1/0555/4071/1596/files/Lip2Cheek_Lost_angel_RMS.jpg?v=1744796985,"Complete list of ingredients

*cocos nucifera (coconut) oil, *ricinus communis (castor) seed oil, *cera alba (beeswax), *butyrospermum parkii (shea butter) fruit, *simmondsia chinensis (jojoba) seed oil, *theobroma cacao (cocoa) seed butter, *argania spinosa (argan) oil, tocopherol (non-gmo), helianthus annus (sunflower) seed oil, propolis extract, centella asiatica extract, *rosmarinus officinalis (rosemary) extract, and may contain: [+/-titanium dioxide ci 77891, iron oxide ci 77491, ci 77492, ci 77499, mica ci 77019]

*certified organic

in addition to above ingredient deck, the smile, beloved and curious lip2cheek shades contain the following pigments: [+/- red 30 ci 73360, red 6 lake ci 15850]

this list of ingredients is subject to change; please refer to the packaging of the purchased product.",'4.6,71
Make Up,Lips,'7383281860780,'55102367924604,RMS Beauty,Lip2Cheek,https://ohmycream.co.uk/collections/make-up-lips/products/rms-beauty-lip2cheek?variant=55102367924604,https://cdn.shopify.com/s/files/1/0555/4071/1596/files/Lip2Cheek_Spell_RMS.jpg?v=1744795490,"Complete list of ingredients

*cocos nucifera (coconut) oil, *ricinus communis (castor) seed oil, *cera alba (beeswax), *butyrospermum parkii (shea butter) fruit, *simmondsia chinensis (jojoba) seed oil, *theobroma cacao (cocoa) seed butter, *argania spinosa (argan) oil, tocopherol (non-gmo), helianthus annus (sunflower) seed oil, propolis extract, centella asiatica extract, *rosmarinus officinalis (rosemary) extract, and may contain: [+/-titanium dioxide ci 77891, iron oxide ci 77491, ci 77492, ci 77499, mica ci 77019]

*certified organic

in addition to above ingredient deck, the smile, beloved and curious lip2cheek shades contain the following pigments: [+/- red 30 ci 73360, red 6 lake ci 15850]

this list of ingredients is subject to change; please refer to the packaging of the purchased product.",'4.6,71
Make Up,Lips,'14825956901244,'55032129421692,Victoria Beckham Beauty,Bitten Lip Tint,https://ohmycream.co.uk/collections/make-up-lips/products/victoria-beckham-beauty-bitten-lip-tint?variant=55032129421692,https://cdn.shopify.com/s/files/1/0555/4071/1596/files/VBB_BittenLipTint_Poupette_281339_01.jpg?v=1742308559,"Complete list of ingredients

cherie water / aqua / eau, glycerin, sorbitol, squalane, hydroxyethyl acrylate/sodium acryloyldimethyl taurate copolymer, brassica alba sprout extract, sodium hyaluronate, polymethylsilsesquioxane, dimethicone crosspolymer-3, polysorbate 60, sodium benzoate, potassium sorbate, benzoic acid, isododecane, sorbic acid, citric acid, benzyl alcohol, may contain (+/-): titanium oxide (ci 77891), red 22 (ci 45380), yellow 5 (ci 19140), red 33 (ci 17200), blue 1 (ci 42090), iron oxides (ci 77491, ci 77492, ci 77499).

je t'aime water / aqua / eau, glycerin, sorbitol, squalane, hydroxyethyl acrylate/sodium acryloyldimethyl taurate copolymer, polymethylsilsesquioxane, sodium benzoate, polysorbate 60, potassium sorbate, isododecane, brassica alba sprout extract, citric acid, sodium hyaluronate, benzyl alcohol, benzoic acid, sorbic acid, dimethicone crosspolymer-3. may contain / peut contenir / +/- : titanium dioxide (ci 77891), red 33 (ci 17200), yellow 5 (ci 19140), red 22 (ci 45380), blue 1 (ci 42090), iron oxides (ci 77491, ci 77492, ci 77499), red 40 (ci 16035), yellow 6 (ci 15985).

amour water / aqua / eau, glycerin, sorbitol, squalane, hydroxyethyl acrylate/sodium acryloyldimethyl taurate copolymer, brassica alba sprout extract, sodium hyaluronate, polymethylsilsesquioxane, dimethicone crosspolymer-3, polysorbate 60, sodium benzoate, potassium sorbate, benzoic acid, isododecane, sorbic acid, citric acid, benzyl alcohol. may contain / peut contenir / +/- : titanium dioxide (ci 77891), red 33 (ci 17200), yellow 5 (ci 19140), red 22 (ci 45380), blue 1 (ci 42090), iron oxides (ci 77491, ci 77492, ci 77499).

poupette water / aqua / eau, glycerin, sorbitol, squalane, hydroxyethyl acrylate/sodium acryloyldimethyl taurate copolymer, polymethylsilsesquioxane, sodium benzoate, polysorbate 60, potassium sorbate, isododecane, brassica alba sprout extract, citric acid, sodium hyaluronate, benzyl alcohol, benzoic acid, sorbic acid, dimethicone crosspolymer-3. may contain / peut contenir / +/- : titanium dioxide (ci 77891), red 33 (ci 17200), yellow 5 (ci 19140), red 22 (ci 45380), blue 1 (ci 42090), iron oxides (ci 77491, ci 77492, ci 77499), red 40 (ci 16035), yellow 6 (ci 15985).

bisou water / aqua / eau, glycerin, sorbitol, squalane, hydroxyethyl acrylate/sodium acryloyldimethyl taurate copolymer, brassica alba sprout extract, sodium hyaluronate, polymethylsilsesquioxane, dimethicone crosspolymer-3, polysorbate 60, sodium benzoate, potassium sorbate, benzoic acid, isododecane, sorbic acid, citric acid, benzyl alcohol, yellow 5 (ci 19140), red 33 (ci 17200), blue 1 (ci 42090)",'5.0,1
Make Up,Lips,'14825956901244,'55032129454460,Victoria Beckham Beauty,Bitten Lip Tint,https://ohmycream.co.uk/collections/make-up-lips/products/victoria-beckham-beauty-bitten-lip-tint?variant=55032129454460,https://cdn.shopify.com/s/files/1/0555/4071/1596/files/VBB_BittenLipTint_Bisou_281339_01.jpg?v=1742308559,"Complete list of ingredients

cherie water / aqua / eau, glycerin, sorbitol, squalane, hydroxyethyl acrylate/sodium acryloyldimethyl taurate copolymer, brassica alba sprout extract, sodium hyaluronate, polymethylsilsesquioxane, dimethicone crosspolymer-3, polysorbate 60, sodium benzoate, potassium sorbate, benzoic acid, isododecane, sorbic acid, citric acid, benzyl alcohol, may contain (+/-): titanium oxide (ci 77891), red 22 (ci 45380), yellow 5 (ci 19140), red 33 (ci 17200), blue 1 (ci 42090), iron oxides (ci 77491, ci 77492, ci 77499).

je t'aime water / aqua / eau, glycerin, sorbitol, squalane, hydroxyethyl acrylate/sodium acryloyldimethyl taurate copolymer, polymethylsilsesquioxane, sodium benzoate, polysorbate 60, potassium sorbate, isododecane, brassica alba sprout extract, citric acid, sodium hyaluronate, benzyl alcohol, benzoic acid, sorbic acid, dimethicone crosspolymer-3. may contain / peut contenir / +/- : titanium dioxide (ci 77891), red 33 (ci 17200), yellow 5 (ci 19140), red 22 (ci 45380), blue 1 (ci 42090), iron oxides (ci 77491, ci 77492, ci 77499), red 40 (ci 16035), yellow 6 (ci 15985).

amour water / aqua / eau, glycerin, sorbitol, squalane, hydroxyethyl acrylate/sodium acryloyldimethyl taurate copolymer, brassica alba sprout extract, sodium hyaluronate, polymethylsilsesquioxane, dimethicone crosspolymer-3, polysorbate 60, sodium benzoate, potassium sorbate, benzoic acid, isododecane, sorbic acid, citric acid, benzyl alcohol. may contain / peut contenir / +/- : titanium dioxide (ci 77891), red 33 (ci 17200), yellow 5 (ci 19140), red 22 (ci 45380), blue 1 (ci 42090), iron oxides (ci 77491, ci 77492, ci 77499).

poupette water / aqua / eau, glycerin, sorbitol, squalane, hydroxyethyl acrylate/sodium acryloyldimethyl taurate copolymer, polymethylsilsesquioxane, sodium benzoate, polysorbate 60, potassium sorbate, isododecane, brassica alba sprout extract, citric acid, sodium hyaluronate, benzyl alcohol, benzoic acid, sorbic acid, dimethicone crosspolymer-3. may contain / peut contenir / +/- : titanium dioxide (ci 77891), red 33 (ci 17200), yellow 5 (ci 19140), red 22 (ci 45380), blue 1 (ci 42090), iron oxides (ci 77491, ci 77492, ci 77499), red 40 (ci 16035), yellow 6 (ci 15985).

bisou water / aqua / eau, glycerin, sorbitol, squalane, hydroxyethyl acrylate/sodium acryloyldimethyl taurate copolymer, brassica alba sprout extract, sodium hyaluronate, polymethylsilsesquioxane, dimethicone crosspolymer-3, polysorbate 60, sodium benzoate, potassium sorbate, benzoic acid, isododecane, sorbic acid, citric acid, benzyl alcohol, yellow 5 (ci 19140), red 33 (ci 17200), blue 1 (ci 42090)",'5.0,1
Make Up,Lips,'14825956901244,'53624596988284,Victoria Beckham Beauty,Bitten Lip Tint,https://ohmycream.co.uk/collections/make-up-lips/products/victoria-beckham-beauty-bitten-lip-tint?variant=53624596988284,https://cdn.shopify.com/s/files/1/0555/4071/1596/files/2024_12_VictoriaBeckhamBeauty_BittenLipTintJeT_aime_Packshot.jpg?v=1742308559,"Complete list of ingredients

cherie water / aqua / eau, glycerin, sorbitol, squalane, hydroxyethyl acrylate/sodium acryloyldimethyl taurate copolymer, brassica alba sprout extract, sodium hyaluronate, polymethylsilsesquioxane, dimethicone crosspolymer-3, polysorbate 60, sodium benzoate, potassium sorbate, benzoic acid, isododecane, sorbic acid, citric acid, benzyl alcohol, may contain (+/-): titanium oxide (ci 77891), red 22 (ci 45380), yellow 5 (ci 19140), red 33 (ci 17200), blue 1 (ci 42090), iron oxides (ci 77491, ci 77492, ci 77499).

je t'aime water / aqua / eau, glycerin, sorbitol, squalane, hydroxyethyl acrylate/sodium acryloyldimethyl taurate copolymer, polymethylsilsesquioxane, sodium benzoate, polysorbate 60, potassium sorbate, isododecane, brassica alba sprout extract, citric acid, sodium hyaluronate, benzyl alcohol, benzoic acid, sorbic acid, dimethicone crosspolymer-3. may contain / peut contenir / +/- : titanium dioxide (ci 77891), red 33 (ci 17200), yellow 5 (ci 19140), red 22 (ci 45380), blue 1 (ci 42090), iron oxides (ci 77491, ci 77492, ci 77499), red 40 (ci 16035), yellow 6 (ci 15985).

amour water / aqua / eau, glycerin, sorbitol, squalane, hydroxyethyl acrylate/sodium acryloyldimethyl taurate copolymer, brassica alba sprout extract, sodium hyaluronate, polymethylsilsesquioxane, dimethicone crosspolymer-3, polysorbate 60, sodium benzoate, potassium sorbate, benzoic acid, isododecane, sorbic acid, citric acid, benzyl alcohol. may contain / peut contenir / +/- : titanium dioxide (ci 77891), red 33 (ci 17200), yellow 5 (ci 19140), red 22 (ci 45380), blue 1 (ci 42090), iron oxides (ci 77491, ci 77492, ci 77499).

poupette water / aqua / eau, glycerin, sorbitol, squalane, hydroxyethyl acrylate/sodium acryloyldimethyl taurate copolymer, polymethylsilsesquioxane, sodium benzoate, polysorbate 60, potassium sorbate, isododecane, brassica alba sprout extract, citric acid, sodium hyaluronate, benzyl alcohol, benzoic acid, sorbic acid, dimethicone crosspolymer-3. may contain / peut contenir / +/- : titanium dioxide (ci 77891), red 33 (ci 17200), yellow 5 (ci 19140), red 22 (ci 45380), blue 1 (ci 42090), iron oxides (ci 77491, ci 77492, ci 77499), red 40 (ci 16035), yellow 6 (ci 15985).

bisou water / aqua / eau, glycerin, sorbitol, squalane, hydroxyethyl acrylate/sodium acryloyldimethyl taurate copolymer, brassica alba sprout extract, sodium hyaluronate, polymethylsilsesquioxane, dimethicone crosspolymer-3, polysorbate 60, sodium benzoate, potassium sorbate, benzoic acid, isododecane, sorbic acid, citric acid, benzyl alcohol, yellow 5 (ci 19140), red 33 (ci 17200), blue 1 (ci 42090)",'5.0,1
Make Up,Lips,'14825956901244,'53624597021052,Victoria Beckham Beauty,Bitten Lip Tint,https://ohmycream.co.uk/collections/make-up-lips/products/victoria-beckham-beauty-bitten-lip-tint?variant=53624597021052,https://cdn.shopify.com/s/files/1/0555/4071/1596/files/2024_12_VictoriaBeckhamBeauty_BittenLipTintAmour_Packshot.jpg?v=1742308559,"Complete list of ingredients

cherie water / aqua / eau, glycerin, sorbitol, squalane, hydroxyethyl acrylate/sodium acryloyldimethyl taurate copolymer, brassica alba sprout extract, sodium hyaluronate, polymethylsilsesquioxane, dimethicone crosspolymer-3, polysorbate 60, sodium benzoate, potassium sorbate, benzoic acid, isododecane, sorbic acid, citric acid, benzyl alcohol, may contain (+/-): titanium oxide (ci 77891), red 22 (ci 45380), yellow 5 (ci 19140), red 33 (ci 17200), blue 1 (ci 42090), iron oxides (ci 77491, ci 77492, ci 77499).

je t'aime water / aqua / eau, glycerin, sorbitol, squalane, hydroxyethyl acrylate/sodium acryloyldimethyl taurate copolymer, polymethylsilsesquioxane, sodium benzoate, polysorbate 60, potassium sorbate, isododecane, brassica alba sprout extract, citric acid, sodium hyaluronate, benzyl alcohol, benzoic acid, sorbic acid, dimethicone crosspolymer-3. may contain / peut contenir / +/- : titanium dioxide (ci 77891), red 33 (ci 17200), yellow 5 (ci 19140), red 22 (ci 45380), blue 1 (ci 42090), iron oxides (ci 77491, ci 77492, ci 77499), red 40 (ci 16035), yellow 6 (ci 15985).

amour water / aqua / eau, glycerin, sorbitol, squalane, hydroxyethyl acrylate/sodium acryloyldimethyl taurate copolymer, brassica alba sprout extract, sodium hyaluronate, polymethylsilsesquioxane, dimethicone crosspolymer-3, polysorbate 60, sodium benzoate, potassium sorbate, benzoic acid, isododecane, sorbic acid, citric acid, benzyl alcohol. may contain / peut contenir / +/- : titanium dioxide (ci 77891), red 33 (ci 17200), yellow 5 (ci 19140), red 22 (ci 45380), blue 1 (ci 42090), iron oxides (ci 77491, ci 77492, ci 77499).

poupette water / aqua / eau, glycerin, sorbitol, squalane, hydroxyethyl acrylate/sodium acryloyldimethyl taurate copolymer, polymethylsilsesquioxane, sodium benzoate, polysorbate 60, potassium sorbate, isododecane, brassica alba sprout extract, citric acid, sodium hyaluronate, benzyl alcohol, benzoic acid, sorbic acid, dimethicone crosspolymer-3. may contain / peut contenir / +/- : titanium dioxide (ci 77891), red 33 (ci 17200), yellow 5 (ci 19140), red 22 (ci 45380), blue 1 (ci 42090), iron oxides (ci 77491, ci 77492, ci 77499), red 40 (ci 16035), yellow 6 (ci 15985).

bisou water / aqua / eau, glycerin, sorbitol, squalane, hydroxyethyl acrylate/sodium acryloyldimethyl taurate copolymer, brassica alba sprout extract, sodium hyaluronate, polymethylsilsesquioxane, dimethicone crosspolymer-3, polysorbate 60, sodium benzoate, potassium sorbate, benzoic acid, isododecane, sorbic acid, citric acid, benzyl alcohol, yellow 5 (ci 19140), red 33 (ci 17200), blue 1 (ci 42090)",'5.0,1
Make Up,Lips,'14825956901244,'53624597053820,Victoria Beckham Beauty,Bitten Lip Tint,https://ohmycream.co.uk/collections/make-up-lips/products/victoria-beckham-beauty-bitten-lip-tint?variant=53624597053820,https://cdn.shopify.com/s/files/1/0555/4071/1596/files/2024_12_VictoriaBeckhamBeauty_BittenLipTintCherie_Packshot.jpg?v=1742308559,"Complete list of ingredients

cherie water / aqua / eau, glycerin, sorbitol, squalane, hydroxyethyl acrylate/sodium acryloyldimethyl taurate copolymer, brassica alba sprout extract, sodium hyaluronate, polymethylsilsesquioxane, dimethicone crosspolymer-3, polysorbate 60, sodium benzoate, potassium sorbate, benzoic acid, isododecane, sorbic acid, citric acid, benzyl alcohol, may contain (+/-): titanium oxide (ci 77891), red 22 (ci 45380), yellow 5 (ci 19140), red 33 (ci 17200), blue 1 (ci 42090), iron oxides (ci 77491, ci 77492, ci 77499).

je t'aime water / aqua / eau, glycerin, sorbitol, squalane, hydroxyethyl acrylate/sodium acryloyldimethyl taurate copolymer, polymethylsilsesquioxane, sodium benzoate, polysorbate 60, potassium sorbate, isododecane, brassica alba sprout extract, citric acid, sodium hyaluronate, benzyl alcohol, benzoic acid, sorbic acid, dimethicone crosspolymer-3. may contain / peut contenir / +/- : titanium dioxide (ci 77891), red 33 (ci 17200), yellow 5 (ci 19140), red 22 (ci 45380), blue 1 (ci 42090), iron oxides (ci 77491, ci 77492, ci 77499), red 40 (ci 16035), yellow 6 (ci 15985).

amour water / aqua / eau, glycerin, sorbitol, squalane, hydroxyethyl acrylate/sodium acryloyldimethyl taurate copolymer, brassica alba sprout extract, sodium hyaluronate, polymethylsilsesquioxane, dimethicone crosspolymer-3, polysorbate 60, sodium benzoate, potassium sorbate, benzoic acid, isododecane, sorbic acid, citric acid, benzyl alcohol. may contain / peut contenir / +/- : titanium dioxide (ci 77891), red 33 (ci 17200), yellow 5 (ci 19140), red 22 (ci 45380), blue 1 (ci 42090), iron oxides (ci 77491, ci 77492, ci 77499).

poupette water / aqua / eau, glycerin, sorbitol, squalane, hydroxyethyl acrylate/sodium acryloyldimethyl taurate copolymer, polymethylsilsesquioxane, sodium benzoate, polysorbate 60, potassium sorbate, isododecane, brassica alba sprout extract, citric acid, sodium hyaluronate, benzyl alcohol, benzoic acid, sorbic acid, dimethicone crosspolymer-3. may contain / peut contenir / +/- : titanium dioxide (ci 77891), red 33 (ci 17200), yellow 5 (ci 19140), red 22 (ci 45380), blue 1 (ci 42090), iron oxides (ci 77491, ci 77492, ci 77499), red 40 (ci 16035), yellow 6 (ci 15985).

bisou water / aqua / eau, glycerin, sorbitol, squalane, hydroxyethyl acrylate/sodium acryloyldimethyl taurate copolymer, brassica alba sprout extract, sodium hyaluronate, polymethylsilsesquioxane, dimethicone crosspolymer-3, polysorbate 60, sodium benzoate, potassium sorbate, benzoic acid, isododecane, sorbic acid, citric acid, benzyl alcohol, yellow 5 (ci 19140), red 33 (ci 17200), blue 1 (ci 42090)",'5.0,1
Make Up,Lips,'7558166642860,'42337589526700,L:a Bruket,Lip Balm 017,https://ohmycream.co.uk/collections/make-up-lips/products/la-bruket-lip-balm-017?variant=42337589526700,https://cdn.shopify.com/s/files/1/0555/4071/1596/products/Lip-Balm.jpg?v=1677580656,"Complete list of ingredients

prunus amygdalus dulcis (sweet almond) oil, simmondsia chinensis (jojoba) seed oil, cera alba (beeswax), cocos nucifera (coconut) oil, tocopherol (vitamin e), helianthus annuus (sunflower) seed oil.

this list of ingredients is subject to change; please refer to the packaging of the purchased product.",'5.0,11
Make Up,Lips,'14826638377340,'53625033851260,Victoria Beckham Beauty,Posh Gloss,https://ohmycream.co.uk/collections/make-up-lips/products/victoria-beckham-beauty-posh-gloss?variant=53625033851260,https://cdn.shopify.com/s/files/1/0555/4071/1596/files/2024_11_VictoriaBeckhamBeauty_PoshGloss_Ice_Packshot.jpg?v=1734617581,"Complete list of ingredients

ice ingredients / ingrédients : hydrogenated polydecene, diisostearyl malate, silica silylate, carthamus tinctorius (safflower) seed oil, caprylic/capric triglyceride, ribes nigrum (black currant) seed oil, tocopheryl acetate, linoleic acid, phospholipids, phytosterols, aloe barbadensis extract, caprylyl glycol, glyceryl caprylate

bungalow ingredients / ingrédients : hydrogenated polydecene, diisostearyl malate, silica silylate, bis-diglyceryl polyacyladipate-2, carthamus tinctorius (safflower) seed oil, caprylic/capric triglyceride, dextrin palmitate/ethylhexanoate, ribes nigrum (black currant) seed oil, tocopheryl acetate, linoleic acid, phospholipids, phytosterols, aloe barbadensis extract, caprylyl glycol, glyceryl caprylate. may contain / peut contenir / (+/-) : titanium dioxide (ci 77891), iron oxides (ci 77491, ci 77492, ci 77499), yellow 6 lake (ci 15985), red 7 lake (ci 15850), blue 1 lake (ci 42090), red 6 (ci 15850), yellow 5 lake (ci 19140).

fizz ingredients / ingrédients : hydrogenated polydecene, diisostearyl malate, silica silylate, bis-diglyceryl polyacyladipate-2, carthamus tinctorius (safflower) seed oil, caprylic/capric triglyceride, dextrin palmitate/ethylhexanoate, ribes nigrum (black currant) seed oil, tocopheryl acetate, linoleic acid, phospholipids, phytosterols, aloe barbadensis extract, caprylyl glycol, glyceryl caprylate. may contain / peut contenir / (+/-) : titanium dioxide (ci 77891), iron oxides (ci 77491, ci 77492, ci 77499), yellow 6 lake (ci 15985), red 7 lake (ci 15850), blue 1 lake (ci 42090), red 6 (ci 15850), yellow 5 lake (ci 19140).

aperitivo ingredients / ingrédients : hydrogenated polydecene, diisostearyl malate, silica silylate, bis-diglyceryl polyacyladipate-2, carthamus tinctorius (safflower) seed oil, caprylic/capric triglyceride, dextrin palmitate/ethylhexanoate, ribes nigrum (black currant) seed oil, tocopheryl acetate, linoleic acid, phospholipids, phytosterols, aloe barbadensis extract, caprylyl glycol, glyceryl caprylate.may contain / peut contenir / (+/-) : titanium dioxide (ci 77891), iron oxides (ci 77491, ci 77492, ci 77499), yellow 6 lake (ci 15985), red 7 lake (ci 15850), blue 1 lake (ci 42090), red 6 (ci 15850), yellow 5 lake (ci 19140).

picante ingredients / ingrédients : hydrogenated polydecene, diisostearyl malate, silica silylate, bis-diglyceryl polyacyladipate-2, carthamus tinctorius (safflower) seed oil, caprylic/capric triglyceride, dextrin palmitate/ethylhexanoate, ribes nigrum (black currant) seed oil, tocopheryl acetate, linoleic acid, phospholipids, phytosterols, aloe barbadensis extract, caprylyl glycol, glyceryl caprylate.may contain / peut contenir / (+/-) : titanium dioxide (ci 77891), iron oxides (ci 77491, ci 77492, ci 77499), yellow 6 lake (ci 15985), red 7 lake (ci 15850), blue 1 lake (ci 42090), red 6 (ci 15850), yellow 5 lake (ci 19140).

martini ingredients / ingrédients : hydrogenated polydecene, diisostearyl malate, silica silylate, carthamus tinctorius (safflower) seed oil, caprylic/capric triglyceride, calcium| aluminum borosilicate, ribes nigrum (black currant) seed oil, synthetic fluorphlogopite, silica, tocopheryl acetate, linoleic acid, phospholipids, phytosterols, caprylyl glycol, glyceryl caprylate, aloe barbadensis extract, tin oxide, titanium dioxide (ci 77891), iron oxides (ci 77491, ci 77492, ci 77499), red 28 lake (ci 45410).",'5.0,2
Make Up,Lips,'14826638377340,'55032129519996,Victoria Beckham Beauty,Posh Gloss,https://ohmycream.co.uk/collections/make-up-lips/products/victoria-beckham-beauty-posh-gloss?variant=55032129519996,https://cdn.shopify.com/s/files/1/0555/4071/1596/files/202502_Victoria_Beckham_Beauty_Posh_Gloss_Martini_Packshot.jpg?v=1742307591,"Complete list of ingredients

ice ingredients / ingrédients : hydrogenated polydecene, diisostearyl malate, silica silylate, carthamus tinctorius (safflower) seed oil, caprylic/capric triglyceride, ribes nigrum (black currant) seed oil, tocopheryl acetate, linoleic acid, phospholipids, phytosterols, aloe barbadensis extract, caprylyl glycol, glyceryl caprylate

bungalow ingredients / ingrédients : hydrogenated polydecene, diisostearyl malate, silica silylate, bis-diglyceryl polyacyladipate-2, carthamus tinctorius (safflower) seed oil, caprylic/capric triglyceride, dextrin palmitate/ethylhexanoate, ribes nigrum (black currant) seed oil, tocopheryl acetate, linoleic acid, phospholipids, phytosterols, aloe barbadensis extract, caprylyl glycol, glyceryl caprylate. may contain / peut contenir / (+/-) : titanium dioxide (ci 77891), iron oxides (ci 77491, ci 77492, ci 77499), yellow 6 lake (ci 15985), red 7 lake (ci 15850), blue 1 lake (ci 42090), red 6 (ci 15850), yellow 5 lake (ci 19140).

fizz ingredients / ingrédients : hydrogenated polydecene, diisostearyl malate, silica silylate, bis-diglyceryl polyacyladipate-2, carthamus tinctorius (safflower) seed oil, caprylic/capric triglyceride, dextrin palmitate/ethylhexanoate, ribes nigrum (black currant) seed oil, tocopheryl acetate, linoleic acid, phospholipids, phytosterols, aloe barbadensis extract, caprylyl glycol, glyceryl caprylate. may contain / peut contenir / (+/-) : titanium dioxide (ci 77891), iron oxides (ci 77491, ci 77492, ci 77499), yellow 6 lake (ci 15985), red 7 lake (ci 15850), blue 1 lake (ci 42090), red 6 (ci 15850), yellow 5 lake (ci 19140).

aperitivo ingredients / ingrédients : hydrogenated polydecene, diisostearyl malate, silica silylate, bis-diglyceryl polyacyladipate-2, carthamus tinctorius (safflower) seed oil, caprylic/capric triglyceride, dextrin palmitate/ethylhexanoate, ribes nigrum (black currant) seed oil, tocopheryl acetate, linoleic acid, phospholipids, phytosterols, aloe barbadensis extract, caprylyl glycol, glyceryl caprylate.may contain / peut contenir / (+/-) : titanium dioxide (ci 77891), iron oxides (ci 77491, ci 77492, ci 77499), yellow 6 lake (ci 15985), red 7 lake (ci 15850), blue 1 lake (ci 42090), red 6 (ci 15850), yellow 5 lake (ci 19140).

picante ingredients / ingrédients : hydrogenated polydecene, diisostearyl malate, silica silylate, bis-diglyceryl polyacyladipate-2, carthamus tinctorius (safflower) seed oil, caprylic/capric triglyceride, dextrin palmitate/ethylhexanoate, ribes nigrum (black currant) seed oil, tocopheryl acetate, linoleic acid, phospholipids, phytosterols, aloe barbadensis extract, caprylyl glycol, glyceryl caprylate.may contain / peut contenir / (+/-) : titanium dioxide (ci 77891), iron oxides (ci 77491, ci 77492, ci 77499), yellow 6 lake (ci 15985), red 7 lake (ci 15850), blue 1 lake (ci 42090), red 6 (ci 15850), yellow 5 lake (ci 19140).

martini ingredients / ingrédients : hydrogenated polydecene, diisostearyl malate, silica silylate, carthamus tinctorius (safflower) seed oil, caprylic/capric triglyceride, calcium| aluminum borosilicate, ribes nigrum (black currant) seed oil, synthetic fluorphlogopite, silica, tocopheryl acetate, linoleic acid, phospholipids, phytosterols, caprylyl glycol, glyceryl caprylate, aloe barbadensis extract, tin oxide, titanium dioxide (ci 77891), iron oxides (ci 77491, ci 77492, ci 77499), red 28 lake (ci 45410).",'5.0,2
Make Up,Lips,'14826638377340,'53625033785724,Victoria Beckham Beauty,Posh Gloss,https://ohmycream.co.uk/collections/make-up-lips/products/victoria-beckham-beauty-posh-gloss?variant=53625033785724,https://cdn.shopify.com/s/files/1/0555/4071/1596/files/2024_11_VictoriaBeckhamBeauty_PoshGlossPicante_Packshot.jpg?v=1742307591,"Complete list of ingredients

ice ingredients / ingrédients : hydrogenated polydecene, diisostearyl malate, silica silylate, carthamus tinctorius (safflower) seed oil, caprylic/capric triglyceride, ribes nigrum (black currant) seed oil, tocopheryl acetate, linoleic acid, phospholipids, phytosterols, aloe barbadensis extract, caprylyl glycol, glyceryl caprylate

bungalow ingredients / ingrédients : hydrogenated polydecene, diisostearyl malate, silica silylate, bis-diglyceryl polyacyladipate-2, carthamus tinctorius (safflower) seed oil, caprylic/capric triglyceride, dextrin palmitate/ethylhexanoate, ribes nigrum (black currant) seed oil, tocopheryl acetate, linoleic acid, phospholipids, phytosterols, aloe barbadensis extract, caprylyl glycol, glyceryl caprylate. may contain / peut contenir / (+/-) : titanium dioxide (ci 77891), iron oxides (ci 77491, ci 77492, ci 77499), yellow 6 lake (ci 15985), red 7 lake (ci 15850), blue 1 lake (ci 42090), red 6 (ci 15850), yellow 5 lake (ci 19140).

fizz ingredients / ingrédients : hydrogenated polydecene, diisostearyl malate, silica silylate, bis-diglyceryl polyacyladipate-2, carthamus tinctorius (safflower) seed oil, caprylic/capric triglyceride, dextrin palmitate/ethylhexanoate, ribes nigrum (black currant) seed oil, tocopheryl acetate, linoleic acid, phospholipids, phytosterols, aloe barbadensis extract, caprylyl glycol, glyceryl caprylate. may contain / peut contenir / (+/-) : titanium dioxide (ci 77891), iron oxides (ci 77491, ci 77492, ci 77499), yellow 6 lake (ci 15985), red 7 lake (ci 15850), blue 1 lake (ci 42090), red 6 (ci 15850), yellow 5 lake (ci 19140).

aperitivo ingredients / ingrédients : hydrogenated polydecene, diisostearyl malate, silica silylate, bis-diglyceryl polyacyladipate-2, carthamus tinctorius (safflower) seed oil, caprylic/capric triglyceride, dextrin palmitate/ethylhexanoate, ribes nigrum (black currant) seed oil, tocopheryl acetate, linoleic acid, phospholipids, phytosterols, aloe barbadensis extract, caprylyl glycol, glyceryl caprylate.may contain / peut contenir / (+/-) : titanium dioxide (ci 77891), iron oxides (ci 77491, ci 77492, ci 77499), yellow 6 lake (ci 15985), red 7 lake (ci 15850), blue 1 lake (ci 42090), red 6 (ci 15850), yellow 5 lake (ci 19140).

picante ingredients / ingrédients : hydrogenated polydecene, diisostearyl malate, silica silylate, bis-diglyceryl polyacyladipate-2, carthamus tinctorius (safflower) seed oil, caprylic/capric triglyceride, dextrin palmitate/ethylhexanoate, ribes nigrum (black currant) seed oil, tocopheryl acetate, linoleic acid, phospholipids, phytosterols, aloe barbadensis extract, caprylyl glycol, glyceryl caprylate.may contain / peut contenir / (+/-) : titanium dioxide (ci 77891), iron oxides (ci 77491, ci 77492, ci 77499), yellow 6 lake (ci 15985), red 7 lake (ci 15850), blue 1 lake (ci 42090), red 6 (ci 15850), yellow 5 lake (ci 19140).

martini ingredients / ingrédients : hydrogenated polydecene, diisostearyl malate, silica silylate, carthamus tinctorius (safflower) seed oil, caprylic/capric triglyceride, calcium| aluminum borosilicate, ribes nigrum (black currant) seed oil, synthetic fluorphlogopite, silica, tocopheryl acetate, linoleic acid, phospholipids, phytosterols, caprylyl glycol, glyceryl caprylate, aloe barbadensis extract, tin oxide, titanium dioxide (ci 77891), iron oxides (ci 77491, ci 77492, ci 77499), red 28 lake (ci 45410).",'5.0,2
Make Up,Lips,'14826638377340,'53625033752956,Victoria Beckham Beauty,Posh Gloss,https://ohmycream.co.uk/collections/make-up-lips/products/victoria-beckham-beauty-posh-gloss?variant=53625033752956,https://cdn.shopify.com/s/files/1/0555/4071/1596/files/2024_11_VictoriaBeckhamBeauty_PoshGlossBungalow_Packshot.jpg?v=1742307591,"Complete list of ingredients

ice ingredients / ingrédients : hydrogenated polydecene, diisostearyl malate, silica silylate, carthamus tinctorius (safflower) seed oil, caprylic/capric triglyceride, ribes nigrum (black currant) seed oil, tocopheryl acetate, linoleic acid, phospholipids, phytosterols, aloe barbadensis extract, caprylyl glycol, glyceryl caprylate

bungalow ingredients / ingrédients : hydrogenated polydecene, diisostearyl malate, silica silylate, bis-diglyceryl polyacyladipate-2, carthamus tinctorius (safflower) seed oil, caprylic/capric triglyceride, dextrin palmitate/ethylhexanoate, ribes nigrum (black currant) seed oil, tocopheryl acetate, linoleic acid, phospholipids, phytosterols, aloe barbadensis extract, caprylyl glycol, glyceryl caprylate. may contain / peut contenir / (+/-) : titanium dioxide (ci 77891), iron oxides (ci 77491, ci 77492, ci 77499), yellow 6 lake (ci 15985), red 7 lake (ci 15850), blue 1 lake (ci 42090), red 6 (ci 15850), yellow 5 lake (ci 19140).

fizz ingredients / ingrédients : hydrogenated polydecene, diisostearyl malate, silica silylate, bis-diglyceryl polyacyladipate-2, carthamus tinctorius (safflower) seed oil, caprylic/capric triglyceride, dextrin palmitate/ethylhexanoate, ribes nigrum (black currant) seed oil, tocopheryl acetate, linoleic acid, phospholipids, phytosterols, aloe barbadensis extract, caprylyl glycol, glyceryl caprylate. may contain / peut contenir / (+/-) : titanium dioxide (ci 77891), iron oxides (ci 77491, ci 77492, ci 77499), yellow 6 lake (ci 15985), red 7 lake (ci 15850), blue 1 lake (ci 42090), red 6 (ci 15850), yellow 5 lake (ci 19140).

aperitivo ingredients / ingrédients : hydrogenated polydecene, diisostearyl malate, silica silylate, bis-diglyceryl polyacyladipate-2, carthamus tinctorius (safflower) seed oil, caprylic/capric triglyceride, dextrin palmitate/ethylhexanoate, ribes nigrum (black currant) seed oil, tocopheryl acetate, linoleic acid, phospholipids, phytosterols, aloe barbadensis extract, caprylyl glycol, glyceryl caprylate.may contain / peut contenir / (+/-) : titanium dioxide (ci 77891), iron oxides (ci 77491, ci 77492, ci 77499), yellow 6 lake (ci 15985), red 7 lake (ci 15850), blue 1 lake (ci 42090), red 6 (ci 15850), yellow 5 lake (ci 19140).

picante ingredients / ingrédients : hydrogenated polydecene, diisostearyl malate, silica silylate, bis-diglyceryl polyacyladipate-2, carthamus tinctorius (safflower) seed oil, caprylic/capric triglyceride, dextrin palmitate/ethylhexanoate, ribes nigrum (black currant) seed oil, tocopheryl acetate, linoleic acid, phospholipids, phytosterols, aloe barbadensis extract, caprylyl glycol, glyceryl caprylate.may contain / peut contenir / (+/-) : titanium dioxide (ci 77891), iron oxides (ci 77491, ci 77492, ci 77499), yellow 6 lake (ci 15985), red 7 lake (ci 15850), blue 1 lake (ci 42090), red 6 (ci 15850), yellow 5 lake (ci 19140).

martini ingredients / ingrédients : hydrogenated polydecene, diisostearyl malate, silica silylate, carthamus tinctorius (safflower) seed oil, caprylic/capric triglyceride, calcium| aluminum borosilicate, ribes nigrum (black currant) seed oil, synthetic fluorphlogopite, silica, tocopheryl acetate, linoleic acid, phospholipids, phytosterols, caprylyl glycol, glyceryl caprylate, aloe barbadensis extract, tin oxide, titanium dioxide (ci 77891), iron oxides (ci 77491, ci 77492, ci 77499), red 28 lake (ci 45410).",'5.0,2
Make Up,Lips,'14826638377340,'53625033818492,Victoria Beckham Beauty,Posh Gloss,https://ohmycream.co.uk/collections/make-up-lips/products/victoria-beckham-beauty-posh-gloss?variant=53625033818492,https://cdn.shopify.com/s/files/1/0555/4071/1596/files/2024_11_VictoriaBeckhamBeauty_PoshGlossFizz_Packshot.jpg?v=1742307591,"Complete list of ingredients

ice ingredients / ingrédients : hydrogenated polydecene, diisostearyl malate, silica silylate, carthamus tinctorius (safflower) seed oil, caprylic/capric triglyceride, ribes nigrum (black currant) seed oil, tocopheryl acetate, linoleic acid, phospholipids, phytosterols, aloe barbadensis extract, caprylyl glycol, glyceryl caprylate

bungalow ingredients / ingrédients : hydrogenated polydecene, diisostearyl malate, silica silylate, bis-diglyceryl polyacyladipate-2, carthamus tinctorius (safflower) seed oil, caprylic/capric triglyceride, dextrin palmitate/ethylhexanoate, ribes nigrum (black currant) seed oil, tocopheryl acetate, linoleic acid, phospholipids, phytosterols, aloe barbadensis extract, caprylyl glycol, glyceryl caprylate. may contain / peut contenir / (+/-) : titanium dioxide (ci 77891), iron oxides (ci 77491, ci 77492, ci 77499), yellow 6 lake (ci 15985), red 7 lake (ci 15850), blue 1 lake (ci 42090), red 6 (ci 15850), yellow 5 lake (ci 19140).

fizz ingredients / ingrédients : hydrogenated polydecene, diisostearyl malate, silica silylate, bis-diglyceryl polyacyladipate-2, carthamus tinctorius (safflower) seed oil, caprylic/capric triglyceride, dextrin palmitate/ethylhexanoate, ribes nigrum (black currant) seed oil, tocopheryl acetate, linoleic acid, phospholipids, phytosterols, aloe barbadensis extract, caprylyl glycol, glyceryl caprylate. may contain / peut contenir / (+/-) : titanium dioxide (ci 77891), iron oxides (ci 77491, ci 77492, ci 77499), yellow 6 lake (ci 15985), red 7 lake (ci 15850), blue 1 lake (ci 42090), red 6 (ci 15850), yellow 5 lake (ci 19140).

aperitivo ingredients / ingrédients : hydrogenated polydecene, diisostearyl malate, silica silylate, bis-diglyceryl polyacyladipate-2, carthamus tinctorius (safflower) seed oil, caprylic/capric triglyceride, dextrin palmitate/ethylhexanoate, ribes nigrum (black currant) seed oil, tocopheryl acetate, linoleic acid, phospholipids, phytosterols, aloe barbadensis extract, caprylyl glycol, glyceryl caprylate.may contain / peut contenir / (+/-) : titanium dioxide (ci 77891), iron oxides (ci 77491, ci 77492, ci 77499), yellow 6 lake (ci 15985), red 7 lake (ci 15850), blue 1 lake (ci 42090), red 6 (ci 15850), yellow 5 lake (ci 19140).

picante ingredients / ingrédients : hydrogenated polydecene, diisostearyl malate, silica silylate, bis-diglyceryl polyacyladipate-2, carthamus tinctorius (safflower) seed oil, caprylic/capric triglyceride, dextrin palmitate/ethylhexanoate, ribes nigrum (black currant) seed oil, tocopheryl acetate, linoleic acid, phospholipids, phytosterols, aloe barbadensis extract, caprylyl glycol, glyceryl caprylate.may contain / peut contenir / (+/-) : titanium dioxide (ci 77891), iron oxides (ci 77491, ci 77492, ci 77499), yellow 6 lake (ci 15985), red 7 lake (ci 15850), blue 1 lake (ci 42090), red 6 (ci 15850), yellow 5 lake (ci 19140).

martini ingredients / ingrédients : hydrogenated polydecene, diisostearyl malate, silica silylate, carthamus tinctorius (safflower) seed oil, caprylic/capric triglyceride, calcium| aluminum borosilicate, ribes nigrum (black currant) seed oil, synthetic fluorphlogopite, silica, tocopheryl acetate, linoleic acid, phospholipids, phytosterols, caprylyl glycol, glyceryl caprylate, aloe barbadensis extract, tin oxide, titanium dioxide (ci 77891), iron oxides (ci 77491, ci 77492, ci 77499), red 28 lake (ci 45410).",'5.0,2
Make Up,Lips,'14826638377340,'53625033884028,Victoria Beckham Beauty,Posh Gloss,https://ohmycream.co.uk/collections/make-up-lips/products/victoria-beckham-beauty-posh-gloss?variant=53625033884028,https://cdn.shopify.com/s/files/1/0555/4071/1596/files/2024_11_VictoriaBeckhamBeauty_PoshGlossAperitivo_Packshot.jpg?v=1742307591,"Complete list of ingredients

ice ingredients / ingrédients : hydrogenated polydecene, diisostearyl malate, silica silylate, carthamus tinctorius (safflower) seed oil, caprylic/capric triglyceride, ribes nigrum (black currant) seed oil, tocopheryl acetate, linoleic acid, phospholipids, phytosterols, aloe barbadensis extract, caprylyl glycol, glyceryl caprylate

bungalow ingredients / ingrédients : hydrogenated polydecene, diisostearyl malate, silica silylate, bis-diglyceryl polyacyladipate-2, carthamus tinctorius (safflower) seed oil, caprylic/capric triglyceride, dextrin palmitate/ethylhexanoate, ribes nigrum (black currant) seed oil, tocopheryl acetate, linoleic acid, phospholipids, phytosterols, aloe barbadensis extract, caprylyl glycol, glyceryl caprylate. may contain / peut contenir / (+/-) : titanium dioxide (ci 77891), iron oxides (ci 77491, ci 77492, ci 77499), yellow 6 lake (ci 15985), red 7 lake (ci 15850), blue 1 lake (ci 42090), red 6 (ci 15850), yellow 5 lake (ci 19140).

fizz ingredients / ingrédients : hydrogenated polydecene, diisostearyl malate, silica silylate, bis-diglyceryl polyacyladipate-2, carthamus tinctorius (safflower) seed oil, caprylic/capric triglyceride, dextrin palmitate/ethylhexanoate, ribes nigrum (black currant) seed oil, tocopheryl acetate, linoleic acid, phospholipids, phytosterols, aloe barbadensis extract, caprylyl glycol, glyceryl caprylate. may contain / peut contenir / (+/-) : titanium dioxide (ci 77891), iron oxides (ci 77491, ci 77492, ci 77499), yellow 6 lake (ci 15985), red 7 lake (ci 15850), blue 1 lake (ci 42090), red 6 (ci 15850), yellow 5 lake (ci 19140).

aperitivo ingredients / ingrédients : hydrogenated polydecene, diisostearyl malate, silica silylate, bis-diglyceryl polyacyladipate-2, carthamus tinctorius (safflower) seed oil, caprylic/capric triglyceride, dextrin palmitate/ethylhexanoate, ribes nigrum (black currant) seed oil, tocopheryl acetate, linoleic acid, phospholipids, phytosterols, aloe barbadensis extract, caprylyl glycol, glyceryl caprylate.may contain / peut contenir / (+/-) : titanium dioxide (ci 77891), iron oxides (ci 77491, ci 77492, ci 77499), yellow 6 lake (ci 15985), red 7 lake (ci 15850), blue 1 lake (ci 42090), red 6 (ci 15850), yellow 5 lake (ci 19140).

picante ingredients / ingrédients : hydrogenated polydecene, diisostearyl malate, silica silylate, bis-diglyceryl polyacyladipate-2, carthamus tinctorius (safflower) seed oil, caprylic/capric triglyceride, dextrin palmitate/ethylhexanoate, ribes nigrum (black currant) seed oil, tocopheryl acetate, linoleic acid, phospholipids, phytosterols, aloe barbadensis extract, caprylyl glycol, glyceryl caprylate.may contain / peut contenir / (+/-) : titanium dioxide (ci 77891), iron oxides (ci 77491, ci 77492, ci 77499), yellow 6 lake (ci 15985), red 7 lake (ci 15850), blue 1 lake (ci 42090), red 6 (ci 15850), yellow 5 lake (ci 19140).

martini ingredients / ingrédients : hydrogenated polydecene, diisostearyl malate, silica silylate, carthamus tinctorius (safflower) seed oil, caprylic/capric triglyceride, calcium| aluminum borosilicate, ribes nigrum (black currant) seed oil, synthetic fluorphlogopite, silica, tocopheryl acetate, linoleic acid, phospholipids, phytosterols, caprylyl glycol, glyceryl caprylate, aloe barbadensis extract, tin oxide, titanium dioxide (ci 77891), iron oxides (ci 77491, ci 77492, ci 77499), red 28 lake (ci 45410).",'5.0,2
Make Up,Lips,'7608735695020,'42503657160876,Les Filles En Rouje,Blush Highlighter Palette,https://ohmycream.co.uk/collections/make-up-lips/products/les-filles-en-rouje-blush-highlighter-palette?variant=42503657160876,https://cdn.shopify.com/s/files/1/0555/4071/1596/products/LaPaletteVisage_LesFillesenRouje.jpg?v=1681905290,"Complete list of ingredients

blush : caprylic/capric triglyceride, ricinus communis seed oil/ricinus communis (castor) seed oil, bis-diglyceryl polyacyladipate-2, nylon-12, cera alba/beeswax, c18-36 acid glycol ester, dicalcium phosphate, silica dimethyl silylate, polyhydroxystearic acid, tocopherol,glycine soja oil/glycine soja (soybean) oil.[+/-] / may contain:ci 15850/red 7 lake, ci 15850/red 6, ci 42090/blue 1 lake, ci 45380/red 22 lake, ci 45410/red 28 lake, ci 77491/iron oxides, ci 77492/iron oxides, ci 77499/iron oxides, ci 77891/titanium dioxide.

highlighter : ricinus communis seed oil/ricinus communis (castor) seed oil, cocos nucifera oil/cocos nucifera (coconut) oil, cera alba/beeswax, mica, simmondsia chinensis seed oil/simmondsia chinensis (jojoba) seed oil, theobroma cacao seed butter/theobroma cacao (cocoa) seed butter, tocopherol, tin oxide.[+/-] / may contain:ci 77491/iron oxides, ci 77499/iron oxides, ci 77891/titanium dioxide.

these lists of ingredients are subject to change; please refer to the packagings of the purchased products.",'4.8,5
Make Up,Lips,'15172259709308,'55098591838588,RMS Beauty,Legendary Serum Lipstick,https://ohmycream.co.uk/collections/make-up-lips/products/rms-beauty-legendary-serum-lipstick?variant=55098591838588,https://cdn.shopify.com/s/files/1/0555/4071/1596/files/Legendary_Serum_Lipstick_Audrey_RMS.jpg?v=1744721344,"Complete list of ingredients



audrey: *prunus cerasus (bitter cherry) fruit water, jojoba esters, helianthus annuus (sunflower) seed wax, water/aqua/eau, *alcohol denat., squalane (vegetable), glycerin, helianthus annuus (sunflower) seed oil unsaponifiables, silica, polyglyceryl-4 caprate, polyglyceryl-3 polyricinoleate, isononyl isononanoate, acacia decurrens (mimosa) flower wax, polyglycerin-3, potassium sorbate, tocopheryl acetate, *vanilla planifolia fruit extract, polyglyceryl-3 diisostearate, *simmondsia chinensis (jojoba) seed oil, tocopherol (non-gmo), *calendula officinalis (marigold) flower, *equisetum arvense (horsetail) leaf extract, *hypericum perforatum (st. john’s wort) flower extract, *curcuma longa (turmeric) root, *hemidesmus indicus (country sarsaparilla) root extract, *withania somnifera (ashwagandha) root extract, terminalia ferdinandiana (kakadu plum) fruit extract, *glycyrrhiza glabra (licorice) root extract, *olea europaea (olive) leaf extract, red 28 lake (ci 45410), iron oxides (ci 77491, ci 77492, ci 77499).

* certified organic/certifié biologique

monica : *prunus cerasus (bitter cherry) fruit water, jojoba esters, helianthus annuus (sunflower) seed wax, water/aqua/eau, *alcohol denat., squalane (vegetable), glycerin, helianthus annuus (sunflower) seed oil unsaponifiables, silica, polyglyceryl-4 caprate, polyglyceryl-3 polyricinoleate, isononyl isononanoate, acacia decurrens (mimosa) flower wax, polyglycerin-3, potassium sorbate, tocopheryl acetate, *vanilla planifolia fruit extract, polyglyceryl-3 diisostearate, *simmondsia chinensis (jojoba) seed oil, tocopherol (non-gmo), *calendula officinalis (marigold) flower, *equisetum arvense (horsetail) leaf extract, *hypericum perforatum (st. john’s wort) flower extract, *curcuma longa (turmeric) root, *hemidesmus indicus (country sarsaparilla) root extract, *withania somnifera (ashwagandha) root extract, terminalia ferdinandiana (kakadu plum) fruit extract, *glycyrrhiza glabra (licorice) root extract, *olea europaea (olive) leaf extract, titanium dioxide (ci 77891), blue 1 lake (ci 42090), red 28 lake (ci 45410), red 7 (ci 15850), iron oxides (ci 77491, ci 77499).

* certified organic/certifié biologique

mickey : *prunus cerasus (bitter cherry) fruit water, jojoba esters, helianthus annuus (sunflower) seed wax, water/aqua/eau, *alcohol denat., squalane (vegetable), glycerin, helianthus annuus (sunflower) seed oil unsaponifiables, silica, polyglyceryl-4 caprate, polyglyceryl-3 polyricinoleate, isononyl isononanoate, acacia decurrens (mimosa) flower wax, polyglycerin-3, potassium sorbate, tocopheryl acetate, *vanilla planifolia fruit extract, polyglyceryl-3 diisostearate, *simmondsia chinensis (jojoba) seed oil, tocopherol (non-gmo), *calendula officinalis (marigold) flower, *equisetum arvense (horsetail) leaf extract, *hypericum perforatum (st. john’s wort) flower extract, *curcuma longa (turmeric) root, *hemidesmus indicus (country sarsaparilla) root extract, *withania somnifera (ashwagandha) root extract, terminalia ferdinandiana (kakadu plum) fruit extract, *glycyrrhiza glabra (licorice) root extract, *olea europaea (olive) leaf extract, titanium dioxide (ci 77891), blue 1 lake (ci 42090), red 28 lake (ci 45410), iron oxides (ci 77491, ci 77499), yellow 5 (ci 19140).

* certified organic/certifié biologique

linda : *prunus cerasus (bitter cherry) fruit water, jojoba esters, helianthus annuus (sunflower) seed wax, water/aqua/eau, *alcohol denat., squalane (vegetable), glycerin, helianthus annuus (sunflower) seed oil unsaponifiables, silica, polyglyceryl-4 caprate, polyglyceryl-3 polyricinoleate, isononyl isononanoate, acacia decurrens (mimosa) flower wax, polyglycerin-3, potassium sorbate, tocopheryl acetate, *vanilla planifolia fruit extract, polyglyceryl-3 diisostearate, *simmondsia chinensis (jojoba) seed oil, tocopherol (non-gmo), *calendula officinalis (marigold) flower, *equisetum arvense (horsetail) leaf extract, *hypericum perforatum (st. john’s wort) flower extract, *curcuma longa (turmeric) root, *hemidesmus indicus (country sarsaparilla) root extract, *withania somnifera (ashwagandha) root extract, terminalia ferdinandiana (kakadu plum) fruit extract, *glycyrrhiza glabra (licorice) root extract, *olea europaea (olive) leaf extract, titanium dioxide (ci 77891), blue 1 lake (ci 42090), red 28 lake (ci 45410), red 7 (ci 15850).

* certified organic/certifié biologique

mae : *prunus cerasus (bitter cherry) fruit water, jojoba esters, helianthus annuus (sunflower) seed wax, water/aqua/eau, *alcohol denat., squalane (vegetable), glycerin, helianthus annuus (sunflower) seed oil unsaponifiables, silica, polyglyceryl-4 caprate, polyglyceryl-3 polyricinoleate, isononyl isononanoate, acacia decurrens flower wax, polyglycerin-3, potassium sorbate, tocopheryl acetate, *vanilla planifolia fruit extract, polyglyceryl-3 diisostearate, *simmondsia chinensis (jojoba) seed oil, tocopherol (non-gmo), *calendula officinalis (marigold) flower, *equisetum arvense (horsetail) leaf extract, *hypericum perforatum (st. john’s wort) flower/leaf/stem extract, *curcuma longa (turmeric) root, *hemidesmus indicus (country sarsaparilla) root extract, *withania somnifera (ashwagandha) root extract, terminalia ferdinandiana (kakadu plum) fruit extract, *glycyrrhiza glabra (licorice) root, *olea europaea (olive) leaf, titanium dioxide (ci 77891), yellow 5 lake (ci 19140), red 7 (ci 15850), iron oxides (ci 77491, ci 77499).

*certified organic/certifié biologique

naomi : *prunus cerasus (bitter cherry) fruit water, jojoba esters, helianthus annuus (sunflower) seed wax, water/aqua/eau, *alcohol denat., squalane (vegetable), glycerin, helianthus annuus (sunflower) seed oil unsaponifiables, silica, polyglyceryl-4 caprate, polyglyceryl-3 polyricinoleate, isononyl isononanoate, acacia decurrens flower wax, polyglycerin-3, potassium sorbate, tocopheryl acetate, *vanilla planifolia fruit extract, polyglyceryl-3 diisostearate, *simmondsia chinensis (jojoba) seed oil, tocopherol (non-gmo), *calendula officinalis (marigold) flower, *equisetum arvense (horsetail) leaf extract, *hypericum perforatum (st. john’s wort) flower/leaf/stem extract, *curcuma longa (turmeric) root, *hemidesmus indicus (country sarsaparilla) root extract, *withania somnifera (ashwagandha) root extract, terminalia ferdinandiana (kakadu plum) fruit extract, *glycyrrhiza glabra (licorice) root, *olea europaea (olive) leaf, titanium dioxide (ci 77891), red 7 (ci 15850), iron oxides (ci 77491, ci 77499).

*certified organic/certifié biologique

mélanie *prunus cerasus (bitter cherry) fruit water, jojoba esters, helianthus annuus (sunflower) seed wax, water/aqua/eau, *alcohol denat., squalane (vegetable), glycerin, helianthus annuus (sunflower) seed oil unsaponifiables, silica, polyglyceryl-4 caprate, polyglyceryl-3 polyricinoleate, isononyl isononanoate, acacia decurrens (mimosa) flower wax, polyglycerin-3, potassium sorbate, tocopheryl acetate, *vanilla planifolia fruit extract, polyglyceryl-3 diisostearate, *simmondsia chinensis (jojoba) seed oil, tocopherol (non-gmo), *calendula officinalis (marigold) flower, *equisetum arvense (horsetail) leaf extract, *hypericum perforatum (st. john’s wort) flower extract, *curcuma longa (turmeric) root, *hemidesmus indicus (country sarsaparilla) root extract, *withania somnifera (ashwagandha) root extract, terminalia ferdinandiana (kakadu plum) fruit extract, *glycyrrhiza glabra (licorice) root extract, *olea europaea (olive) leaf extract, titanium dioxide (ci 77891), iron oxides (ci 77491, ci 77499), red 28 lake (ci 45410).

* certified organic/certifié biologique

ruby moon *prunus cerasus (bitter cherry) fruit water, jojoba esters, helianthus annuus (sunflower) seed wax, water/aqua/eau, *alcohol denat., squalane (vegetable), glycerin, helianthus annuus (sunflower) seed oil unsaponifiables, silica, polyglyceryl-4 caprate, polyglyceryl-3 polyricinoleate, isononyl isononanoate, acacia decurrens (mimosa) flower wax, polyglycerin-3, potassium sorbate, tocopheryl acetate, *vanilla planifolia fruit extract, polyglyceryl-3 diisostearate, *simmondsia chinensis (jojoba) seed oil, tocopherol (non-gmo), *calendula officinalis (marigold) flower, *equisetum arvense (horsetail) leaf extract, *hypericum perforatum (st. john’s wort) flower extract, *curcuma longa (turmeric) root, *hemidesmus indicus (country sarsaparilla) root extract, *withania somnifera (ashwagandha) root extract, terminalia ferdinandiana (kakadu plum) fruit extract, *glycyrrhiza glabra (licorice) root extract, *olea europaea (olive) leaf extract, red 28 lake (ci 45410), yellow 5 (ci 19140), red 6 (ci 15850).

* certified organic/certifié biologique

eve *prunus cerasus (bitter cherry) fruit water, jojoba esters, helianthus annuus (sunflower) seed wax, water/aqua/eau, *alcohol denat., squalane (vegetable), glycerin, helianthus annuus (sunflower) seed oil unsaponifiables, silica, polyglyceryl-4 caprate, polyglyceryl-3 polyricinoleate, isononyl isononanoate, acacia decurrens flower wax, polyglycerin-3, potassium sorbate, tocopheryl acetate, *vanilla planifolia fruit extract, polyglyceryl-3 diisostearate, *simmondsia chinensis (jojoba) seed oil, tocopherol (non-gmo), *calendula officinalis (marigold) flower, *equisetum arvense (horsetail) leaf extract, *hypericum perforatum (st. john’s wort) flower/leaf/stem extract, *curcuma longa (turmeric) root, *hemidesmus indicus (country sarsaparilla) root extract, *withania somnifera (ashwagandha) root extract, terminalia ferdinandiana (kakadu plum) fruit extract, *glycyrrhiza glabra (licorice) root, *olea europaea (olive) leaf, titanium dioxide (ci 77891), yellow 5 lake (ci 19140), red 7 (ci 15850), iron oxides (ci 77499).

* certified organic/certifié biologique

cette liste d'ingrédients peut faire l'objet de modifications, veuillez consulter l'emballage du produit acheté.

this list of ingredients is subject to change; please refer to the packaging of the purchased product.",'4.5,44
Make Up,Lips,'15172259709308,'55098591871356,RMS Beauty,Legendary Serum Lipstick,https://ohmycream.co.uk/collections/make-up-lips/products/rms-beauty-legendary-serum-lipstick?variant=55098591871356,https://cdn.shopify.com/s/files/1/0555/4071/1596/files/Legendary_Serum_Lipstick_Naom_RMS.jpg?v=1744721480,"Complete list of ingredients



audrey: *prunus cerasus (bitter cherry) fruit water, jojoba esters, helianthus annuus (sunflower) seed wax, water/aqua/eau, *alcohol denat., squalane (vegetable), glycerin, helianthus annuus (sunflower) seed oil unsaponifiables, silica, polyglyceryl-4 caprate, polyglyceryl-3 polyricinoleate, isononyl isononanoate, acacia decurrens (mimosa) flower wax, polyglycerin-3, potassium sorbate, tocopheryl acetate, *vanilla planifolia fruit extract, polyglyceryl-3 diisostearate, *simmondsia chinensis (jojoba) seed oil, tocopherol (non-gmo), *calendula officinalis (marigold) flower, *equisetum arvense (horsetail) leaf extract, *hypericum perforatum (st. john’s wort) flower extract, *curcuma longa (turmeric) root, *hemidesmus indicus (country sarsaparilla) root extract, *withania somnifera (ashwagandha) root extract, terminalia ferdinandiana (kakadu plum) fruit extract, *glycyrrhiza glabra (licorice) root extract, *olea europaea (olive) leaf extract, red 28 lake (ci 45410), iron oxides (ci 77491, ci 77492, ci 77499).

* certified organic/certifié biologique

monica : *prunus cerasus (bitter cherry) fruit water, jojoba esters, helianthus annuus (sunflower) seed wax, water/aqua/eau, *alcohol denat., squalane (vegetable), glycerin, helianthus annuus (sunflower) seed oil unsaponifiables, silica, polyglyceryl-4 caprate, polyglyceryl-3 polyricinoleate, isononyl isononanoate, acacia decurrens (mimosa) flower wax, polyglycerin-3, potassium sorbate, tocopheryl acetate, *vanilla planifolia fruit extract, polyglyceryl-3 diisostearate, *simmondsia chinensis (jojoba) seed oil, tocopherol (non-gmo), *calendula officinalis (marigold) flower, *equisetum arvense (horsetail) leaf extract, *hypericum perforatum (st. john’s wort) flower extract, *curcuma longa (turmeric) root, *hemidesmus indicus (country sarsaparilla) root extract, *withania somnifera (ashwagandha) root extract, terminalia ferdinandiana (kakadu plum) fruit extract, *glycyrrhiza glabra (licorice) root extract, *olea europaea (olive) leaf extract, titanium dioxide (ci 77891), blue 1 lake (ci 42090), red 28 lake (ci 45410), red 7 (ci 15850), iron oxides (ci 77491, ci 77499).

* certified organic/certifié biologique

mickey : *prunus cerasus (bitter cherry) fruit water, jojoba esters, helianthus annuus (sunflower) seed wax, water/aqua/eau, *alcohol denat., squalane (vegetable), glycerin, helianthus annuus (sunflower) seed oil unsaponifiables, silica, polyglyceryl-4 caprate, polyglyceryl-3 polyricinoleate, isononyl isononanoate, acacia decurrens (mimosa) flower wax, polyglycerin-3, potassium sorbate, tocopheryl acetate, *vanilla planifolia fruit extract, polyglyceryl-3 diisostearate, *simmondsia chinensis (jojoba) seed oil, tocopherol (non-gmo), *calendula officinalis (marigold) flower, *equisetum arvense (horsetail) leaf extract, *hypericum perforatum (st. john’s wort) flower extract, *curcuma longa (turmeric) root, *hemidesmus indicus (country sarsaparilla) root extract, *withania somnifera (ashwagandha) root extract, terminalia ferdinandiana (kakadu plum) fruit extract, *glycyrrhiza glabra (licorice) root extract, *olea europaea (olive) leaf extract, titanium dioxide (ci 77891), blue 1 lake (ci 42090), red 28 lake (ci 45410), iron oxides (ci 77491, ci 77499), yellow 5 (ci 19140).

* certified organic/certifié biologique

linda : *prunus cerasus (bitter cherry) fruit water, jojoba esters, helianthus annuus (sunflower) seed wax, water/aqua/eau, *alcohol denat., squalane (vegetable), glycerin, helianthus annuus (sunflower) seed oil unsaponifiables, silica, polyglyceryl-4 caprate, polyglyceryl-3 polyricinoleate, isononyl isononanoate, acacia decurrens (mimosa) flower wax, polyglycerin-3, potassium sorbate, tocopheryl acetate, *vanilla planifolia fruit extract, polyglyceryl-3 diisostearate, *simmondsia chinensis (jojoba) seed oil, tocopherol (non-gmo), *calendula officinalis (marigold) flower, *equisetum arvense (horsetail) leaf extract, *hypericum perforatum (st. john’s wort) flower extract, *curcuma longa (turmeric) root, *hemidesmus indicus (country sarsaparilla) root extract, *withania somnifera (ashwagandha) root extract, terminalia ferdinandiana (kakadu plum) fruit extract, *glycyrrhiza glabra (licorice) root extract, *olea europaea (olive) leaf extract, titanium dioxide (ci 77891), blue 1 lake (ci 42090), red 28 lake (ci 45410), red 7 (ci 15850).

* certified organic/certifié biologique

mae : *prunus cerasus (bitter cherry) fruit water, jojoba esters, helianthus annuus (sunflower) seed wax, water/aqua/eau, *alcohol denat., squalane (vegetable), glycerin, helianthus annuus (sunflower) seed oil unsaponifiables, silica, polyglyceryl-4 caprate, polyglyceryl-3 polyricinoleate, isononyl isononanoate, acacia decurrens flower wax, polyglycerin-3, potassium sorbate, tocopheryl acetate, *vanilla planifolia fruit extract, polyglyceryl-3 diisostearate, *simmondsia chinensis (jojoba) seed oil, tocopherol (non-gmo), *calendula officinalis (marigold) flower, *equisetum arvense (horsetail) leaf extract, *hypericum perforatum (st. john’s wort) flower/leaf/stem extract, *curcuma longa (turmeric) root, *hemidesmus indicus (country sarsaparilla) root extract, *withania somnifera (ashwagandha) root extract, terminalia ferdinandiana (kakadu plum) fruit extract, *glycyrrhiza glabra (licorice) root, *olea europaea (olive) leaf, titanium dioxide (ci 77891), yellow 5 lake (ci 19140), red 7 (ci 15850), iron oxides (ci 77491, ci 77499).

*certified organic/certifié biologique

naomi : *prunus cerasus (bitter cherry) fruit water, jojoba esters, helianthus annuus (sunflower) seed wax, water/aqua/eau, *alcohol denat., squalane (vegetable), glycerin, helianthus annuus (sunflower) seed oil unsaponifiables, silica, polyglyceryl-4 caprate, polyglyceryl-3 polyricinoleate, isononyl isononanoate, acacia decurrens flower wax, polyglycerin-3, potassium sorbate, tocopheryl acetate, *vanilla planifolia fruit extract, polyglyceryl-3 diisostearate, *simmondsia chinensis (jojoba) seed oil, tocopherol (non-gmo), *calendula officinalis (marigold) flower, *equisetum arvense (horsetail) leaf extract, *hypericum perforatum (st. john’s wort) flower/leaf/stem extract, *curcuma longa (turmeric) root, *hemidesmus indicus (country sarsaparilla) root extract, *withania somnifera (ashwagandha) root extract, terminalia ferdinandiana (kakadu plum) fruit extract, *glycyrrhiza glabra (licorice) root, *olea europaea (olive) leaf, titanium dioxide (ci 77891), red 7 (ci 15850), iron oxides (ci 77491, ci 77499).

*certified organic/certifié biologique

mélanie *prunus cerasus (bitter cherry) fruit water, jojoba esters, helianthus annuus (sunflower) seed wax, water/aqua/eau, *alcohol denat., squalane (vegetable), glycerin, helianthus annuus (sunflower) seed oil unsaponifiables, silica, polyglyceryl-4 caprate, polyglyceryl-3 polyricinoleate, isononyl isononanoate, acacia decurrens (mimosa) flower wax, polyglycerin-3, potassium sorbate, tocopheryl acetate, *vanilla planifolia fruit extract, polyglyceryl-3 diisostearate, *simmondsia chinensis (jojoba) seed oil, tocopherol (non-gmo), *calendula officinalis (marigold) flower, *equisetum arvense (horsetail) leaf extract, *hypericum perforatum (st. john’s wort) flower extract, *curcuma longa (turmeric) root, *hemidesmus indicus (country sarsaparilla) root extract, *withania somnifera (ashwagandha) root extract, terminalia ferdinandiana (kakadu plum) fruit extract, *glycyrrhiza glabra (licorice) root extract, *olea europaea (olive) leaf extract, titanium dioxide (ci 77891), iron oxides (ci 77491, ci 77499), red 28 lake (ci 45410).

* certified organic/certifié biologique

ruby moon *prunus cerasus (bitter cherry) fruit water, jojoba esters, helianthus annuus (sunflower) seed wax, water/aqua/eau, *alcohol denat., squalane (vegetable), glycerin, helianthus annuus (sunflower) seed oil unsaponifiables, silica, polyglyceryl-4 caprate, polyglyceryl-3 polyricinoleate, isononyl isononanoate, acacia decurrens (mimosa) flower wax, polyglycerin-3, potassium sorbate, tocopheryl acetate, *vanilla planifolia fruit extract, polyglyceryl-3 diisostearate, *simmondsia chinensis (jojoba) seed oil, tocopherol (non-gmo), *calendula officinalis (marigold) flower, *equisetum arvense (horsetail) leaf extract, *hypericum perforatum (st. john’s wort) flower extract, *curcuma longa (turmeric) root, *hemidesmus indicus (country sarsaparilla) root extract, *withania somnifera (ashwagandha) root extract, terminalia ferdinandiana (kakadu plum) fruit extract, *glycyrrhiza glabra (licorice) root extract, *olea europaea (olive) leaf extract, red 28 lake (ci 45410), yellow 5 (ci 19140), red 6 (ci 15850).

* certified organic/certifié biologique

eve *prunus cerasus (bitter cherry) fruit water, jojoba esters, helianthus annuus (sunflower) seed wax, water/aqua/eau, *alcohol denat., squalane (vegetable), glycerin, helianthus annuus (sunflower) seed oil unsaponifiables, silica, polyglyceryl-4 caprate, polyglyceryl-3 polyricinoleate, isononyl isononanoate, acacia decurrens flower wax, polyglycerin-3, potassium sorbate, tocopheryl acetate, *vanilla planifolia fruit extract, polyglyceryl-3 diisostearate, *simmondsia chinensis (jojoba) seed oil, tocopherol (non-gmo), *calendula officinalis (marigold) flower, *equisetum arvense (horsetail) leaf extract, *hypericum perforatum (st. john’s wort) flower/leaf/stem extract, *curcuma longa (turmeric) root, *hemidesmus indicus (country sarsaparilla) root extract, *withania somnifera (ashwagandha) root extract, terminalia ferdinandiana (kakadu plum) fruit extract, *glycyrrhiza glabra (licorice) root, *olea europaea (olive) leaf, titanium dioxide (ci 77891), yellow 5 lake (ci 19140), red 7 (ci 15850), iron oxides (ci 77499).

* certified organic/certifié biologique

cette liste d'ingrédients peut faire l'objet de modifications, veuillez consulter l'emballage du produit acheté.

this list of ingredients is subject to change; please refer to the packaging of the purchased product.",'4.5,44
Make Up,Lips,'15172259709308,'55098591904124,RMS Beauty,Legendary Serum Lipstick,https://ohmycream.co.uk/collections/make-up-lips/products/rms-beauty-legendary-serum-lipstick?variant=55098591904124,https://cdn.shopify.com/s/files/1/0555/4071/1596/files/Legendary_serum_lipstick_Mae_RMS.jpg?v=1744721587,"Complete list of ingredients



audrey: *prunus cerasus (bitter cherry) fruit water, jojoba esters, helianthus annuus (sunflower) seed wax, water/aqua/eau, *alcohol denat., squalane (vegetable), glycerin, helianthus annuus (sunflower) seed oil unsaponifiables, silica, polyglyceryl-4 caprate, polyglyceryl-3 polyricinoleate, isononyl isononanoate, acacia decurrens (mimosa) flower wax, polyglycerin-3, potassium sorbate, tocopheryl acetate, *vanilla planifolia fruit extract, polyglyceryl-3 diisostearate, *simmondsia chinensis (jojoba) seed oil, tocopherol (non-gmo), *calendula officinalis (marigold) flower, *equisetum arvense (horsetail) leaf extract, *hypericum perforatum (st. john’s wort) flower extract, *curcuma longa (turmeric) root, *hemidesmus indicus (country sarsaparilla) root extract, *withania somnifera (ashwagandha) root extract, terminalia ferdinandiana (kakadu plum) fruit extract, *glycyrrhiza glabra (licorice) root extract, *olea europaea (olive) leaf extract, red 28 lake (ci 45410), iron oxides (ci 77491, ci 77492, ci 77499).

* certified organic/certifié biologique

monica : *prunus cerasus (bitter cherry) fruit water, jojoba esters, helianthus annuus (sunflower) seed wax, water/aqua/eau, *alcohol denat., squalane (vegetable), glycerin, helianthus annuus (sunflower) seed oil unsaponifiables, silica, polyglyceryl-4 caprate, polyglyceryl-3 polyricinoleate, isononyl isononanoate, acacia decurrens (mimosa) flower wax, polyglycerin-3, potassium sorbate, tocopheryl acetate, *vanilla planifolia fruit extract, polyglyceryl-3 diisostearate, *simmondsia chinensis (jojoba) seed oil, tocopherol (non-gmo), *calendula officinalis (marigold) flower, *equisetum arvense (horsetail) leaf extract, *hypericum perforatum (st. john’s wort) flower extract, *curcuma longa (turmeric) root, *hemidesmus indicus (country sarsaparilla) root extract, *withania somnifera (ashwagandha) root extract, terminalia ferdinandiana (kakadu plum) fruit extract, *glycyrrhiza glabra (licorice) root extract, *olea europaea (olive) leaf extract, titanium dioxide (ci 77891), blue 1 lake (ci 42090), red 28 lake (ci 45410), red 7 (ci 15850), iron oxides (ci 77491, ci 77499).

* certified organic/certifié biologique

mickey : *prunus cerasus (bitter cherry) fruit water, jojoba esters, helianthus annuus (sunflower) seed wax, water/aqua/eau, *alcohol denat., squalane (vegetable), glycerin, helianthus annuus (sunflower) seed oil unsaponifiables, silica, polyglyceryl-4 caprate, polyglyceryl-3 polyricinoleate, isononyl isononanoate, acacia decurrens (mimosa) flower wax, polyglycerin-3, potassium sorbate, tocopheryl acetate, *vanilla planifolia fruit extract, polyglyceryl-3 diisostearate, *simmondsia chinensis (jojoba) seed oil, tocopherol (non-gmo), *calendula officinalis (marigold) flower, *equisetum arvense (horsetail) leaf extract, *hypericum perforatum (st. john’s wort) flower extract, *curcuma longa (turmeric) root, *hemidesmus indicus (country sarsaparilla) root extract, *withania somnifera (ashwagandha) root extract, terminalia ferdinandiana (kakadu plum) fruit extract, *glycyrrhiza glabra (licorice) root extract, *olea europaea (olive) leaf extract, titanium dioxide (ci 77891), blue 1 lake (ci 42090), red 28 lake (ci 45410), iron oxides (ci 77491, ci 77499), yellow 5 (ci 19140).

* certified organic/certifié biologique

linda : *prunus cerasus (bitter cherry) fruit water, jojoba esters, helianthus annuus (sunflower) seed wax, water/aqua/eau, *alcohol denat., squalane (vegetable), glycerin, helianthus annuus (sunflower) seed oil unsaponifiables, silica, polyglyceryl-4 caprate, polyglyceryl-3 polyricinoleate, isononyl isononanoate, acacia decurrens (mimosa) flower wax, polyglycerin-3, potassium sorbate, tocopheryl acetate, *vanilla planifolia fruit extract, polyglyceryl-3 diisostearate, *simmondsia chinensis (jojoba) seed oil, tocopherol (non-gmo), *calendula officinalis (marigold) flower, *equisetum arvense (horsetail) leaf extract, *hypericum perforatum (st. john’s wort) flower extract, *curcuma longa (turmeric) root, *hemidesmus indicus (country sarsaparilla) root extract, *withania somnifera (ashwagandha) root extract, terminalia ferdinandiana (kakadu plum) fruit extract, *glycyrrhiza glabra (licorice) root extract, *olea europaea (olive) leaf extract, titanium dioxide (ci 77891), blue 1 lake (ci 42090), red 28 lake (ci 45410), red 7 (ci 15850).

* certified organic/certifié biologique

mae : *prunus cerasus (bitter cherry) fruit water, jojoba esters, helianthus annuus (sunflower) seed wax, water/aqua/eau, *alcohol denat., squalane (vegetable), glycerin, helianthus annuus (sunflower) seed oil unsaponifiables, silica, polyglyceryl-4 caprate, polyglyceryl-3 polyricinoleate, isononyl isononanoate, acacia decurrens flower wax, polyglycerin-3, potassium sorbate, tocopheryl acetate, *vanilla planifolia fruit extract, polyglyceryl-3 diisostearate, *simmondsia chinensis (jojoba) seed oil, tocopherol (non-gmo), *calendula officinalis (marigold) flower, *equisetum arvense (horsetail) leaf extract, *hypericum perforatum (st. john’s wort) flower/leaf/stem extract, *curcuma longa (turmeric) root, *hemidesmus indicus (country sarsaparilla) root extract, *withania somnifera (ashwagandha) root extract, terminalia ferdinandiana (kakadu plum) fruit extract, *glycyrrhiza glabra (licorice) root, *olea europaea (olive) leaf, titanium dioxide (ci 77891), yellow 5 lake (ci 19140), red 7 (ci 15850), iron oxides (ci 77491, ci 77499).

*certified organic/certifié biologique

naomi : *prunus cerasus (bitter cherry) fruit water, jojoba esters, helianthus annuus (sunflower) seed wax, water/aqua/eau, *alcohol denat., squalane (vegetable), glycerin, helianthus annuus (sunflower) seed oil unsaponifiables, silica, polyglyceryl-4 caprate, polyglyceryl-3 polyricinoleate, isononyl isononanoate, acacia decurrens flower wax, polyglycerin-3, potassium sorbate, tocopheryl acetate, *vanilla planifolia fruit extract, polyglyceryl-3 diisostearate, *simmondsia chinensis (jojoba) seed oil, tocopherol (non-gmo), *calendula officinalis (marigold) flower, *equisetum arvense (horsetail) leaf extract, *hypericum perforatum (st. john’s wort) flower/leaf/stem extract, *curcuma longa (turmeric) root, *hemidesmus indicus (country sarsaparilla) root extract, *withania somnifera (ashwagandha) root extract, terminalia ferdinandiana (kakadu plum) fruit extract, *glycyrrhiza glabra (licorice) root, *olea europaea (olive) leaf, titanium dioxide (ci 77891), red 7 (ci 15850), iron oxides (ci 77491, ci 77499).

*certified organic/certifié biologique

mélanie *prunus cerasus (bitter cherry) fruit water, jojoba esters, helianthus annuus (sunflower) seed wax, water/aqua/eau, *alcohol denat., squalane (vegetable), glycerin, helianthus annuus (sunflower) seed oil unsaponifiables, silica, polyglyceryl-4 caprate, polyglyceryl-3 polyricinoleate, isononyl isononanoate, acacia decurrens (mimosa) flower wax, polyglycerin-3, potassium sorbate, tocopheryl acetate, *vanilla planifolia fruit extract, polyglyceryl-3 diisostearate, *simmondsia chinensis (jojoba) seed oil, tocopherol (non-gmo), *calendula officinalis (marigold) flower, *equisetum arvense (horsetail) leaf extract, *hypericum perforatum (st. john’s wort) flower extract, *curcuma longa (turmeric) root, *hemidesmus indicus (country sarsaparilla) root extract, *withania somnifera (ashwagandha) root extract, terminalia ferdinandiana (kakadu plum) fruit extract, *glycyrrhiza glabra (licorice) root extract, *olea europaea (olive) leaf extract, titanium dioxide (ci 77891), iron oxides (ci 77491, ci 77499), red 28 lake (ci 45410).

* certified organic/certifié biologique

ruby moon *prunus cerasus (bitter cherry) fruit water, jojoba esters, helianthus annuus (sunflower) seed wax, water/aqua/eau, *alcohol denat., squalane (vegetable), glycerin, helianthus annuus (sunflower) seed oil unsaponifiables, silica, polyglyceryl-4 caprate, polyglyceryl-3 polyricinoleate, isononyl isononanoate, acacia decurrens (mimosa) flower wax, polyglycerin-3, potassium sorbate, tocopheryl acetate, *vanilla planifolia fruit extract, polyglyceryl-3 diisostearate, *simmondsia chinensis (jojoba) seed oil, tocopherol (non-gmo), *calendula officinalis (marigold) flower, *equisetum arvense (horsetail) leaf extract, *hypericum perforatum (st. john’s wort) flower extract, *curcuma longa (turmeric) root, *hemidesmus indicus (country sarsaparilla) root extract, *withania somnifera (ashwagandha) root extract, terminalia ferdinandiana (kakadu plum) fruit extract, *glycyrrhiza glabra (licorice) root extract, *olea europaea (olive) leaf extract, red 28 lake (ci 45410), yellow 5 (ci 19140), red 6 (ci 15850).

* certified organic/certifié biologique

eve *prunus cerasus (bitter cherry) fruit water, jojoba esters, helianthus annuus (sunflower) seed wax, water/aqua/eau, *alcohol denat., squalane (vegetable), glycerin, helianthus annuus (sunflower) seed oil unsaponifiables, silica, polyglyceryl-4 caprate, polyglyceryl-3 polyricinoleate, isononyl isononanoate, acacia decurrens flower wax, polyglycerin-3, potassium sorbate, tocopheryl acetate, *vanilla planifolia fruit extract, polyglyceryl-3 diisostearate, *simmondsia chinensis (jojoba) seed oil, tocopherol (non-gmo), *calendula officinalis (marigold) flower, *equisetum arvense (horsetail) leaf extract, *hypericum perforatum (st. john’s wort) flower/leaf/stem extract, *curcuma longa (turmeric) root, *hemidesmus indicus (country sarsaparilla) root extract, *withania somnifera (ashwagandha) root extract, terminalia ferdinandiana (kakadu plum) fruit extract, *glycyrrhiza glabra (licorice) root, *olea europaea (olive) leaf, titanium dioxide (ci 77891), yellow 5 lake (ci 19140), red 7 (ci 15850), iron oxides (ci 77499).

* certified organic/certifié biologique

cette liste d'ingrédients peut faire l'objet de modifications, veuillez consulter l'emballage du produit acheté.

this list of ingredients is subject to change; please refer to the packaging of the purchased product.",'4.5,44
Make Up,Lips,'15172259709308,'55098591936892,RMS Beauty,Legendary Serum Lipstick,https://ohmycream.co.uk/collections/make-up-lips/products/rms-beauty-legendary-serum-lipstick?variant=55098591936892,https://cdn.shopify.com/s/files/1/0555/4071/1596/files/Legendary_Serum_Lipstick_Melanie_RMS.jpg?v=1744892025,"Complete list of ingredients



audrey: *prunus cerasus (bitter cherry) fruit water, jojoba esters, helianthus annuus (sunflower) seed wax, water/aqua/eau, *alcohol denat., squalane (vegetable), glycerin, helianthus annuus (sunflower) seed oil unsaponifiables, silica, polyglyceryl-4 caprate, polyglyceryl-3 polyricinoleate, isononyl isononanoate, acacia decurrens (mimosa) flower wax, polyglycerin-3, potassium sorbate, tocopheryl acetate, *vanilla planifolia fruit extract, polyglyceryl-3 diisostearate, *simmondsia chinensis (jojoba) seed oil, tocopherol (non-gmo), *calendula officinalis (marigold) flower, *equisetum arvense (horsetail) leaf extract, *hypericum perforatum (st. john’s wort) flower extract, *curcuma longa (turmeric) root, *hemidesmus indicus (country sarsaparilla) root extract, *withania somnifera (ashwagandha) root extract, terminalia ferdinandiana (kakadu plum) fruit extract, *glycyrrhiza glabra (licorice) root extract, *olea europaea (olive) leaf extract, red 28 lake (ci 45410), iron oxides (ci 77491, ci 77492, ci 77499).

* certified organic/certifié biologique

monica : *prunus cerasus (bitter cherry) fruit water, jojoba esters, helianthus annuus (sunflower) seed wax, water/aqua/eau, *alcohol denat., squalane (vegetable), glycerin, helianthus annuus (sunflower) seed oil unsaponifiables, silica, polyglyceryl-4 caprate, polyglyceryl-3 polyricinoleate, isononyl isononanoate, acacia decurrens (mimosa) flower wax, polyglycerin-3, potassium sorbate, tocopheryl acetate, *vanilla planifolia fruit extract, polyglyceryl-3 diisostearate, *simmondsia chinensis (jojoba) seed oil, tocopherol (non-gmo), *calendula officinalis (marigold) flower, *equisetum arvense (horsetail) leaf extract, *hypericum perforatum (st. john’s wort) flower extract, *curcuma longa (turmeric) root, *hemidesmus indicus (country sarsaparilla) root extract, *withania somnifera (ashwagandha) root extract, terminalia ferdinandiana (kakadu plum) fruit extract, *glycyrrhiza glabra (licorice) root extract, *olea europaea (olive) leaf extract, titanium dioxide (ci 77891), blue 1 lake (ci 42090), red 28 lake (ci 45410), red 7 (ci 15850), iron oxides (ci 77491, ci 77499).

* certified organic/certifié biologique

mickey : *prunus cerasus (bitter cherry) fruit water, jojoba esters, helianthus annuus (sunflower) seed wax, water/aqua/eau, *alcohol denat., squalane (vegetable), glycerin, helianthus annuus (sunflower) seed oil unsaponifiables, silica, polyglyceryl-4 caprate, polyglyceryl-3 polyricinoleate, isononyl isononanoate, acacia decurrens (mimosa) flower wax, polyglycerin-3, potassium sorbate, tocopheryl acetate, *vanilla planifolia fruit extract, polyglyceryl-3 diisostearate, *simmondsia chinensis (jojoba) seed oil, tocopherol (non-gmo), *calendula officinalis (marigold) flower, *equisetum arvense (horsetail) leaf extract, *hypericum perforatum (st. john’s wort) flower extract, *curcuma longa (turmeric) root, *hemidesmus indicus (country sarsaparilla) root extract, *withania somnifera (ashwagandha) root extract, terminalia ferdinandiana (kakadu plum) fruit extract, *glycyrrhiza glabra (licorice) root extract, *olea europaea (olive) leaf extract, titanium dioxide (ci 77891), blue 1 lake (ci 42090), red 28 lake (ci 45410), iron oxides (ci 77491, ci 77499), yellow 5 (ci 19140).

* certified organic/certifié biologique

linda : *prunus cerasus (bitter cherry) fruit water, jojoba esters, helianthus annuus (sunflower) seed wax, water/aqua/eau, *alcohol denat., squalane (vegetable), glycerin, helianthus annuus (sunflower) seed oil unsaponifiables, silica, polyglyceryl-4 caprate, polyglyceryl-3 polyricinoleate, isononyl isononanoate, acacia decurrens (mimosa) flower wax, polyglycerin-3, potassium sorbate, tocopheryl acetate, *vanilla planifolia fruit extract, polyglyceryl-3 diisostearate, *simmondsia chinensis (jojoba) seed oil, tocopherol (non-gmo), *calendula officinalis (marigold) flower, *equisetum arvense (horsetail) leaf extract, *hypericum perforatum (st. john’s wort) flower extract, *curcuma longa (turmeric) root, *hemidesmus indicus (country sarsaparilla) root extract, *withania somnifera (ashwagandha) root extract, terminalia ferdinandiana (kakadu plum) fruit extract, *glycyrrhiza glabra (licorice) root extract, *olea europaea (olive) leaf extract, titanium dioxide (ci 77891), blue 1 lake (ci 42090), red 28 lake (ci 45410), red 7 (ci 15850).

* certified organic/certifié biologique

mae : *prunus cerasus (bitter cherry) fruit water, jojoba esters, helianthus annuus (sunflower) seed wax, water/aqua/eau, *alcohol denat., squalane (vegetable), glycerin, helianthus annuus (sunflower) seed oil unsaponifiables, silica, polyglyceryl-4 caprate, polyglyceryl-3 polyricinoleate, isononyl isononanoate, acacia decurrens flower wax, polyglycerin-3, potassium sorbate, tocopheryl acetate, *vanilla planifolia fruit extract, polyglyceryl-3 diisostearate, *simmondsia chinensis (jojoba) seed oil, tocopherol (non-gmo), *calendula officinalis (marigold) flower, *equisetum arvense (horsetail) leaf extract, *hypericum perforatum (st. john’s wort) flower/leaf/stem extract, *curcuma longa (turmeric) root, *hemidesmus indicus (country sarsaparilla) root extract, *withania somnifera (ashwagandha) root extract, terminalia ferdinandiana (kakadu plum) fruit extract, *glycyrrhiza glabra (licorice) root, *olea europaea (olive) leaf, titanium dioxide (ci 77891), yellow 5 lake (ci 19140), red 7 (ci 15850), iron oxides (ci 77491, ci 77499).

*certified organic/certifié biologique

naomi : *prunus cerasus (bitter cherry) fruit water, jojoba esters, helianthus annuus (sunflower) seed wax, water/aqua/eau, *alcohol denat., squalane (vegetable), glycerin, helianthus annuus (sunflower) seed oil unsaponifiables, silica, polyglyceryl-4 caprate, polyglyceryl-3 polyricinoleate, isononyl isononanoate, acacia decurrens flower wax, polyglycerin-3, potassium sorbate, tocopheryl acetate, *vanilla planifolia fruit extract, polyglyceryl-3 diisostearate, *simmondsia chinensis (jojoba) seed oil, tocopherol (non-gmo), *calendula officinalis (marigold) flower, *equisetum arvense (horsetail) leaf extract, *hypericum perforatum (st. john’s wort) flower/leaf/stem extract, *curcuma longa (turmeric) root, *hemidesmus indicus (country sarsaparilla) root extract, *withania somnifera (ashwagandha) root extract, terminalia ferdinandiana (kakadu plum) fruit extract, *glycyrrhiza glabra (licorice) root, *olea europaea (olive) leaf, titanium dioxide (ci 77891), red 7 (ci 15850), iron oxides (ci 77491, ci 77499).

*certified organic/certifié biologique

mélanie *prunus cerasus (bitter cherry) fruit water, jojoba esters, helianthus annuus (sunflower) seed wax, water/aqua/eau, *alcohol denat., squalane (vegetable), glycerin, helianthus annuus (sunflower) seed oil unsaponifiables, silica, polyglyceryl-4 caprate, polyglyceryl-3 polyricinoleate, isononyl isononanoate, acacia decurrens (mimosa) flower wax, polyglycerin-3, potassium sorbate, tocopheryl acetate, *vanilla planifolia fruit extract, polyglyceryl-3 diisostearate, *simmondsia chinensis (jojoba) seed oil, tocopherol (non-gmo), *calendula officinalis (marigold) flower, *equisetum arvense (horsetail) leaf extract, *hypericum perforatum (st. john’s wort) flower extract, *curcuma longa (turmeric) root, *hemidesmus indicus (country sarsaparilla) root extract, *withania somnifera (ashwagandha) root extract, terminalia ferdinandiana (kakadu plum) fruit extract, *glycyrrhiza glabra (licorice) root extract, *olea europaea (olive) leaf extract, titanium dioxide (ci 77891), iron oxides (ci 77491, ci 77499), red 28 lake (ci 45410).

* certified organic/certifié biologique

ruby moon *prunus cerasus (bitter cherry) fruit water, jojoba esters, helianthus annuus (sunflower) seed wax, water/aqua/eau, *alcohol denat., squalane (vegetable), glycerin, helianthus annuus (sunflower) seed oil unsaponifiables, silica, polyglyceryl-4 caprate, polyglyceryl-3 polyricinoleate, isononyl isononanoate, acacia decurrens (mimosa) flower wax, polyglycerin-3, potassium sorbate, tocopheryl acetate, *vanilla planifolia fruit extract, polyglyceryl-3 diisostearate, *simmondsia chinensis (jojoba) seed oil, tocopherol (non-gmo), *calendula officinalis (marigold) flower, *equisetum arvense (horsetail) leaf extract, *hypericum perforatum (st. john’s wort) flower extract, *curcuma longa (turmeric) root, *hemidesmus indicus (country sarsaparilla) root extract, *withania somnifera (ashwagandha) root extract, terminalia ferdinandiana (kakadu plum) fruit extract, *glycyrrhiza glabra (licorice) root extract, *olea europaea (olive) leaf extract, red 28 lake (ci 45410), yellow 5 (ci 19140), red 6 (ci 15850).

* certified organic/certifié biologique

eve *prunus cerasus (bitter cherry) fruit water, jojoba esters, helianthus annuus (sunflower) seed wax, water/aqua/eau, *alcohol denat., squalane (vegetable), glycerin, helianthus annuus (sunflower) seed oil unsaponifiables, silica, polyglyceryl-4 caprate, polyglyceryl-3 polyricinoleate, isononyl isononanoate, acacia decurrens flower wax, polyglycerin-3, potassium sorbate, tocopheryl acetate, *vanilla planifolia fruit extract, polyglyceryl-3 diisostearate, *simmondsia chinensis (jojoba) seed oil, tocopherol (non-gmo), *calendula officinalis (marigold) flower, *equisetum arvense (horsetail) leaf extract, *hypericum perforatum (st. john’s wort) flower/leaf/stem extract, *curcuma longa (turmeric) root, *hemidesmus indicus (country sarsaparilla) root extract, *withania somnifera (ashwagandha) root extract, terminalia ferdinandiana (kakadu plum) fruit extract, *glycyrrhiza glabra (licorice) root, *olea europaea (olive) leaf, titanium dioxide (ci 77891), yellow 5 lake (ci 19140), red 7 (ci 15850), iron oxides (ci 77499).

* certified organic/certifié biologique

cette liste d'ingrédients peut faire l'objet de modifications, veuillez consulter l'emballage du produit acheté.

this list of ingredients is subject to change; please refer to the packaging of the purchased product.",'4.5,44
Make Up,Lips,'15172259709308,'55098591969660,RMS Beauty,Legendary Serum Lipstick,https://ohmycream.co.uk/collections/make-up-lips/products/rms-beauty-legendary-serum-lipstick?variant=55098591969660,https://cdn.shopify.com/s/files/1/0555/4071/1596/files/Legendary_Serum_Lipstick_Ruby_Moon_RMS.jpg?v=1744892025,"Complete list of ingredients



audrey: *prunus cerasus (bitter cherry) fruit water, jojoba esters, helianthus annuus (sunflower) seed wax, water/aqua/eau, *alcohol denat., squalane (vegetable), glycerin, helianthus annuus (sunflower) seed oil unsaponifiables, silica, polyglyceryl-4 caprate, polyglyceryl-3 polyricinoleate, isononyl isononanoate, acacia decurrens (mimosa) flower wax, polyglycerin-3, potassium sorbate, tocopheryl acetate, *vanilla planifolia fruit extract, polyglyceryl-3 diisostearate, *simmondsia chinensis (jojoba) seed oil, tocopherol (non-gmo), *calendula officinalis (marigold) flower, *equisetum arvense (horsetail) leaf extract, *hypericum perforatum (st. john’s wort) flower extract, *curcuma longa (turmeric) root, *hemidesmus indicus (country sarsaparilla) root extract, *withania somnifera (ashwagandha) root extract, terminalia ferdinandiana (kakadu plum) fruit extract, *glycyrrhiza glabra (licorice) root extract, *olea europaea (olive) leaf extract, red 28 lake (ci 45410), iron oxides (ci 77491, ci 77492, ci 77499).

* certified organic/certifié biologique

monica : *prunus cerasus (bitter cherry) fruit water, jojoba esters, helianthus annuus (sunflower) seed wax, water/aqua/eau, *alcohol denat., squalane (vegetable), glycerin, helianthus annuus (sunflower) seed oil unsaponifiables, silica, polyglyceryl-4 caprate, polyglyceryl-3 polyricinoleate, isononyl isononanoate, acacia decurrens (mimosa) flower wax, polyglycerin-3, potassium sorbate, tocopheryl acetate, *vanilla planifolia fruit extract, polyglyceryl-3 diisostearate, *simmondsia chinensis (jojoba) seed oil, tocopherol (non-gmo), *calendula officinalis (marigold) flower, *equisetum arvense (horsetail) leaf extract, *hypericum perforatum (st. john’s wort) flower extract, *curcuma longa (turmeric) root, *hemidesmus indicus (country sarsaparilla) root extract, *withania somnifera (ashwagandha) root extract, terminalia ferdinandiana (kakadu plum) fruit extract, *glycyrrhiza glabra (licorice) root extract, *olea europaea (olive) leaf extract, titanium dioxide (ci 77891), blue 1 lake (ci 42090), red 28 lake (ci 45410), red 7 (ci 15850), iron oxides (ci 77491, ci 77499).

* certified organic/certifié biologique

mickey : *prunus cerasus (bitter cherry) fruit water, jojoba esters, helianthus annuus (sunflower) seed wax, water/aqua/eau, *alcohol denat., squalane (vegetable), glycerin, helianthus annuus (sunflower) seed oil unsaponifiables, silica, polyglyceryl-4 caprate, polyglyceryl-3 polyricinoleate, isononyl isononanoate, acacia decurrens (mimosa) flower wax, polyglycerin-3, potassium sorbate, tocopheryl acetate, *vanilla planifolia fruit extract, polyglyceryl-3 diisostearate, *simmondsia chinensis (jojoba) seed oil, tocopherol (non-gmo), *calendula officinalis (marigold) flower, *equisetum arvense (horsetail) leaf extract, *hypericum perforatum (st. john’s wort) flower extract, *curcuma longa (turmeric) root, *hemidesmus indicus (country sarsaparilla) root extract, *withania somnifera (ashwagandha) root extract, terminalia ferdinandiana (kakadu plum) fruit extract, *glycyrrhiza glabra (licorice) root extract, *olea europaea (olive) leaf extract, titanium dioxide (ci 77891), blue 1 lake (ci 42090), red 28 lake (ci 45410), iron oxides (ci 77491, ci 77499), yellow 5 (ci 19140).

* certified organic/certifié biologique

linda : *prunus cerasus (bitter cherry) fruit water, jojoba esters, helianthus annuus (sunflower) seed wax, water/aqua/eau, *alcohol denat., squalane (vegetable), glycerin, helianthus annuus (sunflower) seed oil unsaponifiables, silica, polyglyceryl-4 caprate, polyglyceryl-3 polyricinoleate, isononyl isononanoate, acacia decurrens (mimosa) flower wax, polyglycerin-3, potassium sorbate, tocopheryl acetate, *vanilla planifolia fruit extract, polyglyceryl-3 diisostearate, *simmondsia chinensis (jojoba) seed oil, tocopherol (non-gmo), *calendula officinalis (marigold) flower, *equisetum arvense (horsetail) leaf extract, *hypericum perforatum (st. john’s wort) flower extract, *curcuma longa (turmeric) root, *hemidesmus indicus (country sarsaparilla) root extract, *withania somnifera (ashwagandha) root extract, terminalia ferdinandiana (kakadu plum) fruit extract, *glycyrrhiza glabra (licorice) root extract, *olea europaea (olive) leaf extract, titanium dioxide (ci 77891), blue 1 lake (ci 42090), red 28 lake (ci 45410), red 7 (ci 15850).

* certified organic/certifié biologique

mae : *prunus cerasus (bitter cherry) fruit water, jojoba esters, helianthus annuus (sunflower) seed wax, water/aqua/eau, *alcohol denat., squalane (vegetable), glycerin, helianthus annuus (sunflower) seed oil unsaponifiables, silica, polyglyceryl-4 caprate, polyglyceryl-3 polyricinoleate, isononyl isononanoate, acacia decurrens flower wax, polyglycerin-3, potassium sorbate, tocopheryl acetate, *vanilla planifolia fruit extract, polyglyceryl-3 diisostearate, *simmondsia chinensis (jojoba) seed oil, tocopherol (non-gmo), *calendula officinalis (marigold) flower, *equisetum arvense (horsetail) leaf extract, *hypericum perforatum (st. john’s wort) flower/leaf/stem extract, *curcuma longa (turmeric) root, *hemidesmus indicus (country sarsaparilla) root extract, *withania somnifera (ashwagandha) root extract, terminalia ferdinandiana (kakadu plum) fruit extract, *glycyrrhiza glabra (licorice) root, *olea europaea (olive) leaf, titanium dioxide (ci 77891), yellow 5 lake (ci 19140), red 7 (ci 15850), iron oxides (ci 77491, ci 77499).

*certified organic/certifié biologique

naomi : *prunus cerasus (bitter cherry) fruit water, jojoba esters, helianthus annuus (sunflower) seed wax, water/aqua/eau, *alcohol denat., squalane (vegetable), glycerin, helianthus annuus (sunflower) seed oil unsaponifiables, silica, polyglyceryl-4 caprate, polyglyceryl-3 polyricinoleate, isononyl isononanoate, acacia decurrens flower wax, polyglycerin-3, potassium sorbate, tocopheryl acetate, *vanilla planifolia fruit extract, polyglyceryl-3 diisostearate, *simmondsia chinensis (jojoba) seed oil, tocopherol (non-gmo), *calendula officinalis (marigold) flower, *equisetum arvense (horsetail) leaf extract, *hypericum perforatum (st. john’s wort) flower/leaf/stem extract, *curcuma longa (turmeric) root, *hemidesmus indicus (country sarsaparilla) root extract, *withania somnifera (ashwagandha) root extract, terminalia ferdinandiana (kakadu plum) fruit extract, *glycyrrhiza glabra (licorice) root, *olea europaea (olive) leaf, titanium dioxide (ci 77891), red 7 (ci 15850), iron oxides (ci 77491, ci 77499).

*certified organic/certifié biologique

mélanie *prunus cerasus (bitter cherry) fruit water, jojoba esters, helianthus annuus (sunflower) seed wax, water/aqua/eau, *alcohol denat., squalane (vegetable), glycerin, helianthus annuus (sunflower) seed oil unsaponifiables, silica, polyglyceryl-4 caprate, polyglyceryl-3 polyricinoleate, isononyl isononanoate, acacia decurrens (mimosa) flower wax, polyglycerin-3, potassium sorbate, tocopheryl acetate, *vanilla planifolia fruit extract, polyglyceryl-3 diisostearate, *simmondsia chinensis (jojoba) seed oil, tocopherol (non-gmo), *calendula officinalis (marigold) flower, *equisetum arvense (horsetail) leaf extract, *hypericum perforatum (st. john’s wort) flower extract, *curcuma longa (turmeric) root, *hemidesmus indicus (country sarsaparilla) root extract, *withania somnifera (ashwagandha) root extract, terminalia ferdinandiana (kakadu plum) fruit extract, *glycyrrhiza glabra (licorice) root extract, *olea europaea (olive) leaf extract, titanium dioxide (ci 77891), iron oxides (ci 77491, ci 77499), red 28 lake (ci 45410).

* certified organic/certifié biologique

ruby moon *prunus cerasus (bitter cherry) fruit water, jojoba esters, helianthus annuus (sunflower) seed wax, water/aqua/eau, *alcohol denat., squalane (vegetable), glycerin, helianthus annuus (sunflower) seed oil unsaponifiables, silica, polyglyceryl-4 caprate, polyglyceryl-3 polyricinoleate, isononyl isononanoate, acacia decurrens (mimosa) flower wax, polyglycerin-3, potassium sorbate, tocopheryl acetate, *vanilla planifolia fruit extract, polyglyceryl-3 diisostearate, *simmondsia chinensis (jojoba) seed oil, tocopherol (non-gmo), *calendula officinalis (marigold) flower, *equisetum arvense (horsetail) leaf extract, *hypericum perforatum (st. john’s wort) flower extract, *curcuma longa (turmeric) root, *hemidesmus indicus (country sarsaparilla) root extract, *withania somnifera (ashwagandha) root extract, terminalia ferdinandiana (kakadu plum) fruit extract, *glycyrrhiza glabra (licorice) root extract, *olea europaea (olive) leaf extract, red 28 lake (ci 45410), yellow 5 (ci 19140), red 6 (ci 15850).

* certified organic/certifié biologique

eve *prunus cerasus (bitter cherry) fruit water, jojoba esters, helianthus annuus (sunflower) seed wax, water/aqua/eau, *alcohol denat., squalane (vegetable), glycerin, helianthus annuus (sunflower) seed oil unsaponifiables, silica, polyglyceryl-4 caprate, polyglyceryl-3 polyricinoleate, isononyl isononanoate, acacia decurrens flower wax, polyglycerin-3, potassium sorbate, tocopheryl acetate, *vanilla planifolia fruit extract, polyglyceryl-3 diisostearate, *simmondsia chinensis (jojoba) seed oil, tocopherol (non-gmo), *calendula officinalis (marigold) flower, *equisetum arvense (horsetail) leaf extract, *hypericum perforatum (st. john’s wort) flower/leaf/stem extract, *curcuma longa (turmeric) root, *hemidesmus indicus (country sarsaparilla) root extract, *withania somnifera (ashwagandha) root extract, terminalia ferdinandiana (kakadu plum) fruit extract, *glycyrrhiza glabra (licorice) root, *olea europaea (olive) leaf, titanium dioxide (ci 77891), yellow 5 lake (ci 19140), red 7 (ci 15850), iron oxides (ci 77499).

* certified organic/certifié biologique

cette liste d'ingrédients peut faire l'objet de modifications, veuillez consulter l'emballage du produit acheté.

this list of ingredients is subject to change; please refer to the packaging of the purchased product.",'4.5,44
Make Up,Lips,'15172259709308,'55098592002428,RMS Beauty,Legendary Serum Lipstick,https://ohmycream.co.uk/collections/make-up-lips/products/rms-beauty-legendary-serum-lipstick?variant=55098592002428,https://cdn.shopify.com/s/files/1/0555/4071/1596/files/Legendary_Serum_Lipstick_Eve_RMS.jpg?v=1744892025,"Complete list of ingredients



audrey: *prunus cerasus (bitter cherry) fruit water, jojoba esters, helianthus annuus (sunflower) seed wax, water/aqua/eau, *alcohol denat., squalane (vegetable), glycerin, helianthus annuus (sunflower) seed oil unsaponifiables, silica, polyglyceryl-4 caprate, polyglyceryl-3 polyricinoleate, isononyl isononanoate, acacia decurrens (mimosa) flower wax, polyglycerin-3, potassium sorbate, tocopheryl acetate, *vanilla planifolia fruit extract, polyglyceryl-3 diisostearate, *simmondsia chinensis (jojoba) seed oil, tocopherol (non-gmo), *calendula officinalis (marigold) flower, *equisetum arvense (horsetail) leaf extract, *hypericum perforatum (st. john’s wort) flower extract, *curcuma longa (turmeric) root, *hemidesmus indicus (country sarsaparilla) root extract, *withania somnifera (ashwagandha) root extract, terminalia ferdinandiana (kakadu plum) fruit extract, *glycyrrhiza glabra (licorice) root extract, *olea europaea (olive) leaf extract, red 28 lake (ci 45410), iron oxides (ci 77491, ci 77492, ci 77499).

* certified organic/certifié biologique

monica : *prunus cerasus (bitter cherry) fruit water, jojoba esters, helianthus annuus (sunflower) seed wax, water/aqua/eau, *alcohol denat., squalane (vegetable), glycerin, helianthus annuus (sunflower) seed oil unsaponifiables, silica, polyglyceryl-4 caprate, polyglyceryl-3 polyricinoleate, isononyl isononanoate, acacia decurrens (mimosa) flower wax, polyglycerin-3, potassium sorbate, tocopheryl acetate, *vanilla planifolia fruit extract, polyglyceryl-3 diisostearate, *simmondsia chinensis (jojoba) seed oil, tocopherol (non-gmo), *calendula officinalis (marigold) flower, *equisetum arvense (horsetail) leaf extract, *hypericum perforatum (st. john’s wort) flower extract, *curcuma longa (turmeric) root, *hemidesmus indicus (country sarsaparilla) root extract, *withania somnifera (ashwagandha) root extract, terminalia ferdinandiana (kakadu plum) fruit extract, *glycyrrhiza glabra (licorice) root extract, *olea europaea (olive) leaf extract, titanium dioxide (ci 77891), blue 1 lake (ci 42090), red 28 lake (ci 45410), red 7 (ci 15850), iron oxides (ci 77491, ci 77499).

* certified organic/certifié biologique

mickey : *prunus cerasus (bitter cherry) fruit water, jojoba esters, helianthus annuus (sunflower) seed wax, water/aqua/eau, *alcohol denat., squalane (vegetable), glycerin, helianthus annuus (sunflower) seed oil unsaponifiables, silica, polyglyceryl-4 caprate, polyglyceryl-3 polyricinoleate, isononyl isononanoate, acacia decurrens (mimosa) flower wax, polyglycerin-3, potassium sorbate, tocopheryl acetate, *vanilla planifolia fruit extract, polyglyceryl-3 diisostearate, *simmondsia chinensis (jojoba) seed oil, tocopherol (non-gmo), *calendula officinalis (marigold) flower, *equisetum arvense (horsetail) leaf extract, *hypericum perforatum (st. john’s wort) flower extract, *curcuma longa (turmeric) root, *hemidesmus indicus (country sarsaparilla) root extract, *withania somnifera (ashwagandha) root extract, terminalia ferdinandiana (kakadu plum) fruit extract, *glycyrrhiza glabra (licorice) root extract, *olea europaea (olive) leaf extract, titanium dioxide (ci 77891), blue 1 lake (ci 42090), red 28 lake (ci 45410), iron oxides (ci 77491, ci 77499), yellow 5 (ci 19140).

* certified organic/certifié biologique

linda : *prunus cerasus (bitter cherry) fruit water, jojoba esters, helianthus annuus (sunflower) seed wax, water/aqua/eau, *alcohol denat., squalane (vegetable), glycerin, helianthus annuus (sunflower) seed oil unsaponifiables, silica, polyglyceryl-4 caprate, polyglyceryl-3 polyricinoleate, isononyl isononanoate, acacia decurrens (mimosa) flower wax, polyglycerin-3, potassium sorbate, tocopheryl acetate, *vanilla planifolia fruit extract, polyglyceryl-3 diisostearate, *simmondsia chinensis (jojoba) seed oil, tocopherol (non-gmo), *calendula officinalis (marigold) flower, *equisetum arvense (horsetail) leaf extract, *hypericum perforatum (st. john’s wort) flower extract, *curcuma longa (turmeric) root, *hemidesmus indicus (country sarsaparilla) root extract, *withania somnifera (ashwagandha) root extract, terminalia ferdinandiana (kakadu plum) fruit extract, *glycyrrhiza glabra (licorice) root extract, *olea europaea (olive) leaf extract, titanium dioxide (ci 77891), blue 1 lake (ci 42090), red 28 lake (ci 45410), red 7 (ci 15850).

* certified organic/certifié biologique

mae : *prunus cerasus (bitter cherry) fruit water, jojoba esters, helianthus annuus (sunflower) seed wax, water/aqua/eau, *alcohol denat., squalane (vegetable), glycerin, helianthus annuus (sunflower) seed oil unsaponifiables, silica, polyglyceryl-4 caprate, polyglyceryl-3 polyricinoleate, isononyl isononanoate, acacia decurrens flower wax, polyglycerin-3, potassium sorbate, tocopheryl acetate, *vanilla planifolia fruit extract, polyglyceryl-3 diisostearate, *simmondsia chinensis (jojoba) seed oil, tocopherol (non-gmo), *calendula officinalis (marigold) flower, *equisetum arvense (horsetail) leaf extract, *hypericum perforatum (st. john’s wort) flower/leaf/stem extract, *curcuma longa (turmeric) root, *hemidesmus indicus (country sarsaparilla) root extract, *withania somnifera (ashwagandha) root extract, terminalia ferdinandiana (kakadu plum) fruit extract, *glycyrrhiza glabra (licorice) root, *olea europaea (olive) leaf, titanium dioxide (ci 77891), yellow 5 lake (ci 19140), red 7 (ci 15850), iron oxides (ci 77491, ci 77499).

*certified organic/certifié biologique

naomi : *prunus cerasus (bitter cherry) fruit water, jojoba esters, helianthus annuus (sunflower) seed wax, water/aqua/eau, *alcohol denat., squalane (vegetable), glycerin, helianthus annuus (sunflower) seed oil unsaponifiables, silica, polyglyceryl-4 caprate, polyglyceryl-3 polyricinoleate, isononyl isononanoate, acacia decurrens flower wax, polyglycerin-3, potassium sorbate, tocopheryl acetate, *vanilla planifolia fruit extract, polyglyceryl-3 diisostearate, *simmondsia chinensis (jojoba) seed oil, tocopherol (non-gmo), *calendula officinalis (marigold) flower, *equisetum arvense (horsetail) leaf extract, *hypericum perforatum (st. john’s wort) flower/leaf/stem extract, *curcuma longa (turmeric) root, *hemidesmus indicus (country sarsaparilla) root extract, *withania somnifera (ashwagandha) root extract, terminalia ferdinandiana (kakadu plum) fruit extract, *glycyrrhiza glabra (licorice) root, *olea europaea (olive) leaf, titanium dioxide (ci 77891), red 7 (ci 15850), iron oxides (ci 77491, ci 77499).

*certified organic/certifié biologique

mélanie *prunus cerasus (bitter cherry) fruit water, jojoba esters, helianthus annuus (sunflower) seed wax, water/aqua/eau, *alcohol denat., squalane (vegetable), glycerin, helianthus annuus (sunflower) seed oil unsaponifiables, silica, polyglyceryl-4 caprate, polyglyceryl-3 polyricinoleate, isononyl isononanoate, acacia decurrens (mimosa) flower wax, polyglycerin-3, potassium sorbate, tocopheryl acetate, *vanilla planifolia fruit extract, polyglyceryl-3 diisostearate, *simmondsia chinensis (jojoba) seed oil, tocopherol (non-gmo), *calendula officinalis (marigold) flower, *equisetum arvense (horsetail) leaf extract, *hypericum perforatum (st. john’s wort) flower extract, *curcuma longa (turmeric) root, *hemidesmus indicus (country sarsaparilla) root extract, *withania somnifera (ashwagandha) root extract, terminalia ferdinandiana (kakadu plum) fruit extract, *glycyrrhiza glabra (licorice) root extract, *olea europaea (olive) leaf extract, titanium dioxide (ci 77891), iron oxides (ci 77491, ci 77499), red 28 lake (ci 45410).

* certified organic/certifié biologique

ruby moon *prunus cerasus (bitter cherry) fruit water, jojoba esters, helianthus annuus (sunflower) seed wax, water/aqua/eau, *alcohol denat., squalane (vegetable), glycerin, helianthus annuus (sunflower) seed oil unsaponifiables, silica, polyglyceryl-4 caprate, polyglyceryl-3 polyricinoleate, isononyl isononanoate, acacia decurrens (mimosa) flower wax, polyglycerin-3, potassium sorbate, tocopheryl acetate, *vanilla planifolia fruit extract, polyglyceryl-3 diisostearate, *simmondsia chinensis (jojoba) seed oil, tocopherol (non-gmo), *calendula officinalis (marigold) flower, *equisetum arvense (horsetail) leaf extract, *hypericum perforatum (st. john’s wort) flower extract, *curcuma longa (turmeric) root, *hemidesmus indicus (country sarsaparilla) root extract, *withania somnifera (ashwagandha) root extract, terminalia ferdinandiana (kakadu plum) fruit extract, *glycyrrhiza glabra (licorice) root extract, *olea europaea (olive) leaf extract, red 28 lake (ci 45410), yellow 5 (ci 19140), red 6 (ci 15850).

* certified organic/certifié biologique

eve *prunus cerasus (bitter cherry) fruit water, jojoba esters, helianthus annuus (sunflower) seed wax, water/aqua/eau, *alcohol denat., squalane (vegetable), glycerin, helianthus annuus (sunflower) seed oil unsaponifiables, silica, polyglyceryl-4 caprate, polyglyceryl-3 polyricinoleate, isononyl isononanoate, acacia decurrens flower wax, polyglycerin-3, potassium sorbate, tocopheryl acetate, *vanilla planifolia fruit extract, polyglyceryl-3 diisostearate, *simmondsia chinensis (jojoba) seed oil, tocopherol (non-gmo), *calendula officinalis (marigold) flower, *equisetum arvense (horsetail) leaf extract, *hypericum perforatum (st. john’s wort) flower/leaf/stem extract, *curcuma longa (turmeric) root, *hemidesmus indicus (country sarsaparilla) root extract, *withania somnifera (ashwagandha) root extract, terminalia ferdinandiana (kakadu plum) fruit extract, *glycyrrhiza glabra (licorice) root, *olea europaea (olive) leaf, titanium dioxide (ci 77891), yellow 5 lake (ci 19140), red 7 (ci 15850), iron oxides (ci 77499).

* certified organic/certifié biologique

cette liste d'ingrédients peut faire l'objet de modifications, veuillez consulter l'emballage du produit acheté.

this list of ingredients is subject to change; please refer to the packaging of the purchased product.",'4.5,44
Make Up,Lips,'15172259709308,'55098592035196,RMS Beauty,Legendary Serum Lipstick,https://ohmycream.co.uk/collections/make-up-lips/products/rms-beauty-legendary-serum-lipstick?variant=55098592035196,https://cdn.shopify.com/s/files/1/0555/4071/1596/files/Legendary_Serum_Lipstick_Monica_RMS.jpg?v=1744721823,"Complete list of ingredients



audrey: *prunus cerasus (bitter cherry) fruit water, jojoba esters, helianthus annuus (sunflower) seed wax, water/aqua/eau, *alcohol denat., squalane (vegetable), glycerin, helianthus annuus (sunflower) seed oil unsaponifiables, silica, polyglyceryl-4 caprate, polyglyceryl-3 polyricinoleate, isononyl isononanoate, acacia decurrens (mimosa) flower wax, polyglycerin-3, potassium sorbate, tocopheryl acetate, *vanilla planifolia fruit extract, polyglyceryl-3 diisostearate, *simmondsia chinensis (jojoba) seed oil, tocopherol (non-gmo), *calendula officinalis (marigold) flower, *equisetum arvense (horsetail) leaf extract, *hypericum perforatum (st. john’s wort) flower extract, *curcuma longa (turmeric) root, *hemidesmus indicus (country sarsaparilla) root extract, *withania somnifera (ashwagandha) root extract, terminalia ferdinandiana (kakadu plum) fruit extract, *glycyrrhiza glabra (licorice) root extract, *olea europaea (olive) leaf extract, red 28 lake (ci 45410), iron oxides (ci 77491, ci 77492, ci 77499).

* certified organic/certifié biologique

monica : *prunus cerasus (bitter cherry) fruit water, jojoba esters, helianthus annuus (sunflower) seed wax, water/aqua/eau, *alcohol denat., squalane (vegetable), glycerin, helianthus annuus (sunflower) seed oil unsaponifiables, silica, polyglyceryl-4 caprate, polyglyceryl-3 polyricinoleate, isononyl isononanoate, acacia decurrens (mimosa) flower wax, polyglycerin-3, potassium sorbate, tocopheryl acetate, *vanilla planifolia fruit extract, polyglyceryl-3 diisostearate, *simmondsia chinensis (jojoba) seed oil, tocopherol (non-gmo), *calendula officinalis (marigold) flower, *equisetum arvense (horsetail) leaf extract, *hypericum perforatum (st. john’s wort) flower extract, *curcuma longa (turmeric) root, *hemidesmus indicus (country sarsaparilla) root extract, *withania somnifera (ashwagandha) root extract, terminalia ferdinandiana (kakadu plum) fruit extract, *glycyrrhiza glabra (licorice) root extract, *olea europaea (olive) leaf extract, titanium dioxide (ci 77891), blue 1 lake (ci 42090), red 28 lake (ci 45410), red 7 (ci 15850), iron oxides (ci 77491, ci 77499).

* certified organic/certifié biologique

mickey : *prunus cerasus (bitter cherry) fruit water, jojoba esters, helianthus annuus (sunflower) seed wax, water/aqua/eau, *alcohol denat., squalane (vegetable), glycerin, helianthus annuus (sunflower) seed oil unsaponifiables, silica, polyglyceryl-4 caprate, polyglyceryl-3 polyricinoleate, isononyl isononanoate, acacia decurrens (mimosa) flower wax, polyglycerin-3, potassium sorbate, tocopheryl acetate, *vanilla planifolia fruit extract, polyglyceryl-3 diisostearate, *simmondsia chinensis (jojoba) seed oil, tocopherol (non-gmo), *calendula officinalis (marigold) flower, *equisetum arvense (horsetail) leaf extract, *hypericum perforatum (st. john’s wort) flower extract, *curcuma longa (turmeric) root, *hemidesmus indicus (country sarsaparilla) root extract, *withania somnifera (ashwagandha) root extract, terminalia ferdinandiana (kakadu plum) fruit extract, *glycyrrhiza glabra (licorice) root extract, *olea europaea (olive) leaf extract, titanium dioxide (ci 77891), blue 1 lake (ci 42090), red 28 lake (ci 45410), iron oxides (ci 77491, ci 77499), yellow 5 (ci 19140).

* certified organic/certifié biologique

linda : *prunus cerasus (bitter cherry) fruit water, jojoba esters, helianthus annuus (sunflower) seed wax, water/aqua/eau, *alcohol denat., squalane (vegetable), glycerin, helianthus annuus (sunflower) seed oil unsaponifiables, silica, polyglyceryl-4 caprate, polyglyceryl-3 polyricinoleate, isononyl isononanoate, acacia decurrens (mimosa) flower wax, polyglycerin-3, potassium sorbate, tocopheryl acetate, *vanilla planifolia fruit extract, polyglyceryl-3 diisostearate, *simmondsia chinensis (jojoba) seed oil, tocopherol (non-gmo), *calendula officinalis (marigold) flower, *equisetum arvense (horsetail) leaf extract, *hypericum perforatum (st. john’s wort) flower extract, *curcuma longa (turmeric) root, *hemidesmus indicus (country sarsaparilla) root extract, *withania somnifera (ashwagandha) root extract, terminalia ferdinandiana (kakadu plum) fruit extract, *glycyrrhiza glabra (licorice) root extract, *olea europaea (olive) leaf extract, titanium dioxide (ci 77891), blue 1 lake (ci 42090), red 28 lake (ci 45410), red 7 (ci 15850).

* certified organic/certifié biologique

mae : *prunus cerasus (bitter cherry) fruit water, jojoba esters, helianthus annuus (sunflower) seed wax, water/aqua/eau, *alcohol denat., squalane (vegetable), glycerin, helianthus annuus (sunflower) seed oil unsaponifiables, silica, polyglyceryl-4 caprate, polyglyceryl-3 polyricinoleate, isononyl isononanoate, acacia decurrens flower wax, polyglycerin-3, potassium sorbate, tocopheryl acetate, *vanilla planifolia fruit extract, polyglyceryl-3 diisostearate, *simmondsia chinensis (jojoba) seed oil, tocopherol (non-gmo), *calendula officinalis (marigold) flower, *equisetum arvense (horsetail) leaf extract, *hypericum perforatum (st. john’s wort) flower/leaf/stem extract, *curcuma longa (turmeric) root, *hemidesmus indicus (country sarsaparilla) root extract, *withania somnifera (ashwagandha) root extract, terminalia ferdinandiana (kakadu plum) fruit extract, *glycyrrhiza glabra (licorice) root, *olea europaea (olive) leaf, titanium dioxide (ci 77891), yellow 5 lake (ci 19140), red 7 (ci 15850), iron oxides (ci 77491, ci 77499).

*certified organic/certifié biologique

naomi : *prunus cerasus (bitter cherry) fruit water, jojoba esters, helianthus annuus (sunflower) seed wax, water/aqua/eau, *alcohol denat., squalane (vegetable), glycerin, helianthus annuus (sunflower) seed oil unsaponifiables, silica, polyglyceryl-4 caprate, polyglyceryl-3 polyricinoleate, isononyl isononanoate, acacia decurrens flower wax, polyglycerin-3, potassium sorbate, tocopheryl acetate, *vanilla planifolia fruit extract, polyglyceryl-3 diisostearate, *simmondsia chinensis (jojoba) seed oil, tocopherol (non-gmo), *calendula officinalis (marigold) flower, *equisetum arvense (horsetail) leaf extract, *hypericum perforatum (st. john’s wort) flower/leaf/stem extract, *curcuma longa (turmeric) root, *hemidesmus indicus (country sarsaparilla) root extract, *withania somnifera (ashwagandha) root extract, terminalia ferdinandiana (kakadu plum) fruit extract, *glycyrrhiza glabra (licorice) root, *olea europaea (olive) leaf, titanium dioxide (ci 77891), red 7 (ci 15850), iron oxides (ci 77491, ci 77499).

*certified organic/certifié biologique

mélanie *prunus cerasus (bitter cherry) fruit water, jojoba esters, helianthus annuus (sunflower) seed wax, water/aqua/eau, *alcohol denat., squalane (vegetable), glycerin, helianthus annuus (sunflower) seed oil unsaponifiables, silica, polyglyceryl-4 caprate, polyglyceryl-3 polyricinoleate, isononyl isononanoate, acacia decurrens (mimosa) flower wax, polyglycerin-3, potassium sorbate, tocopheryl acetate, *vanilla planifolia fruit extract, polyglyceryl-3 diisostearate, *simmondsia chinensis (jojoba) seed oil, tocopherol (non-gmo), *calendula officinalis (marigold) flower, *equisetum arvense (horsetail) leaf extract, *hypericum perforatum (st. john’s wort) flower extract, *curcuma longa (turmeric) root, *hemidesmus indicus (country sarsaparilla) root extract, *withania somnifera (ashwagandha) root extract, terminalia ferdinandiana (kakadu plum) fruit extract, *glycyrrhiza glabra (licorice) root extract, *olea europaea (olive) leaf extract, titanium dioxide (ci 77891), iron oxides (ci 77491, ci 77499), red 28 lake (ci 45410).

* certified organic/certifié biologique

ruby moon *prunus cerasus (bitter cherry) fruit water, jojoba esters, helianthus annuus (sunflower) seed wax, water/aqua/eau, *alcohol denat., squalane (vegetable), glycerin, helianthus annuus (sunflower) seed oil unsaponifiables, silica, polyglyceryl-4 caprate, polyglyceryl-3 polyricinoleate, isononyl isononanoate, acacia decurrens (mimosa) flower wax, polyglycerin-3, potassium sorbate, tocopheryl acetate, *vanilla planifolia fruit extract, polyglyceryl-3 diisostearate, *simmondsia chinensis (jojoba) seed oil, tocopherol (non-gmo), *calendula officinalis (marigold) flower, *equisetum arvense (horsetail) leaf extract, *hypericum perforatum (st. john’s wort) flower extract, *curcuma longa (turmeric) root, *hemidesmus indicus (country sarsaparilla) root extract, *withania somnifera (ashwagandha) root extract, terminalia ferdinandiana (kakadu plum) fruit extract, *glycyrrhiza glabra (licorice) root extract, *olea europaea (olive) leaf extract, red 28 lake (ci 45410), yellow 5 (ci 19140), red 6 (ci 15850).

* certified organic/certifié biologique

eve *prunus cerasus (bitter cherry) fruit water, jojoba esters, helianthus annuus (sunflower) seed wax, water/aqua/eau, *alcohol denat., squalane (vegetable), glycerin, helianthus annuus (sunflower) seed oil unsaponifiables, silica, polyglyceryl-4 caprate, polyglyceryl-3 polyricinoleate, isononyl isononanoate, acacia decurrens flower wax, polyglycerin-3, potassium sorbate, tocopheryl acetate, *vanilla planifolia fruit extract, polyglyceryl-3 diisostearate, *simmondsia chinensis (jojoba) seed oil, tocopherol (non-gmo), *calendula officinalis (marigold) flower, *equisetum arvense (horsetail) leaf extract, *hypericum perforatum (st. john’s wort) flower/leaf/stem extract, *curcuma longa (turmeric) root, *hemidesmus indicus (country sarsaparilla) root extract, *withania somnifera (ashwagandha) root extract, terminalia ferdinandiana (kakadu plum) fruit extract, *glycyrrhiza glabra (licorice) root, *olea europaea (olive) leaf, titanium dioxide (ci 77891), yellow 5 lake (ci 19140), red 7 (ci 15850), iron oxides (ci 77499).

* certified organic/certifié biologique

cette liste d'ingrédients peut faire l'objet de modifications, veuillez consulter l'emballage du produit acheté.

this list of ingredients is subject to change; please refer to the packaging of the purchased product.",'4.5,44
Make Up,Lips,'15172259709308,'55098592067964,RMS Beauty,Legendary Serum Lipstick,https://ohmycream.co.uk/collections/make-up-lips/products/rms-beauty-legendary-serum-lipstick?variant=55098592067964,https://cdn.shopify.com/s/files/1/0555/4071/1596/files/Legendary_Serum_Lipstick_Mickey_RMS.jpg?v=1744721917,"Complete list of ingredients



audrey: *prunus cerasus (bitter cherry) fruit water, jojoba esters, helianthus annuus (sunflower) seed wax, water/aqua/eau, *alcohol denat., squalane (vegetable), glycerin, helianthus annuus (sunflower) seed oil unsaponifiables, silica, polyglyceryl-4 caprate, polyglyceryl-3 polyricinoleate, isononyl isononanoate, acacia decurrens (mimosa) flower wax, polyglycerin-3, potassium sorbate, tocopheryl acetate, *vanilla planifolia fruit extract, polyglyceryl-3 diisostearate, *simmondsia chinensis (jojoba) seed oil, tocopherol (non-gmo), *calendula officinalis (marigold) flower, *equisetum arvense (horsetail) leaf extract, *hypericum perforatum (st. john’s wort) flower extract, *curcuma longa (turmeric) root, *hemidesmus indicus (country sarsaparilla) root extract, *withania somnifera (ashwagandha) root extract, terminalia ferdinandiana (kakadu plum) fruit extract, *glycyrrhiza glabra (licorice) root extract, *olea europaea (olive) leaf extract, red 28 lake (ci 45410), iron oxides (ci 77491, ci 77492, ci 77499).

* certified organic/certifié biologique

monica : *prunus cerasus (bitter cherry) fruit water, jojoba esters, helianthus annuus (sunflower) seed wax, water/aqua/eau, *alcohol denat., squalane (vegetable), glycerin, helianthus annuus (sunflower) seed oil unsaponifiables, silica, polyglyceryl-4 caprate, polyglyceryl-3 polyricinoleate, isononyl isononanoate, acacia decurrens (mimosa) flower wax, polyglycerin-3, potassium sorbate, tocopheryl acetate, *vanilla planifolia fruit extract, polyglyceryl-3 diisostearate, *simmondsia chinensis (jojoba) seed oil, tocopherol (non-gmo), *calendula officinalis (marigold) flower, *equisetum arvense (horsetail) leaf extract, *hypericum perforatum (st. john’s wort) flower extract, *curcuma longa (turmeric) root, *hemidesmus indicus (country sarsaparilla) root extract, *withania somnifera (ashwagandha) root extract, terminalia ferdinandiana (kakadu plum) fruit extract, *glycyrrhiza glabra (licorice) root extract, *olea europaea (olive) leaf extract, titanium dioxide (ci 77891), blue 1 lake (ci 42090), red 28 lake (ci 45410), red 7 (ci 15850), iron oxides (ci 77491, ci 77499).

* certified organic/certifié biologique

mickey : *prunus cerasus (bitter cherry) fruit water, jojoba esters, helianthus annuus (sunflower) seed wax, water/aqua/eau, *alcohol denat., squalane (vegetable), glycerin, helianthus annuus (sunflower) seed oil unsaponifiables, silica, polyglyceryl-4 caprate, polyglyceryl-3 polyricinoleate, isononyl isononanoate, acacia decurrens (mimosa) flower wax, polyglycerin-3, potassium sorbate, tocopheryl acetate, *vanilla planifolia fruit extract, polyglyceryl-3 diisostearate, *simmondsia chinensis (jojoba) seed oil, tocopherol (non-gmo), *calendula officinalis (marigold) flower, *equisetum arvense (horsetail) leaf extract, *hypericum perforatum (st. john’s wort) flower extract, *curcuma longa (turmeric) root, *hemidesmus indicus (country sarsaparilla) root extract, *withania somnifera (ashwagandha) root extract, terminalia ferdinandiana (kakadu plum) fruit extract, *glycyrrhiza glabra (licorice) root extract, *olea europaea (olive) leaf extract, titanium dioxide (ci 77891), blue 1 lake (ci 42090), red 28 lake (ci 45410), iron oxides (ci 77491, ci 77499), yellow 5 (ci 19140).

* certified organic/certifié biologique

linda : *prunus cerasus (bitter cherry) fruit water, jojoba esters, helianthus annuus (sunflower) seed wax, water/aqua/eau, *alcohol denat., squalane (vegetable), glycerin, helianthus annuus (sunflower) seed oil unsaponifiables, silica, polyglyceryl-4 caprate, polyglyceryl-3 polyricinoleate, isononyl isononanoate, acacia decurrens (mimosa) flower wax, polyglycerin-3, potassium sorbate, tocopheryl acetate, *vanilla planifolia fruit extract, polyglyceryl-3 diisostearate, *simmondsia chinensis (jojoba) seed oil, tocopherol (non-gmo), *calendula officinalis (marigold) flower, *equisetum arvense (horsetail) leaf extract, *hypericum perforatum (st. john’s wort) flower extract, *curcuma longa (turmeric) root, *hemidesmus indicus (country sarsaparilla) root extract, *withania somnifera (ashwagandha) root extract, terminalia ferdinandiana (kakadu plum) fruit extract, *glycyrrhiza glabra (licorice) root extract, *olea europaea (olive) leaf extract, titanium dioxide (ci 77891), blue 1 lake (ci 42090), red 28 lake (ci 45410), red 7 (ci 15850).

* certified organic/certifié biologique

mae : *prunus cerasus (bitter cherry) fruit water, jojoba esters, helianthus annuus (sunflower) seed wax, water/aqua/eau, *alcohol denat., squalane (vegetable), glycerin, helianthus annuus (sunflower) seed oil unsaponifiables, silica, polyglyceryl-4 caprate, polyglyceryl-3 polyricinoleate, isononyl isononanoate, acacia decurrens flower wax, polyglycerin-3, potassium sorbate, tocopheryl acetate, *vanilla planifolia fruit extract, polyglyceryl-3 diisostearate, *simmondsia chinensis (jojoba) seed oil, tocopherol (non-gmo), *calendula officinalis (marigold) flower, *equisetum arvense (horsetail) leaf extract, *hypericum perforatum (st. john’s wort) flower/leaf/stem extract, *curcuma longa (turmeric) root, *hemidesmus indicus (country sarsaparilla) root extract, *withania somnifera (ashwagandha) root extract, terminalia ferdinandiana (kakadu plum) fruit extract, *glycyrrhiza glabra (licorice) root, *olea europaea (olive) leaf, titanium dioxide (ci 77891), yellow 5 lake (ci 19140), red 7 (ci 15850), iron oxides (ci 77491, ci 77499).

*certified organic/certifié biologique

naomi : *prunus cerasus (bitter cherry) fruit water, jojoba esters, helianthus annuus (sunflower) seed wax, water/aqua/eau, *alcohol denat., squalane (vegetable), glycerin, helianthus annuus (sunflower) seed oil unsaponifiables, silica, polyglyceryl-4 caprate, polyglyceryl-3 polyricinoleate, isononyl isononanoate, acacia decurrens flower wax, polyglycerin-3, potassium sorbate, tocopheryl acetate, *vanilla planifolia fruit extract, polyglyceryl-3 diisostearate, *simmondsia chinensis (jojoba) seed oil, tocopherol (non-gmo), *calendula officinalis (marigold) flower, *equisetum arvense (horsetail) leaf extract, *hypericum perforatum (st. john’s wort) flower/leaf/stem extract, *curcuma longa (turmeric) root, *hemidesmus indicus (country sarsaparilla) root extract, *withania somnifera (ashwagandha) root extract, terminalia ferdinandiana (kakadu plum) fruit extract, *glycyrrhiza glabra (licorice) root, *olea europaea (olive) leaf, titanium dioxide (ci 77891), red 7 (ci 15850), iron oxides (ci 77491, ci 77499).

*certified organic/certifié biologique

mélanie *prunus cerasus (bitter cherry) fruit water, jojoba esters, helianthus annuus (sunflower) seed wax, water/aqua/eau, *alcohol denat., squalane (vegetable), glycerin, helianthus annuus (sunflower) seed oil unsaponifiables, silica, polyglyceryl-4 caprate, polyglyceryl-3 polyricinoleate, isononyl isononanoate, acacia decurrens (mimosa) flower wax, polyglycerin-3, potassium sorbate, tocopheryl acetate, *vanilla planifolia fruit extract, polyglyceryl-3 diisostearate, *simmondsia chinensis (jojoba) seed oil, tocopherol (non-gmo), *calendula officinalis (marigold) flower, *equisetum arvense (horsetail) leaf extract, *hypericum perforatum (st. john’s wort) flower extract, *curcuma longa (turmeric) root, *hemidesmus indicus (country sarsaparilla) root extract, *withania somnifera (ashwagandha) root extract, terminalia ferdinandiana (kakadu plum) fruit extract, *glycyrrhiza glabra (licorice) root extract, *olea europaea (olive) leaf extract, titanium dioxide (ci 77891), iron oxides (ci 77491, ci 77499), red 28 lake (ci 45410).

* certified organic/certifié biologique

ruby moon *prunus cerasus (bitter cherry) fruit water, jojoba esters, helianthus annuus (sunflower) seed wax, water/aqua/eau, *alcohol denat., squalane (vegetable), glycerin, helianthus annuus (sunflower) seed oil unsaponifiables, silica, polyglyceryl-4 caprate, polyglyceryl-3 polyricinoleate, isononyl isononanoate, acacia decurrens (mimosa) flower wax, polyglycerin-3, potassium sorbate, tocopheryl acetate, *vanilla planifolia fruit extract, polyglyceryl-3 diisostearate, *simmondsia chinensis (jojoba) seed oil, tocopherol (non-gmo), *calendula officinalis (marigold) flower, *equisetum arvense (horsetail) leaf extract, *hypericum perforatum (st. john’s wort) flower extract, *curcuma longa (turmeric) root, *hemidesmus indicus (country sarsaparilla) root extract, *withania somnifera (ashwagandha) root extract, terminalia ferdinandiana (kakadu plum) fruit extract, *glycyrrhiza glabra (licorice) root extract, *olea europaea (olive) leaf extract, red 28 lake (ci 45410), yellow 5 (ci 19140), red 6 (ci 15850).

* certified organic/certifié biologique

eve *prunus cerasus (bitter cherry) fruit water, jojoba esters, helianthus annuus (sunflower) seed wax, water/aqua/eau, *alcohol denat., squalane (vegetable), glycerin, helianthus annuus (sunflower) seed oil unsaponifiables, silica, polyglyceryl-4 caprate, polyglyceryl-3 polyricinoleate, isononyl isononanoate, acacia decurrens flower wax, polyglycerin-3, potassium sorbate, tocopheryl acetate, *vanilla planifolia fruit extract, polyglyceryl-3 diisostearate, *simmondsia chinensis (jojoba) seed oil, tocopherol (non-gmo), *calendula officinalis (marigold) flower, *equisetum arvense (horsetail) leaf extract, *hypericum perforatum (st. john’s wort) flower/leaf/stem extract, *curcuma longa (turmeric) root, *hemidesmus indicus (country sarsaparilla) root extract, *withania somnifera (ashwagandha) root extract, terminalia ferdinandiana (kakadu plum) fruit extract, *glycyrrhiza glabra (licorice) root, *olea europaea (olive) leaf, titanium dioxide (ci 77891), yellow 5 lake (ci 19140), red 7 (ci 15850), iron oxides (ci 77499).

* certified organic/certifié biologique

cette liste d'ingrédients peut faire l'objet de modifications, veuillez consulter l'emballage du produit acheté.

this list of ingredients is subject to change; please refer to the packaging of the purchased product.",'4.5,44
Make Up,Lips,'15172259709308,'55098592100732,RMS Beauty,Legendary Serum Lipstick,https://ohmycream.co.uk/collections/make-up-lips/products/rms-beauty-legendary-serum-lipstick?variant=55098592100732,https://cdn.shopify.com/s/files/1/0555/4071/1596/files/Legendary_Serum_Lipstick_Linda_RMS.jpg?v=1744722061,"Complete list of ingredients



audrey: *prunus cerasus (bitter cherry) fruit water, jojoba esters, helianthus annuus (sunflower) seed wax, water/aqua/eau, *alcohol denat., squalane (vegetable), glycerin, helianthus annuus (sunflower) seed oil unsaponifiables, silica, polyglyceryl-4 caprate, polyglyceryl-3 polyricinoleate, isononyl isononanoate, acacia decurrens (mimosa) flower wax, polyglycerin-3, potassium sorbate, tocopheryl acetate, *vanilla planifolia fruit extract, polyglyceryl-3 diisostearate, *simmondsia chinensis (jojoba) seed oil, tocopherol (non-gmo), *calendula officinalis (marigold) flower, *equisetum arvense (horsetail) leaf extract, *hypericum perforatum (st. john’s wort) flower extract, *curcuma longa (turmeric) root, *hemidesmus indicus (country sarsaparilla) root extract, *withania somnifera (ashwagandha) root extract, terminalia ferdinandiana (kakadu plum) fruit extract, *glycyrrhiza glabra (licorice) root extract, *olea europaea (olive) leaf extract, red 28 lake (ci 45410), iron oxides (ci 77491, ci 77492, ci 77499).

* certified organic/certifié biologique

monica : *prunus cerasus (bitter cherry) fruit water, jojoba esters, helianthus annuus (sunflower) seed wax, water/aqua/eau, *alcohol denat., squalane (vegetable), glycerin, helianthus annuus (sunflower) seed oil unsaponifiables, silica, polyglyceryl-4 caprate, polyglyceryl-3 polyricinoleate, isononyl isononanoate, acacia decurrens (mimosa) flower wax, polyglycerin-3, potassium sorbate, tocopheryl acetate, *vanilla planifolia fruit extract, polyglyceryl-3 diisostearate, *simmondsia chinensis (jojoba) seed oil, tocopherol (non-gmo), *calendula officinalis (marigold) flower, *equisetum arvense (horsetail) leaf extract, *hypericum perforatum (st. john’s wort) flower extract, *curcuma longa (turmeric) root, *hemidesmus indicus (country sarsaparilla) root extract, *withania somnifera (ashwagandha) root extract, terminalia ferdinandiana (kakadu plum) fruit extract, *glycyrrhiza glabra (licorice) root extract, *olea europaea (olive) leaf extract, titanium dioxide (ci 77891), blue 1 lake (ci 42090), red 28 lake (ci 45410), red 7 (ci 15850), iron oxides (ci 77491, ci 77499).

* certified organic/certifié biologique

mickey : *prunus cerasus (bitter cherry) fruit water, jojoba esters, helianthus annuus (sunflower) seed wax, water/aqua/eau, *alcohol denat., squalane (vegetable), glycerin, helianthus annuus (sunflower) seed oil unsaponifiables, silica, polyglyceryl-4 caprate, polyglyceryl-3 polyricinoleate, isononyl isononanoate, acacia decurrens (mimosa) flower wax, polyglycerin-3, potassium sorbate, tocopheryl acetate, *vanilla planifolia fruit extract, polyglyceryl-3 diisostearate, *simmondsia chinensis (jojoba) seed oil, tocopherol (non-gmo), *calendula officinalis (marigold) flower, *equisetum arvense (horsetail) leaf extract, *hypericum perforatum (st. john’s wort) flower extract, *curcuma longa (turmeric) root, *hemidesmus indicus (country sarsaparilla) root extract, *withania somnifera (ashwagandha) root extract, terminalia ferdinandiana (kakadu plum) fruit extract, *glycyrrhiza glabra (licorice) root extract, *olea europaea (olive) leaf extract, titanium dioxide (ci 77891), blue 1 lake (ci 42090), red 28 lake (ci 45410), iron oxides (ci 77491, ci 77499), yellow 5 (ci 19140).

* certified organic/certifié biologique

linda : *prunus cerasus (bitter cherry) fruit water, jojoba esters, helianthus annuus (sunflower) seed wax, water/aqua/eau, *alcohol denat., squalane (vegetable), glycerin, helianthus annuus (sunflower) seed oil unsaponifiables, silica, polyglyceryl-4 caprate, polyglyceryl-3 polyricinoleate, isononyl isononanoate, acacia decurrens (mimosa) flower wax, polyglycerin-3, potassium sorbate, tocopheryl acetate, *vanilla planifolia fruit extract, polyglyceryl-3 diisostearate, *simmondsia chinensis (jojoba) seed oil, tocopherol (non-gmo), *calendula officinalis (marigold) flower, *equisetum arvense (horsetail) leaf extract, *hypericum perforatum (st. john’s wort) flower extract, *curcuma longa (turmeric) root, *hemidesmus indicus (country sarsaparilla) root extract, *withania somnifera (ashwagandha) root extract, terminalia ferdinandiana (kakadu plum) fruit extract, *glycyrrhiza glabra (licorice) root extract, *olea europaea (olive) leaf extract, titanium dioxide (ci 77891), blue 1 lake (ci 42090), red 28 lake (ci 45410), red 7 (ci 15850).

* certified organic/certifié biologique

mae : *prunus cerasus (bitter cherry) fruit water, jojoba esters, helianthus annuus (sunflower) seed wax, water/aqua/eau, *alcohol denat., squalane (vegetable), glycerin, helianthus annuus (sunflower) seed oil unsaponifiables, silica, polyglyceryl-4 caprate, polyglyceryl-3 polyricinoleate, isononyl isononanoate, acacia decurrens flower wax, polyglycerin-3, potassium sorbate, tocopheryl acetate, *vanilla planifolia fruit extract, polyglyceryl-3 diisostearate, *simmondsia chinensis (jojoba) seed oil, tocopherol (non-gmo), *calendula officinalis (marigold) flower, *equisetum arvense (horsetail) leaf extract, *hypericum perforatum (st. john’s wort) flower/leaf/stem extract, *curcuma longa (turmeric) root, *hemidesmus indicus (country sarsaparilla) root extract, *withania somnifera (ashwagandha) root extract, terminalia ferdinandiana (kakadu plum) fruit extract, *glycyrrhiza glabra (licorice) root, *olea europaea (olive) leaf, titanium dioxide (ci 77891), yellow 5 lake (ci 19140), red 7 (ci 15850), iron oxides (ci 77491, ci 77499).

*certified organic/certifié biologique

naomi : *prunus cerasus (bitter cherry) fruit water, jojoba esters, helianthus annuus (sunflower) seed wax, water/aqua/eau, *alcohol denat., squalane (vegetable), glycerin, helianthus annuus (sunflower) seed oil unsaponifiables, silica, polyglyceryl-4 caprate, polyglyceryl-3 polyricinoleate, isononyl isononanoate, acacia decurrens flower wax, polyglycerin-3, potassium sorbate, tocopheryl acetate, *vanilla planifolia fruit extract, polyglyceryl-3 diisostearate, *simmondsia chinensis (jojoba) seed oil, tocopherol (non-gmo), *calendula officinalis (marigold) flower, *equisetum arvense (horsetail) leaf extract, *hypericum perforatum (st. john’s wort) flower/leaf/stem extract, *curcuma longa (turmeric) root, *hemidesmus indicus (country sarsaparilla) root extract, *withania somnifera (ashwagandha) root extract, terminalia ferdinandiana (kakadu plum) fruit extract, *glycyrrhiza glabra (licorice) root, *olea europaea (olive) leaf, titanium dioxide (ci 77891), red 7 (ci 15850), iron oxides (ci 77491, ci 77499).

*certified organic/certifié biologique

mélanie *prunus cerasus (bitter cherry) fruit water, jojoba esters, helianthus annuus (sunflower) seed wax, water/aqua/eau, *alcohol denat., squalane (vegetable), glycerin, helianthus annuus (sunflower) seed oil unsaponifiables, silica, polyglyceryl-4 caprate, polyglyceryl-3 polyricinoleate, isononyl isononanoate, acacia decurrens (mimosa) flower wax, polyglycerin-3, potassium sorbate, tocopheryl acetate, *vanilla planifolia fruit extract, polyglyceryl-3 diisostearate, *simmondsia chinensis (jojoba) seed oil, tocopherol (non-gmo), *calendula officinalis (marigold) flower, *equisetum arvense (horsetail) leaf extract, *hypericum perforatum (st. john’s wort) flower extract, *curcuma longa (turmeric) root, *hemidesmus indicus (country sarsaparilla) root extract, *withania somnifera (ashwagandha) root extract, terminalia ferdinandiana (kakadu plum) fruit extract, *glycyrrhiza glabra (licorice) root extract, *olea europaea (olive) leaf extract, titanium dioxide (ci 77891), iron oxides (ci 77491, ci 77499), red 28 lake (ci 45410).

* certified organic/certifié biologique

ruby moon *prunus cerasus (bitter cherry) fruit water, jojoba esters, helianthus annuus (sunflower) seed wax, water/aqua/eau, *alcohol denat., squalane (vegetable), glycerin, helianthus annuus (sunflower) seed oil unsaponifiables, silica, polyglyceryl-4 caprate, polyglyceryl-3 polyricinoleate, isononyl isononanoate, acacia decurrens (mimosa) flower wax, polyglycerin-3, potassium sorbate, tocopheryl acetate, *vanilla planifolia fruit extract, polyglyceryl-3 diisostearate, *simmondsia chinensis (jojoba) seed oil, tocopherol (non-gmo), *calendula officinalis (marigold) flower, *equisetum arvense (horsetail) leaf extract, *hypericum perforatum (st. john’s wort) flower extract, *curcuma longa (turmeric) root, *hemidesmus indicus (country sarsaparilla) root extract, *withania somnifera (ashwagandha) root extract, terminalia ferdinandiana (kakadu plum) fruit extract, *glycyrrhiza glabra (licorice) root extract, *olea europaea (olive) leaf extract, red 28 lake (ci 45410), yellow 5 (ci 19140), red 6 (ci 15850).

* certified organic/certifié biologique

eve *prunus cerasus (bitter cherry) fruit water, jojoba esters, helianthus annuus (sunflower) seed wax, water/aqua/eau, *alcohol denat., squalane (vegetable), glycerin, helianthus annuus (sunflower) seed oil unsaponifiables, silica, polyglyceryl-4 caprate, polyglyceryl-3 polyricinoleate, isononyl isononanoate, acacia decurrens flower wax, polyglycerin-3, potassium sorbate, tocopheryl acetate, *vanilla planifolia fruit extract, polyglyceryl-3 diisostearate, *simmondsia chinensis (jojoba) seed oil, tocopherol (non-gmo), *calendula officinalis (marigold) flower, *equisetum arvense (horsetail) leaf extract, *hypericum perforatum (st. john’s wort) flower/leaf/stem extract, *curcuma longa (turmeric) root, *hemidesmus indicus (country sarsaparilla) root extract, *withania somnifera (ashwagandha) root extract, terminalia ferdinandiana (kakadu plum) fruit extract, *glycyrrhiza glabra (licorice) root, *olea europaea (olive) leaf, titanium dioxide (ci 77891), yellow 5 lake (ci 19140), red 7 (ci 15850), iron oxides (ci 77499).

* certified organic/certifié biologique

cette liste d'ingrédients peut faire l'objet de modifications, veuillez consulter l'emballage du produit acheté.

this list of ingredients is subject to change; please refer to the packaging of the purchased product.",'4.5,44
Make Up,Lips,'14858136813948,'54822986449276,Victoria Beckham Beauty,Posh Lipstick,https://ohmycream.co.uk/collections/make-up-lips/products/victoria-beckham-beauty-posh-lipstick?variant=54822986449276,https://cdn.shopify.com/s/files/1/0555/4071/1596/files/2024_12_VictoriaBeckhamBeauty_RougealevresPoshPout_Packshot.jpg?v=1734969150,"Complete list of ingredients

pout ingredients / ingrédients : polyglyceryl-3 diisostearate, diisostearyl malate, bis-diglyceryl polyacyladipate-2, pentaerythrityl tetraisostearate, caprylic/capric triglyceride, synthetic wax, triisostearin, polybutene, euphorbia cerifera (candelilla) wax / candelilla cera / cire de candelilla, helianthus annuus (sunflower) seed wax, rosa damascena flower wax, simmondsia chinensis (jojoba) seed oil, dicalcium phosphate, rosa canina fruit oil, punica granatum flower extract, silica, tocopheryl acetate, persea gratissima (avocado) oil, cocos nucifera (coconut) oil, mica. may contain / peut contenir / (+/-) : titanium dioxide (ci 77891), iron oxides (ci 77491, ci 77492, ci 77499), yellow 5 lake (ci 19140), red 6 (ci 15850), red 7 (ci 15850), blue 1 lake (ci 42090), red 7 lake (ci 15850), yellow 10 lake (ci 47005), yellow 6 lake (ci 15985), red 28 lake (ci 45410), manganese violet (ci 77742).

sway ingredients / ingrédients : polyglyceryl-3 diisostearate, diisostearyl malate, bis-diglyceryl polyacyladipate-2, pentaerythrityl tetraisostearate, caprylic/capric triglyceride, synthetic wax, triisostearin, polybutene, euphorbia cerifera (candelilla) wax / candelilla cera / cire de candelilla, helianthus annuus (sunflower) seed wax, rosa damascena flower wax, dicalcium phosphate, simmondsia chinensis (jojoba) seed oil, rosa canina fruit oil, punica granatum flower extract, silica, tocopheryl acetate, persea gratissima (avocado) oil, cocos nucifera (coconut) oil, mica. may contain / peut contenir / (+/-) : titanium dioxide (ci 77891), iron oxides (ci 77491, ci 77492, ci 77499), yellow 5 lake (ci 19140), red 6 (ci 15850), red 7 (ci 15850), blue 1 lake (ci 42090), red 7 lake (ci 15850), yellow 10 lake (ci 47005), yellow 6 lake (ci 15985), red 28 lake (ci 45410), manganese violet (ci 77742).

pop ingredients / ingrédients : polyglyceryl-3 diisostearate, diisostearyl malate, bis-diglyceryl polyacyladipate-2, pentaerythrityl tetraisostearate, caprylic/capric triglyceride, synthetic wax, triisostearin, polybutene, euphorbia cerifera (candelilla) wax / candelilla cera / cire de candelilla, helianthus annuus (sunflower) seed wax, rosa damascena flower wax, dicalcium phosphate, simmondsia chinensis (jojoba) seed oil, rosa canina fruit oil, punica granatum flower extract, silica, tocopheryl acetate, persea gratissima (avocado) oil, cocos nucifera (coconut) oil, mica. may contain / peut contenir / (+/-) : titanium dioxide (ci 77891), iron oxides (ci 77491, ci 77492, ci 77499), yellow 5 lake (ci 19140), red 6 (ci 15850), red 7 (ci 15850), blue 1 lake (ci 42090), red 7 lake (ci 15850), yellow 10 lake (ci 47005), yellow 6 lake (ci 15985), red 28 lake (ci 45410), manganese violet (ci 77742).

spark ingredients / ingrédients : polyglyceryl-3 diisostearate, diisostearyl malate, bis-diglyceryl polyacyladipate-2, pentaerythrityl tetraisostearate, caprylic/capric triglyceride, synthetic wax, triisostearin, polybutene, euphorbia cerifera (candelilla) wax / candelilla cera / cire de candelilla, helianthus annuus (sunflower) seed wax, rosa damascena flower wax, simmondsia chinensis (jojoba) seed oil, dicalcium phosphate, rosa canina fruit oil, punica granatum flower extract, silica, tocopheryl acetate, persea gratissima (avocado) oil, cocos nucifera (coconut) oil, mica. may contain / peut contenir / (+/-) : titanium dioxide (ci 77891), iron oxides (ci 77491, ci 77492, ci 77499), yellow 5 lake (ci 19140), red 6 (ci 15850), red 7 (ci 15850), blue 1 lake (ci 42090), red 7 lake (ci 15850), yellow 10 lake (ci 47005), yellow 6 lake (ci 15985), red 28 lake (ci 45410), manganese violet (ci 77742).

twist ingredients / ingrédients : polyglyceryl-3 diisostearate, diisostearyl malate, bis-diglyceryl polyacyladipate-2, pentaerythrityl tetraisostearate, caprylic/capric triglyceride, synthetic wax, triisostearin, polybutene, euphorbia cerifera (candelilla) wax / candelilla cera / cire de candelilla, helianthus annuus (sunflower) seed wax, rosa damascena flower wax, simmondsia chinensis (jojoba) seed oil, rosa canina fruit oil, punica granatum flower extract, silica, tocopheryl acetate, persea gratissima (avocado) oil, cocos nucifera (coconut) oil, dicalcium phosphate, mica. may contain / peut contenir / (+/-) : titanium dioxide (ci 77891), iron oxides (ci 77491, ci 77492, ci 77499), yellow 5 lake (ci 19140), red 6 (ci 15850), red 7 (ci 15850), blue 1 lake (ci 42090), red 7 lake (ci 15850), yellow 10 lake (ci 47005), yellow 6 lake (ci 15985), red 28 lake (ci 45410), manganese violet (ci 77742).

jump ingredients / ingrédients : polyglyceryl-3 diisostearate, diisostearyl malate, bis-diglyceryl polyacyladipate-2, pentaerythrityl tetraisostearate, caprylic/capric triglyceride, synthetic wax, triisostearin, polybutene, euphorbia cerifera (candelilla) wax / candelilla cera / cire de candelilla, helianthus annuus (sunflower) seed wax, rosa damascena flower wax, simmondsia chinensis (jojoba) seed oil, rosa canina fruit oil, punica granatum flower extract, silica, tocopheryl acetate, persea gratissima (avocado) oil, cocos nucifera (coconut) oil, dicalcium phosphate, mica. may contain / peut contenir / (+/-) : titanium dioxide (ci 77891), iron oxides (ci 77491, ci 77492, ci 77499), yellow 5 lake (ci 19140), red 6 (ci 15850), red 7 (ci 15850), blue 1 lake (ci 42090), red 7 lake (ci 15850), yellow 10 lake (ci 47005), yellow 6 lake (ci 15985), red 28 lake (ci 45410), manganese violet (ci 77742).

",'4.2,5
Make Up,Lips,'14858136813948,'54822986580348,Victoria Beckham Beauty,Posh Lipstick,https://ohmycream.co.uk/collections/make-up-lips/products/victoria-beckham-beauty-posh-lipstick?variant=54822986580348,https://cdn.shopify.com/s/files/1/0555/4071/1596/files/2024_12_VictoriaBeckhamBeauty_RougealevresPoshTwist_Packshot.jpg?v=1734969150,"Complete list of ingredients

pout ingredients / ingrédients : polyglyceryl-3 diisostearate, diisostearyl malate, bis-diglyceryl polyacyladipate-2, pentaerythrityl tetraisostearate, caprylic/capric triglyceride, synthetic wax, triisostearin, polybutene, euphorbia cerifera (candelilla) wax / candelilla cera / cire de candelilla, helianthus annuus (sunflower) seed wax, rosa damascena flower wax, simmondsia chinensis (jojoba) seed oil, dicalcium phosphate, rosa canina fruit oil, punica granatum flower extract, silica, tocopheryl acetate, persea gratissima (avocado) oil, cocos nucifera (coconut) oil, mica. may contain / peut contenir / (+/-) : titanium dioxide (ci 77891), iron oxides (ci 77491, ci 77492, ci 77499), yellow 5 lake (ci 19140), red 6 (ci 15850), red 7 (ci 15850), blue 1 lake (ci 42090), red 7 lake (ci 15850), yellow 10 lake (ci 47005), yellow 6 lake (ci 15985), red 28 lake (ci 45410), manganese violet (ci 77742).

sway ingredients / ingrédients : polyglyceryl-3 diisostearate, diisostearyl malate, bis-diglyceryl polyacyladipate-2, pentaerythrityl tetraisostearate, caprylic/capric triglyceride, synthetic wax, triisostearin, polybutene, euphorbia cerifera (candelilla) wax / candelilla cera / cire de candelilla, helianthus annuus (sunflower) seed wax, rosa damascena flower wax, dicalcium phosphate, simmondsia chinensis (jojoba) seed oil, rosa canina fruit oil, punica granatum flower extract, silica, tocopheryl acetate, persea gratissima (avocado) oil, cocos nucifera (coconut) oil, mica. may contain / peut contenir / (+/-) : titanium dioxide (ci 77891), iron oxides (ci 77491, ci 77492, ci 77499), yellow 5 lake (ci 19140), red 6 (ci 15850), red 7 (ci 15850), blue 1 lake (ci 42090), red 7 lake (ci 15850), yellow 10 lake (ci 47005), yellow 6 lake (ci 15985), red 28 lake (ci 45410), manganese violet (ci 77742).

pop ingredients / ingrédients : polyglyceryl-3 diisostearate, diisostearyl malate, bis-diglyceryl polyacyladipate-2, pentaerythrityl tetraisostearate, caprylic/capric triglyceride, synthetic wax, triisostearin, polybutene, euphorbia cerifera (candelilla) wax / candelilla cera / cire de candelilla, helianthus annuus (sunflower) seed wax, rosa damascena flower wax, dicalcium phosphate, simmondsia chinensis (jojoba) seed oil, rosa canina fruit oil, punica granatum flower extract, silica, tocopheryl acetate, persea gratissima (avocado) oil, cocos nucifera (coconut) oil, mica. may contain / peut contenir / (+/-) : titanium dioxide (ci 77891), iron oxides (ci 77491, ci 77492, ci 77499), yellow 5 lake (ci 19140), red 6 (ci 15850), red 7 (ci 15850), blue 1 lake (ci 42090), red 7 lake (ci 15850), yellow 10 lake (ci 47005), yellow 6 lake (ci 15985), red 28 lake (ci 45410), manganese violet (ci 77742).

spark ingredients / ingrédients : polyglyceryl-3 diisostearate, diisostearyl malate, bis-diglyceryl polyacyladipate-2, pentaerythrityl tetraisostearate, caprylic/capric triglyceride, synthetic wax, triisostearin, polybutene, euphorbia cerifera (candelilla) wax / candelilla cera / cire de candelilla, helianthus annuus (sunflower) seed wax, rosa damascena flower wax, simmondsia chinensis (jojoba) seed oil, dicalcium phosphate, rosa canina fruit oil, punica granatum flower extract, silica, tocopheryl acetate, persea gratissima (avocado) oil, cocos nucifera (coconut) oil, mica. may contain / peut contenir / (+/-) : titanium dioxide (ci 77891), iron oxides (ci 77491, ci 77492, ci 77499), yellow 5 lake (ci 19140), red 6 (ci 15850), red 7 (ci 15850), blue 1 lake (ci 42090), red 7 lake (ci 15850), yellow 10 lake (ci 47005), yellow 6 lake (ci 15985), red 28 lake (ci 45410), manganese violet (ci 77742).

twist ingredients / ingrédients : polyglyceryl-3 diisostearate, diisostearyl malate, bis-diglyceryl polyacyladipate-2, pentaerythrityl tetraisostearate, caprylic/capric triglyceride, synthetic wax, triisostearin, polybutene, euphorbia cerifera (candelilla) wax / candelilla cera / cire de candelilla, helianthus annuus (sunflower) seed wax, rosa damascena flower wax, simmondsia chinensis (jojoba) seed oil, rosa canina fruit oil, punica granatum flower extract, silica, tocopheryl acetate, persea gratissima (avocado) oil, cocos nucifera (coconut) oil, dicalcium phosphate, mica. may contain / peut contenir / (+/-) : titanium dioxide (ci 77891), iron oxides (ci 77491, ci 77492, ci 77499), yellow 5 lake (ci 19140), red 6 (ci 15850), red 7 (ci 15850), blue 1 lake (ci 42090), red 7 lake (ci 15850), yellow 10 lake (ci 47005), yellow 6 lake (ci 15985), red 28 lake (ci 45410), manganese violet (ci 77742).

jump ingredients / ingrédients : polyglyceryl-3 diisostearate, diisostearyl malate, bis-diglyceryl polyacyladipate-2, pentaerythrityl tetraisostearate, caprylic/capric triglyceride, synthetic wax, triisostearin, polybutene, euphorbia cerifera (candelilla) wax / candelilla cera / cire de candelilla, helianthus annuus (sunflower) seed wax, rosa damascena flower wax, simmondsia chinensis (jojoba) seed oil, rosa canina fruit oil, punica granatum flower extract, silica, tocopheryl acetate, persea gratissima (avocado) oil, cocos nucifera (coconut) oil, dicalcium phosphate, mica. may contain / peut contenir / (+/-) : titanium dioxide (ci 77891), iron oxides (ci 77491, ci 77492, ci 77499), yellow 5 lake (ci 19140), red 6 (ci 15850), red 7 (ci 15850), blue 1 lake (ci 42090), red 7 lake (ci 15850), yellow 10 lake (ci 47005), yellow 6 lake (ci 15985), red 28 lake (ci 45410), manganese violet (ci 77742).

",'4.2,5
Make Up,Lips,'14858136813948,'54822986514812,Victoria Beckham Beauty,Posh Lipstick,https://ohmycream.co.uk/collections/make-up-lips/products/victoria-beckham-beauty-posh-lipstick?variant=54822986514812,https://cdn.shopify.com/s/files/1/0555/4071/1596/files/2024_12_VictoriaBeckhamBeauty_RougealevresPoshSpark_Packshot.jpg?v=1734969150,"Complete list of ingredients

pout ingredients / ingrédients : polyglyceryl-3 diisostearate, diisostearyl malate, bis-diglyceryl polyacyladipate-2, pentaerythrityl tetraisostearate, caprylic/capric triglyceride, synthetic wax, triisostearin, polybutene, euphorbia cerifera (candelilla) wax / candelilla cera / cire de candelilla, helianthus annuus (sunflower) seed wax, rosa damascena flower wax, simmondsia chinensis (jojoba) seed oil, dicalcium phosphate, rosa canina fruit oil, punica granatum flower extract, silica, tocopheryl acetate, persea gratissima (avocado) oil, cocos nucifera (coconut) oil, mica. may contain / peut contenir / (+/-) : titanium dioxide (ci 77891), iron oxides (ci 77491, ci 77492, ci 77499), yellow 5 lake (ci 19140), red 6 (ci 15850), red 7 (ci 15850), blue 1 lake (ci 42090), red 7 lake (ci 15850), yellow 10 lake (ci 47005), yellow 6 lake (ci 15985), red 28 lake (ci 45410), manganese violet (ci 77742).

sway ingredients / ingrédients : polyglyceryl-3 diisostearate, diisostearyl malate, bis-diglyceryl polyacyladipate-2, pentaerythrityl tetraisostearate, caprylic/capric triglyceride, synthetic wax, triisostearin, polybutene, euphorbia cerifera (candelilla) wax / candelilla cera / cire de candelilla, helianthus annuus (sunflower) seed wax, rosa damascena flower wax, dicalcium phosphate, simmondsia chinensis (jojoba) seed oil, rosa canina fruit oil, punica granatum flower extract, silica, tocopheryl acetate, persea gratissima (avocado) oil, cocos nucifera (coconut) oil, mica. may contain / peut contenir / (+/-) : titanium dioxide (ci 77891), iron oxides (ci 77491, ci 77492, ci 77499), yellow 5 lake (ci 19140), red 6 (ci 15850), red 7 (ci 15850), blue 1 lake (ci 42090), red 7 lake (ci 15850), yellow 10 lake (ci 47005), yellow 6 lake (ci 15985), red 28 lake (ci 45410), manganese violet (ci 77742).

pop ingredients / ingrédients : polyglyceryl-3 diisostearate, diisostearyl malate, bis-diglyceryl polyacyladipate-2, pentaerythrityl tetraisostearate, caprylic/capric triglyceride, synthetic wax, triisostearin, polybutene, euphorbia cerifera (candelilla) wax / candelilla cera / cire de candelilla, helianthus annuus (sunflower) seed wax, rosa damascena flower wax, dicalcium phosphate, simmondsia chinensis (jojoba) seed oil, rosa canina fruit oil, punica granatum flower extract, silica, tocopheryl acetate, persea gratissima (avocado) oil, cocos nucifera (coconut) oil, mica. may contain / peut contenir / (+/-) : titanium dioxide (ci 77891), iron oxides (ci 77491, ci 77492, ci 77499), yellow 5 lake (ci 19140), red 6 (ci 15850), red 7 (ci 15850), blue 1 lake (ci 42090), red 7 lake (ci 15850), yellow 10 lake (ci 47005), yellow 6 lake (ci 15985), red 28 lake (ci 45410), manganese violet (ci 77742).

spark ingredients / ingrédients : polyglyceryl-3 diisostearate, diisostearyl malate, bis-diglyceryl polyacyladipate-2, pentaerythrityl tetraisostearate, caprylic/capric triglyceride, synthetic wax, triisostearin, polybutene, euphorbia cerifera (candelilla) wax / candelilla cera / cire de candelilla, helianthus annuus (sunflower) seed wax, rosa damascena flower wax, simmondsia chinensis (jojoba) seed oil, dicalcium phosphate, rosa canina fruit oil, punica granatum flower extract, silica, tocopheryl acetate, persea gratissima (avocado) oil, cocos nucifera (coconut) oil, mica. may contain / peut contenir / (+/-) : titanium dioxide (ci 77891), iron oxides (ci 77491, ci 77492, ci 77499), yellow 5 lake (ci 19140), red 6 (ci 15850), red 7 (ci 15850), blue 1 lake (ci 42090), red 7 lake (ci 15850), yellow 10 lake (ci 47005), yellow 6 lake (ci 15985), red 28 lake (ci 45410), manganese violet (ci 77742).

twist ingredients / ingrédients : polyglyceryl-3 diisostearate, diisostearyl malate, bis-diglyceryl polyacyladipate-2, pentaerythrityl tetraisostearate, caprylic/capric triglyceride, synthetic wax, triisostearin, polybutene, euphorbia cerifera (candelilla) wax / candelilla cera / cire de candelilla, helianthus annuus (sunflower) seed wax, rosa damascena flower wax, simmondsia chinensis (jojoba) seed oil, rosa canina fruit oil, punica granatum flower extract, silica, tocopheryl acetate, persea gratissima (avocado) oil, cocos nucifera (coconut) oil, dicalcium phosphate, mica. may contain / peut contenir / (+/-) : titanium dioxide (ci 77891), iron oxides (ci 77491, ci 77492, ci 77499), yellow 5 lake (ci 19140), red 6 (ci 15850), red 7 (ci 15850), blue 1 lake (ci 42090), red 7 lake (ci 15850), yellow 10 lake (ci 47005), yellow 6 lake (ci 15985), red 28 lake (ci 45410), manganese violet (ci 77742).

jump ingredients / ingrédients : polyglyceryl-3 diisostearate, diisostearyl malate, bis-diglyceryl polyacyladipate-2, pentaerythrityl tetraisostearate, caprylic/capric triglyceride, synthetic wax, triisostearin, polybutene, euphorbia cerifera (candelilla) wax / candelilla cera / cire de candelilla, helianthus annuus (sunflower) seed wax, rosa damascena flower wax, simmondsia chinensis (jojoba) seed oil, rosa canina fruit oil, punica granatum flower extract, silica, tocopheryl acetate, persea gratissima (avocado) oil, cocos nucifera (coconut) oil, dicalcium phosphate, mica. may contain / peut contenir / (+/-) : titanium dioxide (ci 77891), iron oxides (ci 77491, ci 77492, ci 77499), yellow 5 lake (ci 19140), red 6 (ci 15850), red 7 (ci 15850), blue 1 lake (ci 42090), red 7 lake (ci 15850), yellow 10 lake (ci 47005), yellow 6 lake (ci 15985), red 28 lake (ci 45410), manganese violet (ci 77742).

",'4.2,5
Make Up,Lips,'14858136813948,'54822986547580,Victoria Beckham Beauty,Posh Lipstick,https://ohmycream.co.uk/collections/make-up-lips/products/victoria-beckham-beauty-posh-lipstick?variant=54822986547580,https://cdn.shopify.com/s/files/1/0555/4071/1596/files/2024_12_VictoriaBeckhamBeauty_RougealevresPoshLipstickSway_Packshot.jpg?v=1734969150,"Complete list of ingredients

pout ingredients / ingrédients : polyglyceryl-3 diisostearate, diisostearyl malate, bis-diglyceryl polyacyladipate-2, pentaerythrityl tetraisostearate, caprylic/capric triglyceride, synthetic wax, triisostearin, polybutene, euphorbia cerifera (candelilla) wax / candelilla cera / cire de candelilla, helianthus annuus (sunflower) seed wax, rosa damascena flower wax, simmondsia chinensis (jojoba) seed oil, dicalcium phosphate, rosa canina fruit oil, punica granatum flower extract, silica, tocopheryl acetate, persea gratissima (avocado) oil, cocos nucifera (coconut) oil, mica. may contain / peut contenir / (+/-) : titanium dioxide (ci 77891), iron oxides (ci 77491, ci 77492, ci 77499), yellow 5 lake (ci 19140), red 6 (ci 15850), red 7 (ci 15850), blue 1 lake (ci 42090), red 7 lake (ci 15850), yellow 10 lake (ci 47005), yellow 6 lake (ci 15985), red 28 lake (ci 45410), manganese violet (ci 77742).

sway ingredients / ingrédients : polyglyceryl-3 diisostearate, diisostearyl malate, bis-diglyceryl polyacyladipate-2, pentaerythrityl tetraisostearate, caprylic/capric triglyceride, synthetic wax, triisostearin, polybutene, euphorbia cerifera (candelilla) wax / candelilla cera / cire de candelilla, helianthus annuus (sunflower) seed wax, rosa damascena flower wax, dicalcium phosphate, simmondsia chinensis (jojoba) seed oil, rosa canina fruit oil, punica granatum flower extract, silica, tocopheryl acetate, persea gratissima (avocado) oil, cocos nucifera (coconut) oil, mica. may contain / peut contenir / (+/-) : titanium dioxide (ci 77891), iron oxides (ci 77491, ci 77492, ci 77499), yellow 5 lake (ci 19140), red 6 (ci 15850), red 7 (ci 15850), blue 1 lake (ci 42090), red 7 lake (ci 15850), yellow 10 lake (ci 47005), yellow 6 lake (ci 15985), red 28 lake (ci 45410), manganese violet (ci 77742).

pop ingredients / ingrédients : polyglyceryl-3 diisostearate, diisostearyl malate, bis-diglyceryl polyacyladipate-2, pentaerythrityl tetraisostearate, caprylic/capric triglyceride, synthetic wax, triisostearin, polybutene, euphorbia cerifera (candelilla) wax / candelilla cera / cire de candelilla, helianthus annuus (sunflower) seed wax, rosa damascena flower wax, dicalcium phosphate, simmondsia chinensis (jojoba) seed oil, rosa canina fruit oil, punica granatum flower extract, silica, tocopheryl acetate, persea gratissima (avocado) oil, cocos nucifera (coconut) oil, mica. may contain / peut contenir / (+/-) : titanium dioxide (ci 77891), iron oxides (ci 77491, ci 77492, ci 77499), yellow 5 lake (ci 19140), red 6 (ci 15850), red 7 (ci 15850), blue 1 lake (ci 42090), red 7 lake (ci 15850), yellow 10 lake (ci 47005), yellow 6 lake (ci 15985), red 28 lake (ci 45410), manganese violet (ci 77742).

spark ingredients / ingrédients : polyglyceryl-3 diisostearate, diisostearyl malate, bis-diglyceryl polyacyladipate-2, pentaerythrityl tetraisostearate, caprylic/capric triglyceride, synthetic wax, triisostearin, polybutene, euphorbia cerifera (candelilla) wax / candelilla cera / cire de candelilla, helianthus annuus (sunflower) seed wax, rosa damascena flower wax, simmondsia chinensis (jojoba) seed oil, dicalcium phosphate, rosa canina fruit oil, punica granatum flower extract, silica, tocopheryl acetate, persea gratissima (avocado) oil, cocos nucifera (coconut) oil, mica. may contain / peut contenir / (+/-) : titanium dioxide (ci 77891), iron oxides (ci 77491, ci 77492, ci 77499), yellow 5 lake (ci 19140), red 6 (ci 15850), red 7 (ci 15850), blue 1 lake (ci 42090), red 7 lake (ci 15850), yellow 10 lake (ci 47005), yellow 6 lake (ci 15985), red 28 lake (ci 45410), manganese violet (ci 77742).

twist ingredients / ingrédients : polyglyceryl-3 diisostearate, diisostearyl malate, bis-diglyceryl polyacyladipate-2, pentaerythrityl tetraisostearate, caprylic/capric triglyceride, synthetic wax, triisostearin, polybutene, euphorbia cerifera (candelilla) wax / candelilla cera / cire de candelilla, helianthus annuus (sunflower) seed wax, rosa damascena flower wax, simmondsia chinensis (jojoba) seed oil, rosa canina fruit oil, punica granatum flower extract, silica, tocopheryl acetate, persea gratissima (avocado) oil, cocos nucifera (coconut) oil, dicalcium phosphate, mica. may contain / peut contenir / (+/-) : titanium dioxide (ci 77891), iron oxides (ci 77491, ci 77492, ci 77499), yellow 5 lake (ci 19140), red 6 (ci 15850), red 7 (ci 15850), blue 1 lake (ci 42090), red 7 lake (ci 15850), yellow 10 lake (ci 47005), yellow 6 lake (ci 15985), red 28 lake (ci 45410), manganese violet (ci 77742).

jump ingredients / ingrédients : polyglyceryl-3 diisostearate, diisostearyl malate, bis-diglyceryl polyacyladipate-2, pentaerythrityl tetraisostearate, caprylic/capric triglyceride, synthetic wax, triisostearin, polybutene, euphorbia cerifera (candelilla) wax / candelilla cera / cire de candelilla, helianthus annuus (sunflower) seed wax, rosa damascena flower wax, simmondsia chinensis (jojoba) seed oil, rosa canina fruit oil, punica granatum flower extract, silica, tocopheryl acetate, persea gratissima (avocado) oil, cocos nucifera (coconut) oil, dicalcium phosphate, mica. may contain / peut contenir / (+/-) : titanium dioxide (ci 77891), iron oxides (ci 77491, ci 77492, ci 77499), yellow 5 lake (ci 19140), red 6 (ci 15850), red 7 (ci 15850), blue 1 lake (ci 42090), red 7 lake (ci 15850), yellow 10 lake (ci 47005), yellow 6 lake (ci 15985), red 28 lake (ci 45410), manganese violet (ci 77742).

",'4.2,5
Make Up,Lips,'14858136813948,'54822986482044,Victoria Beckham Beauty,Posh Lipstick,https://ohmycream.co.uk/collections/make-up-lips/products/victoria-beckham-beauty-posh-lipstick?variant=54822986482044,https://cdn.shopify.com/s/files/1/0555/4071/1596/files/2024_12_VictoriaBeckhamBeauty_RougealevresPoshLipstickJump_Packshot.jpg?v=1734969150,"Complete list of ingredients

pout ingredients / ingrédients : polyglyceryl-3 diisostearate, diisostearyl malate, bis-diglyceryl polyacyladipate-2, pentaerythrityl tetraisostearate, caprylic/capric triglyceride, synthetic wax, triisostearin, polybutene, euphorbia cerifera (candelilla) wax / candelilla cera / cire de candelilla, helianthus annuus (sunflower) seed wax, rosa damascena flower wax, simmondsia chinensis (jojoba) seed oil, dicalcium phosphate, rosa canina fruit oil, punica granatum flower extract, silica, tocopheryl acetate, persea gratissima (avocado) oil, cocos nucifera (coconut) oil, mica. may contain / peut contenir / (+/-) : titanium dioxide (ci 77891), iron oxides (ci 77491, ci 77492, ci 77499), yellow 5 lake (ci 19140), red 6 (ci 15850), red 7 (ci 15850), blue 1 lake (ci 42090), red 7 lake (ci 15850), yellow 10 lake (ci 47005), yellow 6 lake (ci 15985), red 28 lake (ci 45410), manganese violet (ci 77742).

sway ingredients / ingrédients : polyglyceryl-3 diisostearate, diisostearyl malate, bis-diglyceryl polyacyladipate-2, pentaerythrityl tetraisostearate, caprylic/capric triglyceride, synthetic wax, triisostearin, polybutene, euphorbia cerifera (candelilla) wax / candelilla cera / cire de candelilla, helianthus annuus (sunflower) seed wax, rosa damascena flower wax, dicalcium phosphate, simmondsia chinensis (jojoba) seed oil, rosa canina fruit oil, punica granatum flower extract, silica, tocopheryl acetate, persea gratissima (avocado) oil, cocos nucifera (coconut) oil, mica. may contain / peut contenir / (+/-) : titanium dioxide (ci 77891), iron oxides (ci 77491, ci 77492, ci 77499), yellow 5 lake (ci 19140), red 6 (ci 15850), red 7 (ci 15850), blue 1 lake (ci 42090), red 7 lake (ci 15850), yellow 10 lake (ci 47005), yellow 6 lake (ci 15985), red 28 lake (ci 45410), manganese violet (ci 77742).

pop ingredients / ingrédients : polyglyceryl-3 diisostearate, diisostearyl malate, bis-diglyceryl polyacyladipate-2, pentaerythrityl tetraisostearate, caprylic/capric triglyceride, synthetic wax, triisostearin, polybutene, euphorbia cerifera (candelilla) wax / candelilla cera / cire de candelilla, helianthus annuus (sunflower) seed wax, rosa damascena flower wax, dicalcium phosphate, simmondsia chinensis (jojoba) seed oil, rosa canina fruit oil, punica granatum flower extract, silica, tocopheryl acetate, persea gratissima (avocado) oil, cocos nucifera (coconut) oil, mica. may contain / peut contenir / (+/-) : titanium dioxide (ci 77891), iron oxides (ci 77491, ci 77492, ci 77499), yellow 5 lake (ci 19140), red 6 (ci 15850), red 7 (ci 15850), blue 1 lake (ci 42090), red 7 lake (ci 15850), yellow 10 lake (ci 47005), yellow 6 lake (ci 15985), red 28 lake (ci 45410), manganese violet (ci 77742).

spark ingredients / ingrédients : polyglyceryl-3 diisostearate, diisostearyl malate, bis-diglyceryl polyacyladipate-2, pentaerythrityl tetraisostearate, caprylic/capric triglyceride, synthetic wax, triisostearin, polybutene, euphorbia cerifera (candelilla) wax / candelilla cera / cire de candelilla, helianthus annuus (sunflower) seed wax, rosa damascena flower wax, simmondsia chinensis (jojoba) seed oil, dicalcium phosphate, rosa canina fruit oil, punica granatum flower extract, silica, tocopheryl acetate, persea gratissima (avocado) oil, cocos nucifera (coconut) oil, mica. may contain / peut contenir / (+/-) : titanium dioxide (ci 77891), iron oxides (ci 77491, ci 77492, ci 77499), yellow 5 lake (ci 19140), red 6 (ci 15850), red 7 (ci 15850), blue 1 lake (ci 42090), red 7 lake (ci 15850), yellow 10 lake (ci 47005), yellow 6 lake (ci 15985), red 28 lake (ci 45410), manganese violet (ci 77742).

twist ingredients / ingrédients : polyglyceryl-3 diisostearate, diisostearyl malate, bis-diglyceryl polyacyladipate-2, pentaerythrityl tetraisostearate, caprylic/capric triglyceride, synthetic wax, triisostearin, polybutene, euphorbia cerifera (candelilla) wax / candelilla cera / cire de candelilla, helianthus annuus (sunflower) seed wax, rosa damascena flower wax, simmondsia chinensis (jojoba) seed oil, rosa canina fruit oil, punica granatum flower extract, silica, tocopheryl acetate, persea gratissima (avocado) oil, cocos nucifera (coconut) oil, dicalcium phosphate, mica. may contain / peut contenir / (+/-) : titanium dioxide (ci 77891), iron oxides (ci 77491, ci 77492, ci 77499), yellow 5 lake (ci 19140), red 6 (ci 15850), red 7 (ci 15850), blue 1 lake (ci 42090), red 7 lake (ci 15850), yellow 10 lake (ci 47005), yellow 6 lake (ci 15985), red 28 lake (ci 45410), manganese violet (ci 77742).

jump ingredients / ingrédients : polyglyceryl-3 diisostearate, diisostearyl malate, bis-diglyceryl polyacyladipate-2, pentaerythrityl tetraisostearate, caprylic/capric triglyceride, synthetic wax, triisostearin, polybutene, euphorbia cerifera (candelilla) wax / candelilla cera / cire de candelilla, helianthus annuus (sunflower) seed wax, rosa damascena flower wax, simmondsia chinensis (jojoba) seed oil, rosa canina fruit oil, punica granatum flower extract, silica, tocopheryl acetate, persea gratissima (avocado) oil, cocos nucifera (coconut) oil, dicalcium phosphate, mica. may contain / peut contenir / (+/-) : titanium dioxide (ci 77891), iron oxides (ci 77491, ci 77492, ci 77499), yellow 5 lake (ci 19140), red 6 (ci 15850), red 7 (ci 15850), blue 1 lake (ci 42090), red 7 lake (ci 15850), yellow 10 lake (ci 47005), yellow 6 lake (ci 15985), red 28 lake (ci 45410), manganese violet (ci 77742).

",'4.2,5
Make Up,Lips,'14858136813948,'54822986613116,Victoria Beckham Beauty,Posh Lipstick,https://ohmycream.co.uk/collections/make-up-lips/products/victoria-beckham-beauty-posh-lipstick?variant=54822986613116,https://cdn.shopify.com/s/files/1/0555/4071/1596/files/2024_12_VictoriaBeckhamBeauty_RougealevresPoshLipstickPop_Packshot.jpg?v=1734969150,"Complete list of ingredients

pout ingredients / ingrédients : polyglyceryl-3 diisostearate, diisostearyl malate, bis-diglyceryl polyacyladipate-2, pentaerythrityl tetraisostearate, caprylic/capric triglyceride, synthetic wax, triisostearin, polybutene, euphorbia cerifera (candelilla) wax / candelilla cera / cire de candelilla, helianthus annuus (sunflower) seed wax, rosa damascena flower wax, simmondsia chinensis (jojoba) seed oil, dicalcium phosphate, rosa canina fruit oil, punica granatum flower extract, silica, tocopheryl acetate, persea gratissima (avocado) oil, cocos nucifera (coconut) oil, mica. may contain / peut contenir / (+/-) : titanium dioxide (ci 77891), iron oxides (ci 77491, ci 77492, ci 77499), yellow 5 lake (ci 19140), red 6 (ci 15850), red 7 (ci 15850), blue 1 lake (ci 42090), red 7 lake (ci 15850), yellow 10 lake (ci 47005), yellow 6 lake (ci 15985), red 28 lake (ci 45410), manganese violet (ci 77742).

sway ingredients / ingrédients : polyglyceryl-3 diisostearate, diisostearyl malate, bis-diglyceryl polyacyladipate-2, pentaerythrityl tetraisostearate, caprylic/capric triglyceride, synthetic wax, triisostearin, polybutene, euphorbia cerifera (candelilla) wax / candelilla cera / cire de candelilla, helianthus annuus (sunflower) seed wax, rosa damascena flower wax, dicalcium phosphate, simmondsia chinensis (jojoba) seed oil, rosa canina fruit oil, punica granatum flower extract, silica, tocopheryl acetate, persea gratissima (avocado) oil, cocos nucifera (coconut) oil, mica. may contain / peut contenir / (+/-) : titanium dioxide (ci 77891), iron oxides (ci 77491, ci 77492, ci 77499), yellow 5 lake (ci 19140), red 6 (ci 15850), red 7 (ci 15850), blue 1 lake (ci 42090), red 7 lake (ci 15850), yellow 10 lake (ci 47005), yellow 6 lake (ci 15985), red 28 lake (ci 45410), manganese violet (ci 77742).

pop ingredients / ingrédients : polyglyceryl-3 diisostearate, diisostearyl malate, bis-diglyceryl polyacyladipate-2, pentaerythrityl tetraisostearate, caprylic/capric triglyceride, synthetic wax, triisostearin, polybutene, euphorbia cerifera (candelilla) wax / candelilla cera / cire de candelilla, helianthus annuus (sunflower) seed wax, rosa damascena flower wax, dicalcium phosphate, simmondsia chinensis (jojoba) seed oil, rosa canina fruit oil, punica granatum flower extract, silica, tocopheryl acetate, persea gratissima (avocado) oil, cocos nucifera (coconut) oil, mica. may contain / peut contenir / (+/-) : titanium dioxide (ci 77891), iron oxides (ci 77491, ci 77492, ci 77499), yellow 5 lake (ci 19140), red 6 (ci 15850), red 7 (ci 15850), blue 1 lake (ci 42090), red 7 lake (ci 15850), yellow 10 lake (ci 47005), yellow 6 lake (ci 15985), red 28 lake (ci 45410), manganese violet (ci 77742).

spark ingredients / ingrédients : polyglyceryl-3 diisostearate, diisostearyl malate, bis-diglyceryl polyacyladipate-2, pentaerythrityl tetraisostearate, caprylic/capric triglyceride, synthetic wax, triisostearin, polybutene, euphorbia cerifera (candelilla) wax / candelilla cera / cire de candelilla, helianthus annuus (sunflower) seed wax, rosa damascena flower wax, simmondsia chinensis (jojoba) seed oil, dicalcium phosphate, rosa canina fruit oil, punica granatum flower extract, silica, tocopheryl acetate, persea gratissima (avocado) oil, cocos nucifera (coconut) oil, mica. may contain / peut contenir / (+/-) : titanium dioxide (ci 77891), iron oxides (ci 77491, ci 77492, ci 77499), yellow 5 lake (ci 19140), red 6 (ci 15850), red 7 (ci 15850), blue 1 lake (ci 42090), red 7 lake (ci 15850), yellow 10 lake (ci 47005), yellow 6 lake (ci 15985), red 28 lake (ci 45410), manganese violet (ci 77742).

twist ingredients / ingrédients : polyglyceryl-3 diisostearate, diisostearyl malate, bis-diglyceryl polyacyladipate-2, pentaerythrityl tetraisostearate, caprylic/capric triglyceride, synthetic wax, triisostearin, polybutene, euphorbia cerifera (candelilla) wax / candelilla cera / cire de candelilla, helianthus annuus (sunflower) seed wax, rosa damascena flower wax, simmondsia chinensis (jojoba) seed oil, rosa canina fruit oil, punica granatum flower extract, silica, tocopheryl acetate, persea gratissima (avocado) oil, cocos nucifera (coconut) oil, dicalcium phosphate, mica. may contain / peut contenir / (+/-) : titanium dioxide (ci 77891), iron oxides (ci 77491, ci 77492, ci 77499), yellow 5 lake (ci 19140), red 6 (ci 15850), red 7 (ci 15850), blue 1 lake (ci 42090), red 7 lake (ci 15850), yellow 10 lake (ci 47005), yellow 6 lake (ci 15985), red 28 lake (ci 45410), manganese violet (ci 77742).

jump ingredients / ingrédients : polyglyceryl-3 diisostearate, diisostearyl malate, bis-diglyceryl polyacyladipate-2, pentaerythrityl tetraisostearate, caprylic/capric triglyceride, synthetic wax, triisostearin, polybutene, euphorbia cerifera (candelilla) wax / candelilla cera / cire de candelilla, helianthus annuus (sunflower) seed wax, rosa damascena flower wax, simmondsia chinensis (jojoba) seed oil, rosa canina fruit oil, punica granatum flower extract, silica, tocopheryl acetate, persea gratissima (avocado) oil, cocos nucifera (coconut) oil, dicalcium phosphate, mica. may contain / peut contenir / (+/-) : titanium dioxide (ci 77891), iron oxides (ci 77491, ci 77492, ci 77499), yellow 5 lake (ci 19140), red 6 (ci 15850), red 7 (ci 15850), blue 1 lake (ci 42090), red 7 lake (ci 15850), yellow 10 lake (ci 47005), yellow 6 lake (ci 15985), red 28 lake (ci 45410), manganese violet (ci 77742).

",'4.2,5
Make Up,Lips,'8076974358700,'43857705828524,Goop Beauty,Hydra Barrier Gel Gloss,https://ohmycream.co.uk/collections/make-up-lips/products/goop-beauty-hydra-barrier-gel-gloss?variant=43857705828524,https://cdn.shopify.com/s/files/1/0555/4071/1596/files/2024_10_GoopBeauty_GlossGelHydra-BarriereGlaze_Packshot.jpg?v=1728640267,"Complete list of ingredients

hydra-barrier gel gloss - spice polyglyceryl-2 isostearate/dimer dilinoleate copolymer, bis-diglyceryl polyacyladipate-2, octyldodecanol, diisostearyl malate, bis-behenyl/isostearyl/phytosteryl dimer dilinoleyl dimer dilinoleate, pentaerythrityl tetraisostearate, silica, polyglyceryl-10 decaisostearate, disteardimonium hectorite, palmitoyl tripeptide-1, ricinus communis (castor) seed oil, sodium hyaluronate, siraitia grosvenorii (monk fruit) fruit extract, hydrogenated castor oil, rosa canina (rose) seed extract, tocopherol, lactic acid, rosmarinus officinalis (rosemary) leaf extract, caprylic/capric triglyceride, citrus aurantium (orange) peel extract, citrus aurantium (orange) peel oil, citrus paradisi (grapefruit) peel oil, gamma undecalactone, ethylhexyl palmitate, propylene carbonate, menthone glycerin acetal, glyceryl caprylate, tribehenin, limonene, glyceryl undecylenate, sorbitan isostearate, mica, red 7 lake (ci 15850), titanium dioxide, iron oxides (ci 77491, ci 77492), blue 1 lake (ci 42090)

hydra-barrier gel gloss - glaze polyglyceryl-2 isostearate/dimer dilinoleate copolymer, bis-diglyceryl polyacyladipate-2, octyldodecanol, diisostearyl malate, bis-behenyl/isostearyl/phytosteryl dimer dilinoleyl dimer dilinoleate, pentaerythrityl tetraisostearate, silica, polyglyceryl-10 decaisostearate, disteardimonium hectorite, palmitoyl tripeptide-1, ricinus communis (castor) seed oil, sodium hyaluronate, siraitia grosvenorii (monk fruit) fruit extract, hydrogenated castor oil, rosa canina (rose) seed extract, tocopherol, lactic acid, rosmarinus officinalis (rosemary) leaf extract, caprylic/capric triglyceride, citrus aurantium (orange) peel extract, citrus aurantium (orange) peel oil, citrus paradisi (grapefruit) peel oil, gamma undecalactone, ethylhexyl palmitate, propylene carbonate, menthone glycerin acetal, glyceryl caprylate, tribehenin, limonene, glyceryl undecylenate, sorbitan isostearate, mica, red 7 lake (ci 15850), titanium dioxide, iron oxides (ci 77491)

hydra-barrier gel gloss - blossom polyglyceryl-2 isostearate/dimer dilinoleate copolymer, bis-diglyceryl polyacyladipate-2, octyldodecanol, diisostearyl malate, bis-behenyl/isostearyl/phytosteryl dimer dilinoleyl dimer dilinoleate, pentaerythrityl tetraisostearate, silica, polyglyceryl-10 decaisostearate, disteardimonium hectorite, palmitoyl tripeptide-1, ricinus communis (castor) seed oil, sodium hyaluronate, siraitia grosvenorii (monk fruit) fruit extract, hydrogenated castor oil, rosa canina (rose) seed extract, tocopherol, lactic acid, rosmarinus officinalis (rosemary) leaf extract, caprylic/capric triglyceride, citrus aurantium (orange) peel extract, citrus aurantium (orange) peel oil, citrus paradisi (grapefruit) peel oil, gamma undecalactone, ethylhexyl palmitate, propylene carbonate, menthone glycerin acetal, glyceryl caprylate, tribehenin, limonene, glyceryl undecylenate, sorbitan isostearate, mica, red 7 lake (ci 15850), titanium dioxide, iron oxides (ci 77491), blue 1 lake (ci 42090)

hydra-barrier gel gloss - lilac polyglyceryl-2 isostearate/dimer dilinoleate copolymer, bis-diglyceryl polyacyladipate-2, octyldodecanol, diisostearyl malate, bis-behenyl/isostearyl/phytosteryl dimer dilinoleyl dimer dilinoleate, pentaerythrityl tetraisostearate, silica, polyglyceryl-10 decaisostearate, disteardimonium hectorite, palmitoyl tripeptide-1, ricinus communis (castor) seed oil, sodium hyaluronate, siraitia grosvenorii (monk fruit) fruit extract, hydrogenated castor oil, rosa canina (rose) seed extract, tocopherol, lactic acid, rosmarinus officinalis (rosemary) leaf extract, caprylic/capric triglyceride, citrus aurantium (orange) peel extract, citrus aurantium (orange) peel oil, citrus paradisi (grapefruit) peel oil, gamma undecalactone, ethylhexyl palmitate, propylene carbonate, menthone glycerin acetal, glyceryl caprylate, tribehenin, limonene, glyceryl undecylenate, sorbitan isostearate, mica, red 7 lake (ci 15850), titanium dioxide, iron oxides (ci 77492), blue 1 lake (ci 42090)

hydra-barrier gel gloss - tulip polyglyceryl-2 isostearate/dimer dilinoleate copolymer, bis-diglyceryl polyacyladipate-2, octyldodecanol, diisostearyl malate, bis-behenyl/isostearyl/phytosteryl dimer dilinoleyl dimer dilinoleate, pentaerythrityl tetraisostearate, silica, polyglyceryl-10 decaisostearate, disteardimonium hectorite, palmitoyl tripeptide-1, ricinus communis (castor) seed oil, sodium hyaluronate, siraitia grosvenorii (monk fruit) fruit extract, hydrogenated castor oil, rosa canina (rose) seed extract, tocopherol, lactic acid, rosmarinus officinalis (rosemary) leaf extract, caprylic/capric triglyceride, citrus aurantium (orange) peel extract, citrus aurantium (orange) peel oil, citrus paradisi (grapefruit) peel oil, gamma undecalactone, ethylhexyl palmitate, propylene carbonate, menthone glycerin acetal, glyceryl caprylate, tribehenin, limonene, glyceryl undecylenate, sorbitan isostearate, mica, red 7 lake (ci 15850), titanium dioxide, iron oxides (ci 77492), yellow 5 lake (ci 19140)

hydra-barrier gel gloss - fig polyglyceryl-2 isostearate/dimer dilinoleate copolymer, bis-diglyceryl polyacyladipate-2, octyldodecanol, diisostearyl malate, bis-behenyl/isostearyl/phytosteryl dimer dilinoleyl dimer dilinoleate, pentaerythrityl tetraisostearate, silica, polyglyceryl-10 decaisostearate, disteardimonium hectorite, palmitoyl tripeptide-1, ricinus communis (castor) seed oil, sodium hyaluronate, siraitia grosvenorii (monk fruit) fruit extract, hydrogenated castor oil, rosa canina (rose) seed extract, tocopherol, lactic acid, rosmarinus officinalis (rosemary) leaf extract, caprylic/capric triglyceride, citrus aurantium (orange) peel extract, citrus aurantium (orange) peel oil, citrus paradisi (grapefruit) peel oil, gamma undecalactone, ethylhexyl palmitate, propylene carbonate, menthone glycerin acetal, glyceryl caprylate, tribehenin, limonene, glyceryl undecylenate, sorbitan isostearate, mica, red 7 lake (ci 15850), titanium dioxide, iron oxides (ci 77491, ci 77492), blue 1 lake (ci 42090)

this list of ingredients is subject to change; please refer to the packaging of the purchased product.",'5.0,3
Make Up,Lips,'8076974358700,'43857705894060,Goop Beauty,Hydra Barrier Gel Gloss,https://ohmycream.co.uk/collections/make-up-lips/products/goop-beauty-hydra-barrier-gel-gloss?variant=43857705894060,https://cdn.shopify.com/s/files/1/0555/4071/1596/files/2024_10_GoopBeauty_GlossGelHydra-BarriereBlossom_Packshot.jpg?v=1728640267,"Complete list of ingredients

hydra-barrier gel gloss - spice polyglyceryl-2 isostearate/dimer dilinoleate copolymer, bis-diglyceryl polyacyladipate-2, octyldodecanol, diisostearyl malate, bis-behenyl/isostearyl/phytosteryl dimer dilinoleyl dimer dilinoleate, pentaerythrityl tetraisostearate, silica, polyglyceryl-10 decaisostearate, disteardimonium hectorite, palmitoyl tripeptide-1, ricinus communis (castor) seed oil, sodium hyaluronate, siraitia grosvenorii (monk fruit) fruit extract, hydrogenated castor oil, rosa canina (rose) seed extract, tocopherol, lactic acid, rosmarinus officinalis (rosemary) leaf extract, caprylic/capric triglyceride, citrus aurantium (orange) peel extract, citrus aurantium (orange) peel oil, citrus paradisi (grapefruit) peel oil, gamma undecalactone, ethylhexyl palmitate, propylene carbonate, menthone glycerin acetal, glyceryl caprylate, tribehenin, limonene, glyceryl undecylenate, sorbitan isostearate, mica, red 7 lake (ci 15850), titanium dioxide, iron oxides (ci 77491, ci 77492), blue 1 lake (ci 42090)

hydra-barrier gel gloss - glaze polyglyceryl-2 isostearate/dimer dilinoleate copolymer, bis-diglyceryl polyacyladipate-2, octyldodecanol, diisostearyl malate, bis-behenyl/isostearyl/phytosteryl dimer dilinoleyl dimer dilinoleate, pentaerythrityl tetraisostearate, silica, polyglyceryl-10 decaisostearate, disteardimonium hectorite, palmitoyl tripeptide-1, ricinus communis (castor) seed oil, sodium hyaluronate, siraitia grosvenorii (monk fruit) fruit extract, hydrogenated castor oil, rosa canina (rose) seed extract, tocopherol, lactic acid, rosmarinus officinalis (rosemary) leaf extract, caprylic/capric triglyceride, citrus aurantium (orange) peel extract, citrus aurantium (orange) peel oil, citrus paradisi (grapefruit) peel oil, gamma undecalactone, ethylhexyl palmitate, propylene carbonate, menthone glycerin acetal, glyceryl caprylate, tribehenin, limonene, glyceryl undecylenate, sorbitan isostearate, mica, red 7 lake (ci 15850), titanium dioxide, iron oxides (ci 77491)

hydra-barrier gel gloss - blossom polyglyceryl-2 isostearate/dimer dilinoleate copolymer, bis-diglyceryl polyacyladipate-2, octyldodecanol, diisostearyl malate, bis-behenyl/isostearyl/phytosteryl dimer dilinoleyl dimer dilinoleate, pentaerythrityl tetraisostearate, silica, polyglyceryl-10 decaisostearate, disteardimonium hectorite, palmitoyl tripeptide-1, ricinus communis (castor) seed oil, sodium hyaluronate, siraitia grosvenorii (monk fruit) fruit extract, hydrogenated castor oil, rosa canina (rose) seed extract, tocopherol, lactic acid, rosmarinus officinalis (rosemary) leaf extract, caprylic/capric triglyceride, citrus aurantium (orange) peel extract, citrus aurantium (orange) peel oil, citrus paradisi (grapefruit) peel oil, gamma undecalactone, ethylhexyl palmitate, propylene carbonate, menthone glycerin acetal, glyceryl caprylate, tribehenin, limonene, glyceryl undecylenate, sorbitan isostearate, mica, red 7 lake (ci 15850), titanium dioxide, iron oxides (ci 77491), blue 1 lake (ci 42090)

hydra-barrier gel gloss - lilac polyglyceryl-2 isostearate/dimer dilinoleate copolymer, bis-diglyceryl polyacyladipate-2, octyldodecanol, diisostearyl malate, bis-behenyl/isostearyl/phytosteryl dimer dilinoleyl dimer dilinoleate, pentaerythrityl tetraisostearate, silica, polyglyceryl-10 decaisostearate, disteardimonium hectorite, palmitoyl tripeptide-1, ricinus communis (castor) seed oil, sodium hyaluronate, siraitia grosvenorii (monk fruit) fruit extract, hydrogenated castor oil, rosa canina (rose) seed extract, tocopherol, lactic acid, rosmarinus officinalis (rosemary) leaf extract, caprylic/capric triglyceride, citrus aurantium (orange) peel extract, citrus aurantium (orange) peel oil, citrus paradisi (grapefruit) peel oil, gamma undecalactone, ethylhexyl palmitate, propylene carbonate, menthone glycerin acetal, glyceryl caprylate, tribehenin, limonene, glyceryl undecylenate, sorbitan isostearate, mica, red 7 lake (ci 15850), titanium dioxide, iron oxides (ci 77492), blue 1 lake (ci 42090)

hydra-barrier gel gloss - tulip polyglyceryl-2 isostearate/dimer dilinoleate copolymer, bis-diglyceryl polyacyladipate-2, octyldodecanol, diisostearyl malate, bis-behenyl/isostearyl/phytosteryl dimer dilinoleyl dimer dilinoleate, pentaerythrityl tetraisostearate, silica, polyglyceryl-10 decaisostearate, disteardimonium hectorite, palmitoyl tripeptide-1, ricinus communis (castor) seed oil, sodium hyaluronate, siraitia grosvenorii (monk fruit) fruit extract, hydrogenated castor oil, rosa canina (rose) seed extract, tocopherol, lactic acid, rosmarinus officinalis (rosemary) leaf extract, caprylic/capric triglyceride, citrus aurantium (orange) peel extract, citrus aurantium (orange) peel oil, citrus paradisi (grapefruit) peel oil, gamma undecalactone, ethylhexyl palmitate, propylene carbonate, menthone glycerin acetal, glyceryl caprylate, tribehenin, limonene, glyceryl undecylenate, sorbitan isostearate, mica, red 7 lake (ci 15850), titanium dioxide, iron oxides (ci 77492), yellow 5 lake (ci 19140)

hydra-barrier gel gloss - fig polyglyceryl-2 isostearate/dimer dilinoleate copolymer, bis-diglyceryl polyacyladipate-2, octyldodecanol, diisostearyl malate, bis-behenyl/isostearyl/phytosteryl dimer dilinoleyl dimer dilinoleate, pentaerythrityl tetraisostearate, silica, polyglyceryl-10 decaisostearate, disteardimonium hectorite, palmitoyl tripeptide-1, ricinus communis (castor) seed oil, sodium hyaluronate, siraitia grosvenorii (monk fruit) fruit extract, hydrogenated castor oil, rosa canina (rose) seed extract, tocopherol, lactic acid, rosmarinus officinalis (rosemary) leaf extract, caprylic/capric triglyceride, citrus aurantium (orange) peel extract, citrus aurantium (orange) peel oil, citrus paradisi (grapefruit) peel oil, gamma undecalactone, ethylhexyl palmitate, propylene carbonate, menthone glycerin acetal, glyceryl caprylate, tribehenin, limonene, glyceryl undecylenate, sorbitan isostearate, mica, red 7 lake (ci 15850), titanium dioxide, iron oxides (ci 77491, ci 77492), blue 1 lake (ci 42090)

this list of ingredients is subject to change; please refer to the packaging of the purchased product.",'5.0,3
Make Up,Lips,'8076974358700,'43857705926828,Goop Beauty,Hydra Barrier Gel Gloss,https://ohmycream.co.uk/collections/make-up-lips/products/goop-beauty-hydra-barrier-gel-gloss?variant=43857705926828,https://cdn.shopify.com/s/files/1/0555/4071/1596/files/2024_10_GoopBeauty_GlossGelHydra-BarriereTulip_Packshot.jpg?v=1728640267,"Complete list of ingredients

hydra-barrier gel gloss - spice polyglyceryl-2 isostearate/dimer dilinoleate copolymer, bis-diglyceryl polyacyladipate-2, octyldodecanol, diisostearyl malate, bis-behenyl/isostearyl/phytosteryl dimer dilinoleyl dimer dilinoleate, pentaerythrityl tetraisostearate, silica, polyglyceryl-10 decaisostearate, disteardimonium hectorite, palmitoyl tripeptide-1, ricinus communis (castor) seed oil, sodium hyaluronate, siraitia grosvenorii (monk fruit) fruit extract, hydrogenated castor oil, rosa canina (rose) seed extract, tocopherol, lactic acid, rosmarinus officinalis (rosemary) leaf extract, caprylic/capric triglyceride, citrus aurantium (orange) peel extract, citrus aurantium (orange) peel oil, citrus paradisi (grapefruit) peel oil, gamma undecalactone, ethylhexyl palmitate, propylene carbonate, menthone glycerin acetal, glyceryl caprylate, tribehenin, limonene, glyceryl undecylenate, sorbitan isostearate, mica, red 7 lake (ci 15850), titanium dioxide, iron oxides (ci 77491, ci 77492), blue 1 lake (ci 42090)

hydra-barrier gel gloss - glaze polyglyceryl-2 isostearate/dimer dilinoleate copolymer, bis-diglyceryl polyacyladipate-2, octyldodecanol, diisostearyl malate, bis-behenyl/isostearyl/phytosteryl dimer dilinoleyl dimer dilinoleate, pentaerythrityl tetraisostearate, silica, polyglyceryl-10 decaisostearate, disteardimonium hectorite, palmitoyl tripeptide-1, ricinus communis (castor) seed oil, sodium hyaluronate, siraitia grosvenorii (monk fruit) fruit extract, hydrogenated castor oil, rosa canina (rose) seed extract, tocopherol, lactic acid, rosmarinus officinalis (rosemary) leaf extract, caprylic/capric triglyceride, citrus aurantium (orange) peel extract, citrus aurantium (orange) peel oil, citrus paradisi (grapefruit) peel oil, gamma undecalactone, ethylhexyl palmitate, propylene carbonate, menthone glycerin acetal, glyceryl caprylate, tribehenin, limonene, glyceryl undecylenate, sorbitan isostearate, mica, red 7 lake (ci 15850), titanium dioxide, iron oxides (ci 77491)

hydra-barrier gel gloss - blossom polyglyceryl-2 isostearate/dimer dilinoleate copolymer, bis-diglyceryl polyacyladipate-2, octyldodecanol, diisostearyl malate, bis-behenyl/isostearyl/phytosteryl dimer dilinoleyl dimer dilinoleate, pentaerythrityl tetraisostearate, silica, polyglyceryl-10 decaisostearate, disteardimonium hectorite, palmitoyl tripeptide-1, ricinus communis (castor) seed oil, sodium hyaluronate, siraitia grosvenorii (monk fruit) fruit extract, hydrogenated castor oil, rosa canina (rose) seed extract, tocopherol, lactic acid, rosmarinus officinalis (rosemary) leaf extract, caprylic/capric triglyceride, citrus aurantium (orange) peel extract, citrus aurantium (orange) peel oil, citrus paradisi (grapefruit) peel oil, gamma undecalactone, ethylhexyl palmitate, propylene carbonate, menthone glycerin acetal, glyceryl caprylate, tribehenin, limonene, glyceryl undecylenate, sorbitan isostearate, mica, red 7 lake (ci 15850), titanium dioxide, iron oxides (ci 77491), blue 1 lake (ci 42090)

hydra-barrier gel gloss - lilac polyglyceryl-2 isostearate/dimer dilinoleate copolymer, bis-diglyceryl polyacyladipate-2, octyldodecanol, diisostearyl malate, bis-behenyl/isostearyl/phytosteryl dimer dilinoleyl dimer dilinoleate, pentaerythrityl tetraisostearate, silica, polyglyceryl-10 decaisostearate, disteardimonium hectorite, palmitoyl tripeptide-1, ricinus communis (castor) seed oil, sodium hyaluronate, siraitia grosvenorii (monk fruit) fruit extract, hydrogenated castor oil, rosa canina (rose) seed extract, tocopherol, lactic acid, rosmarinus officinalis (rosemary) leaf extract, caprylic/capric triglyceride, citrus aurantium (orange) peel extract, citrus aurantium (orange) peel oil, citrus paradisi (grapefruit) peel oil, gamma undecalactone, ethylhexyl palmitate, propylene carbonate, menthone glycerin acetal, glyceryl caprylate, tribehenin, limonene, glyceryl undecylenate, sorbitan isostearate, mica, red 7 lake (ci 15850), titanium dioxide, iron oxides (ci 77492), blue 1 lake (ci 42090)

hydra-barrier gel gloss - tulip polyglyceryl-2 isostearate/dimer dilinoleate copolymer, bis-diglyceryl polyacyladipate-2, octyldodecanol, diisostearyl malate, bis-behenyl/isostearyl/phytosteryl dimer dilinoleyl dimer dilinoleate, pentaerythrityl tetraisostearate, silica, polyglyceryl-10 decaisostearate, disteardimonium hectorite, palmitoyl tripeptide-1, ricinus communis (castor) seed oil, sodium hyaluronate, siraitia grosvenorii (monk fruit) fruit extract, hydrogenated castor oil, rosa canina (rose) seed extract, tocopherol, lactic acid, rosmarinus officinalis (rosemary) leaf extract, caprylic/capric triglyceride, citrus aurantium (orange) peel extract, citrus aurantium (orange) peel oil, citrus paradisi (grapefruit) peel oil, gamma undecalactone, ethylhexyl palmitate, propylene carbonate, menthone glycerin acetal, glyceryl caprylate, tribehenin, limonene, glyceryl undecylenate, sorbitan isostearate, mica, red 7 lake (ci 15850), titanium dioxide, iron oxides (ci 77492), yellow 5 lake (ci 19140)

hydra-barrier gel gloss - fig polyglyceryl-2 isostearate/dimer dilinoleate copolymer, bis-diglyceryl polyacyladipate-2, octyldodecanol, diisostearyl malate, bis-behenyl/isostearyl/phytosteryl dimer dilinoleyl dimer dilinoleate, pentaerythrityl tetraisostearate, silica, polyglyceryl-10 decaisostearate, disteardimonium hectorite, palmitoyl tripeptide-1, ricinus communis (castor) seed oil, sodium hyaluronate, siraitia grosvenorii (monk fruit) fruit extract, hydrogenated castor oil, rosa canina (rose) seed extract, tocopherol, lactic acid, rosmarinus officinalis (rosemary) leaf extract, caprylic/capric triglyceride, citrus aurantium (orange) peel extract, citrus aurantium (orange) peel oil, citrus paradisi (grapefruit) peel oil, gamma undecalactone, ethylhexyl palmitate, propylene carbonate, menthone glycerin acetal, glyceryl caprylate, tribehenin, limonene, glyceryl undecylenate, sorbitan isostearate, mica, red 7 lake (ci 15850), titanium dioxide, iron oxides (ci 77491, ci 77492), blue 1 lake (ci 42090)

this list of ingredients is subject to change; please refer to the packaging of the purchased product.",'5.0,3
Make Up,Lips,'8076974358700,'43857705861292,Goop Beauty,Hydra Barrier Gel Gloss,https://ohmycream.co.uk/collections/make-up-lips/products/goop-beauty-hydra-barrier-gel-gloss?variant=43857705861292,https://cdn.shopify.com/s/files/1/0555/4071/1596/files/2024_10_GoopBeauty_GlossGelHydra-BarriereLilac_Packshot.jpg?v=1728640267,"Complete list of ingredients

hydra-barrier gel gloss - spice polyglyceryl-2 isostearate/dimer dilinoleate copolymer, bis-diglyceryl polyacyladipate-2, octyldodecanol, diisostearyl malate, bis-behenyl/isostearyl/phytosteryl dimer dilinoleyl dimer dilinoleate, pentaerythrityl tetraisostearate, silica, polyglyceryl-10 decaisostearate, disteardimonium hectorite, palmitoyl tripeptide-1, ricinus communis (castor) seed oil, sodium hyaluronate, siraitia grosvenorii (monk fruit) fruit extract, hydrogenated castor oil, rosa canina (rose) seed extract, tocopherol, lactic acid, rosmarinus officinalis (rosemary) leaf extract, caprylic/capric triglyceride, citrus aurantium (orange) peel extract, citrus aurantium (orange) peel oil, citrus paradisi (grapefruit) peel oil, gamma undecalactone, ethylhexyl palmitate, propylene carbonate, menthone glycerin acetal, glyceryl caprylate, tribehenin, limonene, glyceryl undecylenate, sorbitan isostearate, mica, red 7 lake (ci 15850), titanium dioxide, iron oxides (ci 77491, ci 77492), blue 1 lake (ci 42090)

hydra-barrier gel gloss - glaze polyglyceryl-2 isostearate/dimer dilinoleate copolymer, bis-diglyceryl polyacyladipate-2, octyldodecanol, diisostearyl malate, bis-behenyl/isostearyl/phytosteryl dimer dilinoleyl dimer dilinoleate, pentaerythrityl tetraisostearate, silica, polyglyceryl-10 decaisostearate, disteardimonium hectorite, palmitoyl tripeptide-1, ricinus communis (castor) seed oil, sodium hyaluronate, siraitia grosvenorii (monk fruit) fruit extract, hydrogenated castor oil, rosa canina (rose) seed extract, tocopherol, lactic acid, rosmarinus officinalis (rosemary) leaf extract, caprylic/capric triglyceride, citrus aurantium (orange) peel extract, citrus aurantium (orange) peel oil, citrus paradisi (grapefruit) peel oil, gamma undecalactone, ethylhexyl palmitate, propylene carbonate, menthone glycerin acetal, glyceryl caprylate, tribehenin, limonene, glyceryl undecylenate, sorbitan isostearate, mica, red 7 lake (ci 15850), titanium dioxide, iron oxides (ci 77491)

hydra-barrier gel gloss - blossom polyglyceryl-2 isostearate/dimer dilinoleate copolymer, bis-diglyceryl polyacyladipate-2, octyldodecanol, diisostearyl malate, bis-behenyl/isostearyl/phytosteryl dimer dilinoleyl dimer dilinoleate, pentaerythrityl tetraisostearate, silica, polyglyceryl-10 decaisostearate, disteardimonium hectorite, palmitoyl tripeptide-1, ricinus communis (castor) seed oil, sodium hyaluronate, siraitia grosvenorii (monk fruit) fruit extract, hydrogenated castor oil, rosa canina (rose) seed extract, tocopherol, lactic acid, rosmarinus officinalis (rosemary) leaf extract, caprylic/capric triglyceride, citrus aurantium (orange) peel extract, citrus aurantium (orange) peel oil, citrus paradisi (grapefruit) peel oil, gamma undecalactone, ethylhexyl palmitate, propylene carbonate, menthone glycerin acetal, glyceryl caprylate, tribehenin, limonene, glyceryl undecylenate, sorbitan isostearate, mica, red 7 lake (ci 15850), titanium dioxide, iron oxides (ci 77491), blue 1 lake (ci 42090)

hydra-barrier gel gloss - lilac polyglyceryl-2 isostearate/dimer dilinoleate copolymer, bis-diglyceryl polyacyladipate-2, octyldodecanol, diisostearyl malate, bis-behenyl/isostearyl/phytosteryl dimer dilinoleyl dimer dilinoleate, pentaerythrityl tetraisostearate, silica, polyglyceryl-10 decaisostearate, disteardimonium hectorite, palmitoyl tripeptide-1, ricinus communis (castor) seed oil, sodium hyaluronate, siraitia grosvenorii (monk fruit) fruit extract, hydrogenated castor oil, rosa canina (rose) seed extract, tocopherol, lactic acid, rosmarinus officinalis (rosemary) leaf extract, caprylic/capric triglyceride, citrus aurantium (orange) peel extract, citrus aurantium (orange) peel oil, citrus paradisi (grapefruit) peel oil, gamma undecalactone, ethylhexyl palmitate, propylene carbonate, menthone glycerin acetal, glyceryl caprylate, tribehenin, limonene, glyceryl undecylenate, sorbitan isostearate, mica, red 7 lake (ci 15850), titanium dioxide, iron oxides (ci 77492), blue 1 lake (ci 42090)

hydra-barrier gel gloss - tulip polyglyceryl-2 isostearate/dimer dilinoleate copolymer, bis-diglyceryl polyacyladipate-2, octyldodecanol, diisostearyl malate, bis-behenyl/isostearyl/phytosteryl dimer dilinoleyl dimer dilinoleate, pentaerythrityl tetraisostearate, silica, polyglyceryl-10 decaisostearate, disteardimonium hectorite, palmitoyl tripeptide-1, ricinus communis (castor) seed oil, sodium hyaluronate, siraitia grosvenorii (monk fruit) fruit extract, hydrogenated castor oil, rosa canina (rose) seed extract, tocopherol, lactic acid, rosmarinus officinalis (rosemary) leaf extract, caprylic/capric triglyceride, citrus aurantium (orange) peel extract, citrus aurantium (orange) peel oil, citrus paradisi (grapefruit) peel oil, gamma undecalactone, ethylhexyl palmitate, propylene carbonate, menthone glycerin acetal, glyceryl caprylate, tribehenin, limonene, glyceryl undecylenate, sorbitan isostearate, mica, red 7 lake (ci 15850), titanium dioxide, iron oxides (ci 77492), yellow 5 lake (ci 19140)

hydra-barrier gel gloss - fig polyglyceryl-2 isostearate/dimer dilinoleate copolymer, bis-diglyceryl polyacyladipate-2, octyldodecanol, diisostearyl malate, bis-behenyl/isostearyl/phytosteryl dimer dilinoleyl dimer dilinoleate, pentaerythrityl tetraisostearate, silica, polyglyceryl-10 decaisostearate, disteardimonium hectorite, palmitoyl tripeptide-1, ricinus communis (castor) seed oil, sodium hyaluronate, siraitia grosvenorii (monk fruit) fruit extract, hydrogenated castor oil, rosa canina (rose) seed extract, tocopherol, lactic acid, rosmarinus officinalis (rosemary) leaf extract, caprylic/capric triglyceride, citrus aurantium (orange) peel extract, citrus aurantium (orange) peel oil, citrus paradisi (grapefruit) peel oil, gamma undecalactone, ethylhexyl palmitate, propylene carbonate, menthone glycerin acetal, glyceryl caprylate, tribehenin, limonene, glyceryl undecylenate, sorbitan isostearate, mica, red 7 lake (ci 15850), titanium dioxide, iron oxides (ci 77491, ci 77492), blue 1 lake (ci 42090)

this list of ingredients is subject to change; please refer to the packaging of the purchased product.",'5.0,3
Make Up,Lips,'8076974358700,'43857705795756,Goop Beauty,Hydra Barrier Gel Gloss,https://ohmycream.co.uk/collections/make-up-lips/products/goop-beauty-hydra-barrier-gel-gloss?variant=43857705795756,https://cdn.shopify.com/s/files/1/0555/4071/1596/files/2024_10_GoopBeauty_GlossGelHydra-BarriereFig_Packshot.jpg?v=1728640267,"Complete list of ingredients

hydra-barrier gel gloss - spice polyglyceryl-2 isostearate/dimer dilinoleate copolymer, bis-diglyceryl polyacyladipate-2, octyldodecanol, diisostearyl malate, bis-behenyl/isostearyl/phytosteryl dimer dilinoleyl dimer dilinoleate, pentaerythrityl tetraisostearate, silica, polyglyceryl-10 decaisostearate, disteardimonium hectorite, palmitoyl tripeptide-1, ricinus communis (castor) seed oil, sodium hyaluronate, siraitia grosvenorii (monk fruit) fruit extract, hydrogenated castor oil, rosa canina (rose) seed extract, tocopherol, lactic acid, rosmarinus officinalis (rosemary) leaf extract, caprylic/capric triglyceride, citrus aurantium (orange) peel extract, citrus aurantium (orange) peel oil, citrus paradisi (grapefruit) peel oil, gamma undecalactone, ethylhexyl palmitate, propylene carbonate, menthone glycerin acetal, glyceryl caprylate, tribehenin, limonene, glyceryl undecylenate, sorbitan isostearate, mica, red 7 lake (ci 15850), titanium dioxide, iron oxides (ci 77491, ci 77492), blue 1 lake (ci 42090)

hydra-barrier gel gloss - glaze polyglyceryl-2 isostearate/dimer dilinoleate copolymer, bis-diglyceryl polyacyladipate-2, octyldodecanol, diisostearyl malate, bis-behenyl/isostearyl/phytosteryl dimer dilinoleyl dimer dilinoleate, pentaerythrityl tetraisostearate, silica, polyglyceryl-10 decaisostearate, disteardimonium hectorite, palmitoyl tripeptide-1, ricinus communis (castor) seed oil, sodium hyaluronate, siraitia grosvenorii (monk fruit) fruit extract, hydrogenated castor oil, rosa canina (rose) seed extract, tocopherol, lactic acid, rosmarinus officinalis (rosemary) leaf extract, caprylic/capric triglyceride, citrus aurantium (orange) peel extract, citrus aurantium (orange) peel oil, citrus paradisi (grapefruit) peel oil, gamma undecalactone, ethylhexyl palmitate, propylene carbonate, menthone glycerin acetal, glyceryl caprylate, tribehenin, limonene, glyceryl undecylenate, sorbitan isostearate, mica, red 7 lake (ci 15850), titanium dioxide, iron oxides (ci 77491)

hydra-barrier gel gloss - blossom polyglyceryl-2 isostearate/dimer dilinoleate copolymer, bis-diglyceryl polyacyladipate-2, octyldodecanol, diisostearyl malate, bis-behenyl/isostearyl/phytosteryl dimer dilinoleyl dimer dilinoleate, pentaerythrityl tetraisostearate, silica, polyglyceryl-10 decaisostearate, disteardimonium hectorite, palmitoyl tripeptide-1, ricinus communis (castor) seed oil, sodium hyaluronate, siraitia grosvenorii (monk fruit) fruit extract, hydrogenated castor oil, rosa canina (rose) seed extract, tocopherol, lactic acid, rosmarinus officinalis (rosemary) leaf extract, caprylic/capric triglyceride, citrus aurantium (orange) peel extract, citrus aurantium (orange) peel oil, citrus paradisi (grapefruit) peel oil, gamma undecalactone, ethylhexyl palmitate, propylene carbonate, menthone glycerin acetal, glyceryl caprylate, tribehenin, limonene, glyceryl undecylenate, sorbitan isostearate, mica, red 7 lake (ci 15850), titanium dioxide, iron oxides (ci 77491), blue 1 lake (ci 42090)

hydra-barrier gel gloss - lilac polyglyceryl-2 isostearate/dimer dilinoleate copolymer, bis-diglyceryl polyacyladipate-2, octyldodecanol, diisostearyl malate, bis-behenyl/isostearyl/phytosteryl dimer dilinoleyl dimer dilinoleate, pentaerythrityl tetraisostearate, silica, polyglyceryl-10 decaisostearate, disteardimonium hectorite, palmitoyl tripeptide-1, ricinus communis (castor) seed oil, sodium hyaluronate, siraitia grosvenorii (monk fruit) fruit extract, hydrogenated castor oil, rosa canina (rose) seed extract, tocopherol, lactic acid, rosmarinus officinalis (rosemary) leaf extract, caprylic/capric triglyceride, citrus aurantium (orange) peel extract, citrus aurantium (orange) peel oil, citrus paradisi (grapefruit) peel oil, gamma undecalactone, ethylhexyl palmitate, propylene carbonate, menthone glycerin acetal, glyceryl caprylate, tribehenin, limonene, glyceryl undecylenate, sorbitan isostearate, mica, red 7 lake (ci 15850), titanium dioxide, iron oxides (ci 77492), blue 1 lake (ci 42090)

hydra-barrier gel gloss - tulip polyglyceryl-2 isostearate/dimer dilinoleate copolymer, bis-diglyceryl polyacyladipate-2, octyldodecanol, diisostearyl malate, bis-behenyl/isostearyl/phytosteryl dimer dilinoleyl dimer dilinoleate, pentaerythrityl tetraisostearate, silica, polyglyceryl-10 decaisostearate, disteardimonium hectorite, palmitoyl tripeptide-1, ricinus communis (castor) seed oil, sodium hyaluronate, siraitia grosvenorii (monk fruit) fruit extract, hydrogenated castor oil, rosa canina (rose) seed extract, tocopherol, lactic acid, rosmarinus officinalis (rosemary) leaf extract, caprylic/capric triglyceride, citrus aurantium (orange) peel extract, citrus aurantium (orange) peel oil, citrus paradisi (grapefruit) peel oil, gamma undecalactone, ethylhexyl palmitate, propylene carbonate, menthone glycerin acetal, glyceryl caprylate, tribehenin, limonene, glyceryl undecylenate, sorbitan isostearate, mica, red 7 lake (ci 15850), titanium dioxide, iron oxides (ci 77492), yellow 5 lake (ci 19140)

hydra-barrier gel gloss - fig polyglyceryl-2 isostearate/dimer dilinoleate copolymer, bis-diglyceryl polyacyladipate-2, octyldodecanol, diisostearyl malate, bis-behenyl/isostearyl/phytosteryl dimer dilinoleyl dimer dilinoleate, pentaerythrityl tetraisostearate, silica, polyglyceryl-10 decaisostearate, disteardimonium hectorite, palmitoyl tripeptide-1, ricinus communis (castor) seed oil, sodium hyaluronate, siraitia grosvenorii (monk fruit) fruit extract, hydrogenated castor oil, rosa canina (rose) seed extract, tocopherol, lactic acid, rosmarinus officinalis (rosemary) leaf extract, caprylic/capric triglyceride, citrus aurantium (orange) peel extract, citrus aurantium (orange) peel oil, citrus paradisi (grapefruit) peel oil, gamma undecalactone, ethylhexyl palmitate, propylene carbonate, menthone glycerin acetal, glyceryl caprylate, tribehenin, limonene, glyceryl undecylenate, sorbitan isostearate, mica, red 7 lake (ci 15850), titanium dioxide, iron oxides (ci 77491, ci 77492), blue 1 lake (ci 42090)

this list of ingredients is subject to change; please refer to the packaging of the purchased product.",'5.0,3
Make Up,Lips,'8076974358700,'43857705762988,Goop Beauty,Hydra Barrier Gel Gloss,https://ohmycream.co.uk/collections/make-up-lips/products/goop-beauty-hydra-barrier-gel-gloss?variant=43857705762988,https://cdn.shopify.com/s/files/1/0555/4071/1596/files/2024_10_GoopBeauty_GlossGelHydra-BarriereSpice_Packshot.jpg?v=1728640267,"Complete list of ingredients

hydra-barrier gel gloss - spice polyglyceryl-2 isostearate/dimer dilinoleate copolymer, bis-diglyceryl polyacyladipate-2, octyldodecanol, diisostearyl malate, bis-behenyl/isostearyl/phytosteryl dimer dilinoleyl dimer dilinoleate, pentaerythrityl tetraisostearate, silica, polyglyceryl-10 decaisostearate, disteardimonium hectorite, palmitoyl tripeptide-1, ricinus communis (castor) seed oil, sodium hyaluronate, siraitia grosvenorii (monk fruit) fruit extract, hydrogenated castor oil, rosa canina (rose) seed extract, tocopherol, lactic acid, rosmarinus officinalis (rosemary) leaf extract, caprylic/capric triglyceride, citrus aurantium (orange) peel extract, citrus aurantium (orange) peel oil, citrus paradisi (grapefruit) peel oil, gamma undecalactone, ethylhexyl palmitate, propylene carbonate, menthone glycerin acetal, glyceryl caprylate, tribehenin, limonene, glyceryl undecylenate, sorbitan isostearate, mica, red 7 lake (ci 15850), titanium dioxide, iron oxides (ci 77491, ci 77492), blue 1 lake (ci 42090)

hydra-barrier gel gloss - glaze polyglyceryl-2 isostearate/dimer dilinoleate copolymer, bis-diglyceryl polyacyladipate-2, octyldodecanol, diisostearyl malate, bis-behenyl/isostearyl/phytosteryl dimer dilinoleyl dimer dilinoleate, pentaerythrityl tetraisostearate, silica, polyglyceryl-10 decaisostearate, disteardimonium hectorite, palmitoyl tripeptide-1, ricinus communis (castor) seed oil, sodium hyaluronate, siraitia grosvenorii (monk fruit) fruit extract, hydrogenated castor oil, rosa canina (rose) seed extract, tocopherol, lactic acid, rosmarinus officinalis (rosemary) leaf extract, caprylic/capric triglyceride, citrus aurantium (orange) peel extract, citrus aurantium (orange) peel oil, citrus paradisi (grapefruit) peel oil, gamma undecalactone, ethylhexyl palmitate, propylene carbonate, menthone glycerin acetal, glyceryl caprylate, tribehenin, limonene, glyceryl undecylenate, sorbitan isostearate, mica, red 7 lake (ci 15850), titanium dioxide, iron oxides (ci 77491)

hydra-barrier gel gloss - blossom polyglyceryl-2 isostearate/dimer dilinoleate copolymer, bis-diglyceryl polyacyladipate-2, octyldodecanol, diisostearyl malate, bis-behenyl/isostearyl/phytosteryl dimer dilinoleyl dimer dilinoleate, pentaerythrityl tetraisostearate, silica, polyglyceryl-10 decaisostearate, disteardimonium hectorite, palmitoyl tripeptide-1, ricinus communis (castor) seed oil, sodium hyaluronate, siraitia grosvenorii (monk fruit) fruit extract, hydrogenated castor oil, rosa canina (rose) seed extract, tocopherol, lactic acid, rosmarinus officinalis (rosemary) leaf extract, caprylic/capric triglyceride, citrus aurantium (orange) peel extract, citrus aurantium (orange) peel oil, citrus paradisi (grapefruit) peel oil, gamma undecalactone, ethylhexyl palmitate, propylene carbonate, menthone glycerin acetal, glyceryl caprylate, tribehenin, limonene, glyceryl undecylenate, sorbitan isostearate, mica, red 7 lake (ci 15850), titanium dioxide, iron oxides (ci 77491), blue 1 lake (ci 42090)

hydra-barrier gel gloss - lilac polyglyceryl-2 isostearate/dimer dilinoleate copolymer, bis-diglyceryl polyacyladipate-2, octyldodecanol, diisostearyl malate, bis-behenyl/isostearyl/phytosteryl dimer dilinoleyl dimer dilinoleate, pentaerythrityl tetraisostearate, silica, polyglyceryl-10 decaisostearate, disteardimonium hectorite, palmitoyl tripeptide-1, ricinus communis (castor) seed oil, sodium hyaluronate, siraitia grosvenorii (monk fruit) fruit extract, hydrogenated castor oil, rosa canina (rose) seed extract, tocopherol, lactic acid, rosmarinus officinalis (rosemary) leaf extract, caprylic/capric triglyceride, citrus aurantium (orange) peel extract, citrus aurantium (orange) peel oil, citrus paradisi (grapefruit) peel oil, gamma undecalactone, ethylhexyl palmitate, propylene carbonate, menthone glycerin acetal, glyceryl caprylate, tribehenin, limonene, glyceryl undecylenate, sorbitan isostearate, mica, red 7 lake (ci 15850), titanium dioxide, iron oxides (ci 77492), blue 1 lake (ci 42090)

hydra-barrier gel gloss - tulip polyglyceryl-2 isostearate/dimer dilinoleate copolymer, bis-diglyceryl polyacyladipate-2, octyldodecanol, diisostearyl malate, bis-behenyl/isostearyl/phytosteryl dimer dilinoleyl dimer dilinoleate, pentaerythrityl tetraisostearate, silica, polyglyceryl-10 decaisostearate, disteardimonium hectorite, palmitoyl tripeptide-1, ricinus communis (castor) seed oil, sodium hyaluronate, siraitia grosvenorii (monk fruit) fruit extract, hydrogenated castor oil, rosa canina (rose) seed extract, tocopherol, lactic acid, rosmarinus officinalis (rosemary) leaf extract, caprylic/capric triglyceride, citrus aurantium (orange) peel extract, citrus aurantium (orange) peel oil, citrus paradisi (grapefruit) peel oil, gamma undecalactone, ethylhexyl palmitate, propylene carbonate, menthone glycerin acetal, glyceryl caprylate, tribehenin, limonene, glyceryl undecylenate, sorbitan isostearate, mica, red 7 lake (ci 15850), titanium dioxide, iron oxides (ci 77492), yellow 5 lake (ci 19140)

hydra-barrier gel gloss - fig polyglyceryl-2 isostearate/dimer dilinoleate copolymer, bis-diglyceryl polyacyladipate-2, octyldodecanol, diisostearyl malate, bis-behenyl/isostearyl/phytosteryl dimer dilinoleyl dimer dilinoleate, pentaerythrityl tetraisostearate, silica, polyglyceryl-10 decaisostearate, disteardimonium hectorite, palmitoyl tripeptide-1, ricinus communis (castor) seed oil, sodium hyaluronate, siraitia grosvenorii (monk fruit) fruit extract, hydrogenated castor oil, rosa canina (rose) seed extract, tocopherol, lactic acid, rosmarinus officinalis (rosemary) leaf extract, caprylic/capric triglyceride, citrus aurantium (orange) peel extract, citrus aurantium (orange) peel oil, citrus paradisi (grapefruit) peel oil, gamma undecalactone, ethylhexyl palmitate, propylene carbonate, menthone glycerin acetal, glyceryl caprylate, tribehenin, limonene, glyceryl undecylenate, sorbitan isostearate, mica, red 7 lake (ci 15850), titanium dioxide, iron oxides (ci 77491, ci 77492), blue 1 lake (ci 42090)

this list of ingredients is subject to change; please refer to the packaging of the purchased product.",'5.0,3
Make Up,Lips,'15152511484284,'55074666643836,Les Filles En Rouje,Charme Palette,https://ohmycream.co.uk/collections/make-up-lips/products/les-filles-en-rouje-charme-palette?variant=55074666643836,https://cdn.shopify.com/s/files/1/0555/4071/1596/files/202503_LesFillesEnRouje_Palettecharme_Packshot.jpg?v=1745400940,"Complete list of ingredients

octyldodecanol, oleic/linoleic/linolenic polyglycerides, ricinus communis (castor) seed oil, dipentaerythrityl tetrahydroxystearate/tetraisostearate, butyrospermum parkii butter (butyrospermum parkii (shea) butter), silica, synthetic wax, calcium sodium borosilicate, copernicia cerifera cera (copernicia cerifera (carnauba) wax), synthetic fluorphlogopite, tocopheryl acetate, tin oxide +/- (may contain):ci 77891 (titanium dioxide), ci 15850 (red 7 lake), ci 77492 (iron oxides), ci 42090 (blue 1 lake)

this list of ingredients is subject to change; please refer to the packaging of the purchased product.",',0
Make Up,Lips,'15172259316092,'55098591445372,RMS Beauty,Legendary Lip Oil,https://ohmycream.co.uk/collections/make-up-lips/products/rms-beauty-legendary-lip-oil?variant=55098591445372,https://cdn.shopify.com/s/files/1/0555/4071/1596/files/Legendary_Lip_Oil_Karolina_RMS.jpg?v=1744791251,"Complete list of ingredients

milla

cocoglycerides, ethylcellulose, *vanilla planifolia fruit extract, mica, prunus cerasus (bitter cherry) seed oil, *simmondsia chinensis (jojoba) seed oil, *equisetum arvense (horsetail) leaf extract, *calendula officinalis (marigold) flower extract, *hypericum perforatum (st. john’s wort) flower extract, *withania somnifera (ashwagandha) root extract, *curcuma longa (turmeric) root extract, *olea europaea (olive) leaf extract, *glycyrrhiza glabra (licorice) root extract, may contain (+/-): red 7 lake (ci 15850), red 28 lake (ci 45410), red 6 (ci 15850), titanium dioxide (ci 77891), iron oxides (ci 77491, ci 77492), blue 1 lake (ci 42090), yellow 5 lake (ci 19140).

* certified organic/certifié biologique

alessandra

cocoglycerides, ethylcellulose, *vanilla planifolia fruit extract, mica, prunus cerasus (bitter cherry) seed oil, *simmondsia chinensis (jojoba) seed oil, *equisetum arvense (horsetail) leaf extract, *calendula officinalis (marigold) flower extract, *hypericum perforatum (st. john’s wort) flower extract, *withania somnifera (ashwagandha) root extract, *curcuma longa (turmeric) root extract, *olea europaea (olive) leaf extract, *glycyrrhiza glabra (licorice) root extract, may contain (+/-): red 7 lake (ci 15850), red 28 lake (ci 45410), red 6 (ci 15850), titanium dioxide (ci 77891), iron oxides (ci 77491, ci 77492), blue 1 lake (ci 42090), yellow 5 lake (ci 19140).

* certified organic/certifié biologique

elle

cocoglycerides, ethylcellulose, *vanilla planifolia fruit extract, mica, prunus cerasus (bitter cherry) seed oil, *simmondsia chinensis (jojoba) seed oil, *equisetum arvense (horsetail) leaf extract, *calendula officinalis (marigold) flower extract, *hypericum perforatum (st. john’s wort) flower extract, *withania somnifera (ashwagandha) root extract, *curcuma longa (turmeric) root extract, *olea europaea (olive) leaf extract, *glycyrrhiza glabra (licorice) root extract, may contain (+/-): red 7 lake (ci 15850), red 28 lake (ci 45410), red 6 (ci 15850), titanium dioxide (ci 77891), iron oxides (ci 77491, ci 77492), blue 1 lake (ci 42090), yellow 5 lake (ci 19140).

* certified organic/certifié biologique

karolina

cocoglycerides, ethylcellulose, *vanilla planifolia fruit extract, mica, prunus cerasus (bitter cherry) seed oil, *simmondsia chinensis (jojoba) seed oil, *equisetum arvense (horsetail) leaf extract, *calendula officinalis (marigold) flower extract, *hypericum perforatum (st. john’s wort) flower extract, *withania somnifera (ashwagandha) root extract, *curcuma longa (turmeric) root extract, *olea europaea (olive) leaf extract, *glycyrrhiza glabra (licorice) root extract, may contain (+/-): red 7 lake (ci 15850), red 28 lake (ci 45410), red 6 (ci 15850), titanium dioxide (ci 77891), iron oxides (ci 77491, ci 77492), blue 1 lake (ci 42090), yellow 5 lake (ci 19140).

* certified organic/certifié biologique

lucia

cocoglycerides, ethylcellulose, *vanilla planifolia fruit extract, mica, prunus cerasus (bitter cherry) seed oil, *simmondsia chinensis (jojoba) seed oil, *equisetum arvense (horsetail) leaf extract, *calendula officinalis (marigold) flower extract, *hypericum perforatum (st. john’s wort) flower extract, *withania somnifera (ashwagandha) root extract, *curcuma longa (turmeric) root extract, *olea europaea (olive) leaf extract, *glycyrrhiza glabra (licorice) root extract, may contain (+/-): red 7 lake (ci 15850), red 28 lake (ci 45410), red 6 (ci 15850), titanium dioxide (ci 77891), iron oxides (ci 77491, ci 77492), blue 1 lake (ci 42090), yellow 5 lake (ci 19140).

* certified organic/certifié biologique

amber

cocoglycerides, ethylcellulose, *vanilla planifolia fruit extract, mica, prunus cerasus (bitter cherry) seed oil, *simmondsia chinensis (jojoba) seed oil, *equisetum arvense (horsetail) leaf extract, *calendula officinalis (marigold) flower extract, *hypericum perforatum (st. john’s wort) flower extract, *withania somnifera (ashwagandha) root extract, *curcuma longa (turmeric) root extract, *olea europaea (olive) leaf extract, *glycyrrhiza glabra (licorice) root extract, may contain (+/-): red 7 lake (ci 15850), red 28 lake (ci 45410), red 6 (ci 15850), titanium dioxide (ci 77891), iron oxides (ci 77491, ci 77492), blue 1 lake (ci 42090), yellow 5 lake (ci 19140).

* certified organic/certifié biologique

lily

cocoglycerides, ethylcellulose, *vanilla planifolia fruit extract, mica, prunus cerasus (bitter cherry) seed oil, *simmondsia chinensis (jojoba) seed oil, *equisetum arvense (horsetail) leaf extract, *calendula officinalis (marigold) flower extract, *hypericum perforatum (st. john’s wort) flower extract, *withania somnifera (ashwagandha) root extract, *curcuma longa (turmeric) root extract, *olea europaea (olive) leaf extract, *glycyrrhiza glabra (licorice) root extract, may contain (+/-): red 7 lake (ci 15850), red 28 lake (ci 45410), red 6 (ci 15850), titanium dioxide (ci 77891), iron oxides (ci 77491, ci 77492), blue 1 lake (ci 42090), yellow 5 lake (ci 19140).

* certified organic/certifié biologique



cette liste d'ingrédients peut faire l'objet de modifications, veuillez consulter l'emballage du produit acheté.

this list of ingredients is subject to change; please refer to the packaging of the purchased product.",',0
Make Up,Lips,'15172259316092,'55098591478140,RMS Beauty,Legendary Lip Oil,https://ohmycream.co.uk/collections/make-up-lips/products/rms-beauty-legendary-lip-oil?variant=55098591478140,https://cdn.shopify.com/s/files/1/0555/4071/1596/files/Legendary_Lip_Oil_Lucia_RMS.jpg?v=1744789838,"Complete list of ingredients

milla

cocoglycerides, ethylcellulose, *vanilla planifolia fruit extract, mica, prunus cerasus (bitter cherry) seed oil, *simmondsia chinensis (jojoba) seed oil, *equisetum arvense (horsetail) leaf extract, *calendula officinalis (marigold) flower extract, *hypericum perforatum (st. john’s wort) flower extract, *withania somnifera (ashwagandha) root extract, *curcuma longa (turmeric) root extract, *olea europaea (olive) leaf extract, *glycyrrhiza glabra (licorice) root extract, may contain (+/-): red 7 lake (ci 15850), red 28 lake (ci 45410), red 6 (ci 15850), titanium dioxide (ci 77891), iron oxides (ci 77491, ci 77492), blue 1 lake (ci 42090), yellow 5 lake (ci 19140).

* certified organic/certifié biologique

alessandra

cocoglycerides, ethylcellulose, *vanilla planifolia fruit extract, mica, prunus cerasus (bitter cherry) seed oil, *simmondsia chinensis (jojoba) seed oil, *equisetum arvense (horsetail) leaf extract, *calendula officinalis (marigold) flower extract, *hypericum perforatum (st. john’s wort) flower extract, *withania somnifera (ashwagandha) root extract, *curcuma longa (turmeric) root extract, *olea europaea (olive) leaf extract, *glycyrrhiza glabra (licorice) root extract, may contain (+/-): red 7 lake (ci 15850), red 28 lake (ci 45410), red 6 (ci 15850), titanium dioxide (ci 77891), iron oxides (ci 77491, ci 77492), blue 1 lake (ci 42090), yellow 5 lake (ci 19140).

* certified organic/certifié biologique

elle

cocoglycerides, ethylcellulose, *vanilla planifolia fruit extract, mica, prunus cerasus (bitter cherry) seed oil, *simmondsia chinensis (jojoba) seed oil, *equisetum arvense (horsetail) leaf extract, *calendula officinalis (marigold) flower extract, *hypericum perforatum (st. john’s wort) flower extract, *withania somnifera (ashwagandha) root extract, *curcuma longa (turmeric) root extract, *olea europaea (olive) leaf extract, *glycyrrhiza glabra (licorice) root extract, may contain (+/-): red 7 lake (ci 15850), red 28 lake (ci 45410), red 6 (ci 15850), titanium dioxide (ci 77891), iron oxides (ci 77491, ci 77492), blue 1 lake (ci 42090), yellow 5 lake (ci 19140).

* certified organic/certifié biologique

karolina

cocoglycerides, ethylcellulose, *vanilla planifolia fruit extract, mica, prunus cerasus (bitter cherry) seed oil, *simmondsia chinensis (jojoba) seed oil, *equisetum arvense (horsetail) leaf extract, *calendula officinalis (marigold) flower extract, *hypericum perforatum (st. john’s wort) flower extract, *withania somnifera (ashwagandha) root extract, *curcuma longa (turmeric) root extract, *olea europaea (olive) leaf extract, *glycyrrhiza glabra (licorice) root extract, may contain (+/-): red 7 lake (ci 15850), red 28 lake (ci 45410), red 6 (ci 15850), titanium dioxide (ci 77891), iron oxides (ci 77491, ci 77492), blue 1 lake (ci 42090), yellow 5 lake (ci 19140).

* certified organic/certifié biologique

lucia

cocoglycerides, ethylcellulose, *vanilla planifolia fruit extract, mica, prunus cerasus (bitter cherry) seed oil, *simmondsia chinensis (jojoba) seed oil, *equisetum arvense (horsetail) leaf extract, *calendula officinalis (marigold) flower extract, *hypericum perforatum (st. john’s wort) flower extract, *withania somnifera (ashwagandha) root extract, *curcuma longa (turmeric) root extract, *olea europaea (olive) leaf extract, *glycyrrhiza glabra (licorice) root extract, may contain (+/-): red 7 lake (ci 15850), red 28 lake (ci 45410), red 6 (ci 15850), titanium dioxide (ci 77891), iron oxides (ci 77491, ci 77492), blue 1 lake (ci 42090), yellow 5 lake (ci 19140).

* certified organic/certifié biologique

amber

cocoglycerides, ethylcellulose, *vanilla planifolia fruit extract, mica, prunus cerasus (bitter cherry) seed oil, *simmondsia chinensis (jojoba) seed oil, *equisetum arvense (horsetail) leaf extract, *calendula officinalis (marigold) flower extract, *hypericum perforatum (st. john’s wort) flower extract, *withania somnifera (ashwagandha) root extract, *curcuma longa (turmeric) root extract, *olea europaea (olive) leaf extract, *glycyrrhiza glabra (licorice) root extract, may contain (+/-): red 7 lake (ci 15850), red 28 lake (ci 45410), red 6 (ci 15850), titanium dioxide (ci 77891), iron oxides (ci 77491, ci 77492), blue 1 lake (ci 42090), yellow 5 lake (ci 19140).

* certified organic/certifié biologique

lily

cocoglycerides, ethylcellulose, *vanilla planifolia fruit extract, mica, prunus cerasus (bitter cherry) seed oil, *simmondsia chinensis (jojoba) seed oil, *equisetum arvense (horsetail) leaf extract, *calendula officinalis (marigold) flower extract, *hypericum perforatum (st. john’s wort) flower extract, *withania somnifera (ashwagandha) root extract, *curcuma longa (turmeric) root extract, *olea europaea (olive) leaf extract, *glycyrrhiza glabra (licorice) root extract, may contain (+/-): red 7 lake (ci 15850), red 28 lake (ci 45410), red 6 (ci 15850), titanium dioxide (ci 77891), iron oxides (ci 77491, ci 77492), blue 1 lake (ci 42090), yellow 5 lake (ci 19140).

* certified organic/certifié biologique



cette liste d'ingrédients peut faire l'objet de modifications, veuillez consulter l'emballage du produit acheté.

this list of ingredients is subject to change; please refer to the packaging of the purchased product.",',0
Make Up,Lips,'15172259316092,'55098591510908,RMS Beauty,Legendary Lip Oil,https://ohmycream.co.uk/collections/make-up-lips/products/rms-beauty-legendary-lip-oil?variant=55098591510908,https://cdn.shopify.com/s/files/1/0555/4071/1596/files/Legendary_Lip_Oil_Lily_RMS_399f3751-95c1-4a6c-8db6-59c3042e3c4e.jpg?v=1744731438,"Complete list of ingredients

milla

cocoglycerides, ethylcellulose, *vanilla planifolia fruit extract, mica, prunus cerasus (bitter cherry) seed oil, *simmondsia chinensis (jojoba) seed oil, *equisetum arvense (horsetail) leaf extract, *calendula officinalis (marigold) flower extract, *hypericum perforatum (st. john’s wort) flower extract, *withania somnifera (ashwagandha) root extract, *curcuma longa (turmeric) root extract, *olea europaea (olive) leaf extract, *glycyrrhiza glabra (licorice) root extract, may contain (+/-): red 7 lake (ci 15850), red 28 lake (ci 45410), red 6 (ci 15850), titanium dioxide (ci 77891), iron oxides (ci 77491, ci 77492), blue 1 lake (ci 42090), yellow 5 lake (ci 19140).

* certified organic/certifié biologique

alessandra

cocoglycerides, ethylcellulose, *vanilla planifolia fruit extract, mica, prunus cerasus (bitter cherry) seed oil, *simmondsia chinensis (jojoba) seed oil, *equisetum arvense (horsetail) leaf extract, *calendula officinalis (marigold) flower extract, *hypericum perforatum (st. john’s wort) flower extract, *withania somnifera (ashwagandha) root extract, *curcuma longa (turmeric) root extract, *olea europaea (olive) leaf extract, *glycyrrhiza glabra (licorice) root extract, may contain (+/-): red 7 lake (ci 15850), red 28 lake (ci 45410), red 6 (ci 15850), titanium dioxide (ci 77891), iron oxides (ci 77491, ci 77492), blue 1 lake (ci 42090), yellow 5 lake (ci 19140).

* certified organic/certifié biologique

elle

cocoglycerides, ethylcellulose, *vanilla planifolia fruit extract, mica, prunus cerasus (bitter cherry) seed oil, *simmondsia chinensis (jojoba) seed oil, *equisetum arvense (horsetail) leaf extract, *calendula officinalis (marigold) flower extract, *hypericum perforatum (st. john’s wort) flower extract, *withania somnifera (ashwagandha) root extract, *curcuma longa (turmeric) root extract, *olea europaea (olive) leaf extract, *glycyrrhiza glabra (licorice) root extract, may contain (+/-): red 7 lake (ci 15850), red 28 lake (ci 45410), red 6 (ci 15850), titanium dioxide (ci 77891), iron oxides (ci 77491, ci 77492), blue 1 lake (ci 42090), yellow 5 lake (ci 19140).

* certified organic/certifié biologique

karolina

cocoglycerides, ethylcellulose, *vanilla planifolia fruit extract, mica, prunus cerasus (bitter cherry) seed oil, *simmondsia chinensis (jojoba) seed oil, *equisetum arvense (horsetail) leaf extract, *calendula officinalis (marigold) flower extract, *hypericum perforatum (st. john’s wort) flower extract, *withania somnifera (ashwagandha) root extract, *curcuma longa (turmeric) root extract, *olea europaea (olive) leaf extract, *glycyrrhiza glabra (licorice) root extract, may contain (+/-): red 7 lake (ci 15850), red 28 lake (ci 45410), red 6 (ci 15850), titanium dioxide (ci 77891), iron oxides (ci 77491, ci 77492), blue 1 lake (ci 42090), yellow 5 lake (ci 19140).

* certified organic/certifié biologique

lucia

cocoglycerides, ethylcellulose, *vanilla planifolia fruit extract, mica, prunus cerasus (bitter cherry) seed oil, *simmondsia chinensis (jojoba) seed oil, *equisetum arvense (horsetail) leaf extract, *calendula officinalis (marigold) flower extract, *hypericum perforatum (st. john’s wort) flower extract, *withania somnifera (ashwagandha) root extract, *curcuma longa (turmeric) root extract, *olea europaea (olive) leaf extract, *glycyrrhiza glabra (licorice) root extract, may contain (+/-): red 7 lake (ci 15850), red 28 lake (ci 45410), red 6 (ci 15850), titanium dioxide (ci 77891), iron oxides (ci 77491, ci 77492), blue 1 lake (ci 42090), yellow 5 lake (ci 19140).

* certified organic/certifié biologique

amber

cocoglycerides, ethylcellulose, *vanilla planifolia fruit extract, mica, prunus cerasus (bitter cherry) seed oil, *simmondsia chinensis (jojoba) seed oil, *equisetum arvense (horsetail) leaf extract, *calendula officinalis (marigold) flower extract, *hypericum perforatum (st. john’s wort) flower extract, *withania somnifera (ashwagandha) root extract, *curcuma longa (turmeric) root extract, *olea europaea (olive) leaf extract, *glycyrrhiza glabra (licorice) root extract, may contain (+/-): red 7 lake (ci 15850), red 28 lake (ci 45410), red 6 (ci 15850), titanium dioxide (ci 77891), iron oxides (ci 77491, ci 77492), blue 1 lake (ci 42090), yellow 5 lake (ci 19140).

* certified organic/certifié biologique

lily

cocoglycerides, ethylcellulose, *vanilla planifolia fruit extract, mica, prunus cerasus (bitter cherry) seed oil, *simmondsia chinensis (jojoba) seed oil, *equisetum arvense (horsetail) leaf extract, *calendula officinalis (marigold) flower extract, *hypericum perforatum (st. john’s wort) flower extract, *withania somnifera (ashwagandha) root extract, *curcuma longa (turmeric) root extract, *olea europaea (olive) leaf extract, *glycyrrhiza glabra (licorice) root extract, may contain (+/-): red 7 lake (ci 15850), red 28 lake (ci 45410), red 6 (ci 15850), titanium dioxide (ci 77891), iron oxides (ci 77491, ci 77492), blue 1 lake (ci 42090), yellow 5 lake (ci 19140).

* certified organic/certifié biologique



cette liste d'ingrédients peut faire l'objet de modifications, veuillez consulter l'emballage du produit acheté.

this list of ingredients is subject to change; please refer to the packaging of the purchased product.",',0
Make Up,Lips,'15172259316092,'55098591543676,RMS Beauty,Legendary Lip Oil,https://ohmycream.co.uk/collections/make-up-lips/products/rms-beauty-legendary-lip-oil?variant=55098591543676,https://cdn.shopify.com/s/files/1/0555/4071/1596/files/Legendary_Lip_Oil_Amber_RMS.jpg?v=1745499034,"Complete list of ingredients

milla

cocoglycerides, ethylcellulose, *vanilla planifolia fruit extract, mica, prunus cerasus (bitter cherry) seed oil, *simmondsia chinensis (jojoba) seed oil, *equisetum arvense (horsetail) leaf extract, *calendula officinalis (marigold) flower extract, *hypericum perforatum (st. john’s wort) flower extract, *withania somnifera (ashwagandha) root extract, *curcuma longa (turmeric) root extract, *olea europaea (olive) leaf extract, *glycyrrhiza glabra (licorice) root extract, may contain (+/-): red 7 lake (ci 15850), red 28 lake (ci 45410), red 6 (ci 15850), titanium dioxide (ci 77891), iron oxides (ci 77491, ci 77492), blue 1 lake (ci 42090), yellow 5 lake (ci 19140).

* certified organic/certifié biologique

alessandra

cocoglycerides, ethylcellulose, *vanilla planifolia fruit extract, mica, prunus cerasus (bitter cherry) seed oil, *simmondsia chinensis (jojoba) seed oil, *equisetum arvense (horsetail) leaf extract, *calendula officinalis (marigold) flower extract, *hypericum perforatum (st. john’s wort) flower extract, *withania somnifera (ashwagandha) root extract, *curcuma longa (turmeric) root extract, *olea europaea (olive) leaf extract, *glycyrrhiza glabra (licorice) root extract, may contain (+/-): red 7 lake (ci 15850), red 28 lake (ci 45410), red 6 (ci 15850), titanium dioxide (ci 77891), iron oxides (ci 77491, ci 77492), blue 1 lake (ci 42090), yellow 5 lake (ci 19140).

* certified organic/certifié biologique

elle

cocoglycerides, ethylcellulose, *vanilla planifolia fruit extract, mica, prunus cerasus (bitter cherry) seed oil, *simmondsia chinensis (jojoba) seed oil, *equisetum arvense (horsetail) leaf extract, *calendula officinalis (marigold) flower extract, *hypericum perforatum (st. john’s wort) flower extract, *withania somnifera (ashwagandha) root extract, *curcuma longa (turmeric) root extract, *olea europaea (olive) leaf extract, *glycyrrhiza glabra (licorice) root extract, may contain (+/-): red 7 lake (ci 15850), red 28 lake (ci 45410), red 6 (ci 15850), titanium dioxide (ci 77891), iron oxides (ci 77491, ci 77492), blue 1 lake (ci 42090), yellow 5 lake (ci 19140).

* certified organic/certifié biologique

karolina

cocoglycerides, ethylcellulose, *vanilla planifolia fruit extract, mica, prunus cerasus (bitter cherry) seed oil, *simmondsia chinensis (jojoba) seed oil, *equisetum arvense (horsetail) leaf extract, *calendula officinalis (marigold) flower extract, *hypericum perforatum (st. john’s wort) flower extract, *withania somnifera (ashwagandha) root extract, *curcuma longa (turmeric) root extract, *olea europaea (olive) leaf extract, *glycyrrhiza glabra (licorice) root extract, may contain (+/-): red 7 lake (ci 15850), red 28 lake (ci 45410), red 6 (ci 15850), titanium dioxide (ci 77891), iron oxides (ci 77491, ci 77492), blue 1 lake (ci 42090), yellow 5 lake (ci 19140).

* certified organic/certifié biologique

lucia

cocoglycerides, ethylcellulose, *vanilla planifolia fruit extract, mica, prunus cerasus (bitter cherry) seed oil, *simmondsia chinensis (jojoba) seed oil, *equisetum arvense (horsetail) leaf extract, *calendula officinalis (marigold) flower extract, *hypericum perforatum (st. john’s wort) flower extract, *withania somnifera (ashwagandha) root extract, *curcuma longa (turmeric) root extract, *olea europaea (olive) leaf extract, *glycyrrhiza glabra (licorice) root extract, may contain (+/-): red 7 lake (ci 15850), red 28 lake (ci 45410), red 6 (ci 15850), titanium dioxide (ci 77891), iron oxides (ci 77491, ci 77492), blue 1 lake (ci 42090), yellow 5 lake (ci 19140).

* certified organic/certifié biologique

amber

cocoglycerides, ethylcellulose, *vanilla planifolia fruit extract, mica, prunus cerasus (bitter cherry) seed oil, *simmondsia chinensis (jojoba) seed oil, *equisetum arvense (horsetail) leaf extract, *calendula officinalis (marigold) flower extract, *hypericum perforatum (st. john’s wort) flower extract, *withania somnifera (ashwagandha) root extract, *curcuma longa (turmeric) root extract, *olea europaea (olive) leaf extract, *glycyrrhiza glabra (licorice) root extract, may contain (+/-): red 7 lake (ci 15850), red 28 lake (ci 45410), red 6 (ci 15850), titanium dioxide (ci 77891), iron oxides (ci 77491, ci 77492), blue 1 lake (ci 42090), yellow 5 lake (ci 19140).

* certified organic/certifié biologique

lily

cocoglycerides, ethylcellulose, *vanilla planifolia fruit extract, mica, prunus cerasus (bitter cherry) seed oil, *simmondsia chinensis (jojoba) seed oil, *equisetum arvense (horsetail) leaf extract, *calendula officinalis (marigold) flower extract, *hypericum perforatum (st. john’s wort) flower extract, *withania somnifera (ashwagandha) root extract, *curcuma longa (turmeric) root extract, *olea europaea (olive) leaf extract, *glycyrrhiza glabra (licorice) root extract, may contain (+/-): red 7 lake (ci 15850), red 28 lake (ci 45410), red 6 (ci 15850), titanium dioxide (ci 77891), iron oxides (ci 77491, ci 77492), blue 1 lake (ci 42090), yellow 5 lake (ci 19140).

* certified organic/certifié biologique



cette liste d'ingrédients peut faire l'objet de modifications, veuillez consulter l'emballage du produit acheté.

this list of ingredients is subject to change; please refer to the packaging of the purchased product.",',0
Make Up,Lips,'15172259316092,'55098591576444,RMS Beauty,Legendary Lip Oil,https://ohmycream.co.uk/collections/make-up-lips/products/rms-beauty-legendary-lip-oil?variant=55098591576444,https://cdn.shopify.com/s/files/1/0555/4071/1596/files/Legendary_Lip_Oil_Milla_RMS.jpg?v=1745499034,"Complete list of ingredients

milla

cocoglycerides, ethylcellulose, *vanilla planifolia fruit extract, mica, prunus cerasus (bitter cherry) seed oil, *simmondsia chinensis (jojoba) seed oil, *equisetum arvense (horsetail) leaf extract, *calendula officinalis (marigold) flower extract, *hypericum perforatum (st. john’s wort) flower extract, *withania somnifera (ashwagandha) root extract, *curcuma longa (turmeric) root extract, *olea europaea (olive) leaf extract, *glycyrrhiza glabra (licorice) root extract, may contain (+/-): red 7 lake (ci 15850), red 28 lake (ci 45410), red 6 (ci 15850), titanium dioxide (ci 77891), iron oxides (ci 77491, ci 77492), blue 1 lake (ci 42090), yellow 5 lake (ci 19140).

* certified organic/certifié biologique

alessandra

cocoglycerides, ethylcellulose, *vanilla planifolia fruit extract, mica, prunus cerasus (bitter cherry) seed oil, *simmondsia chinensis (jojoba) seed oil, *equisetum arvense (horsetail) leaf extract, *calendula officinalis (marigold) flower extract, *hypericum perforatum (st. john’s wort) flower extract, *withania somnifera (ashwagandha) root extract, *curcuma longa (turmeric) root extract, *olea europaea (olive) leaf extract, *glycyrrhiza glabra (licorice) root extract, may contain (+/-): red 7 lake (ci 15850), red 28 lake (ci 45410), red 6 (ci 15850), titanium dioxide (ci 77891), iron oxides (ci 77491, ci 77492), blue 1 lake (ci 42090), yellow 5 lake (ci 19140).

* certified organic/certifié biologique

elle

cocoglycerides, ethylcellulose, *vanilla planifolia fruit extract, mica, prunus cerasus (bitter cherry) seed oil, *simmondsia chinensis (jojoba) seed oil, *equisetum arvense (horsetail) leaf extract, *calendula officinalis (marigold) flower extract, *hypericum perforatum (st. john’s wort) flower extract, *withania somnifera (ashwagandha) root extract, *curcuma longa (turmeric) root extract, *olea europaea (olive) leaf extract, *glycyrrhiza glabra (licorice) root extract, may contain (+/-): red 7 lake (ci 15850), red 28 lake (ci 45410), red 6 (ci 15850), titanium dioxide (ci 77891), iron oxides (ci 77491, ci 77492), blue 1 lake (ci 42090), yellow 5 lake (ci 19140).

* certified organic/certifié biologique

karolina

cocoglycerides, ethylcellulose, *vanilla planifolia fruit extract, mica, prunus cerasus (bitter cherry) seed oil, *simmondsia chinensis (jojoba) seed oil, *equisetum arvense (horsetail) leaf extract, *calendula officinalis (marigold) flower extract, *hypericum perforatum (st. john’s wort) flower extract, *withania somnifera (ashwagandha) root extract, *curcuma longa (turmeric) root extract, *olea europaea (olive) leaf extract, *glycyrrhiza glabra (licorice) root extract, may contain (+/-): red 7 lake (ci 15850), red 28 lake (ci 45410), red 6 (ci 15850), titanium dioxide (ci 77891), iron oxides (ci 77491, ci 77492), blue 1 lake (ci 42090), yellow 5 lake (ci 19140).

* certified organic/certifié biologique

lucia

cocoglycerides, ethylcellulose, *vanilla planifolia fruit extract, mica, prunus cerasus (bitter cherry) seed oil, *simmondsia chinensis (jojoba) seed oil, *equisetum arvense (horsetail) leaf extract, *calendula officinalis (marigold) flower extract, *hypericum perforatum (st. john’s wort) flower extract, *withania somnifera (ashwagandha) root extract, *curcuma longa (turmeric) root extract, *olea europaea (olive) leaf extract, *glycyrrhiza glabra (licorice) root extract, may contain (+/-): red 7 lake (ci 15850), red 28 lake (ci 45410), red 6 (ci 15850), titanium dioxide (ci 77891), iron oxides (ci 77491, ci 77492), blue 1 lake (ci 42090), yellow 5 lake (ci 19140).

* certified organic/certifié biologique

amber

cocoglycerides, ethylcellulose, *vanilla planifolia fruit extract, mica, prunus cerasus (bitter cherry) seed oil, *simmondsia chinensis (jojoba) seed oil, *equisetum arvense (horsetail) leaf extract, *calendula officinalis (marigold) flower extract, *hypericum perforatum (st. john’s wort) flower extract, *withania somnifera (ashwagandha) root extract, *curcuma longa (turmeric) root extract, *olea europaea (olive) leaf extract, *glycyrrhiza glabra (licorice) root extract, may contain (+/-): red 7 lake (ci 15850), red 28 lake (ci 45410), red 6 (ci 15850), titanium dioxide (ci 77891), iron oxides (ci 77491, ci 77492), blue 1 lake (ci 42090), yellow 5 lake (ci 19140).

* certified organic/certifié biologique

lily

cocoglycerides, ethylcellulose, *vanilla planifolia fruit extract, mica, prunus cerasus (bitter cherry) seed oil, *simmondsia chinensis (jojoba) seed oil, *equisetum arvense (horsetail) leaf extract, *calendula officinalis (marigold) flower extract, *hypericum perforatum (st. john’s wort) flower extract, *withania somnifera (ashwagandha) root extract, *curcuma longa (turmeric) root extract, *olea europaea (olive) leaf extract, *glycyrrhiza glabra (licorice) root extract, may contain (+/-): red 7 lake (ci 15850), red 28 lake (ci 45410), red 6 (ci 15850), titanium dioxide (ci 77891), iron oxides (ci 77491, ci 77492), blue 1 lake (ci 42090), yellow 5 lake (ci 19140).

* certified organic/certifié biologique



cette liste d'ingrédients peut faire l'objet de modifications, veuillez consulter l'emballage du produit acheté.

this list of ingredients is subject to change; please refer to the packaging of the purchased product.",',0
Make Up,Lips,'15172259316092,'55098591609212,RMS Beauty,Legendary Lip Oil,https://ohmycream.co.uk/collections/make-up-lips/products/rms-beauty-legendary-lip-oil?variant=55098591609212,https://cdn.shopify.com/s/files/1/0555/4071/1596/files/Legendary_Lip_Oil_Alessandra_RMS.jpg?v=1745499034,"Complete list of ingredients

milla

cocoglycerides, ethylcellulose, *vanilla planifolia fruit extract, mica, prunus cerasus (bitter cherry) seed oil, *simmondsia chinensis (jojoba) seed oil, *equisetum arvense (horsetail) leaf extract, *calendula officinalis (marigold) flower extract, *hypericum perforatum (st. john’s wort) flower extract, *withania somnifera (ashwagandha) root extract, *curcuma longa (turmeric) root extract, *olea europaea (olive) leaf extract, *glycyrrhiza glabra (licorice) root extract, may contain (+/-): red 7 lake (ci 15850), red 28 lake (ci 45410), red 6 (ci 15850), titanium dioxide (ci 77891), iron oxides (ci 77491, ci 77492), blue 1 lake (ci 42090), yellow 5 lake (ci 19140).

* certified organic/certifié biologique

alessandra

cocoglycerides, ethylcellulose, *vanilla planifolia fruit extract, mica, prunus cerasus (bitter cherry) seed oil, *simmondsia chinensis (jojoba) seed oil, *equisetum arvense (horsetail) leaf extract, *calendula officinalis (marigold) flower extract, *hypericum perforatum (st. john’s wort) flower extract, *withania somnifera (ashwagandha) root extract, *curcuma longa (turmeric) root extract, *olea europaea (olive) leaf extract, *glycyrrhiza glabra (licorice) root extract, may contain (+/-): red 7 lake (ci 15850), red 28 lake (ci 45410), red 6 (ci 15850), titanium dioxide (ci 77891), iron oxides (ci 77491, ci 77492), blue 1 lake (ci 42090), yellow 5 lake (ci 19140).

* certified organic/certifié biologique

elle

cocoglycerides, ethylcellulose, *vanilla planifolia fruit extract, mica, prunus cerasus (bitter cherry) seed oil, *simmondsia chinensis (jojoba) seed oil, *equisetum arvense (horsetail) leaf extract, *calendula officinalis (marigold) flower extract, *hypericum perforatum (st. john’s wort) flower extract, *withania somnifera (ashwagandha) root extract, *curcuma longa (turmeric) root extract, *olea europaea (olive) leaf extract, *glycyrrhiza glabra (licorice) root extract, may contain (+/-): red 7 lake (ci 15850), red 28 lake (ci 45410), red 6 (ci 15850), titanium dioxide (ci 77891), iron oxides (ci 77491, ci 77492), blue 1 lake (ci 42090), yellow 5 lake (ci 19140).

* certified organic/certifié biologique

karolina

cocoglycerides, ethylcellulose, *vanilla planifolia fruit extract, mica, prunus cerasus (bitter cherry) seed oil, *simmondsia chinensis (jojoba) seed oil, *equisetum arvense (horsetail) leaf extract, *calendula officinalis (marigold) flower extract, *hypericum perforatum (st. john’s wort) flower extract, *withania somnifera (ashwagandha) root extract, *curcuma longa (turmeric) root extract, *olea europaea (olive) leaf extract, *glycyrrhiza glabra (licorice) root extract, may contain (+/-): red 7 lake (ci 15850), red 28 lake (ci 45410), red 6 (ci 15850), titanium dioxide (ci 77891), iron oxides (ci 77491, ci 77492), blue 1 lake (ci 42090), yellow 5 lake (ci 19140).

* certified organic/certifié biologique

lucia

cocoglycerides, ethylcellulose, *vanilla planifolia fruit extract, mica, prunus cerasus (bitter cherry) seed oil, *simmondsia chinensis (jojoba) seed oil, *equisetum arvense (horsetail) leaf extract, *calendula officinalis (marigold) flower extract, *hypericum perforatum (st. john’s wort) flower extract, *withania somnifera (ashwagandha) root extract, *curcuma longa (turmeric) root extract, *olea europaea (olive) leaf extract, *glycyrrhiza glabra (licorice) root extract, may contain (+/-): red 7 lake (ci 15850), red 28 lake (ci 45410), red 6 (ci 15850), titanium dioxide (ci 77891), iron oxides (ci 77491, ci 77492), blue 1 lake (ci 42090), yellow 5 lake (ci 19140).

* certified organic/certifié biologique

amber

cocoglycerides, ethylcellulose, *vanilla planifolia fruit extract, mica, prunus cerasus (bitter cherry) seed oil, *simmondsia chinensis (jojoba) seed oil, *equisetum arvense (horsetail) leaf extract, *calendula officinalis (marigold) flower extract, *hypericum perforatum (st. john’s wort) flower extract, *withania somnifera (ashwagandha) root extract, *curcuma longa (turmeric) root extract, *olea europaea (olive) leaf extract, *glycyrrhiza glabra (licorice) root extract, may contain (+/-): red 7 lake (ci 15850), red 28 lake (ci 45410), red 6 (ci 15850), titanium dioxide (ci 77891), iron oxides (ci 77491, ci 77492), blue 1 lake (ci 42090), yellow 5 lake (ci 19140).

* certified organic/certifié biologique

lily

cocoglycerides, ethylcellulose, *vanilla planifolia fruit extract, mica, prunus cerasus (bitter cherry) seed oil, *simmondsia chinensis (jojoba) seed oil, *equisetum arvense (horsetail) leaf extract, *calendula officinalis (marigold) flower extract, *hypericum perforatum (st. john’s wort) flower extract, *withania somnifera (ashwagandha) root extract, *curcuma longa (turmeric) root extract, *olea europaea (olive) leaf extract, *glycyrrhiza glabra (licorice) root extract, may contain (+/-): red 7 lake (ci 15850), red 28 lake (ci 45410), red 6 (ci 15850), titanium dioxide (ci 77891), iron oxides (ci 77491, ci 77492), blue 1 lake (ci 42090), yellow 5 lake (ci 19140).

* certified organic/certifié biologique



cette liste d'ingrédients peut faire l'objet de modifications, veuillez consulter l'emballage du produit acheté.

this list of ingredients is subject to change; please refer to the packaging of the purchased product.",',0
Make Up,Lips,'15172259316092,'55098591641980,RMS Beauty,Legendary Lip Oil,https://ohmycream.co.uk/collections/make-up-lips/products/rms-beauty-legendary-lip-oil?variant=55098591641980,https://cdn.shopify.com/s/files/1/0555/4071/1596/files/Legendary_Lip_Oil_Elle_RMS.jpg?v=1744790541,"Complete list of ingredients

milla

cocoglycerides, ethylcellulose, *vanilla planifolia fruit extract, mica, prunus cerasus (bitter cherry) seed oil, *simmondsia chinensis (jojoba) seed oil, *equisetum arvense (horsetail) leaf extract, *calendula officinalis (marigold) flower extract, *hypericum perforatum (st. john’s wort) flower extract, *withania somnifera (ashwagandha) root extract, *curcuma longa (turmeric) root extract, *olea europaea (olive) leaf extract, *glycyrrhiza glabra (licorice) root extract, may contain (+/-): red 7 lake (ci 15850), red 28 lake (ci 45410), red 6 (ci 15850), titanium dioxide (ci 77891), iron oxides (ci 77491, ci 77492), blue 1 lake (ci 42090), yellow 5 lake (ci 19140).

* certified organic/certifié biologique

alessandra

cocoglycerides, ethylcellulose, *vanilla planifolia fruit extract, mica, prunus cerasus (bitter cherry) seed oil, *simmondsia chinensis (jojoba) seed oil, *equisetum arvense (horsetail) leaf extract, *calendula officinalis (marigold) flower extract, *hypericum perforatum (st. john’s wort) flower extract, *withania somnifera (ashwagandha) root extract, *curcuma longa (turmeric) root extract, *olea europaea (olive) leaf extract, *glycyrrhiza glabra (licorice) root extract, may contain (+/-): red 7 lake (ci 15850), red 28 lake (ci 45410), red 6 (ci 15850), titanium dioxide (ci 77891), iron oxides (ci 77491, ci 77492), blue 1 lake (ci 42090), yellow 5 lake (ci 19140).

* certified organic/certifié biologique

elle

cocoglycerides, ethylcellulose, *vanilla planifolia fruit extract, mica, prunus cerasus (bitter cherry) seed oil, *simmondsia chinensis (jojoba) seed oil, *equisetum arvense (horsetail) leaf extract, *calendula officinalis (marigold) flower extract, *hypericum perforatum (st. john’s wort) flower extract, *withania somnifera (ashwagandha) root extract, *curcuma longa (turmeric) root extract, *olea europaea (olive) leaf extract, *glycyrrhiza glabra (licorice) root extract, may contain (+/-): red 7 lake (ci 15850), red 28 lake (ci 45410), red 6 (ci 15850), titanium dioxide (ci 77891), iron oxides (ci 77491, ci 77492), blue 1 lake (ci 42090), yellow 5 lake (ci 19140).

* certified organic/certifié biologique

karolina

cocoglycerides, ethylcellulose, *vanilla planifolia fruit extract, mica, prunus cerasus (bitter cherry) seed oil, *simmondsia chinensis (jojoba) seed oil, *equisetum arvense (horsetail) leaf extract, *calendula officinalis (marigold) flower extract, *hypericum perforatum (st. john’s wort) flower extract, *withania somnifera (ashwagandha) root extract, *curcuma longa (turmeric) root extract, *olea europaea (olive) leaf extract, *glycyrrhiza glabra (licorice) root extract, may contain (+/-): red 7 lake (ci 15850), red 28 lake (ci 45410), red 6 (ci 15850), titanium dioxide (ci 77891), iron oxides (ci 77491, ci 77492), blue 1 lake (ci 42090), yellow 5 lake (ci 19140).

* certified organic/certifié biologique

lucia

cocoglycerides, ethylcellulose, *vanilla planifolia fruit extract, mica, prunus cerasus (bitter cherry) seed oil, *simmondsia chinensis (jojoba) seed oil, *equisetum arvense (horsetail) leaf extract, *calendula officinalis (marigold) flower extract, *hypericum perforatum (st. john’s wort) flower extract, *withania somnifera (ashwagandha) root extract, *curcuma longa (turmeric) root extract, *olea europaea (olive) leaf extract, *glycyrrhiza glabra (licorice) root extract, may contain (+/-): red 7 lake (ci 15850), red 28 lake (ci 45410), red 6 (ci 15850), titanium dioxide (ci 77891), iron oxides (ci 77491, ci 77492), blue 1 lake (ci 42090), yellow 5 lake (ci 19140).

* certified organic/certifié biologique

amber

cocoglycerides, ethylcellulose, *vanilla planifolia fruit extract, mica, prunus cerasus (bitter cherry) seed oil, *simmondsia chinensis (jojoba) seed oil, *equisetum arvense (horsetail) leaf extract, *calendula officinalis (marigold) flower extract, *hypericum perforatum (st. john’s wort) flower extract, *withania somnifera (ashwagandha) root extract, *curcuma longa (turmeric) root extract, *olea europaea (olive) leaf extract, *glycyrrhiza glabra (licorice) root extract, may contain (+/-): red 7 lake (ci 15850), red 28 lake (ci 45410), red 6 (ci 15850), titanium dioxide (ci 77891), iron oxides (ci 77491, ci 77492), blue 1 lake (ci 42090), yellow 5 lake (ci 19140).

* certified organic/certifié biologique

lily

cocoglycerides, ethylcellulose, *vanilla planifolia fruit extract, mica, prunus cerasus (bitter cherry) seed oil, *simmondsia chinensis (jojoba) seed oil, *equisetum arvense (horsetail) leaf extract, *calendula officinalis (marigold) flower extract, *hypericum perforatum (st. john’s wort) flower extract, *withania somnifera (ashwagandha) root extract, *curcuma longa (turmeric) root extract, *olea europaea (olive) leaf extract, *glycyrrhiza glabra (licorice) root extract, may contain (+/-): red 7 lake (ci 15850), red 28 lake (ci 45410), red 6 (ci 15850), titanium dioxide (ci 77891), iron oxides (ci 77491, ci 77492), blue 1 lake (ci 42090), yellow 5 lake (ci 19140).

* certified organic/certifié biologique



cette liste d'ingrédients peut faire l'objet de modifications, veuillez consulter l'emballage du produit acheté.

this list of ingredients is subject to change; please refer to the packaging of the purchased product.",',0
Make Up,Lips,'15172259316092,'55098591674748,RMS Beauty,Legendary Lip Oil,https://ohmycream.co.uk/collections/make-up-lips/products/rms-beauty-legendary-lip-oil?variant=55098591674748,https://cdn.shopify.com/s/files/1/0555/4071/1596/files/Legendary_Lip_Oil_Adrianna_RMS.jpg?v=1745499034,"Complete list of ingredients

milla

cocoglycerides, ethylcellulose, *vanilla planifolia fruit extract, mica, prunus cerasus (bitter cherry) seed oil, *simmondsia chinensis (jojoba) seed oil, *equisetum arvense (horsetail) leaf extract, *calendula officinalis (marigold) flower extract, *hypericum perforatum (st. john’s wort) flower extract, *withania somnifera (ashwagandha) root extract, *curcuma longa (turmeric) root extract, *olea europaea (olive) leaf extract, *glycyrrhiza glabra (licorice) root extract, may contain (+/-): red 7 lake (ci 15850), red 28 lake (ci 45410), red 6 (ci 15850), titanium dioxide (ci 77891), iron oxides (ci 77491, ci 77492), blue 1 lake (ci 42090), yellow 5 lake (ci 19140).

* certified organic/certifié biologique

alessandra

cocoglycerides, ethylcellulose, *vanilla planifolia fruit extract, mica, prunus cerasus (bitter cherry) seed oil, *simmondsia chinensis (jojoba) seed oil, *equisetum arvense (horsetail) leaf extract, *calendula officinalis (marigold) flower extract, *hypericum perforatum (st. john’s wort) flower extract, *withania somnifera (ashwagandha) root extract, *curcuma longa (turmeric) root extract, *olea europaea (olive) leaf extract, *glycyrrhiza glabra (licorice) root extract, may contain (+/-): red 7 lake (ci 15850), red 28 lake (ci 45410), red 6 (ci 15850), titanium dioxide (ci 77891), iron oxides (ci 77491, ci 77492), blue 1 lake (ci 42090), yellow 5 lake (ci 19140).

* certified organic/certifié biologique

elle

cocoglycerides, ethylcellulose, *vanilla planifolia fruit extract, mica, prunus cerasus (bitter cherry) seed oil, *simmondsia chinensis (jojoba) seed oil, *equisetum arvense (horsetail) leaf extract, *calendula officinalis (marigold) flower extract, *hypericum perforatum (st. john’s wort) flower extract, *withania somnifera (ashwagandha) root extract, *curcuma longa (turmeric) root extract, *olea europaea (olive) leaf extract, *glycyrrhiza glabra (licorice) root extract, may contain (+/-): red 7 lake (ci 15850), red 28 lake (ci 45410), red 6 (ci 15850), titanium dioxide (ci 77891), iron oxides (ci 77491, ci 77492), blue 1 lake (ci 42090), yellow 5 lake (ci 19140).

* certified organic/certifié biologique

karolina

cocoglycerides, ethylcellulose, *vanilla planifolia fruit extract, mica, prunus cerasus (bitter cherry) seed oil, *simmondsia chinensis (jojoba) seed oil, *equisetum arvense (horsetail) leaf extract, *calendula officinalis (marigold) flower extract, *hypericum perforatum (st. john’s wort) flower extract, *withania somnifera (ashwagandha) root extract, *curcuma longa (turmeric) root extract, *olea europaea (olive) leaf extract, *glycyrrhiza glabra (licorice) root extract, may contain (+/-): red 7 lake (ci 15850), red 28 lake (ci 45410), red 6 (ci 15850), titanium dioxide (ci 77891), iron oxides (ci 77491, ci 77492), blue 1 lake (ci 42090), yellow 5 lake (ci 19140).

* certified organic/certifié biologique

lucia

cocoglycerides, ethylcellulose, *vanilla planifolia fruit extract, mica, prunus cerasus (bitter cherry) seed oil, *simmondsia chinensis (jojoba) seed oil, *equisetum arvense (horsetail) leaf extract, *calendula officinalis (marigold) flower extract, *hypericum perforatum (st. john’s wort) flower extract, *withania somnifera (ashwagandha) root extract, *curcuma longa (turmeric) root extract, *olea europaea (olive) leaf extract, *glycyrrhiza glabra (licorice) root extract, may contain (+/-): red 7 lake (ci 15850), red 28 lake (ci 45410), red 6 (ci 15850), titanium dioxide (ci 77891), iron oxides (ci 77491, ci 77492), blue 1 lake (ci 42090), yellow 5 lake (ci 19140).

* certified organic/certifié biologique

amber

cocoglycerides, ethylcellulose, *vanilla planifolia fruit extract, mica, prunus cerasus (bitter cherry) seed oil, *simmondsia chinensis (jojoba) seed oil, *equisetum arvense (horsetail) leaf extract, *calendula officinalis (marigold) flower extract, *hypericum perforatum (st. john’s wort) flower extract, *withania somnifera (ashwagandha) root extract, *curcuma longa (turmeric) root extract, *olea europaea (olive) leaf extract, *glycyrrhiza glabra (licorice) root extract, may contain (+/-): red 7 lake (ci 15850), red 28 lake (ci 45410), red 6 (ci 15850), titanium dioxide (ci 77891), iron oxides (ci 77491, ci 77492), blue 1 lake (ci 42090), yellow 5 lake (ci 19140).

* certified organic/certifié biologique

lily

cocoglycerides, ethylcellulose, *vanilla planifolia fruit extract, mica, prunus cerasus (bitter cherry) seed oil, *simmondsia chinensis (jojoba) seed oil, *equisetum arvense (horsetail) leaf extract, *calendula officinalis (marigold) flower extract, *hypericum perforatum (st. john’s wort) flower extract, *withania somnifera (ashwagandha) root extract, *curcuma longa (turmeric) root extract, *olea europaea (olive) leaf extract, *glycyrrhiza glabra (licorice) root extract, may contain (+/-): red 7 lake (ci 15850), red 28 lake (ci 45410), red 6 (ci 15850), titanium dioxide (ci 77891), iron oxides (ci 77491, ci 77492), blue 1 lake (ci 42090), yellow 5 lake (ci 19140).

* certified organic/certifié biologique



cette liste d'ingrédients peut faire l'objet de modifications, veuillez consulter l'emballage du produit acheté.

this list of ingredients is subject to change; please refer to the packaging of the purchased product.",',0
Make Up,Lips,'14826564452732,'55032129487228,Victoria Beckham Beauty,Lip Definer,https://ohmycream.co.uk/collections/make-up-lips/products/victoria-beckham-beauty-lip-definer?variant=55032129487228,https://cdn.shopify.com/s/files/1/0555/4071/1596/files/202502_Victoria_Beckham_Beauty_Lip_Definer_No_01_Packshot.jpg?v=1742306336,"Complete list of ingredients

n02 c10-18 triglycerides, mica, hydrogenated vegetable oil, caprylic/capric triglyceride, synthetic japan wax, ethylhexyl palmitate, tocopherol, tribehenin, ascorbyl palmitate, sorbitan isostearate, lactic acid, palmitoyl tripeptide-1. may contain / peut contenir / (+/-) : titanium dioxide (ci 77891), iron oxides (ci 77491, ci 77492, ci 77499), red 6 (ci 15850), red 7 (ci 15850), red 7 lake (ci 15850), manganese violet (ci 77742)

n03 c10-18 triglycerides, mica, hydrogenated vegetable oil, caprylic/capric triglyceride, synthetic japan wax, ethylhexyl palmitate, tocopherol, tribehenin, ascorbyl palmitate, sorbitan isostearate, lactic acid, palmitoyl tripeptide-1. may contain / peut contenir / (+/-) : titanium dioxide (ci 77891), iron oxides (ci 77491, ci 77492, ci 77499), red 6 (ci 15850), red 7 (ci 15850), red 7 lake (ci 15850), manganese violet (ci 77742)

n04 c10-18 triglycerides, mica, hydrogenated vegetable oil, caprylic/capric triglyceride, synthetic japan wax, ethylhexyl palmitate, tocopherol, tribehenin, ascorbyl palmitate, sorbitan isostearate, lactic acid, palmitoyl tripeptide-1. may contain / peut contenir / (+/-) : titanium dioxide (ci 77891), iron oxides (ci 77491, ci 77492, ci 77499), red 6 (ci 15850), red 7 (ci 15850), red 7 lake (ci 15850), manganese violet (ci 77742)

n05 ingredients / ingrédients : c10-18 triglycerides, mica, hydrogenated vegetable oil, caprylic/capric triglyceride, synthetic japan wax, ethylhexyl palmitate, tocopherol, tribehenin, ascorbyl palmitate, sorbitan isostearate, lactic acid, palmitoyl tripeptide-1. may contain / peut contenir / (+/-) : titanium dioxide (ci 77891), iron oxides (ci 77491, ci 77492, ci 77499), red 6 (ci 15850), red 7 (ci 15850), red 7 lake (ci 15850), manganese violet (ci 77742), yellow 5 lake (ci 19140).

red c10-18 triglycerides, mica, hydrogenated vegetable oil, caprylic/capric triglyceride, synthetic japan wax, ethylhexyl palmitate, tocopherol, tribehenin, ascorbyl palmitate, sorbitan isostearate, lactic acid, palmitoyl tripeptide-1. may contain / peut contenir / (+/-) : titanium dioxide (ci 77891), iron oxides (ci 77491, ci 77492, ci 77499), red 6 (ci 15850), red 7 (ci 15850), red 7 lake (ci 15850), manganese violet (ci 77742)",'4.5,6
Make Up,Lips,'14826564452732,'54698990109052,Victoria Beckham Beauty,Lip Definer,https://ohmycream.co.uk/collections/make-up-lips/products/victoria-beckham-beauty-lip-definer?variant=54698990109052,https://cdn.shopify.com/s/files/1/0555/4071/1596/files/2024_11_VictoriaBeckhamBeauty_LipDefiner04_Packshot.jpg?v=1742306336,"Complete list of ingredients

n02 c10-18 triglycerides, mica, hydrogenated vegetable oil, caprylic/capric triglyceride, synthetic japan wax, ethylhexyl palmitate, tocopherol, tribehenin, ascorbyl palmitate, sorbitan isostearate, lactic acid, palmitoyl tripeptide-1. may contain / peut contenir / (+/-) : titanium dioxide (ci 77891), iron oxides (ci 77491, ci 77492, ci 77499), red 6 (ci 15850), red 7 (ci 15850), red 7 lake (ci 15850), manganese violet (ci 77742)

n03 c10-18 triglycerides, mica, hydrogenated vegetable oil, caprylic/capric triglyceride, synthetic japan wax, ethylhexyl palmitate, tocopherol, tribehenin, ascorbyl palmitate, sorbitan isostearate, lactic acid, palmitoyl tripeptide-1. may contain / peut contenir / (+/-) : titanium dioxide (ci 77891), iron oxides (ci 77491, ci 77492, ci 77499), red 6 (ci 15850), red 7 (ci 15850), red 7 lake (ci 15850), manganese violet (ci 77742)

n04 c10-18 triglycerides, mica, hydrogenated vegetable oil, caprylic/capric triglyceride, synthetic japan wax, ethylhexyl palmitate, tocopherol, tribehenin, ascorbyl palmitate, sorbitan isostearate, lactic acid, palmitoyl tripeptide-1. may contain / peut contenir / (+/-) : titanium dioxide (ci 77891), iron oxides (ci 77491, ci 77492, ci 77499), red 6 (ci 15850), red 7 (ci 15850), red 7 lake (ci 15850), manganese violet (ci 77742)

n05 ingredients / ingrédients : c10-18 triglycerides, mica, hydrogenated vegetable oil, caprylic/capric triglyceride, synthetic japan wax, ethylhexyl palmitate, tocopherol, tribehenin, ascorbyl palmitate, sorbitan isostearate, lactic acid, palmitoyl tripeptide-1. may contain / peut contenir / (+/-) : titanium dioxide (ci 77891), iron oxides (ci 77491, ci 77492, ci 77499), red 6 (ci 15850), red 7 (ci 15850), red 7 lake (ci 15850), manganese violet (ci 77742), yellow 5 lake (ci 19140).

red c10-18 triglycerides, mica, hydrogenated vegetable oil, caprylic/capric triglyceride, synthetic japan wax, ethylhexyl palmitate, tocopherol, tribehenin, ascorbyl palmitate, sorbitan isostearate, lactic acid, palmitoyl tripeptide-1. may contain / peut contenir / (+/-) : titanium dioxide (ci 77891), iron oxides (ci 77491, ci 77492, ci 77499), red 6 (ci 15850), red 7 (ci 15850), red 7 lake (ci 15850), manganese violet (ci 77742)",'4.5,6
Make Up,Lips,'14826564452732,'54698990174588,Victoria Beckham Beauty,Lip Definer,https://ohmycream.co.uk/collections/make-up-lips/products/victoria-beckham-beauty-lip-definer?variant=54698990174588,https://cdn.shopify.com/s/files/1/0555/4071/1596/files/2024_11_VictoriaBeckhamBeauty_LipDefiner05_Packshot.jpg?v=1742306336,"Complete list of ingredients

n02 c10-18 triglycerides, mica, hydrogenated vegetable oil, caprylic/capric triglyceride, synthetic japan wax, ethylhexyl palmitate, tocopherol, tribehenin, ascorbyl palmitate, sorbitan isostearate, lactic acid, palmitoyl tripeptide-1. may contain / peut contenir / (+/-) : titanium dioxide (ci 77891), iron oxides (ci 77491, ci 77492, ci 77499), red 6 (ci 15850), red 7 (ci 15850), red 7 lake (ci 15850), manganese violet (ci 77742)

n03 c10-18 triglycerides, mica, hydrogenated vegetable oil, caprylic/capric triglyceride, synthetic japan wax, ethylhexyl palmitate, tocopherol, tribehenin, ascorbyl palmitate, sorbitan isostearate, lactic acid, palmitoyl tripeptide-1. may contain / peut contenir / (+/-) : titanium dioxide (ci 77891), iron oxides (ci 77491, ci 77492, ci 77499), red 6 (ci 15850), red 7 (ci 15850), red 7 lake (ci 15850), manganese violet (ci 77742)

n04 c10-18 triglycerides, mica, hydrogenated vegetable oil, caprylic/capric triglyceride, synthetic japan wax, ethylhexyl palmitate, tocopherol, tribehenin, ascorbyl palmitate, sorbitan isostearate, lactic acid, palmitoyl tripeptide-1. may contain / peut contenir / (+/-) : titanium dioxide (ci 77891), iron oxides (ci 77491, ci 77492, ci 77499), red 6 (ci 15850), red 7 (ci 15850), red 7 lake (ci 15850), manganese violet (ci 77742)

n05 ingredients / ingrédients : c10-18 triglycerides, mica, hydrogenated vegetable oil, caprylic/capric triglyceride, synthetic japan wax, ethylhexyl palmitate, tocopherol, tribehenin, ascorbyl palmitate, sorbitan isostearate, lactic acid, palmitoyl tripeptide-1. may contain / peut contenir / (+/-) : titanium dioxide (ci 77891), iron oxides (ci 77491, ci 77492, ci 77499), red 6 (ci 15850), red 7 (ci 15850), red 7 lake (ci 15850), manganese violet (ci 77742), yellow 5 lake (ci 19140).

red c10-18 triglycerides, mica, hydrogenated vegetable oil, caprylic/capric triglyceride, synthetic japan wax, ethylhexyl palmitate, tocopherol, tribehenin, ascorbyl palmitate, sorbitan isostearate, lactic acid, palmitoyl tripeptide-1. may contain / peut contenir / (+/-) : titanium dioxide (ci 77891), iron oxides (ci 77491, ci 77492, ci 77499), red 6 (ci 15850), red 7 (ci 15850), red 7 lake (ci 15850), manganese violet (ci 77742)",'4.5,6
Make Up,Lips,'14826564452732,'53625023463804,Victoria Beckham Beauty,Lip Definer,https://ohmycream.co.uk/collections/make-up-lips/products/victoria-beckham-beauty-lip-definer?variant=53625023463804,https://cdn.shopify.com/s/files/1/0555/4071/1596/files/2024_11_VictoriaBeckhamBeauty_LipDefinerRed_Packshot.jpg?v=1742306336,"Complete list of ingredients

n02 c10-18 triglycerides, mica, hydrogenated vegetable oil, caprylic/capric triglyceride, synthetic japan wax, ethylhexyl palmitate, tocopherol, tribehenin, ascorbyl palmitate, sorbitan isostearate, lactic acid, palmitoyl tripeptide-1. may contain / peut contenir / (+/-) : titanium dioxide (ci 77891), iron oxides (ci 77491, ci 77492, ci 77499), red 6 (ci 15850), red 7 (ci 15850), red 7 lake (ci 15850), manganese violet (ci 77742)

n03 c10-18 triglycerides, mica, hydrogenated vegetable oil, caprylic/capric triglyceride, synthetic japan wax, ethylhexyl palmitate, tocopherol, tribehenin, ascorbyl palmitate, sorbitan isostearate, lactic acid, palmitoyl tripeptide-1. may contain / peut contenir / (+/-) : titanium dioxide (ci 77891), iron oxides (ci 77491, ci 77492, ci 77499), red 6 (ci 15850), red 7 (ci 15850), red 7 lake (ci 15850), manganese violet (ci 77742)

n04 c10-18 triglycerides, mica, hydrogenated vegetable oil, caprylic/capric triglyceride, synthetic japan wax, ethylhexyl palmitate, tocopherol, tribehenin, ascorbyl palmitate, sorbitan isostearate, lactic acid, palmitoyl tripeptide-1. may contain / peut contenir / (+/-) : titanium dioxide (ci 77891), iron oxides (ci 77491, ci 77492, ci 77499), red 6 (ci 15850), red 7 (ci 15850), red 7 lake (ci 15850), manganese violet (ci 77742)

n05 ingredients / ingrédients : c10-18 triglycerides, mica, hydrogenated vegetable oil, caprylic/capric triglyceride, synthetic japan wax, ethylhexyl palmitate, tocopherol, tribehenin, ascorbyl palmitate, sorbitan isostearate, lactic acid, palmitoyl tripeptide-1. may contain / peut contenir / (+/-) : titanium dioxide (ci 77891), iron oxides (ci 77491, ci 77492, ci 77499), red 6 (ci 15850), red 7 (ci 15850), red 7 lake (ci 15850), manganese violet (ci 77742), yellow 5 lake (ci 19140).

red c10-18 triglycerides, mica, hydrogenated vegetable oil, caprylic/capric triglyceride, synthetic japan wax, ethylhexyl palmitate, tocopherol, tribehenin, ascorbyl palmitate, sorbitan isostearate, lactic acid, palmitoyl tripeptide-1. may contain / peut contenir / (+/-) : titanium dioxide (ci 77891), iron oxides (ci 77491, ci 77492, ci 77499), red 6 (ci 15850), red 7 (ci 15850), red 7 lake (ci 15850), manganese violet (ci 77742)",'4.5,6
Make Up,Lips,'14826564452732,'54698990141820,Victoria Beckham Beauty,Lip Definer,https://ohmycream.co.uk/collections/make-up-lips/products/victoria-beckham-beauty-lip-definer?variant=54698990141820,https://cdn.shopify.com/s/files/1/0555/4071/1596/files/2024_11_VictoriaBeckhamBeauty_LipDefiner02_Packshot.jpg?v=1742306336,"Complete list of ingredients

n02 c10-18 triglycerides, mica, hydrogenated vegetable oil, caprylic/capric triglyceride, synthetic japan wax, ethylhexyl palmitate, tocopherol, tribehenin, ascorbyl palmitate, sorbitan isostearate, lactic acid, palmitoyl tripeptide-1. may contain / peut contenir / (+/-) : titanium dioxide (ci 77891), iron oxides (ci 77491, ci 77492, ci 77499), red 6 (ci 15850), red 7 (ci 15850), red 7 lake (ci 15850), manganese violet (ci 77742)

n03 c10-18 triglycerides, mica, hydrogenated vegetable oil, caprylic/capric triglyceride, synthetic japan wax, ethylhexyl palmitate, tocopherol, tribehenin, ascorbyl palmitate, sorbitan isostearate, lactic acid, palmitoyl tripeptide-1. may contain / peut contenir / (+/-) : titanium dioxide (ci 77891), iron oxides (ci 77491, ci 77492, ci 77499), red 6 (ci 15850), red 7 (ci 15850), red 7 lake (ci 15850), manganese violet (ci 77742)

n04 c10-18 triglycerides, mica, hydrogenated vegetable oil, caprylic/capric triglyceride, synthetic japan wax, ethylhexyl palmitate, tocopherol, tribehenin, ascorbyl palmitate, sorbitan isostearate, lactic acid, palmitoyl tripeptide-1. may contain / peut contenir / (+/-) : titanium dioxide (ci 77891), iron oxides (ci 77491, ci 77492, ci 77499), red 6 (ci 15850), red 7 (ci 15850), red 7 lake (ci 15850), manganese violet (ci 77742)

n05 ingredients / ingrédients : c10-18 triglycerides, mica, hydrogenated vegetable oil, caprylic/capric triglyceride, synthetic japan wax, ethylhexyl palmitate, tocopherol, tribehenin, ascorbyl palmitate, sorbitan isostearate, lactic acid, palmitoyl tripeptide-1. may contain / peut contenir / (+/-) : titanium dioxide (ci 77891), iron oxides (ci 77491, ci 77492, ci 77499), red 6 (ci 15850), red 7 (ci 15850), red 7 lake (ci 15850), manganese violet (ci 77742), yellow 5 lake (ci 19140).

red c10-18 triglycerides, mica, hydrogenated vegetable oil, caprylic/capric triglyceride, synthetic japan wax, ethylhexyl palmitate, tocopherol, tribehenin, ascorbyl palmitate, sorbitan isostearate, lactic acid, palmitoyl tripeptide-1. may contain / peut contenir / (+/-) : titanium dioxide (ci 77891), iron oxides (ci 77491, ci 77492, ci 77499), red 6 (ci 15850), red 7 (ci 15850), red 7 lake (ci 15850), manganese violet (ci 77742)",'4.5,6
Make Up,Lips,'14826564452732,'54698990207356,Victoria Beckham Beauty,Lip Definer,https://ohmycream.co.uk/collections/make-up-lips/products/victoria-beckham-beauty-lip-definer?variant=54698990207356,https://cdn.shopify.com/s/files/1/0555/4071/1596/files/2024_11_VictoriaBeckhamBeauty_LipDefiner03_Packshot.jpg?v=1742306336,"Complete list of ingredients

n02 c10-18 triglycerides, mica, hydrogenated vegetable oil, caprylic/capric triglyceride, synthetic japan wax, ethylhexyl palmitate, tocopherol, tribehenin, ascorbyl palmitate, sorbitan isostearate, lactic acid, palmitoyl tripeptide-1. may contain / peut contenir / (+/-) : titanium dioxide (ci 77891), iron oxides (ci 77491, ci 77492, ci 77499), red 6 (ci 15850), red 7 (ci 15850), red 7 lake (ci 15850), manganese violet (ci 77742)

n03 c10-18 triglycerides, mica, hydrogenated vegetable oil, caprylic/capric triglyceride, synthetic japan wax, ethylhexyl palmitate, tocopherol, tribehenin, ascorbyl palmitate, sorbitan isostearate, lactic acid, palmitoyl tripeptide-1. may contain / peut contenir / (+/-) : titanium dioxide (ci 77891), iron oxides (ci 77491, ci 77492, ci 77499), red 6 (ci 15850), red 7 (ci 15850), red 7 lake (ci 15850), manganese violet (ci 77742)

n04 c10-18 triglycerides, mica, hydrogenated vegetable oil, caprylic/capric triglyceride, synthetic japan wax, ethylhexyl palmitate, tocopherol, tribehenin, ascorbyl palmitate, sorbitan isostearate, lactic acid, palmitoyl tripeptide-1. may contain / peut contenir / (+/-) : titanium dioxide (ci 77891), iron oxides (ci 77491, ci 77492, ci 77499), red 6 (ci 15850), red 7 (ci 15850), red 7 lake (ci 15850), manganese violet (ci 77742)

n05 ingredients / ingrédients : c10-18 triglycerides, mica, hydrogenated vegetable oil, caprylic/capric triglyceride, synthetic japan wax, ethylhexyl palmitate, tocopherol, tribehenin, ascorbyl palmitate, sorbitan isostearate, lactic acid, palmitoyl tripeptide-1. may contain / peut contenir / (+/-) : titanium dioxide (ci 77891), iron oxides (ci 77491, ci 77492, ci 77499), red 6 (ci 15850), red 7 (ci 15850), red 7 lake (ci 15850), manganese violet (ci 77742), yellow 5 lake (ci 19140).

red c10-18 triglycerides, mica, hydrogenated vegetable oil, caprylic/capric triglyceride, synthetic japan wax, ethylhexyl palmitate, tocopherol, tribehenin, ascorbyl palmitate, sorbitan isostearate, lactic acid, palmitoyl tripeptide-1. may contain / peut contenir / (+/-) : titanium dioxide (ci 77891), iron oxides (ci 77491, ci 77492, ci 77499), red 6 (ci 15850), red 7 (ci 15850), red 7 lake (ci 15850), manganese violet (ci 77742)",'4.5,6
Make Up,Lips,'8087401037996,'43897036636332,Les Filles En Rouje,Desire Lip Palette,https://ohmycream.co.uk/collections/make-up-lips/products/les-filles-en-rouje-desire-lip-palette?variant=43897036636332,https://cdn.shopify.com/s/files/1/0555/4071/1596/files/2024_10_LesFillsenRouje_PaletteLevresDesir_Packshot.jpg?v=1730797890,Complete list of ingredients,'4.7,3
Make Up,Lips,'8017857970348,'43692098355372,L:a Bruket,Goodnight Lip Balm 311,https://ohmycream.co.uk/collections/make-up-lips/products/l-a-bruket-goodnight-lip-balm-311?variant=43692098355372,https://cdn.shopify.com/s/files/1/0555/4071/1596/files/2024_09_LA_Bruket_Goodnight_Lip_Balm_311_Packshot.jpg?v=1726146283,Complete list of ingredients,'4.5,6
Make Up,Lips,'15204592812412,'55132390195580,Dr. Hauschka,Lip Care Stick,https://ohmycream.co.uk/collections/make-up-lips/products/dr-hauschka-lip-care-stick?variant=55132390195580,https://cdn.shopify.com/s/files/1/0555/4071/1596/files/202504_Dr_Hauschka_Lip_Care_Stick_Packshot.png?v=1745326780,"Complete list of ingredients

ricinus communis (castor) seed oil, rosa canina (rose hip) fruit extract, simmondsia chinensis (jojoba) seed oil, lanolin,beeswax/cera alba, daucus carota sativa (carrot) root extract, butyrospermum parkii (shea butter), euphorbia cerifera (candelilla) wax, copernicia cerifera (carnauba) wax, rosa damascena (rose) extract, prunus amygdalus dulcis (sweet almond) oil, anthyllis vulneraria extract, cetyl alcohol, prunus armeniaca (apricot) kernel oil, hydrogenated jojoba oil (jojoba wax), fragrance (parfum), limonene*, citronellol*, geraniol*, citral*, linalool*, farnesol*, rosa damascena (rose) flower wax, lecithin. * component of natural essential oils.

this list of ingredients is subject to change; please refer to the packaging of the purchased product.",'5.0,2
Make Up,Lips,'7383241425068,'41811443810476,Ilia,Balmy Tint Hydrating Lip Balm,https://ohmycream.co.uk/collections/make-up-lips/products/ilia-balmy-tint-hydrating-lip-balm?variant=41811443810476,https://cdn.shopify.com/s/files/1/0555/4071/1596/products/Ilia_Balmy-Tint-Hydrating-Lip-Balm--Hold_Me_TINY.jpg?v=1698160758,"Complete list of ingredients

ricinus communis (castor) seed oil, cera alba/beeswax/cire d'abeille, helianthus annuus (sunflower) seed oil, octyldodecanol, butyrospermum parkii (shea) butter, polyhydroxystearic acid, candelilla cera/euphorbia cerifera (candelilla) wax/cire de candelilla, mica, oryza sativa (rice) bran extract, jojoba esters, rosa canina seed oil, simmondsia chinensis (jojoba) seed oil, caprylic/capric triglyceride, helianthus annuus (sunflower) seed wax, theobroma cacao (cocoa) seed butter, citrus aurantium dulcis (orange) peel cera/wax, olea europaea (olive) fruit oil, persea gratissima (avocado) oil, helianthus annuus (sunflower) extract, vanillin, caprylyl glycol, ethylhexylglycerin, tocopheryl acetate, rosmarinus officinalis (rosemary) leaf extract, tocopherol, acacia decurrens flower cera/wax, polyglycerin-3, salicornia herbacea extract. may contain/peut contenir (±): ci 15850 (red 7 lake), ci 73360 (red 30 lake), ci 77491, ci 77492, ci 77499 (iron oxides), ci 77891 (titanium dioxide), ci 77742 (manganese violet), ci 16035 (red 40 lake).

this list of ingredients is subject to change; please refer to the packaging of the purchased product.",'4.7,137
Make Up,Lips,'7383241425068,'41811443876012,Ilia,Balmy Tint Hydrating Lip Balm,https://ohmycream.co.uk/collections/make-up-lips/products/ilia-balmy-tint-hydrating-lip-balm?variant=41811443876012,https://cdn.shopify.com/s/files/1/0555/4071/1596/products/Ilia_Balmy-Tint-Hydrating-Lip-Balm--Lullaby_TINY.jpg?v=1698160758,"Complete list of ingredients

ricinus communis (castor) seed oil, cera alba/beeswax/cire d'abeille, helianthus annuus (sunflower) seed oil, octyldodecanol, butyrospermum parkii (shea) butter, polyhydroxystearic acid, candelilla cera/euphorbia cerifera (candelilla) wax/cire de candelilla, mica, oryza sativa (rice) bran extract, jojoba esters, rosa canina seed oil, simmondsia chinensis (jojoba) seed oil, caprylic/capric triglyceride, helianthus annuus (sunflower) seed wax, theobroma cacao (cocoa) seed butter, citrus aurantium dulcis (orange) peel cera/wax, olea europaea (olive) fruit oil, persea gratissima (avocado) oil, helianthus annuus (sunflower) extract, vanillin, caprylyl glycol, ethylhexylglycerin, tocopheryl acetate, rosmarinus officinalis (rosemary) leaf extract, tocopherol, acacia decurrens flower cera/wax, polyglycerin-3, salicornia herbacea extract. may contain/peut contenir (±): ci 15850 (red 7 lake), ci 73360 (red 30 lake), ci 77491, ci 77492, ci 77499 (iron oxides), ci 77891 (titanium dioxide), ci 77742 (manganese violet), ci 16035 (red 40 lake).

this list of ingredients is subject to change; please refer to the packaging of the purchased product.",'4.7,137
Make Up,Lips,'7383241425068,'41811443712172,Ilia,Balmy Tint Hydrating Lip Balm,https://ohmycream.co.uk/collections/make-up-lips/products/ilia-balmy-tint-hydrating-lip-balm?variant=41811443712172,https://cdn.shopify.com/s/files/1/0555/4071/1596/products/Ilia_Balmy-Tint-Hydrating-Lip-Balm--Runaway_TINY.jpg?v=1698160758,"Complete list of ingredients

ricinus communis (castor) seed oil, cera alba/beeswax/cire d'abeille, helianthus annuus (sunflower) seed oil, octyldodecanol, butyrospermum parkii (shea) butter, polyhydroxystearic acid, candelilla cera/euphorbia cerifera (candelilla) wax/cire de candelilla, mica, oryza sativa (rice) bran extract, jojoba esters, rosa canina seed oil, simmondsia chinensis (jojoba) seed oil, caprylic/capric triglyceride, helianthus annuus (sunflower) seed wax, theobroma cacao (cocoa) seed butter, citrus aurantium dulcis (orange) peel cera/wax, olea europaea (olive) fruit oil, persea gratissima (avocado) oil, helianthus annuus (sunflower) extract, vanillin, caprylyl glycol, ethylhexylglycerin, tocopheryl acetate, rosmarinus officinalis (rosemary) leaf extract, tocopherol, acacia decurrens flower cera/wax, polyglycerin-3, salicornia herbacea extract. may contain/peut contenir (±): ci 15850 (red 7 lake), ci 73360 (red 30 lake), ci 77491, ci 77492, ci 77499 (iron oxides), ci 77891 (titanium dioxide), ci 77742 (manganese violet), ci 16035 (red 40 lake).

this list of ingredients is subject to change; please refer to the packaging of the purchased product.",'4.7,137
Make Up,Lips,'7383241425068,'41811443744940,Ilia,Balmy Tint Hydrating Lip Balm,https://ohmycream.co.uk/collections/make-up-lips/products/ilia-balmy-tint-hydrating-lip-balm?variant=41811443744940,https://cdn.shopify.com/s/files/1/0555/4071/1596/products/Ilia_Balmy-Tint-Hydrating-Lip-Balm--Memoir_TINY.jpg?v=1698160758,"Complete list of ingredients

ricinus communis (castor) seed oil, cera alba/beeswax/cire d'abeille, helianthus annuus (sunflower) seed oil, octyldodecanol, butyrospermum parkii (shea) butter, polyhydroxystearic acid, candelilla cera/euphorbia cerifera (candelilla) wax/cire de candelilla, mica, oryza sativa (rice) bran extract, jojoba esters, rosa canina seed oil, simmondsia chinensis (jojoba) seed oil, caprylic/capric triglyceride, helianthus annuus (sunflower) seed wax, theobroma cacao (cocoa) seed butter, citrus aurantium dulcis (orange) peel cera/wax, olea europaea (olive) fruit oil, persea gratissima (avocado) oil, helianthus annuus (sunflower) extract, vanillin, caprylyl glycol, ethylhexylglycerin, tocopheryl acetate, rosmarinus officinalis (rosemary) leaf extract, tocopherol, acacia decurrens flower cera/wax, polyglycerin-3, salicornia herbacea extract. may contain/peut contenir (±): ci 15850 (red 7 lake), ci 73360 (red 30 lake), ci 77491, ci 77492, ci 77499 (iron oxides), ci 77891 (titanium dioxide), ci 77742 (manganese violet), ci 16035 (red 40 lake).

this list of ingredients is subject to change; please refer to the packaging of the purchased product.",'4.7,137
Make Up,Lips,'7383241425068,'41811443843244,Ilia,Balmy Tint Hydrating Lip Balm,https://ohmycream.co.uk/collections/make-up-lips/products/ilia-balmy-tint-hydrating-lip-balm?variant=41811443843244,https://cdn.shopify.com/s/files/1/0555/4071/1596/products/Ilia_Balmy-Tint-Hydrating-Lip-Balm--Heartbeats_TINY.jpg?v=1698160758,"Complete list of ingredients

ricinus communis (castor) seed oil, cera alba/beeswax/cire d'abeille, helianthus annuus (sunflower) seed oil, octyldodecanol, butyrospermum parkii (shea) butter, polyhydroxystearic acid, candelilla cera/euphorbia cerifera (candelilla) wax/cire de candelilla, mica, oryza sativa (rice) bran extract, jojoba esters, rosa canina seed oil, simmondsia chinensis (jojoba) seed oil, caprylic/capric triglyceride, helianthus annuus (sunflower) seed wax, theobroma cacao (cocoa) seed butter, citrus aurantium dulcis (orange) peel cera/wax, olea europaea (olive) fruit oil, persea gratissima (avocado) oil, helianthus annuus (sunflower) extract, vanillin, caprylyl glycol, ethylhexylglycerin, tocopheryl acetate, rosmarinus officinalis (rosemary) leaf extract, tocopherol, acacia decurrens flower cera/wax, polyglycerin-3, salicornia herbacea extract. may contain/peut contenir (±): ci 15850 (red 7 lake), ci 73360 (red 30 lake), ci 77491, ci 77492, ci 77499 (iron oxides), ci 77891 (titanium dioxide), ci 77742 (manganese violet), ci 16035 (red 40 lake).

this list of ingredients is subject to change; please refer to the packaging of the purchased product.",'4.7,137
Make Up,Lips,'7383241425068,'41811443777708,Ilia,Balmy Tint Hydrating Lip Balm,https://ohmycream.co.uk/collections/make-up-lips/products/ilia-balmy-tint-hydrating-lip-balm?variant=41811443777708,https://cdn.shopify.com/s/files/1/0555/4071/1596/products/Ilia_Balmy-Tint-Hydrating-Lip-Balm--Lady_TINY.jpg?v=1698160758,"Complete list of ingredients

ricinus communis (castor) seed oil, cera alba/beeswax/cire d'abeille, helianthus annuus (sunflower) seed oil, octyldodecanol, butyrospermum parkii (shea) butter, polyhydroxystearic acid, candelilla cera/euphorbia cerifera (candelilla) wax/cire de candelilla, mica, oryza sativa (rice) bran extract, jojoba esters, rosa canina seed oil, simmondsia chinensis (jojoba) seed oil, caprylic/capric triglyceride, helianthus annuus (sunflower) seed wax, theobroma cacao (cocoa) seed butter, citrus aurantium dulcis (orange) peel cera/wax, olea europaea (olive) fruit oil, persea gratissima (avocado) oil, helianthus annuus (sunflower) extract, vanillin, caprylyl glycol, ethylhexylglycerin, tocopheryl acetate, rosmarinus officinalis (rosemary) leaf extract, tocopherol, acacia decurrens flower cera/wax, polyglycerin-3, salicornia herbacea extract. may contain/peut contenir (±): ci 15850 (red 7 lake), ci 73360 (red 30 lake), ci 77491, ci 77492, ci 77499 (iron oxides), ci 77891 (titanium dioxide), ci 77742 (manganese violet), ci 16035 (red 40 lake).

this list of ingredients is subject to change; please refer to the packaging of the purchased product.",'4.7,137
Make Up,Lips,'7383241425068,'41811443679404,Ilia,Balmy Tint Hydrating Lip Balm,https://ohmycream.co.uk/collections/make-up-lips/products/ilia-balmy-tint-hydrating-lip-balm?variant=41811443679404,https://cdn.shopify.com/s/files/1/0555/4071/1596/products/Ilia_Balmy-Tint-Hydrating-Lip-Balm---Wanderlust_TINY.jpg?v=1698160758,"Complete list of ingredients

ricinus communis (castor) seed oil, cera alba/beeswax/cire d'abeille, helianthus annuus (sunflower) seed oil, octyldodecanol, butyrospermum parkii (shea) butter, polyhydroxystearic acid, candelilla cera/euphorbia cerifera (candelilla) wax/cire de candelilla, mica, oryza sativa (rice) bran extract, jojoba esters, rosa canina seed oil, simmondsia chinensis (jojoba) seed oil, caprylic/capric triglyceride, helianthus annuus (sunflower) seed wax, theobroma cacao (cocoa) seed butter, citrus aurantium dulcis (orange) peel cera/wax, olea europaea (olive) fruit oil, persea gratissima (avocado) oil, helianthus annuus (sunflower) extract, vanillin, caprylyl glycol, ethylhexylglycerin, tocopheryl acetate, rosmarinus officinalis (rosemary) leaf extract, tocopherol, acacia decurrens flower cera/wax, polyglycerin-3, salicornia herbacea extract. may contain/peut contenir (±): ci 15850 (red 7 lake), ci 73360 (red 30 lake), ci 77491, ci 77492, ci 77499 (iron oxides), ci 77891 (titanium dioxide), ci 77742 (manganese violet), ci 16035 (red 40 lake).

this list of ingredients is subject to change; please refer to the packaging of the purchased product.",'4.7,137
Make Up,Lips,'7383241425068,'41811443908780,Ilia,Balmy Tint Hydrating Lip Balm,https://ohmycream.co.uk/collections/make-up-lips/products/ilia-balmy-tint-hydrating-lip-balm?variant=41811443908780,https://cdn.shopify.com/s/files/1/0555/4071/1596/products/Ilia_Balmy-Tint-Hydrating-Lip-Balm--Faded_TINY.jpg?v=1698160758,"Complete list of ingredients

ricinus communis (castor) seed oil, cera alba/beeswax/cire d'abeille, helianthus annuus (sunflower) seed oil, octyldodecanol, butyrospermum parkii (shea) butter, polyhydroxystearic acid, candelilla cera/euphorbia cerifera (candelilla) wax/cire de candelilla, mica, oryza sativa (rice) bran extract, jojoba esters, rosa canina seed oil, simmondsia chinensis (jojoba) seed oil, caprylic/capric triglyceride, helianthus annuus (sunflower) seed wax, theobroma cacao (cocoa) seed butter, citrus aurantium dulcis (orange) peel cera/wax, olea europaea (olive) fruit oil, persea gratissima (avocado) oil, helianthus annuus (sunflower) extract, vanillin, caprylyl glycol, ethylhexylglycerin, tocopheryl acetate, rosmarinus officinalis (rosemary) leaf extract, tocopherol, acacia decurrens flower cera/wax, polyglycerin-3, salicornia herbacea extract. may contain/peut contenir (±): ci 15850 (red 7 lake), ci 73360 (red 30 lake), ci 77491, ci 77492, ci 77499 (iron oxides), ci 77891 (titanium dioxide), ci 77742 (manganese violet), ci 16035 (red 40 lake).

this list of ingredients is subject to change; please refer to the packaging of the purchased product.",'4.7,137
Make Up,Lips,'7608735727788,'42534115049644,Les Filles En Rouje,Warm Lip Palette,https://ohmycream.co.uk/collections/make-up-lips/products/les-filles-en-rouje-warm-lip-palette?variant=42534115049644,https://cdn.shopify.com/s/files/1/0555/4071/1596/products/LaPaletteLevresChaleur_LesFillesenRouje.jpg?v=1681904377,"Complete list of ingredients

ricinus communis seed oil, caprylic/capric triglyceride, bis-diglyceryl polyacyladipate-2, nylon-12, cera alba, c18-36 acid glycol ester, silica dimethyl silylate, glycine soja oil, tocopherol. [+/-]: ci 15850, ci 19140, ci 42090, ci 45380, ci 77491, ci 77492, ci 77499, ci 77891

this list of ingredients is subject to change; please refer to the packaging of the purchased product.",'5.0,2
Make Up,Lips,'14949784846716,'54909096788348,Goop Beauty,The Nourishing Rich Lip Mask,https://ohmycream.co.uk/collections/make-up-lips/products/goop-beauty-the-nourishing-rich-lip-mask?variant=54909096788348,https://cdn.shopify.com/s/files/1/0555/4071/1596/files/NourishingLipRepairMask_GOOP.jpg?v=1738165598,"Complete list of ingredients

ricinus communis (castor) seed oil, bis-diglyceryl polyacyladipate-2, polyhydroxystearic acid, caprylic/capric triglyceride, behenyl behenate, synthetic beeswax, prunus amygdalus dulcis (sweet almond) oil, triheptanoin, coco-caprylate/caprate, cetearyl ethylhexanoate, citrus aurantium dulcis (sweet orange) peel oil, limonene, euphorbia cerifera (candelilla) wax, helianthus annuus (sunflower) seed oil, euterpe oleracea (acai) sterols, ficus carica (fig) seed oil, ceramide np, caprylyl glycol, butyrospermum parkii (shea) butter, dilinoleic acid/butanediol copolymer, helianthus annuus (sunflower) seed wax, tocopheryl acetate, amyl cinnamal, ionone, glyceryl laurate, glyceryl undecylenate, siraitia grosvenorii (monk fruit) fruit extract, allyl caproate, barosma betulina (buchu) leaf oil, castor oil/ipdi copolymer, ethyl butyrate, geranyl acetate, mentha viridis (spearmint) leaf oil, raspberry ketone, rose ketone-4 (damascenone), citral, linoleic acid, linalool, oleic acid, linolenic acid.

this list of ingredients is subject to change; please refer to the packaging of the purchased product.",',0
Make Up,Lips,'7528780824748,'42249146499244,Oh My Cream Skincare,Lip Tinted Balm,https://ohmycream.co.uk/collections/make-up-lips/products/lip-tinted-balm?variant=42249146499244,https://cdn.shopify.com/s/files/1/0555/4071/1596/products/Packshot_Baume-Teinte_Rose_OMCS_d5b9a6ff-e9d0-4ae1-965b-af5345d23ae0.jpg?v=1669388635,"Complete list of ingredients

lip tinted balm pink : bis-diglyceryl polyacyladipate-2, caprylic/capric triglyceride, octyldodecanol, isononyl isononanoate, cera alba (beeswax), tridecyl trimellitate, isostearyl neopentanoate, helianthus annuus seed cera (helianthus annuus (sunflower) seed wax), dicalcium phosphate, hydrogenated vegetable oil, ricinus communis seed oil (ricinus communis (castor) seed oil), butyrospermum parkii butter (butyrospermum parkii (shea) butter), candelilla cera (euphorbia cerifera (candelilla) wax), copernicia cerifera cera (copernicia cerifera (carnauba) wax), hydrogenated olive oil, rhus verniciflua peel cera (rhus verniciflua peel wax), hydrogenated rice bran wax, hydrogenated castor oil, olea europaea fruit oil (olea europaea (olive) fruit oil), prunus amygdalus dulcis oil (prunus amygdalus dulcis (sweet almond) oil), disteardimonium hectorite, persea gratissima oil (persea gratissima (avocado) oil), oryza sativa bran cera (oryza sativa (rice) bran wax), olea europaea oil unsaponifiables (olea europaea (olive) oil unsaponifiables), ethyl vanillin, tocopheryl acetate, pentaerythrityl tetra-di-t-butyl hydroxyhydrocinnamate, sorbitan tristearate, hydrolyzed sodium hyaluronate, sodium hyaluronate. +/- (may contain): ci 77891 (titanium dioxide), ci 15985 (yellow 6 lake), ci 77491 (iron oxides), ci 45410 (red 28 lake), ci 42090 (blue 1 lake).

lip tinted balm raspberry : bis-diglyceryl polyacyladipate-2, caprylic/capric triglyceride, octyldodecanol, isononyl isononanoate, cera alba (beeswax), tridecyl trimellitate, isostearyl neopentanoate, dicalcium phosphate, helianthus annuus seed cera (helianthus annuus (sunflower) seed wax), hydrogenated vegetable oil, ricinus communis seed oil (ricinus communis (castor) seed oil), butyrospermum parkii butter (butyrospermum parkii (shea) butter), candelilla cera (euphorbia cerifera (candelilla) wax), copernicia cerifera cera (copernicia cerifera (carnauba) wax), hydrogenated olive oil, rhus verniciflua peel cera (rhus verniciflua peel wax), hydrogenated rice bran wax, hydrogenated castor oil, olea europaea fruit oil (olea europaea (olive) fruit oil), prunus amygdalus dulcis oil (prunus amygdalus dulcis (sweet almond) oil), disteardimonium hectorite, persea gratissima oil (persea gratissima (avocado) oil), oryza sativa bran cera (oryza sativa (rice) bran wax), olea europaea oil unsaponifiables (olea europaea (olive) oil unsaponifiables), ethyl vanillin, tocopheryl acetate, pentaerythrityl tetra-di-t-butyl hydroxyhydrocinnamate, sorbitan tristearate, hydrolyzed sodium hyaluronate, sodium hyaluronate. +/- (may contain): ci 15850 (red 7 lake), ci 77491 (iron oxides), ci 77891 (titanium dioxide), ci 15850 (red 6), ci 42090 (blue 1 lake).

lip tinted balm red : bis-diglyceryl polyacyladipate-2, caprylic/capric triglyceride, octyldodecanol, isononyl isononanoate, cera alba (beeswax), tridecyl trimellitate, isostearyl neopentanoate, helianthus annuus seed cera (helianthus annuus (sunflower) seed wax), dicalcium phosphate, hydrogenated vegetable oil, ricinus communis seed oil (ricinus communis (castor) seed oil), butyrospermum parkii butter (butyrospermum parkii (shea) butter), candelilla cera (euphorbia cerifera (candelilla) wax), copernicia cerifera cera (copernicia cerifera (carnauba) wax), hydrogenated olive oil, rhus verniciflua peel cera (rhus verniciflua peel wax), hydrogenated rice bran wax, hydrogenated castor oil, olea europaea fruit oil (olea europaea (olive) fruit oil), prunus amygdalus dulcis oil (prunus amygdalus dulcis (sweet almond) oil), disteardimonium hectorite, persea gratissima oil (persea gratissima (avocado) oil), oryza sativa bran cera (oryza sativa (rice) bran wax), olea europaea oil unsaponifiables (olea europaea (olive) oil unsaponifiables), ethyl vanillin, tocopheryl acetate, pentaerythrityl tetra-di-t-butyl hydroxyhydrocinnamate, sorbitantristearate, hydrolyzed sodium hyaluronate, sodium hyaluronate. +/- (may contain): ci 15850 (red 7 lake), ci 15985 (yellow 6 lake), ci 15850 (red 6).

lip tinted balm burgundy : bis-diglyceryl polyacyladipate-2, caprylic/capric triglyceride, octyldodecanol, isononyl isononanoate, cera alba (beeswax), tridecyl trimellitate, isostearyl neopentanoate, helianthus annuus seed cera (helianthus annuus (sunflower) seed wax), dicalcium phosphate, hydrogenated vegetable oil, ricinus communis seed oil (ricinus communis (castor) seed oil), butyrospermum parkii butter (butyrospermum parkii (shea) butter), candelilla cera (euphorbia cerifera (candelilla) wax), copernicia cerifera cera (copernicia cerifera (carnauba) wax), hydrogenated olive oil, rhus verniciflua peel cera (rhus verniciflua peel wax), hydrogenated rice bran wax, hydrogenated castor oil, olea europaea fruit oil (olea europaea (olive) fruit oil), prunus amygdalus dulcis oil (prunus amygdalus dulcis (sweet almond) oil), disteardimonium hectorite, persea gratissima oil (persea gratissima (avocado) oil), oryza sativa bran cera (oryza sativa (rice) bran wax), olea europaea oil unsaponifiables (olea europaea (olive) oil unsaponifiables), ethyl vanillin, tocopheryl acetate, pentaerythrityl tetra-di-t-butyl hydroxyhydrocinnamate, sorbitan tristearate, hydrolyzed sodium hyaluronate, sodium hyaluronate. +/- (may contain): ci 15850 (red 7 lake), ci 15985 (yellow 6 lake), ci 77491 (iron oxides), ci 42090 (blue 1 lake).

these lists of ingredients are subject to change; please refer to the packagings of the purchased products.",'4.7,18
Make Up,Lips,'7528780824748,'42249146597548,Oh My Cream Skincare,Lip Tinted Balm,https://ohmycream.co.uk/collections/make-up-lips/products/lip-tinted-balm?variant=42249146597548,https://cdn.shopify.com/s/files/1/0555/4071/1596/products/Packshot_Baume-Teint_Framboise_OMCS_3ae95271-f7e4-4437-83bd-4441397c155a.jpg?v=1669388642,"Complete list of ingredients

lip tinted balm pink : bis-diglyceryl polyacyladipate-2, caprylic/capric triglyceride, octyldodecanol, isononyl isononanoate, cera alba (beeswax), tridecyl trimellitate, isostearyl neopentanoate, helianthus annuus seed cera (helianthus annuus (sunflower) seed wax), dicalcium phosphate, hydrogenated vegetable oil, ricinus communis seed oil (ricinus communis (castor) seed oil), butyrospermum parkii butter (butyrospermum parkii (shea) butter), candelilla cera (euphorbia cerifera (candelilla) wax), copernicia cerifera cera (copernicia cerifera (carnauba) wax), hydrogenated olive oil, rhus verniciflua peel cera (rhus verniciflua peel wax), hydrogenated rice bran wax, hydrogenated castor oil, olea europaea fruit oil (olea europaea (olive) fruit oil), prunus amygdalus dulcis oil (prunus amygdalus dulcis (sweet almond) oil), disteardimonium hectorite, persea gratissima oil (persea gratissima (avocado) oil), oryza sativa bran cera (oryza sativa (rice) bran wax), olea europaea oil unsaponifiables (olea europaea (olive) oil unsaponifiables), ethyl vanillin, tocopheryl acetate, pentaerythrityl tetra-di-t-butyl hydroxyhydrocinnamate, sorbitan tristearate, hydrolyzed sodium hyaluronate, sodium hyaluronate. +/- (may contain): ci 77891 (titanium dioxide), ci 15985 (yellow 6 lake), ci 77491 (iron oxides), ci 45410 (red 28 lake), ci 42090 (blue 1 lake).

lip tinted balm raspberry : bis-diglyceryl polyacyladipate-2, caprylic/capric triglyceride, octyldodecanol, isononyl isononanoate, cera alba (beeswax), tridecyl trimellitate, isostearyl neopentanoate, dicalcium phosphate, helianthus annuus seed cera (helianthus annuus (sunflower) seed wax), hydrogenated vegetable oil, ricinus communis seed oil (ricinus communis (castor) seed oil), butyrospermum parkii butter (butyrospermum parkii (shea) butter), candelilla cera (euphorbia cerifera (candelilla) wax), copernicia cerifera cera (copernicia cerifera (carnauba) wax), hydrogenated olive oil, rhus verniciflua peel cera (rhus verniciflua peel wax), hydrogenated rice bran wax, hydrogenated castor oil, olea europaea fruit oil (olea europaea (olive) fruit oil), prunus amygdalus dulcis oil (prunus amygdalus dulcis (sweet almond) oil), disteardimonium hectorite, persea gratissima oil (persea gratissima (avocado) oil), oryza sativa bran cera (oryza sativa (rice) bran wax), olea europaea oil unsaponifiables (olea europaea (olive) oil unsaponifiables), ethyl vanillin, tocopheryl acetate, pentaerythrityl tetra-di-t-butyl hydroxyhydrocinnamate, sorbitan tristearate, hydrolyzed sodium hyaluronate, sodium hyaluronate. +/- (may contain): ci 15850 (red 7 lake), ci 77491 (iron oxides), ci 77891 (titanium dioxide), ci 15850 (red 6), ci 42090 (blue 1 lake).

lip tinted balm red : bis-diglyceryl polyacyladipate-2, caprylic/capric triglyceride, octyldodecanol, isononyl isononanoate, cera alba (beeswax), tridecyl trimellitate, isostearyl neopentanoate, helianthus annuus seed cera (helianthus annuus (sunflower) seed wax), dicalcium phosphate, hydrogenated vegetable oil, ricinus communis seed oil (ricinus communis (castor) seed oil), butyrospermum parkii butter (butyrospermum parkii (shea) butter), candelilla cera (euphorbia cerifera (candelilla) wax), copernicia cerifera cera (copernicia cerifera (carnauba) wax), hydrogenated olive oil, rhus verniciflua peel cera (rhus verniciflua peel wax), hydrogenated rice bran wax, hydrogenated castor oil, olea europaea fruit oil (olea europaea (olive) fruit oil), prunus amygdalus dulcis oil (prunus amygdalus dulcis (sweet almond) oil), disteardimonium hectorite, persea gratissima oil (persea gratissima (avocado) oil), oryza sativa bran cera (oryza sativa (rice) bran wax), olea europaea oil unsaponifiables (olea europaea (olive) oil unsaponifiables), ethyl vanillin, tocopheryl acetate, pentaerythrityl tetra-di-t-butyl hydroxyhydrocinnamate, sorbitantristearate, hydrolyzed sodium hyaluronate, sodium hyaluronate. +/- (may contain): ci 15850 (red 7 lake), ci 15985 (yellow 6 lake), ci 15850 (red 6).

lip tinted balm burgundy : bis-diglyceryl polyacyladipate-2, caprylic/capric triglyceride, octyldodecanol, isononyl isononanoate, cera alba (beeswax), tridecyl trimellitate, isostearyl neopentanoate, helianthus annuus seed cera (helianthus annuus (sunflower) seed wax), dicalcium phosphate, hydrogenated vegetable oil, ricinus communis seed oil (ricinus communis (castor) seed oil), butyrospermum parkii butter (butyrospermum parkii (shea) butter), candelilla cera (euphorbia cerifera (candelilla) wax), copernicia cerifera cera (copernicia cerifera (carnauba) wax), hydrogenated olive oil, rhus verniciflua peel cera (rhus verniciflua peel wax), hydrogenated rice bran wax, hydrogenated castor oil, olea europaea fruit oil (olea europaea (olive) fruit oil), prunus amygdalus dulcis oil (prunus amygdalus dulcis (sweet almond) oil), disteardimonium hectorite, persea gratissima oil (persea gratissima (avocado) oil), oryza sativa bran cera (oryza sativa (rice) bran wax), olea europaea oil unsaponifiables (olea europaea (olive) oil unsaponifiables), ethyl vanillin, tocopheryl acetate, pentaerythrityl tetra-di-t-butyl hydroxyhydrocinnamate, sorbitan tristearate, hydrolyzed sodium hyaluronate, sodium hyaluronate. +/- (may contain): ci 15850 (red 7 lake), ci 15985 (yellow 6 lake), ci 77491 (iron oxides), ci 42090 (blue 1 lake).

these lists of ingredients are subject to change; please refer to the packagings of the purchased products.",'4.7,18
Make Up,Lips,'7528780824748,'43000614486188,Oh My Cream Skincare,Lip Tinted Balm,https://ohmycream.co.uk/collections/make-up-lips/products/lip-tinted-balm?variant=43000614486188,https://cdn.shopify.com/s/files/1/0555/4071/1596/products/Packshot_Baume-Teinte_Rouge_OMCS_b326654c-f35e-4f68-b477-36d36803a20e.jpg?v=1669388640,"Complete list of ingredients

lip tinted balm pink : bis-diglyceryl polyacyladipate-2, caprylic/capric triglyceride, octyldodecanol, isononyl isononanoate, cera alba (beeswax), tridecyl trimellitate, isostearyl neopentanoate, helianthus annuus seed cera (helianthus annuus (sunflower) seed wax), dicalcium phosphate, hydrogenated vegetable oil, ricinus communis seed oil (ricinus communis (castor) seed oil), butyrospermum parkii butter (butyrospermum parkii (shea) butter), candelilla cera (euphorbia cerifera (candelilla) wax), copernicia cerifera cera (copernicia cerifera (carnauba) wax), hydrogenated olive oil, rhus verniciflua peel cera (rhus verniciflua peel wax), hydrogenated rice bran wax, hydrogenated castor oil, olea europaea fruit oil (olea europaea (olive) fruit oil), prunus amygdalus dulcis oil (prunus amygdalus dulcis (sweet almond) oil), disteardimonium hectorite, persea gratissima oil (persea gratissima (avocado) oil), oryza sativa bran cera (oryza sativa (rice) bran wax), olea europaea oil unsaponifiables (olea europaea (olive) oil unsaponifiables), ethyl vanillin, tocopheryl acetate, pentaerythrityl tetra-di-t-butyl hydroxyhydrocinnamate, sorbitan tristearate, hydrolyzed sodium hyaluronate, sodium hyaluronate. +/- (may contain): ci 77891 (titanium dioxide), ci 15985 (yellow 6 lake), ci 77491 (iron oxides), ci 45410 (red 28 lake), ci 42090 (blue 1 lake).

lip tinted balm raspberry : bis-diglyceryl polyacyladipate-2, caprylic/capric triglyceride, octyldodecanol, isononyl isononanoate, cera alba (beeswax), tridecyl trimellitate, isostearyl neopentanoate, dicalcium phosphate, helianthus annuus seed cera (helianthus annuus (sunflower) seed wax), hydrogenated vegetable oil, ricinus communis seed oil (ricinus communis (castor) seed oil), butyrospermum parkii butter (butyrospermum parkii (shea) butter), candelilla cera (euphorbia cerifera (candelilla) wax), copernicia cerifera cera (copernicia cerifera (carnauba) wax), hydrogenated olive oil, rhus verniciflua peel cera (rhus verniciflua peel wax), hydrogenated rice bran wax, hydrogenated castor oil, olea europaea fruit oil (olea europaea (olive) fruit oil), prunus amygdalus dulcis oil (prunus amygdalus dulcis (sweet almond) oil), disteardimonium hectorite, persea gratissima oil (persea gratissima (avocado) oil), oryza sativa bran cera (oryza sativa (rice) bran wax), olea europaea oil unsaponifiables (olea europaea (olive) oil unsaponifiables), ethyl vanillin, tocopheryl acetate, pentaerythrityl tetra-di-t-butyl hydroxyhydrocinnamate, sorbitan tristearate, hydrolyzed sodium hyaluronate, sodium hyaluronate. +/- (may contain): ci 15850 (red 7 lake), ci 77491 (iron oxides), ci 77891 (titanium dioxide), ci 15850 (red 6), ci 42090 (blue 1 lake).

lip tinted balm red : bis-diglyceryl polyacyladipate-2, caprylic/capric triglyceride, octyldodecanol, isononyl isononanoate, cera alba (beeswax), tridecyl trimellitate, isostearyl neopentanoate, helianthus annuus seed cera (helianthus annuus (sunflower) seed wax), dicalcium phosphate, hydrogenated vegetable oil, ricinus communis seed oil (ricinus communis (castor) seed oil), butyrospermum parkii butter (butyrospermum parkii (shea) butter), candelilla cera (euphorbia cerifera (candelilla) wax), copernicia cerifera cera (copernicia cerifera (carnauba) wax), hydrogenated olive oil, rhus verniciflua peel cera (rhus verniciflua peel wax), hydrogenated rice bran wax, hydrogenated castor oil, olea europaea fruit oil (olea europaea (olive) fruit oil), prunus amygdalus dulcis oil (prunus amygdalus dulcis (sweet almond) oil), disteardimonium hectorite, persea gratissima oil (persea gratissima (avocado) oil), oryza sativa bran cera (oryza sativa (rice) bran wax), olea europaea oil unsaponifiables (olea europaea (olive) oil unsaponifiables), ethyl vanillin, tocopheryl acetate, pentaerythrityl tetra-di-t-butyl hydroxyhydrocinnamate, sorbitantristearate, hydrolyzed sodium hyaluronate, sodium hyaluronate. +/- (may contain): ci 15850 (red 7 lake), ci 15985 (yellow 6 lake), ci 15850 (red 6).

lip tinted balm burgundy : bis-diglyceryl polyacyladipate-2, caprylic/capric triglyceride, octyldodecanol, isononyl isononanoate, cera alba (beeswax), tridecyl trimellitate, isostearyl neopentanoate, helianthus annuus seed cera (helianthus annuus (sunflower) seed wax), dicalcium phosphate, hydrogenated vegetable oil, ricinus communis seed oil (ricinus communis (castor) seed oil), butyrospermum parkii butter (butyrospermum parkii (shea) butter), candelilla cera (euphorbia cerifera (candelilla) wax), copernicia cerifera cera (copernicia cerifera (carnauba) wax), hydrogenated olive oil, rhus verniciflua peel cera (rhus verniciflua peel wax), hydrogenated rice bran wax, hydrogenated castor oil, olea europaea fruit oil (olea europaea (olive) fruit oil), prunus amygdalus dulcis oil (prunus amygdalus dulcis (sweet almond) oil), disteardimonium hectorite, persea gratissima oil (persea gratissima (avocado) oil), oryza sativa bran cera (oryza sativa (rice) bran wax), olea europaea oil unsaponifiables (olea europaea (olive) oil unsaponifiables), ethyl vanillin, tocopheryl acetate, pentaerythrityl tetra-di-t-butyl hydroxyhydrocinnamate, sorbitan tristearate, hydrolyzed sodium hyaluronate, sodium hyaluronate. +/- (may contain): ci 15850 (red 7 lake), ci 15985 (yellow 6 lake), ci 77491 (iron oxides), ci 42090 (blue 1 lake).

these lists of ingredients are subject to change; please refer to the packagings of the purchased products.",'4.7,18
Make Up,Lips,'7528780824748,'42249146630316,Oh My Cream Skincare,Lip Tinted Balm,https://ohmycream.co.uk/collections/make-up-lips/products/lip-tinted-balm?variant=42249146630316,https://cdn.shopify.com/s/files/1/0555/4071/1596/products/Packshot_Baume-Teint_Bordeaux_OMCS_553d39df-b88b-456d-8a3b-784d785fe45d.jpg?v=1669388646,"Complete list of ingredients

lip tinted balm pink : bis-diglyceryl polyacyladipate-2, caprylic/capric triglyceride, octyldodecanol, isononyl isononanoate, cera alba (beeswax), tridecyl trimellitate, isostearyl neopentanoate, helianthus annuus seed cera (helianthus annuus (sunflower) seed wax), dicalcium phosphate, hydrogenated vegetable oil, ricinus communis seed oil (ricinus communis (castor) seed oil), butyrospermum parkii butter (butyrospermum parkii (shea) butter), candelilla cera (euphorbia cerifera (candelilla) wax), copernicia cerifera cera (copernicia cerifera (carnauba) wax), hydrogenated olive oil, rhus verniciflua peel cera (rhus verniciflua peel wax), hydrogenated rice bran wax, hydrogenated castor oil, olea europaea fruit oil (olea europaea (olive) fruit oil), prunus amygdalus dulcis oil (prunus amygdalus dulcis (sweet almond) oil), disteardimonium hectorite, persea gratissima oil (persea gratissima (avocado) oil), oryza sativa bran cera (oryza sativa (rice) bran wax), olea europaea oil unsaponifiables (olea europaea (olive) oil unsaponifiables), ethyl vanillin, tocopheryl acetate, pentaerythrityl tetra-di-t-butyl hydroxyhydrocinnamate, sorbitan tristearate, hydrolyzed sodium hyaluronate, sodium hyaluronate. +/- (may contain): ci 77891 (titanium dioxide), ci 15985 (yellow 6 lake), ci 77491 (iron oxides), ci 45410 (red 28 lake), ci 42090 (blue 1 lake).

lip tinted balm raspberry : bis-diglyceryl polyacyladipate-2, caprylic/capric triglyceride, octyldodecanol, isononyl isononanoate, cera alba (beeswax), tridecyl trimellitate, isostearyl neopentanoate, dicalcium phosphate, helianthus annuus seed cera (helianthus annuus (sunflower) seed wax), hydrogenated vegetable oil, ricinus communis seed oil (ricinus communis (castor) seed oil), butyrospermum parkii butter (butyrospermum parkii (shea) butter), candelilla cera (euphorbia cerifera (candelilla) wax), copernicia cerifera cera (copernicia cerifera (carnauba) wax), hydrogenated olive oil, rhus verniciflua peel cera (rhus verniciflua peel wax), hydrogenated rice bran wax, hydrogenated castor oil, olea europaea fruit oil (olea europaea (olive) fruit oil), prunus amygdalus dulcis oil (prunus amygdalus dulcis (sweet almond) oil), disteardimonium hectorite, persea gratissima oil (persea gratissima (avocado) oil), oryza sativa bran cera (oryza sativa (rice) bran wax), olea europaea oil unsaponifiables (olea europaea (olive) oil unsaponifiables), ethyl vanillin, tocopheryl acetate, pentaerythrityl tetra-di-t-butyl hydroxyhydrocinnamate, sorbitan tristearate, hydrolyzed sodium hyaluronate, sodium hyaluronate. +/- (may contain): ci 15850 (red 7 lake), ci 77491 (iron oxides), ci 77891 (titanium dioxide), ci 15850 (red 6), ci 42090 (blue 1 lake).

lip tinted balm red : bis-diglyceryl polyacyladipate-2, caprylic/capric triglyceride, octyldodecanol, isononyl isononanoate, cera alba (beeswax), tridecyl trimellitate, isostearyl neopentanoate, helianthus annuus seed cera (helianthus annuus (sunflower) seed wax), dicalcium phosphate, hydrogenated vegetable oil, ricinus communis seed oil (ricinus communis (castor) seed oil), butyrospermum parkii butter (butyrospermum parkii (shea) butter), candelilla cera (euphorbia cerifera (candelilla) wax), copernicia cerifera cera (copernicia cerifera (carnauba) wax), hydrogenated olive oil, rhus verniciflua peel cera (rhus verniciflua peel wax), hydrogenated rice bran wax, hydrogenated castor oil, olea europaea fruit oil (olea europaea (olive) fruit oil), prunus amygdalus dulcis oil (prunus amygdalus dulcis (sweet almond) oil), disteardimonium hectorite, persea gratissima oil (persea gratissima (avocado) oil), oryza sativa bran cera (oryza sativa (rice) bran wax), olea europaea oil unsaponifiables (olea europaea (olive) oil unsaponifiables), ethyl vanillin, tocopheryl acetate, pentaerythrityl tetra-di-t-butyl hydroxyhydrocinnamate, sorbitantristearate, hydrolyzed sodium hyaluronate, sodium hyaluronate. +/- (may contain): ci 15850 (red 7 lake), ci 15985 (yellow 6 lake), ci 15850 (red 6).

lip tinted balm burgundy : bis-diglyceryl polyacyladipate-2, caprylic/capric triglyceride, octyldodecanol, isononyl isononanoate, cera alba (beeswax), tridecyl trimellitate, isostearyl neopentanoate, helianthus annuus seed cera (helianthus annuus (sunflower) seed wax), dicalcium phosphate, hydrogenated vegetable oil, ricinus communis seed oil (ricinus communis (castor) seed oil), butyrospermum parkii butter (butyrospermum parkii (shea) butter), candelilla cera (euphorbia cerifera (candelilla) wax), copernicia cerifera cera (copernicia cerifera (carnauba) wax), hydrogenated olive oil, rhus verniciflua peel cera (rhus verniciflua peel wax), hydrogenated rice bran wax, hydrogenated castor oil, olea europaea fruit oil (olea europaea (olive) fruit oil), prunus amygdalus dulcis oil (prunus amygdalus dulcis (sweet almond) oil), disteardimonium hectorite, persea gratissima oil (persea gratissima (avocado) oil), oryza sativa bran cera (oryza sativa (rice) bran wax), olea europaea oil unsaponifiables (olea europaea (olive) oil unsaponifiables), ethyl vanillin, tocopheryl acetate, pentaerythrityl tetra-di-t-butyl hydroxyhydrocinnamate, sorbitan tristearate, hydrolyzed sodium hyaluronate, sodium hyaluronate. +/- (may contain): ci 15850 (red 7 lake), ci 15985 (yellow 6 lake), ci 77491 (iron oxides), ci 42090 (blue 1 lake).

these lists of ingredients are subject to change; please refer to the packagings of the purchased products.",'4.7,18
Make Up,Lips,'7383246962860,'41811449708716,Tata Harper,Tinted Lip Crème,https://ohmycream.co.uk/collections/make-up-lips/products/tata-harper-tinted-lip-creme?variant=41811449708716,https://cdn.shopify.com/s/files/1/0555/4071/1596/files/LipCreme-Blase_TataHarper.jpg?v=1687860109,"Complete list of ingredients

bare lip crème: polyhydroxystearic acid, squalane, olea europaea (olive) oil*, behenyl behenate, octyldodecanol, helianthus annuus (sunflower) seed oil, citrus aurantium dulcis (orange) peel wax, crambe abyssinica seed oil phytosterol esters, punica granatum sterols, astrocaryum vulgare kernel oil, helianthus annuus seed cera, ricinus communis (castor) seed oil, sambucus nigra fruit extract, actinidia chinensis oil, cocos nucifera (coconut) fruit extract, prunus armeniaca (apricot) kernel oil*, prunus cerasus seed oil, prunus domestica seed oil*, punica granatum seed oil, ribes nigrum seed oil, glyceryl rosinate, olea europaea (olive) oil unsaponifiables, candelilla cera/euphorbia cerifera (candelilla) wax/cire de candelilla, fragaria anassa seed oil, hylocereus undatus fruit extract, rubus fruticosus (blackberry) seed oil, euterpe oleracea fruit oil*, arnica montana (arnica) extract*, borago officinalis (borage) leaf extract*, calendula officinalis (calendula) flower extract*, medicago sativa (alfalfa) extract*, spiraea ulmaria (meadowsweet) extract*, salicornia herbacea extract, caprylic/capric triglyceride, mentha piperita (peppermint) oil*, rhus verniciflua peel cera/rhus succedanea fruit cera, shorea robusta resin, glyceryl oleate, vanilla planifolia fruit extract, rosmarinus officinalis (rosemary) leaf extract, tocopherol, limonene, linalool, geraniol, isoeugenol, citronellol *ingredients from organic farming

blasé lip crème: squalane, helianthus annuus (sunflower) seed wax, octyldodecanol, polyhydroxystearic acid, olea europaea (olive) oil*, titanium dioxide (ci 77891), crambe abyssinica seed oil phytosterol esters, punica granatum sterols, simmondsia chinensis (jojoba) seed oil, cocos nucifera (coconut) fruit extract, glyceryl behenate, helianthus annuus (sunflower) seed oil, astrocaryum vulgare kernel oil, ricinus communis (castor) seed oil, caprylic/capric triglyceride, sambucus nigra fruit extract, actinidia chinensis oil, punica granatum seed oil, ribes nigrum seed oil, glyceryl rosinate, iron oxides (ci 77491), carmine (ci 75470), fragaria anassa seed oil, hylocereus undatus fruit extract, prunus armeniaca (apricot) kernel oil*, prunus cerasus seed oil, prunus domestica seed oil*, rubus fruticosus (blackberry) seed oil, euterpe oleracea fruit oil*, arnica montana (arnica) extract*, borago officinalis (borage) leaf extract*, calendula officinalis (calendula) flower extract*, medicago sativa (alfalfa) extract*, spiraea ulmaria (meadowsweet) extract*, salicornia herbacea extract, iron oxides (ci 77499), silica, glyceryl oleate, olea europaea (olive) oil unsaponifiables, polyglyceryl-6 polyricinoleate, jojoba esters, rosmarinus officinalis (rosemary) leaf extract, vanilla planifolia fruit extract, phenethyl alcohol, tocopherol *ingredients from organic farming

bubbly lip crème: polyhydroxystearic acid, olea europaea (olive) oil*, behenyl behenate, squalane, octyldodecanol, citrus aurantium dulcis (orange) peel wax, crambe abyssinica seed oil phytosterol esters, punica granatum sterols, cocos nucifera (coconut) fruit extract, helianthus annuus (sunflower) seed oil, astrocaryum vulgare kernel oil, ricinus communis (castor) seed oil, helianthus annuus seed cera, sambucus nigra fruit extract, actinidia chinensis oil, prunus armeniaca (apricot) kernel oil*, prunus cerasus seed oil, prunus domestica seed oil*, punica granatum seed oil, ribes nigrum seed oil, titanium dioxide (ci 77891), glyceryl rosinate, olea europaea (olive) oil unsaponifiables, candelilla cera/euphorbia cerifera (candelilla) wax/cire de candelilla, caprylic/capric triglyceride, fragaria anassa seed oil, hylocereus undatus fruit extract, rubus fruticosus (blackberry) seed oil, euterpe oleracea fruit oil*, arnica montana (arnica) extract*, borago officinalis (borage) leaf extract*, calendula officinalis (calendula) flower extract*, medicago sativa (alfalfa) extract*, spiraea ulmaria (meadowsweet) extract*, salicornia herbacea extract, mica, simmondsia chinensis (jojoba) seed oil, rhus verniciflua peel cera/rhus succedanea fruit cera, shorea robusta resin, carmine (ci 75470), glyceryl oleate, rosmarinus officinalis (rosemary) leaf extract, vanilla planifolia fruit extract, iron oxides (ci 77492), polyglyceryl-6 polyricinoleate, iron oxide (ci 77491), phenethyl alcohol, silica, jojoba esters, tocopherol *ingredients from organic farming

juicy lip crème: polyhydroxystearic acid, olea europaea (olive) oil*, behenyl behenate, squalane, octyldodecanol, citrus aurantium dulcis (orange) peel wax, crambe abyssinica seed oil phytosterol esters, punica granatum sterols, cocos nucifera (coconut) fruit extract, helianthus annuus (sunflower) seed oil, astrocaryum vulgare kernel oil, helianthus annuus seed cera, ricinus communis (castor) seed oil, caprylic/capric triglyceride, sambucus nigra fruit extract, actinidia chinensis oil, prunus armeniaca (apricot) kernel oil*, prunus cerasus seed oil, prunus domestica seed oil*, punica granatum seed oil, ribes nigrum seed oil, glyceryl rosinate, olea europaea (olive) oil unsaponifiables, candelilla cera/euphorbia cerifera (candelilla) wax/cire de candelilla, fragaria anassa seed oil, hylocereus undatus fruit extract, rubus fruticosus (blackberry) seed oil, euterpe oleracea fruit oil*, arnica montana (arnica) extract*, borago officinalis (borage) leaf extract*, calendula officinalis (calendula) flower extract*, medicago sativa (alfalfa) extract*, spiraea ulmaria (meadowsweet) extract*, salicornia herbacea extract, carmine (ci 75470), rhus verniciflua peel cera/rhus succedanea fruit cera, shorea robusta resin, glyceryl oleate, polyglyceryl-6 polyricinoleate, rosmarinus officinalis (rosemary) leaf extract, vanilla planifolia fruit extract, phenethyl alcohol, tocopherol *ingredients from organic farming

risqué lip crème: olea europaea (olive) oil*, caprylic/capric triglyceride, ricinus communis (castor) seed oil, helianthus annuus (sunflower) seed wax, polyhydroxystearic acid, crambe abyssinica seed oil phytosterol esters, punica granatum sterols, carmine (ci 75470), cocos nucifera (coconut) fruit extract, glyceryl behenate, helianthus annuus (sunflower) seed oil, astrocaryum vulgare kernel oil, sambucus nigra fruit extract, actinidia chinensis oil, prunus armeniaca (apricot) kernel oil*, prunus domestica seed oil*, punica granatum seed oil, ribes nigrum seed oil, glyceryl rosinate, simmondsia chinensis (jojoba) seed oil, titanium dioxide (ci 77891), fragaria anassa seed oil, hylocereus undatus fruit extract, prunus cerasus seed oil, rubus fruticosus (blackberry) seed oil, euterpe oleracea fruit oil*, arnica montana (arnica) extract*, borago officinalis (borage) leaf extract*, calendula officinalis (calendula) flower extract*, medicago sativa (alfalfa) extract*, spiraea ulmaria (meadowsweet) extract*, salicornia herbacea extract, iron oxides (ci 77499), polyglyceryl-6 polyricinoleate, iron oxides (ci 77491), glyceryl oleate, olea europaea (olive) oil unsaponifiables, rosmarinus officinalis (rosemary) leaf extract, vanilla planifolia fruit extract, phenethyl alcohol, silica, jojoba esters, tocopherol *ingredients from organic farming

this list of ingredients is subject to change; please refer to the packaging of the purchased product.",'4.6,28
Make Up,Lips,'7383246962860,'41811449774252,Tata Harper,Tinted Lip Crème,https://ohmycream.co.uk/collections/make-up-lips/products/tata-harper-tinted-lip-creme?variant=41811449774252,https://cdn.shopify.com/s/files/1/0555/4071/1596/files/LipCreme-Juicy_TataHarper.jpg?v=1687860109,"Complete list of ingredients

bare lip crème: polyhydroxystearic acid, squalane, olea europaea (olive) oil*, behenyl behenate, octyldodecanol, helianthus annuus (sunflower) seed oil, citrus aurantium dulcis (orange) peel wax, crambe abyssinica seed oil phytosterol esters, punica granatum sterols, astrocaryum vulgare kernel oil, helianthus annuus seed cera, ricinus communis (castor) seed oil, sambucus nigra fruit extract, actinidia chinensis oil, cocos nucifera (coconut) fruit extract, prunus armeniaca (apricot) kernel oil*, prunus cerasus seed oil, prunus domestica seed oil*, punica granatum seed oil, ribes nigrum seed oil, glyceryl rosinate, olea europaea (olive) oil unsaponifiables, candelilla cera/euphorbia cerifera (candelilla) wax/cire de candelilla, fragaria anassa seed oil, hylocereus undatus fruit extract, rubus fruticosus (blackberry) seed oil, euterpe oleracea fruit oil*, arnica montana (arnica) extract*, borago officinalis (borage) leaf extract*, calendula officinalis (calendula) flower extract*, medicago sativa (alfalfa) extract*, spiraea ulmaria (meadowsweet) extract*, salicornia herbacea extract, caprylic/capric triglyceride, mentha piperita (peppermint) oil*, rhus verniciflua peel cera/rhus succedanea fruit cera, shorea robusta resin, glyceryl oleate, vanilla planifolia fruit extract, rosmarinus officinalis (rosemary) leaf extract, tocopherol, limonene, linalool, geraniol, isoeugenol, citronellol *ingredients from organic farming

blasé lip crème: squalane, helianthus annuus (sunflower) seed wax, octyldodecanol, polyhydroxystearic acid, olea europaea (olive) oil*, titanium dioxide (ci 77891), crambe abyssinica seed oil phytosterol esters, punica granatum sterols, simmondsia chinensis (jojoba) seed oil, cocos nucifera (coconut) fruit extract, glyceryl behenate, helianthus annuus (sunflower) seed oil, astrocaryum vulgare kernel oil, ricinus communis (castor) seed oil, caprylic/capric triglyceride, sambucus nigra fruit extract, actinidia chinensis oil, punica granatum seed oil, ribes nigrum seed oil, glyceryl rosinate, iron oxides (ci 77491), carmine (ci 75470), fragaria anassa seed oil, hylocereus undatus fruit extract, prunus armeniaca (apricot) kernel oil*, prunus cerasus seed oil, prunus domestica seed oil*, rubus fruticosus (blackberry) seed oil, euterpe oleracea fruit oil*, arnica montana (arnica) extract*, borago officinalis (borage) leaf extract*, calendula officinalis (calendula) flower extract*, medicago sativa (alfalfa) extract*, spiraea ulmaria (meadowsweet) extract*, salicornia herbacea extract, iron oxides (ci 77499), silica, glyceryl oleate, olea europaea (olive) oil unsaponifiables, polyglyceryl-6 polyricinoleate, jojoba esters, rosmarinus officinalis (rosemary) leaf extract, vanilla planifolia fruit extract, phenethyl alcohol, tocopherol *ingredients from organic farming

bubbly lip crème: polyhydroxystearic acid, olea europaea (olive) oil*, behenyl behenate, squalane, octyldodecanol, citrus aurantium dulcis (orange) peel wax, crambe abyssinica seed oil phytosterol esters, punica granatum sterols, cocos nucifera (coconut) fruit extract, helianthus annuus (sunflower) seed oil, astrocaryum vulgare kernel oil, ricinus communis (castor) seed oil, helianthus annuus seed cera, sambucus nigra fruit extract, actinidia chinensis oil, prunus armeniaca (apricot) kernel oil*, prunus cerasus seed oil, prunus domestica seed oil*, punica granatum seed oil, ribes nigrum seed oil, titanium dioxide (ci 77891), glyceryl rosinate, olea europaea (olive) oil unsaponifiables, candelilla cera/euphorbia cerifera (candelilla) wax/cire de candelilla, caprylic/capric triglyceride, fragaria anassa seed oil, hylocereus undatus fruit extract, rubus fruticosus (blackberry) seed oil, euterpe oleracea fruit oil*, arnica montana (arnica) extract*, borago officinalis (borage) leaf extract*, calendula officinalis (calendula) flower extract*, medicago sativa (alfalfa) extract*, spiraea ulmaria (meadowsweet) extract*, salicornia herbacea extract, mica, simmondsia chinensis (jojoba) seed oil, rhus verniciflua peel cera/rhus succedanea fruit cera, shorea robusta resin, carmine (ci 75470), glyceryl oleate, rosmarinus officinalis (rosemary) leaf extract, vanilla planifolia fruit extract, iron oxides (ci 77492), polyglyceryl-6 polyricinoleate, iron oxide (ci 77491), phenethyl alcohol, silica, jojoba esters, tocopherol *ingredients from organic farming

juicy lip crème: polyhydroxystearic acid, olea europaea (olive) oil*, behenyl behenate, squalane, octyldodecanol, citrus aurantium dulcis (orange) peel wax, crambe abyssinica seed oil phytosterol esters, punica granatum sterols, cocos nucifera (coconut) fruit extract, helianthus annuus (sunflower) seed oil, astrocaryum vulgare kernel oil, helianthus annuus seed cera, ricinus communis (castor) seed oil, caprylic/capric triglyceride, sambucus nigra fruit extract, actinidia chinensis oil, prunus armeniaca (apricot) kernel oil*, prunus cerasus seed oil, prunus domestica seed oil*, punica granatum seed oil, ribes nigrum seed oil, glyceryl rosinate, olea europaea (olive) oil unsaponifiables, candelilla cera/euphorbia cerifera (candelilla) wax/cire de candelilla, fragaria anassa seed oil, hylocereus undatus fruit extract, rubus fruticosus (blackberry) seed oil, euterpe oleracea fruit oil*, arnica montana (arnica) extract*, borago officinalis (borage) leaf extract*, calendula officinalis (calendula) flower extract*, medicago sativa (alfalfa) extract*, spiraea ulmaria (meadowsweet) extract*, salicornia herbacea extract, carmine (ci 75470), rhus verniciflua peel cera/rhus succedanea fruit cera, shorea robusta resin, glyceryl oleate, polyglyceryl-6 polyricinoleate, rosmarinus officinalis (rosemary) leaf extract, vanilla planifolia fruit extract, phenethyl alcohol, tocopherol *ingredients from organic farming

risqué lip crème: olea europaea (olive) oil*, caprylic/capric triglyceride, ricinus communis (castor) seed oil, helianthus annuus (sunflower) seed wax, polyhydroxystearic acid, crambe abyssinica seed oil phytosterol esters, punica granatum sterols, carmine (ci 75470), cocos nucifera (coconut) fruit extract, glyceryl behenate, helianthus annuus (sunflower) seed oil, astrocaryum vulgare kernel oil, sambucus nigra fruit extract, actinidia chinensis oil, prunus armeniaca (apricot) kernel oil*, prunus domestica seed oil*, punica granatum seed oil, ribes nigrum seed oil, glyceryl rosinate, simmondsia chinensis (jojoba) seed oil, titanium dioxide (ci 77891), fragaria anassa seed oil, hylocereus undatus fruit extract, prunus cerasus seed oil, rubus fruticosus (blackberry) seed oil, euterpe oleracea fruit oil*, arnica montana (arnica) extract*, borago officinalis (borage) leaf extract*, calendula officinalis (calendula) flower extract*, medicago sativa (alfalfa) extract*, spiraea ulmaria (meadowsweet) extract*, salicornia herbacea extract, iron oxides (ci 77499), polyglyceryl-6 polyricinoleate, iron oxides (ci 77491), glyceryl oleate, olea europaea (olive) oil unsaponifiables, rosmarinus officinalis (rosemary) leaf extract, vanilla planifolia fruit extract, phenethyl alcohol, silica, jojoba esters, tocopherol *ingredients from organic farming

this list of ingredients is subject to change; please refer to the packaging of the purchased product.",'4.6,28
Make Up,Lips,'7383246962860,'41811449675948,Tata Harper,Tinted Lip Crème,https://ohmycream.co.uk/collections/make-up-lips/products/tata-harper-tinted-lip-creme?variant=41811449675948,https://cdn.shopify.com/s/files/1/0555/4071/1596/files/LipCreme-Bare_TataHarper.jpg?v=1687860109,"Complete list of ingredients

bare lip crème: polyhydroxystearic acid, squalane, olea europaea (olive) oil*, behenyl behenate, octyldodecanol, helianthus annuus (sunflower) seed oil, citrus aurantium dulcis (orange) peel wax, crambe abyssinica seed oil phytosterol esters, punica granatum sterols, astrocaryum vulgare kernel oil, helianthus annuus seed cera, ricinus communis (castor) seed oil, sambucus nigra fruit extract, actinidia chinensis oil, cocos nucifera (coconut) fruit extract, prunus armeniaca (apricot) kernel oil*, prunus cerasus seed oil, prunus domestica seed oil*, punica granatum seed oil, ribes nigrum seed oil, glyceryl rosinate, olea europaea (olive) oil unsaponifiables, candelilla cera/euphorbia cerifera (candelilla) wax/cire de candelilla, fragaria anassa seed oil, hylocereus undatus fruit extract, rubus fruticosus (blackberry) seed oil, euterpe oleracea fruit oil*, arnica montana (arnica) extract*, borago officinalis (borage) leaf extract*, calendula officinalis (calendula) flower extract*, medicago sativa (alfalfa) extract*, spiraea ulmaria (meadowsweet) extract*, salicornia herbacea extract, caprylic/capric triglyceride, mentha piperita (peppermint) oil*, rhus verniciflua peel cera/rhus succedanea fruit cera, shorea robusta resin, glyceryl oleate, vanilla planifolia fruit extract, rosmarinus officinalis (rosemary) leaf extract, tocopherol, limonene, linalool, geraniol, isoeugenol, citronellol *ingredients from organic farming

blasé lip crème: squalane, helianthus annuus (sunflower) seed wax, octyldodecanol, polyhydroxystearic acid, olea europaea (olive) oil*, titanium dioxide (ci 77891), crambe abyssinica seed oil phytosterol esters, punica granatum sterols, simmondsia chinensis (jojoba) seed oil, cocos nucifera (coconut) fruit extract, glyceryl behenate, helianthus annuus (sunflower) seed oil, astrocaryum vulgare kernel oil, ricinus communis (castor) seed oil, caprylic/capric triglyceride, sambucus nigra fruit extract, actinidia chinensis oil, punica granatum seed oil, ribes nigrum seed oil, glyceryl rosinate, iron oxides (ci 77491), carmine (ci 75470), fragaria anassa seed oil, hylocereus undatus fruit extract, prunus armeniaca (apricot) kernel oil*, prunus cerasus seed oil, prunus domestica seed oil*, rubus fruticosus (blackberry) seed oil, euterpe oleracea fruit oil*, arnica montana (arnica) extract*, borago officinalis (borage) leaf extract*, calendula officinalis (calendula) flower extract*, medicago sativa (alfalfa) extract*, spiraea ulmaria (meadowsweet) extract*, salicornia herbacea extract, iron oxides (ci 77499), silica, glyceryl oleate, olea europaea (olive) oil unsaponifiables, polyglyceryl-6 polyricinoleate, jojoba esters, rosmarinus officinalis (rosemary) leaf extract, vanilla planifolia fruit extract, phenethyl alcohol, tocopherol *ingredients from organic farming

bubbly lip crème: polyhydroxystearic acid, olea europaea (olive) oil*, behenyl behenate, squalane, octyldodecanol, citrus aurantium dulcis (orange) peel wax, crambe abyssinica seed oil phytosterol esters, punica granatum sterols, cocos nucifera (coconut) fruit extract, helianthus annuus (sunflower) seed oil, astrocaryum vulgare kernel oil, ricinus communis (castor) seed oil, helianthus annuus seed cera, sambucus nigra fruit extract, actinidia chinensis oil, prunus armeniaca (apricot) kernel oil*, prunus cerasus seed oil, prunus domestica seed oil*, punica granatum seed oil, ribes nigrum seed oil, titanium dioxide (ci 77891), glyceryl rosinate, olea europaea (olive) oil unsaponifiables, candelilla cera/euphorbia cerifera (candelilla) wax/cire de candelilla, caprylic/capric triglyceride, fragaria anassa seed oil, hylocereus undatus fruit extract, rubus fruticosus (blackberry) seed oil, euterpe oleracea fruit oil*, arnica montana (arnica) extract*, borago officinalis (borage) leaf extract*, calendula officinalis (calendula) flower extract*, medicago sativa (alfalfa) extract*, spiraea ulmaria (meadowsweet) extract*, salicornia herbacea extract, mica, simmondsia chinensis (jojoba) seed oil, rhus verniciflua peel cera/rhus succedanea fruit cera, shorea robusta resin, carmine (ci 75470), glyceryl oleate, rosmarinus officinalis (rosemary) leaf extract, vanilla planifolia fruit extract, iron oxides (ci 77492), polyglyceryl-6 polyricinoleate, iron oxide (ci 77491), phenethyl alcohol, silica, jojoba esters, tocopherol *ingredients from organic farming

juicy lip crème: polyhydroxystearic acid, olea europaea (olive) oil*, behenyl behenate, squalane, octyldodecanol, citrus aurantium dulcis (orange) peel wax, crambe abyssinica seed oil phytosterol esters, punica granatum sterols, cocos nucifera (coconut) fruit extract, helianthus annuus (sunflower) seed oil, astrocaryum vulgare kernel oil, helianthus annuus seed cera, ricinus communis (castor) seed oil, caprylic/capric triglyceride, sambucus nigra fruit extract, actinidia chinensis oil, prunus armeniaca (apricot) kernel oil*, prunus cerasus seed oil, prunus domestica seed oil*, punica granatum seed oil, ribes nigrum seed oil, glyceryl rosinate, olea europaea (olive) oil unsaponifiables, candelilla cera/euphorbia cerifera (candelilla) wax/cire de candelilla, fragaria anassa seed oil, hylocereus undatus fruit extract, rubus fruticosus (blackberry) seed oil, euterpe oleracea fruit oil*, arnica montana (arnica) extract*, borago officinalis (borage) leaf extract*, calendula officinalis (calendula) flower extract*, medicago sativa (alfalfa) extract*, spiraea ulmaria (meadowsweet) extract*, salicornia herbacea extract, carmine (ci 75470), rhus verniciflua peel cera/rhus succedanea fruit cera, shorea robusta resin, glyceryl oleate, polyglyceryl-6 polyricinoleate, rosmarinus officinalis (rosemary) leaf extract, vanilla planifolia fruit extract, phenethyl alcohol, tocopherol *ingredients from organic farming

risqué lip crème: olea europaea (olive) oil*, caprylic/capric triglyceride, ricinus communis (castor) seed oil, helianthus annuus (sunflower) seed wax, polyhydroxystearic acid, crambe abyssinica seed oil phytosterol esters, punica granatum sterols, carmine (ci 75470), cocos nucifera (coconut) fruit extract, glyceryl behenate, helianthus annuus (sunflower) seed oil, astrocaryum vulgare kernel oil, sambucus nigra fruit extract, actinidia chinensis oil, prunus armeniaca (apricot) kernel oil*, prunus domestica seed oil*, punica granatum seed oil, ribes nigrum seed oil, glyceryl rosinate, simmondsia chinensis (jojoba) seed oil, titanium dioxide (ci 77891), fragaria anassa seed oil, hylocereus undatus fruit extract, prunus cerasus seed oil, rubus fruticosus (blackberry) seed oil, euterpe oleracea fruit oil*, arnica montana (arnica) extract*, borago officinalis (borage) leaf extract*, calendula officinalis (calendula) flower extract*, medicago sativa (alfalfa) extract*, spiraea ulmaria (meadowsweet) extract*, salicornia herbacea extract, iron oxides (ci 77499), polyglyceryl-6 polyricinoleate, iron oxides (ci 77491), glyceryl oleate, olea europaea (olive) oil unsaponifiables, rosmarinus officinalis (rosemary) leaf extract, vanilla planifolia fruit extract, phenethyl alcohol, silica, jojoba esters, tocopherol *ingredients from organic farming

this list of ingredients is subject to change; please refer to the packaging of the purchased product.",'4.6,28
Make Up,Lips,'7383246962860,'41811449741484,Tata Harper,Tinted Lip Crème,https://ohmycream.co.uk/collections/make-up-lips/products/tata-harper-tinted-lip-creme?variant=41811449741484,https://cdn.shopify.com/s/files/1/0555/4071/1596/files/LipCreme-Bubbly_TataHarper.jpg?v=1687860109,"Complete list of ingredients

bare lip crème: polyhydroxystearic acid, squalane, olea europaea (olive) oil*, behenyl behenate, octyldodecanol, helianthus annuus (sunflower) seed oil, citrus aurantium dulcis (orange) peel wax, crambe abyssinica seed oil phytosterol esters, punica granatum sterols, astrocaryum vulgare kernel oil, helianthus annuus seed cera, ricinus communis (castor) seed oil, sambucus nigra fruit extract, actinidia chinensis oil, cocos nucifera (coconut) fruit extract, prunus armeniaca (apricot) kernel oil*, prunus cerasus seed oil, prunus domestica seed oil*, punica granatum seed oil, ribes nigrum seed oil, glyceryl rosinate, olea europaea (olive) oil unsaponifiables, candelilla cera/euphorbia cerifera (candelilla) wax/cire de candelilla, fragaria anassa seed oil, hylocereus undatus fruit extract, rubus fruticosus (blackberry) seed oil, euterpe oleracea fruit oil*, arnica montana (arnica) extract*, borago officinalis (borage) leaf extract*, calendula officinalis (calendula) flower extract*, medicago sativa (alfalfa) extract*, spiraea ulmaria (meadowsweet) extract*, salicornia herbacea extract, caprylic/capric triglyceride, mentha piperita (peppermint) oil*, rhus verniciflua peel cera/rhus succedanea fruit cera, shorea robusta resin, glyceryl oleate, vanilla planifolia fruit extract, rosmarinus officinalis (rosemary) leaf extract, tocopherol, limonene, linalool, geraniol, isoeugenol, citronellol *ingredients from organic farming

blasé lip crème: squalane, helianthus annuus (sunflower) seed wax, octyldodecanol, polyhydroxystearic acid, olea europaea (olive) oil*, titanium dioxide (ci 77891), crambe abyssinica seed oil phytosterol esters, punica granatum sterols, simmondsia chinensis (jojoba) seed oil, cocos nucifera (coconut) fruit extract, glyceryl behenate, helianthus annuus (sunflower) seed oil, astrocaryum vulgare kernel oil, ricinus communis (castor) seed oil, caprylic/capric triglyceride, sambucus nigra fruit extract, actinidia chinensis oil, punica granatum seed oil, ribes nigrum seed oil, glyceryl rosinate, iron oxides (ci 77491), carmine (ci 75470), fragaria anassa seed oil, hylocereus undatus fruit extract, prunus armeniaca (apricot) kernel oil*, prunus cerasus seed oil, prunus domestica seed oil*, rubus fruticosus (blackberry) seed oil, euterpe oleracea fruit oil*, arnica montana (arnica) extract*, borago officinalis (borage) leaf extract*, calendula officinalis (calendula) flower extract*, medicago sativa (alfalfa) extract*, spiraea ulmaria (meadowsweet) extract*, salicornia herbacea extract, iron oxides (ci 77499), silica, glyceryl oleate, olea europaea (olive) oil unsaponifiables, polyglyceryl-6 polyricinoleate, jojoba esters, rosmarinus officinalis (rosemary) leaf extract, vanilla planifolia fruit extract, phenethyl alcohol, tocopherol *ingredients from organic farming

bubbly lip crème: polyhydroxystearic acid, olea europaea (olive) oil*, behenyl behenate, squalane, octyldodecanol, citrus aurantium dulcis (orange) peel wax, crambe abyssinica seed oil phytosterol esters, punica granatum sterols, cocos nucifera (coconut) fruit extract, helianthus annuus (sunflower) seed oil, astrocaryum vulgare kernel oil, ricinus communis (castor) seed oil, helianthus annuus seed cera, sambucus nigra fruit extract, actinidia chinensis oil, prunus armeniaca (apricot) kernel oil*, prunus cerasus seed oil, prunus domestica seed oil*, punica granatum seed oil, ribes nigrum seed oil, titanium dioxide (ci 77891), glyceryl rosinate, olea europaea (olive) oil unsaponifiables, candelilla cera/euphorbia cerifera (candelilla) wax/cire de candelilla, caprylic/capric triglyceride, fragaria anassa seed oil, hylocereus undatus fruit extract, rubus fruticosus (blackberry) seed oil, euterpe oleracea fruit oil*, arnica montana (arnica) extract*, borago officinalis (borage) leaf extract*, calendula officinalis (calendula) flower extract*, medicago sativa (alfalfa) extract*, spiraea ulmaria (meadowsweet) extract*, salicornia herbacea extract, mica, simmondsia chinensis (jojoba) seed oil, rhus verniciflua peel cera/rhus succedanea fruit cera, shorea robusta resin, carmine (ci 75470), glyceryl oleate, rosmarinus officinalis (rosemary) leaf extract, vanilla planifolia fruit extract, iron oxides (ci 77492), polyglyceryl-6 polyricinoleate, iron oxide (ci 77491), phenethyl alcohol, silica, jojoba esters, tocopherol *ingredients from organic farming

juicy lip crème: polyhydroxystearic acid, olea europaea (olive) oil*, behenyl behenate, squalane, octyldodecanol, citrus aurantium dulcis (orange) peel wax, crambe abyssinica seed oil phytosterol esters, punica granatum sterols, cocos nucifera (coconut) fruit extract, helianthus annuus (sunflower) seed oil, astrocaryum vulgare kernel oil, helianthus annuus seed cera, ricinus communis (castor) seed oil, caprylic/capric triglyceride, sambucus nigra fruit extract, actinidia chinensis oil, prunus armeniaca (apricot) kernel oil*, prunus cerasus seed oil, prunus domestica seed oil*, punica granatum seed oil, ribes nigrum seed oil, glyceryl rosinate, olea europaea (olive) oil unsaponifiables, candelilla cera/euphorbia cerifera (candelilla) wax/cire de candelilla, fragaria anassa seed oil, hylocereus undatus fruit extract, rubus fruticosus (blackberry) seed oil, euterpe oleracea fruit oil*, arnica montana (arnica) extract*, borago officinalis (borage) leaf extract*, calendula officinalis (calendula) flower extract*, medicago sativa (alfalfa) extract*, spiraea ulmaria (meadowsweet) extract*, salicornia herbacea extract, carmine (ci 75470), rhus verniciflua peel cera/rhus succedanea fruit cera, shorea robusta resin, glyceryl oleate, polyglyceryl-6 polyricinoleate, rosmarinus officinalis (rosemary) leaf extract, vanilla planifolia fruit extract, phenethyl alcohol, tocopherol *ingredients from organic farming

risqué lip crème: olea europaea (olive) oil*, caprylic/capric triglyceride, ricinus communis (castor) seed oil, helianthus annuus (sunflower) seed wax, polyhydroxystearic acid, crambe abyssinica seed oil phytosterol esters, punica granatum sterols, carmine (ci 75470), cocos nucifera (coconut) fruit extract, glyceryl behenate, helianthus annuus (sunflower) seed oil, astrocaryum vulgare kernel oil, sambucus nigra fruit extract, actinidia chinensis oil, prunus armeniaca (apricot) kernel oil*, prunus domestica seed oil*, punica granatum seed oil, ribes nigrum seed oil, glyceryl rosinate, simmondsia chinensis (jojoba) seed oil, titanium dioxide (ci 77891), fragaria anassa seed oil, hylocereus undatus fruit extract, prunus cerasus seed oil, rubus fruticosus (blackberry) seed oil, euterpe oleracea fruit oil*, arnica montana (arnica) extract*, borago officinalis (borage) leaf extract*, calendula officinalis (calendula) flower extract*, medicago sativa (alfalfa) extract*, spiraea ulmaria (meadowsweet) extract*, salicornia herbacea extract, iron oxides (ci 77499), polyglyceryl-6 polyricinoleate, iron oxides (ci 77491), glyceryl oleate, olea europaea (olive) oil unsaponifiables, rosmarinus officinalis (rosemary) leaf extract, vanilla planifolia fruit extract, phenethyl alcohol, silica, jojoba esters, tocopherol *ingredients from organic farming

this list of ingredients is subject to change; please refer to the packaging of the purchased product.",'4.6,28
Make Up,Lips,'7383246962860,'41811449807020,Tata Harper,Tinted Lip Crème,https://ohmycream.co.uk/collections/make-up-lips/products/tata-harper-tinted-lip-creme?variant=41811449807020,https://cdn.shopify.com/s/files/1/0555/4071/1596/files/LipCreme-Risque_TataHarper.jpg?v=1687860109,"Complete list of ingredients

bare lip crème: polyhydroxystearic acid, squalane, olea europaea (olive) oil*, behenyl behenate, octyldodecanol, helianthus annuus (sunflower) seed oil, citrus aurantium dulcis (orange) peel wax, crambe abyssinica seed oil phytosterol esters, punica granatum sterols, astrocaryum vulgare kernel oil, helianthus annuus seed cera, ricinus communis (castor) seed oil, sambucus nigra fruit extract, actinidia chinensis oil, cocos nucifera (coconut) fruit extract, prunus armeniaca (apricot) kernel oil*, prunus cerasus seed oil, prunus domestica seed oil*, punica granatum seed oil, ribes nigrum seed oil, glyceryl rosinate, olea europaea (olive) oil unsaponifiables, candelilla cera/euphorbia cerifera (candelilla) wax/cire de candelilla, fragaria anassa seed oil, hylocereus undatus fruit extract, rubus fruticosus (blackberry) seed oil, euterpe oleracea fruit oil*, arnica montana (arnica) extract*, borago officinalis (borage) leaf extract*, calendula officinalis (calendula) flower extract*, medicago sativa (alfalfa) extract*, spiraea ulmaria (meadowsweet) extract*, salicornia herbacea extract, caprylic/capric triglyceride, mentha piperita (peppermint) oil*, rhus verniciflua peel cera/rhus succedanea fruit cera, shorea robusta resin, glyceryl oleate, vanilla planifolia fruit extract, rosmarinus officinalis (rosemary) leaf extract, tocopherol, limonene, linalool, geraniol, isoeugenol, citronellol *ingredients from organic farming

blasé lip crème: squalane, helianthus annuus (sunflower) seed wax, octyldodecanol, polyhydroxystearic acid, olea europaea (olive) oil*, titanium dioxide (ci 77891), crambe abyssinica seed oil phytosterol esters, punica granatum sterols, simmondsia chinensis (jojoba) seed oil, cocos nucifera (coconut) fruit extract, glyceryl behenate, helianthus annuus (sunflower) seed oil, astrocaryum vulgare kernel oil, ricinus communis (castor) seed oil, caprylic/capric triglyceride, sambucus nigra fruit extract, actinidia chinensis oil, punica granatum seed oil, ribes nigrum seed oil, glyceryl rosinate, iron oxides (ci 77491), carmine (ci 75470), fragaria anassa seed oil, hylocereus undatus fruit extract, prunus armeniaca (apricot) kernel oil*, prunus cerasus seed oil, prunus domestica seed oil*, rubus fruticosus (blackberry) seed oil, euterpe oleracea fruit oil*, arnica montana (arnica) extract*, borago officinalis (borage) leaf extract*, calendula officinalis (calendula) flower extract*, medicago sativa (alfalfa) extract*, spiraea ulmaria (meadowsweet) extract*, salicornia herbacea extract, iron oxides (ci 77499), silica, glyceryl oleate, olea europaea (olive) oil unsaponifiables, polyglyceryl-6 polyricinoleate, jojoba esters, rosmarinus officinalis (rosemary) leaf extract, vanilla planifolia fruit extract, phenethyl alcohol, tocopherol *ingredients from organic farming

bubbly lip crème: polyhydroxystearic acid, olea europaea (olive) oil*, behenyl behenate, squalane, octyldodecanol, citrus aurantium dulcis (orange) peel wax, crambe abyssinica seed oil phytosterol esters, punica granatum sterols, cocos nucifera (coconut) fruit extract, helianthus annuus (sunflower) seed oil, astrocaryum vulgare kernel oil, ricinus communis (castor) seed oil, helianthus annuus seed cera, sambucus nigra fruit extract, actinidia chinensis oil, prunus armeniaca (apricot) kernel oil*, prunus cerasus seed oil, prunus domestica seed oil*, punica granatum seed oil, ribes nigrum seed oil, titanium dioxide (ci 77891), glyceryl rosinate, olea europaea (olive) oil unsaponifiables, candelilla cera/euphorbia cerifera (candelilla) wax/cire de candelilla, caprylic/capric triglyceride, fragaria anassa seed oil, hylocereus undatus fruit extract, rubus fruticosus (blackberry) seed oil, euterpe oleracea fruit oil*, arnica montana (arnica) extract*, borago officinalis (borage) leaf extract*, calendula officinalis (calendula) flower extract*, medicago sativa (alfalfa) extract*, spiraea ulmaria (meadowsweet) extract*, salicornia herbacea extract, mica, simmondsia chinensis (jojoba) seed oil, rhus verniciflua peel cera/rhus succedanea fruit cera, shorea robusta resin, carmine (ci 75470), glyceryl oleate, rosmarinus officinalis (rosemary) leaf extract, vanilla planifolia fruit extract, iron oxides (ci 77492), polyglyceryl-6 polyricinoleate, iron oxide (ci 77491), phenethyl alcohol, silica, jojoba esters, tocopherol *ingredients from organic farming

juicy lip crème: polyhydroxystearic acid, olea europaea (olive) oil*, behenyl behenate, squalane, octyldodecanol, citrus aurantium dulcis (orange) peel wax, crambe abyssinica seed oil phytosterol esters, punica granatum sterols, cocos nucifera (coconut) fruit extract, helianthus annuus (sunflower) seed oil, astrocaryum vulgare kernel oil, helianthus annuus seed cera, ricinus communis (castor) seed oil, caprylic/capric triglyceride, sambucus nigra fruit extract, actinidia chinensis oil, prunus armeniaca (apricot) kernel oil*, prunus cerasus seed oil, prunus domestica seed oil*, punica granatum seed oil, ribes nigrum seed oil, glyceryl rosinate, olea europaea (olive) oil unsaponifiables, candelilla cera/euphorbia cerifera (candelilla) wax/cire de candelilla, fragaria anassa seed oil, hylocereus undatus fruit extract, rubus fruticosus (blackberry) seed oil, euterpe oleracea fruit oil*, arnica montana (arnica) extract*, borago officinalis (borage) leaf extract*, calendula officinalis (calendula) flower extract*, medicago sativa (alfalfa) extract*, spiraea ulmaria (meadowsweet) extract*, salicornia herbacea extract, carmine (ci 75470), rhus verniciflua peel cera/rhus succedanea fruit cera, shorea robusta resin, glyceryl oleate, polyglyceryl-6 polyricinoleate, rosmarinus officinalis (rosemary) leaf extract, vanilla planifolia fruit extract, phenethyl alcohol, tocopherol *ingredients from organic farming

risqué lip crème: olea europaea (olive) oil*, caprylic/capric triglyceride, ricinus communis (castor) seed oil, helianthus annuus (sunflower) seed wax, polyhydroxystearic acid, crambe abyssinica seed oil phytosterol esters, punica granatum sterols, carmine (ci 75470), cocos nucifera (coconut) fruit extract, glyceryl behenate, helianthus annuus (sunflower) seed oil, astrocaryum vulgare kernel oil, sambucus nigra fruit extract, actinidia chinensis oil, prunus armeniaca (apricot) kernel oil*, prunus domestica seed oil*, punica granatum seed oil, ribes nigrum seed oil, glyceryl rosinate, simmondsia chinensis (jojoba) seed oil, titanium dioxide (ci 77891), fragaria anassa seed oil, hylocereus undatus fruit extract, prunus cerasus seed oil, rubus fruticosus (blackberry) seed oil, euterpe oleracea fruit oil*, arnica montana (arnica) extract*, borago officinalis (borage) leaf extract*, calendula officinalis (calendula) flower extract*, medicago sativa (alfalfa) extract*, spiraea ulmaria (meadowsweet) extract*, salicornia herbacea extract, iron oxides (ci 77499), polyglyceryl-6 polyricinoleate, iron oxides (ci 77491), glyceryl oleate, olea europaea (olive) oil unsaponifiables, rosmarinus officinalis (rosemary) leaf extract, vanilla planifolia fruit extract, phenethyl alcohol, silica, jojoba esters, tocopherol *ingredients from organic farming

this list of ingredients is subject to change; please refer to the packaging of the purchased product.",'4.6,28
Make Up,Lips,'7383226155180,'41811424018604,Susanne Kaufmann,Lip Balm,https://ohmycream.co.uk/collections/make-up-lips/products/susanne-kaufmann-lip-balm?variant=41811424018604,https://cdn.shopify.com/s/files/1/0555/4071/1596/products/LipBalm_SusanneKauffman.jpg?v=1664781178,"Complete list of ingredients

ricinus communis (castor) seed oil, cetearyl alcohol, lauryl laurate, simmondsia chinensis (jojoba) seed oil, hydrogenated castor oil, olea europaea (olive) fruit oil, cera alba, copernicia cerifera cera (carnauba wax), brassica oleracea italica (broccoli) seed oil, euphorbia cerifera (candelilla wax) cera, hydrogenated soybean oil, tocopherol, glyceryl stearate, bisabolol, parfum.(*components of essential oils)

this list of ingredients is subject to change; please refer to the packaging of the purchased product.",'5.0,1
Make Up,Lips,'7567176466604,'42373367759020,L:a Bruket,Recovery Lip Mask 271,https://ohmycream.co.uk/collections/make-up-lips/products/la-bruket-recovery-lip-mask?variant=42373367759020,https://cdn.shopify.com/s/files/1/0555/4071/1596/products/Masque-regenerant-pour-les-levres-15ml.jpg?v=1677580173,"Complete list of ingredients

ricinus communis (castor) seed oil, prunus amygdalus dulcis (sweet almond) oil, caprylic / capric triglyceride, butyrospermum parkii (shea) butter*, hydrogenated castor oil, theobroma cacao (cocoa) seed butter, mangifera indica (mango) seed butter, silybum marianum seed oil, copernicia cerifera (carnauba) wax, helianthus annuus (sunflower) seed cera, cetyl palmitate, corylus avellana (hazelnut) seed oil*, rosa canina (rosehip) fruit oil, sorbitan palmitate, ethyl olivate, sorbitan olivate, tocopherol, nannochloropsis oculata extract, helianthus annuus (sunflower) seed oil, porphyra umbilicalis extract, ascorbyl palmitate, brassica alba sprout extract, olea europaea (olive) leaf extract

this list of ingredients is subject to change; please refer to the packaging of the purchased product.",',0
Make Up,Lips,'7567176532140,'42373368217772,L:a Bruket,Gentle Lip Scrub 270,https://ohmycream.co.uk/collections/make-up-lips/products/la-bruket-gentle-lip-scrub?variant=42373368217772,https://cdn.shopify.com/s/files/1/0555/4071/1596/products/Gommage-doux-pour-les-levres-15ml.jpg?v=1677578728,"Complete list of ingredients

ricinus communis (castor) seed oil, caprylic/capric triglyceride, oleyl erucate, hydrogenated castor oil, betaine, vaccinium macrocarpon (cranberry) fruit powder, rosa canina (rosehip) fruit extract*, butyrospermum parkii butter*, hydrogenated vegetable oil, helianthus annuus (sunflower) seed cera, rosa canina (rosehip) fruit oil, copernicia cerifera (carnauba) wax, simmondsia chinensis (jojoba) seed oil, tocopherol, helianthus annuus (sunflower) seed oil, ascorbyl palmitate, daucus carota (carrot) root extract, rosmarinus officinalis (rosemary) leaf extract

this list of ingredients is subject to change; please refer to the packaging of the purchased product.",'3.5,2
Make Up,Lips,'8067524493484,'43823240773804,Augustinus Bader,The Tinted Balm x Sofia Coppola,https://ohmycream.co.uk/collections/make-up-lips/products/augustinus-bader-the-tinted-balm-sofia-coppola?variant=43823240773804,https://cdn.shopify.com/s/files/1/0555/4071/1596/files/2024_09_Augustinus_Bader_The_Tinted_Balm_x_Sofia_Coppola_shade_2_Packshot.jpg?v=1727086176,Complete list of ingredients,'4.3,3
Make Up,Lips,'8067524493484,'43823240741036,Augustinus Bader,The Tinted Balm x Sofia Coppola,https://ohmycream.co.uk/collections/make-up-lips/products/augustinus-bader-the-tinted-balm-sofia-coppola?variant=43823240741036,https://cdn.shopify.com/s/files/1/0555/4071/1596/files/2024_09_Augustinus_Bader_The_Tinted_Balm_x_Sofia_Coppola_shade_1_Packshot.jpg?v=1727086176,Complete list of ingredients,'4.3,3
Make Up,Lips,'8067524493484,'43823240708268,Augustinus Bader,The Tinted Balm x Sofia Coppola,https://ohmycream.co.uk/collections/make-up-lips/products/augustinus-bader-the-tinted-balm-sofia-coppola?variant=43823240708268,https://cdn.shopify.com/s/files/1/0555/4071/1596/files/2024_09_Augustius_Bader_The_Tinted_Balm_x_Sofia_Coppola_shade_3_Packshot.jpg?v=1727351641,Complete list of ingredients,'4.3,3
Make Up,Lips,'8017881759916,'43692212322476,L:a Bruket,Lip Balm SOS 309,https://ohmycream.co.uk/collections/make-up-lips/products/l-a-bruket-lip-balm-sos-309?variant=43692212322476,https://cdn.shopify.com/s/files/1/0555/4071/1596/files/2024_09_LABruket_SOSLipBalm309_Packshot.jpg?v=1726146046,Complete list of ingredients,'5.0,3
Make Up,Lips,'7383236772012,'41811439517868,Ilia,Lip Wrap Hydrating Mask,https://ohmycream.co.uk/collections/make-up-lips/products/ilia-lip-wrap-hydrating-mask?variant=41811439517868,https://cdn.shopify.com/s/files/1/0555/4071/1596/products/818107026812_Ilia_Lip_Wrap_Hydrating_Mask_TINY.jpg?v=1658162512,"Complete list of ingredients

caprylic/capric triglyceride, mango butter dimer dilinoleyl esters/dimer dilinoleate copolymer, capryloyl glycerin/sebacic acid copolymer, bis-diglyceryl polyacyladipate-2, polyglyceryl-10 decaoleate, polyglyceryl-10 pentaoleate, polyglyceryl-10 pentaisostearate, c10-18 triglycerides, butyrospermum parkii (shea) butter, cera alba/beeswax/cire d'abeille, glyceryl stearate se, hydroxystearic acid, aroma, cocos nucifera (coconut) oil, lactobacillus/papaya fruit ferment extract, silica, polyhydroxystearic acid, ricinus communis (castor) seed oil, carica papaya (papaya) seed oil, sodium hyaluronate, tocopherol, hydrogenated castor oil, stevia rebaudiana leaf/stem extract, gardenia taitensis flower extract, salicornia herbacea extract, undaria pinnatifida extract, geraniol, limonene, linalool, ci 77891 (titanium dioxide) *organic ingredients. ingrédients organiques.

this list of ingredients is subject to change; please refer to the packaging of the purchased product.",'4.8,4
Make Up,Lips,'7476379582636,'42091903615148,Augustinus Bader,The Lip Balm,https://ohmycream.co.uk/collections/make-up-lips/products/the-lip-balm?variant=42091903615148,https://cdn.shopify.com/s/files/1/0555/4071/1596/products/packshot_lip_balm_susanne_kaufmann.jpg?v=1664473325,"Complete list of ingredients

olus oil (vegetable oil), butyrospermum parkii (shea) butter, euphorbia cerifera cera, octyldodecyl myristate, hydrogenated vegetable oil, olea europaea (olive) fruit oil, ricinus communis (castor) seed oil, candelilla cera, copernicia cerifera (carnauba) wax, helianthus annuus (sunflower) seed oil, tocopheryl acetate, dipalmitoyl hydroxyproline, butyrospermum parkii (shea) butter unsaponifiables, bisabolol, glycerin, palmitic acid, aloe ferox leaf extract, calendula officinalis (marigold) flower extract, tocopherol, aqua (water), lecithin, butylene glycol, caprylic/capric triglyceride, hydrolyzed rice extract, opuntia ficus-indica stem extract, pentylene glycol, xanthan gum, arginine, glycine, lysine, oligopeptide-177, oligopeptide-4, phenylalanine, potassium sorbate, sisymbrium irio seed oil, sodium hydroxide, citric acid.

this list of ingredients is subject to change; please refer to the packaging of the purchased product.",'5.0,2
Make Up,Lips,'8005186224300,'43654530728108,L:a Bruket,Wellbeing Lip Balm Duo,https://ohmycream.co.uk/collections/make-up-lips/products/l-a-bruket-wellbeing-lip-balm-duo?variant=43654530728108,https://cdn.shopify.com/s/files/1/0555/4071/1596/files/2024_10_LABruket_WellbeingLipBalmDuo_Packshot.jpg?v=1728556885,"Complete list of ingredients

lip balm sos baume à lèvres nourrissant 309 prunus amygdalus dulcis oil, simmondsia chinensis seed oil*, cera alba, cocos nucifera oil*, parfum, mentha piperita (peppermint) oil, menthol, tocopherol, helianthus annuus seed oil, limonene, linalool, benzyl cinnamate, citronellol

goodnight lip balm baume à lèvres nourrissant 311 prunus amygdalus dulcis oil, simmondsia chinensis seed oil*, cera alba, cocos nucifera oil*, aroma, tocopherol, helianthus annuus seed oil, limonene, linalool, citronellol, citral, geraniol

this list of ingredients is subject to change; please refer to the packaging of the purchased product.",'5.0,1
Make Up,Lips,'15172159930748,'55098417512828,RMS Beauty,Go Nude Lip Pencil,https://ohmycream.co.uk/collections/make-up-lips/products/rms-beauty-go-nude-lip-pencil?variant=55098417512828,https://cdn.shopify.com/s/files/1/0555/4071/1596/files/Go_Nude_Lip_Pencil_Morning_Dew_RMS.jpg?v=1744712615,"Complete list of ingredients

morning dew hydrogenated jojoba oil, limnanthes alba (meadowfoam) seedoil, caprylic/capric triglyceride, mica, mangifera indica (mango) seed oil, euphorbia cerifera (candelilla) wax/candelilla cera/cire de candelilla, silica, butyrospermum parkii (shea) butter, copernicia cerifera (carnauba) wax/cera carnauba/cire de carnauba, *simmondsia chinensis (jojoba) seed oil, tocopherol(non-gmo), helianthus annuus (sunflower) seed oil, ascorbyl palmitate, titanium dioxide (ci 77891), ironoxides (ci 77491, ci 77492, ci 77499), may contain (+/-): manganese violet (ci 77742), yellow 5 lake (ci19140), red 6 (ci 15850).

* certified organic/certifié biologique

sunrise nude sunrise nude: hydrogenated jojoba oil, caprylic/capric triglyceride, limnanthes alba (meadowfoam) seedoil, mica, mangifera indica (mango) seed oil, euphorbia cerifera (candelilla) wax/candelilla cera/cire decandelilla, silica, butyrospermum parkii (shea) butter, macadamia integrifolia seed oil, copernicia cerifera(carnauba) wax/cera carnauba/cire de carnauba, *simmondsia chinensis (jojoba) seed oil, tocopherol(non-gmo), helianthus annuus (sunflower) seed oil, ascorbyl palmitate, titanium dioxide (ci 77891), ironoxides (ci 77492, ci 77499), may contain (+/-) iron oxides (ci 77491), manganese violet (ci 77742), red 6(ci 15850), red 7 (ci 15850), yellow 6 lake (ci 15985).

* certified organic/certifié biologique

pavla red hydrogenated jojoba oil, caprylic/capric triglyceride, limnanthes alba (meadowfoam) seed oil, mica, mangifera indica (mango) seed oil, euphorbia cerifera (candelilla) wax/candelilla cera/cire decandelilla, silica, butyrospermum parkii (shea) butter, macadamia integrifolia seed oil, copernicia cerifera (carnauba) wax/cera carnauba/cire de carnauba, *simmondsia chinensis (jojoba) seed oil, tocopherol (non-gmo), helianthus annuus (sunflower) seed oil, ascorbyl palmitate, titanium dioxide (ci 77891), iron oxides (ci 77492, ci 77499), may contain (+/-) iron oxides (ci 77491), manganese violet (ci 77742), red 6 (ci 15850), red 7 (ci 15850), yellow 6 lake (ci 15985).

* certified organic/certifié biologique

this list of ingredients is subject to change; please refer to the packaging of the purchased product.",'5.0,1
Make Up,Lips,'15172159930748,'55098417545596,RMS Beauty,Go Nude Lip Pencil,https://ohmycream.co.uk/collections/make-up-lips/products/rms-beauty-go-nude-lip-pencil?variant=55098417545596,https://cdn.shopify.com/s/files/1/0555/4071/1596/files/Go_Nude_Lip_Pencil_Sunrise_Nude_RMS_b2deb218-7329-4b6a-a68a-08de1db5230c.jpg?v=1744712332,"Complete list of ingredients

morning dew hydrogenated jojoba oil, limnanthes alba (meadowfoam) seedoil, caprylic/capric triglyceride, mica, mangifera indica (mango) seed oil, euphorbia cerifera (candelilla) wax/candelilla cera/cire de candelilla, silica, butyrospermum parkii (shea) butter, copernicia cerifera (carnauba) wax/cera carnauba/cire de carnauba, *simmondsia chinensis (jojoba) seed oil, tocopherol(non-gmo), helianthus annuus (sunflower) seed oil, ascorbyl palmitate, titanium dioxide (ci 77891), ironoxides (ci 77491, ci 77492, ci 77499), may contain (+/-): manganese violet (ci 77742), yellow 5 lake (ci19140), red 6 (ci 15850).

* certified organic/certifié biologique

sunrise nude sunrise nude: hydrogenated jojoba oil, caprylic/capric triglyceride, limnanthes alba (meadowfoam) seedoil, mica, mangifera indica (mango) seed oil, euphorbia cerifera (candelilla) wax/candelilla cera/cire decandelilla, silica, butyrospermum parkii (shea) butter, macadamia integrifolia seed oil, copernicia cerifera(carnauba) wax/cera carnauba/cire de carnauba, *simmondsia chinensis (jojoba) seed oil, tocopherol(non-gmo), helianthus annuus (sunflower) seed oil, ascorbyl palmitate, titanium dioxide (ci 77891), ironoxides (ci 77492, ci 77499), may contain (+/-) iron oxides (ci 77491), manganese violet (ci 77742), red 6(ci 15850), red 7 (ci 15850), yellow 6 lake (ci 15985).

* certified organic/certifié biologique

pavla red hydrogenated jojoba oil, caprylic/capric triglyceride, limnanthes alba (meadowfoam) seed oil, mica, mangifera indica (mango) seed oil, euphorbia cerifera (candelilla) wax/candelilla cera/cire decandelilla, silica, butyrospermum parkii (shea) butter, macadamia integrifolia seed oil, copernicia cerifera (carnauba) wax/cera carnauba/cire de carnauba, *simmondsia chinensis (jojoba) seed oil, tocopherol (non-gmo), helianthus annuus (sunflower) seed oil, ascorbyl palmitate, titanium dioxide (ci 77891), iron oxides (ci 77492, ci 77499), may contain (+/-) iron oxides (ci 77491), manganese violet (ci 77742), red 6 (ci 15850), red 7 (ci 15850), yellow 6 lake (ci 15985).

* certified organic/certifié biologique

this list of ingredients is subject to change; please refer to the packaging of the purchased product.",'5.0,1
Make Up,Lips,'15172159930748,'55098417578364,RMS Beauty,Go Nude Lip Pencil,https://ohmycream.co.uk/collections/make-up-lips/products/rms-beauty-go-nude-lip-pencil?variant=55098417578364,https://cdn.shopify.com/s/files/1/0555/4071/1596/files/Go_Nude_Lip_Pencil_Pavla_Red_RMS.jpg?v=1744711933,"Complete list of ingredients

morning dew hydrogenated jojoba oil, limnanthes alba (meadowfoam) seedoil, caprylic/capric triglyceride, mica, mangifera indica (mango) seed oil, euphorbia cerifera (candelilla) wax/candelilla cera/cire de candelilla, silica, butyrospermum parkii (shea) butter, copernicia cerifera (carnauba) wax/cera carnauba/cire de carnauba, *simmondsia chinensis (jojoba) seed oil, tocopherol(non-gmo), helianthus annuus (sunflower) seed oil, ascorbyl palmitate, titanium dioxide (ci 77891), ironoxides (ci 77491, ci 77492, ci 77499), may contain (+/-): manganese violet (ci 77742), yellow 5 lake (ci19140), red 6 (ci 15850).

* certified organic/certifié biologique

sunrise nude sunrise nude: hydrogenated jojoba oil, caprylic/capric triglyceride, limnanthes alba (meadowfoam) seedoil, mica, mangifera indica (mango) seed oil, euphorbia cerifera (candelilla) wax/candelilla cera/cire decandelilla, silica, butyrospermum parkii (shea) butter, macadamia integrifolia seed oil, copernicia cerifera(carnauba) wax/cera carnauba/cire de carnauba, *simmondsia chinensis (jojoba) seed oil, tocopherol(non-gmo), helianthus annuus (sunflower) seed oil, ascorbyl palmitate, titanium dioxide (ci 77891), ironoxides (ci 77492, ci 77499), may contain (+/-) iron oxides (ci 77491), manganese violet (ci 77742), red 6(ci 15850), red 7 (ci 15850), yellow 6 lake (ci 15985).

* certified organic/certifié biologique

pavla red hydrogenated jojoba oil, caprylic/capric triglyceride, limnanthes alba (meadowfoam) seed oil, mica, mangifera indica (mango) seed oil, euphorbia cerifera (candelilla) wax/candelilla cera/cire decandelilla, silica, butyrospermum parkii (shea) butter, macadamia integrifolia seed oil, copernicia cerifera (carnauba) wax/cera carnauba/cire de carnauba, *simmondsia chinensis (jojoba) seed oil, tocopherol (non-gmo), helianthus annuus (sunflower) seed oil, ascorbyl palmitate, titanium dioxide (ci 77891), iron oxides (ci 77492, ci 77499), may contain (+/-) iron oxides (ci 77491), manganese violet (ci 77742), red 6 (ci 15850), red 7 (ci 15850), yellow 6 lake (ci 15985).

* certified organic/certifié biologique

this list of ingredients is subject to change; please refer to the packaging of the purchased product.",'5.0,1
Make Up,Lips,'7873225523372,'43320900452524,Les Filles En Rouje,The Lip Oil,https://ohmycream.co.uk/collections/make-up-lips/products/les-filles-en-rouje-the-lip-oil?variant=43320900452524,https://cdn.shopify.com/s/files/1/0555/4071/1596/files/L_huilelevres_lesFillesenRouje.jpg?v=1713340928,"Complete list of ingredients

helianthus annuus (sunflower) seed oil, ricinus communis (castor) seed oil, glyceryl rosinate, olea europaea (olive) oil unsaponifiables, glyceryl oleate, parfum (fragrance), squalane, argania spinosa kernel oil, prunus armeniaca (apricot) kernel oil, persea gratissima (avocado) oil, tocopherol, squalene, glycine soja (soybean) oil, beta-sitosterol, bixa orellana seed oil this list of ingredients is subject to change; please refer to the packaging of the purchased product.",'4.5,2
Make Up,Lips,'7383230087340,'41811430539436,Ilia,Color Block High Impact Lipstick,https://ohmycream.co.uk/collections/make-up-lips/products/ilia-color-block-high-impact-lipstick?variant=41811430539436,https://cdn.shopify.com/s/files/1/0555/4071/1596/products/818107021435_ILIA_COLOR-BLOCK-LIPSTICK_ROSETTE_TINY.jpg?v=1658162442,"Complete list of ingredients

ricinus communis (castor) seed oil*, caprylic/capric triglyceride, candelilla cera/euphorbia cerifera (candelilla) wax/cire de candelilla, cera carnauba/copernicia cerifera (carnauba) wax/cire de carnauba, prunus armeniaca (apricot) kernel oil, oleic/linoleic/linolenic polyglycerides, oryza sativa (rice) bran extract, simmondsia chinensis (jojoba) seed oil, jojoba esters, hydroxystearic/linolenic/oleic polyglycerides, helianthus annuus (sunflower) seed wax, tocopheryl acetate, helianthus annuus (sunflower) extract, caprylyl glycol, ethylhexylglycerin, tocopherol, butyrospermum parkii (shea) butter, camellia oleifera seed oil, aroma, mangifera indica (mango) seed butter, rosa canina fruit oil, rosmarinus officinalis (rosemary) leaf extract, theobroma cacao (cocoa) seed butter, vitis vinifera (grape) seed oil, rubus idaeus (raspberry) seed oil, acacia decurrens flower cera/wax, polyglycerin-3, benzyl alcohol, benzyl benzoate, citronellol, geraniol, limonene, linalool , [+/-: titanium dioxide (ci 77891), iron oxide (ci 77491, ci 77492, ci 77499), red 7 lake (ci 15850), yellow 5 lake (ci 19140), red 30 lake (ci 73360), red 28 lake (ci 45410), red 22 lake (ci 45380), manganese violet (ci 77742).*organic ingredients. ingrédients organiques.

this list of ingredients is subject to change; please refer to the packaging of the purchased product.",'4.0,1
Make Up,Lips,'7383230087340,'41811430768812,Ilia,Color Block High Impact Lipstick,https://ohmycream.co.uk/collections/make-up-lips/products/ilia-color-block-high-impact-lipstick?variant=41811430768812,https://cdn.shopify.com/s/files/1/0555/4071/1596/products/818107021442_ILIA_COLOR-BLOCK-LIPSTICK_MARSALA_TINY.jpg?v=1658162442,"Complete list of ingredients

ricinus communis (castor) seed oil*, caprylic/capric triglyceride, candelilla cera/euphorbia cerifera (candelilla) wax/cire de candelilla, cera carnauba/copernicia cerifera (carnauba) wax/cire de carnauba, prunus armeniaca (apricot) kernel oil, oleic/linoleic/linolenic polyglycerides, oryza sativa (rice) bran extract, simmondsia chinensis (jojoba) seed oil, jojoba esters, hydroxystearic/linolenic/oleic polyglycerides, helianthus annuus (sunflower) seed wax, tocopheryl acetate, helianthus annuus (sunflower) extract, caprylyl glycol, ethylhexylglycerin, tocopherol, butyrospermum parkii (shea) butter, camellia oleifera seed oil, aroma, mangifera indica (mango) seed butter, rosa canina fruit oil, rosmarinus officinalis (rosemary) leaf extract, theobroma cacao (cocoa) seed butter, vitis vinifera (grape) seed oil, rubus idaeus (raspberry) seed oil, acacia decurrens flower cera/wax, polyglycerin-3, benzyl alcohol, benzyl benzoate, citronellol, geraniol, limonene, linalool , [+/-: titanium dioxide (ci 77891), iron oxide (ci 77491, ci 77492, ci 77499), red 7 lake (ci 15850), yellow 5 lake (ci 19140), red 30 lake (ci 73360), red 28 lake (ci 45410), red 22 lake (ci 45380), manganese violet (ci 77742).*organic ingredients. ingrédients organiques.

this list of ingredients is subject to change; please refer to the packaging of the purchased product.",'4.0,1
Make Up,Lips,'7383230087340,'41811430604972,Ilia,Color Block High Impact Lipstick,https://ohmycream.co.uk/collections/make-up-lips/products/ilia-color-block-high-impact-lipstick?variant=41811430604972,https://cdn.shopify.com/s/files/1/0555/4071/1596/products/818107021480_ILIA_COLOR-BLOCK-LIPSTICK_GRENADINE_TINY.jpg?v=1658162442,"Complete list of ingredients

ricinus communis (castor) seed oil*, caprylic/capric triglyceride, candelilla cera/euphorbia cerifera (candelilla) wax/cire de candelilla, cera carnauba/copernicia cerifera (carnauba) wax/cire de carnauba, prunus armeniaca (apricot) kernel oil, oleic/linoleic/linolenic polyglycerides, oryza sativa (rice) bran extract, simmondsia chinensis (jojoba) seed oil, jojoba esters, hydroxystearic/linolenic/oleic polyglycerides, helianthus annuus (sunflower) seed wax, tocopheryl acetate, helianthus annuus (sunflower) extract, caprylyl glycol, ethylhexylglycerin, tocopherol, butyrospermum parkii (shea) butter, camellia oleifera seed oil, aroma, mangifera indica (mango) seed butter, rosa canina fruit oil, rosmarinus officinalis (rosemary) leaf extract, theobroma cacao (cocoa) seed butter, vitis vinifera (grape) seed oil, rubus idaeus (raspberry) seed oil, acacia decurrens flower cera/wax, polyglycerin-3, benzyl alcohol, benzyl benzoate, citronellol, geraniol, limonene, linalool , [+/-: titanium dioxide (ci 77891), iron oxide (ci 77491, ci 77492, ci 77499), red 7 lake (ci 15850), yellow 5 lake (ci 19140), red 30 lake (ci 73360), red 28 lake (ci 45410), red 22 lake (ci 45380), manganese violet (ci 77742).*organic ingredients. ingrédients organiques.

this list of ingredients is subject to change; please refer to the packaging of the purchased product.",'4.0,1
Make Up,Lips,'7383230087340,'41811430801580,Ilia,Color Block High Impact Lipstick,https://ohmycream.co.uk/collections/make-up-lips/products/ilia-color-block-high-impact-lipstick?variant=41811430801580,https://cdn.shopify.com/s/files/1/0555/4071/1596/products/818107021510_ILIA_COLOR-BLOCK-LIPSTICK_FLAME_TINY.jpg?v=1658162442,"Complete list of ingredients

ricinus communis (castor) seed oil*, caprylic/capric triglyceride, candelilla cera/euphorbia cerifera (candelilla) wax/cire de candelilla, cera carnauba/copernicia cerifera (carnauba) wax/cire de carnauba, prunus armeniaca (apricot) kernel oil, oleic/linoleic/linolenic polyglycerides, oryza sativa (rice) bran extract, simmondsia chinensis (jojoba) seed oil, jojoba esters, hydroxystearic/linolenic/oleic polyglycerides, helianthus annuus (sunflower) seed wax, tocopheryl acetate, helianthus annuus (sunflower) extract, caprylyl glycol, ethylhexylglycerin, tocopherol, butyrospermum parkii (shea) butter, camellia oleifera seed oil, aroma, mangifera indica (mango) seed butter, rosa canina fruit oil, rosmarinus officinalis (rosemary) leaf extract, theobroma cacao (cocoa) seed butter, vitis vinifera (grape) seed oil, rubus idaeus (raspberry) seed oil, acacia decurrens flower cera/wax, polyglycerin-3, benzyl alcohol, benzyl benzoate, citronellol, geraniol, limonene, linalool , [+/-: titanium dioxide (ci 77891), iron oxide (ci 77491, ci 77492, ci 77499), red 7 lake (ci 15850), yellow 5 lake (ci 19140), red 30 lake (ci 73360), red 28 lake (ci 45410), red 22 lake (ci 45380), manganese violet (ci 77742).*organic ingredients. ingrédients organiques.

this list of ingredients is subject to change; please refer to the packaging of the purchased product.",'4.0,1
Make Up,Lips,'7383230087340,'41811430736044,Ilia,Color Block High Impact Lipstick,https://ohmycream.co.uk/collections/make-up-lips/products/ilia-color-block-high-impact-lipstick?variant=41811430736044,https://cdn.shopify.com/s/files/1/0555/4071/1596/products/818107021503_ILIA_COLOR-BLOCK-LIPSTICK_TANGO_TINY.jpg?v=1658162442,"Complete list of ingredients

ricinus communis (castor) seed oil*, caprylic/capric triglyceride, candelilla cera/euphorbia cerifera (candelilla) wax/cire de candelilla, cera carnauba/copernicia cerifera (carnauba) wax/cire de carnauba, prunus armeniaca (apricot) kernel oil, oleic/linoleic/linolenic polyglycerides, oryza sativa (rice) bran extract, simmondsia chinensis (jojoba) seed oil, jojoba esters, hydroxystearic/linolenic/oleic polyglycerides, helianthus annuus (sunflower) seed wax, tocopheryl acetate, helianthus annuus (sunflower) extract, caprylyl glycol, ethylhexylglycerin, tocopherol, butyrospermum parkii (shea) butter, camellia oleifera seed oil, aroma, mangifera indica (mango) seed butter, rosa canina fruit oil, rosmarinus officinalis (rosemary) leaf extract, theobroma cacao (cocoa) seed butter, vitis vinifera (grape) seed oil, rubus idaeus (raspberry) seed oil, acacia decurrens flower cera/wax, polyglycerin-3, benzyl alcohol, benzyl benzoate, citronellol, geraniol, limonene, linalool , [+/-: titanium dioxide (ci 77891), iron oxide (ci 77491, ci 77492, ci 77499), red 7 lake (ci 15850), yellow 5 lake (ci 19140), red 30 lake (ci 73360), red 28 lake (ci 45410), red 22 lake (ci 45380), manganese violet (ci 77742).*organic ingredients. ingrédients organiques.

this list of ingredients is subject to change; please refer to the packaging of the purchased product.",'4.0,1
Make Up,Lips,'7383230087340,'41811430572204,Ilia,Color Block High Impact Lipstick,https://ohmycream.co.uk/collections/make-up-lips/products/ilia-color-block-high-impact-lipstick?variant=41811430572204,https://cdn.shopify.com/s/files/1/0555/4071/1596/products/818107021527_ILIA_COLOR-BLOCK-LIPSTICK_RUMBA_TINY.jpg?v=1658162442,"Complete list of ingredients

ricinus communis (castor) seed oil*, caprylic/capric triglyceride, candelilla cera/euphorbia cerifera (candelilla) wax/cire de candelilla, cera carnauba/copernicia cerifera (carnauba) wax/cire de carnauba, prunus armeniaca (apricot) kernel oil, oleic/linoleic/linolenic polyglycerides, oryza sativa (rice) bran extract, simmondsia chinensis (jojoba) seed oil, jojoba esters, hydroxystearic/linolenic/oleic polyglycerides, helianthus annuus (sunflower) seed wax, tocopheryl acetate, helianthus annuus (sunflower) extract, caprylyl glycol, ethylhexylglycerin, tocopherol, butyrospermum parkii (shea) butter, camellia oleifera seed oil, aroma, mangifera indica (mango) seed butter, rosa canina fruit oil, rosmarinus officinalis (rosemary) leaf extract, theobroma cacao (cocoa) seed butter, vitis vinifera (grape) seed oil, rubus idaeus (raspberry) seed oil, acacia decurrens flower cera/wax, polyglycerin-3, benzyl alcohol, benzyl benzoate, citronellol, geraniol, limonene, linalool , [+/-: titanium dioxide (ci 77891), iron oxide (ci 77491, ci 77492, ci 77499), red 7 lake (ci 15850), yellow 5 lake (ci 19140), red 30 lake (ci 73360), red 28 lake (ci 45410), red 22 lake (ci 45380), manganese violet (ci 77742).*organic ingredients. ingrédients organiques.

this list of ingredients is subject to change; please refer to the packaging of the purchased product.",'4.0,1
Make Up,Lips,'7383230087340,'41811430670508,Ilia,Color Block High Impact Lipstick,https://ohmycream.co.uk/collections/make-up-lips/products/ilia-color-block-high-impact-lipstick?variant=41811430670508,https://cdn.shopify.com/s/files/1/0555/4071/1596/products/818107021725_ILIA_COLORBLOCK_TRUE-RED_TINY.jpg?v=1658162442,"Complete list of ingredients

ricinus communis (castor) seed oil*, caprylic/capric triglyceride, candelilla cera/euphorbia cerifera (candelilla) wax/cire de candelilla, cera carnauba/copernicia cerifera (carnauba) wax/cire de carnauba, prunus armeniaca (apricot) kernel oil, oleic/linoleic/linolenic polyglycerides, oryza sativa (rice) bran extract, simmondsia chinensis (jojoba) seed oil, jojoba esters, hydroxystearic/linolenic/oleic polyglycerides, helianthus annuus (sunflower) seed wax, tocopheryl acetate, helianthus annuus (sunflower) extract, caprylyl glycol, ethylhexylglycerin, tocopherol, butyrospermum parkii (shea) butter, camellia oleifera seed oil, aroma, mangifera indica (mango) seed butter, rosa canina fruit oil, rosmarinus officinalis (rosemary) leaf extract, theobroma cacao (cocoa) seed butter, vitis vinifera (grape) seed oil, rubus idaeus (raspberry) seed oil, acacia decurrens flower cera/wax, polyglycerin-3, benzyl alcohol, benzyl benzoate, citronellol, geraniol, limonene, linalool , [+/-: titanium dioxide (ci 77891), iron oxide (ci 77491, ci 77492, ci 77499), red 7 lake (ci 15850), yellow 5 lake (ci 19140), red 30 lake (ci 73360), red 28 lake (ci 45410), red 22 lake (ci 45380), manganese violet (ci 77742).*organic ingredients. ingrédients organiques.

this list of ingredients is subject to change; please refer to the packaging of the purchased product.",'4.0,1
Make Up,Lips,'7383230087340,'41811430637740,Ilia,Color Block High Impact Lipstick,https://ohmycream.co.uk/collections/make-up-lips/products/ilia-color-block-high-impact-lipstick?variant=41811430637740,https://cdn.shopify.com/s/files/1/0555/4071/1596/products/818107021732_ILIA_COLORBLOCK_WILD-ROSE_TINY.jpg?v=1658162442,"Complete list of ingredients

ricinus communis (castor) seed oil*, caprylic/capric triglyceride, candelilla cera/euphorbia cerifera (candelilla) wax/cire de candelilla, cera carnauba/copernicia cerifera (carnauba) wax/cire de carnauba, prunus armeniaca (apricot) kernel oil, oleic/linoleic/linolenic polyglycerides, oryza sativa (rice) bran extract, simmondsia chinensis (jojoba) seed oil, jojoba esters, hydroxystearic/linolenic/oleic polyglycerides, helianthus annuus (sunflower) seed wax, tocopheryl acetate, helianthus annuus (sunflower) extract, caprylyl glycol, ethylhexylglycerin, tocopherol, butyrospermum parkii (shea) butter, camellia oleifera seed oil, aroma, mangifera indica (mango) seed butter, rosa canina fruit oil, rosmarinus officinalis (rosemary) leaf extract, theobroma cacao (cocoa) seed butter, vitis vinifera (grape) seed oil, rubus idaeus (raspberry) seed oil, acacia decurrens flower cera/wax, polyglycerin-3, benzyl alcohol, benzyl benzoate, citronellol, geraniol, limonene, linalool , [+/-: titanium dioxide (ci 77891), iron oxide (ci 77491, ci 77492, ci 77499), red 7 lake (ci 15850), yellow 5 lake (ci 19140), red 30 lake (ci 73360), red 28 lake (ci 45410), red 22 lake (ci 45380), manganese violet (ci 77742).*organic ingredients. ingrédients organiques.

this list of ingredients is subject to change; please refer to the packaging of the purchased product.",'4.0,1
Make Up,Lips,'7383230087340,'41811430703276,Ilia,Color Block High Impact Lipstick,https://ohmycream.co.uk/collections/make-up-lips/products/ilia-color-block-high-impact-lipstick?variant=41811430703276,https://cdn.shopify.com/s/files/1/0555/4071/1596/products/818107021749_ILIA_COLOR-BLOCK-LIPSTICK_ROSEWOOD_TINY.jpg?v=1658162442,"Complete list of ingredients

ricinus communis (castor) seed oil*, caprylic/capric triglyceride, candelilla cera/euphorbia cerifera (candelilla) wax/cire de candelilla, cera carnauba/copernicia cerifera (carnauba) wax/cire de carnauba, prunus armeniaca (apricot) kernel oil, oleic/linoleic/linolenic polyglycerides, oryza sativa (rice) bran extract, simmondsia chinensis (jojoba) seed oil, jojoba esters, hydroxystearic/linolenic/oleic polyglycerides, helianthus annuus (sunflower) seed wax, tocopheryl acetate, helianthus annuus (sunflower) extract, caprylyl glycol, ethylhexylglycerin, tocopherol, butyrospermum parkii (shea) butter, camellia oleifera seed oil, aroma, mangifera indica (mango) seed butter, rosa canina fruit oil, rosmarinus officinalis (rosemary) leaf extract, theobroma cacao (cocoa) seed butter, vitis vinifera (grape) seed oil, rubus idaeus (raspberry) seed oil, acacia decurrens flower cera/wax, polyglycerin-3, benzyl alcohol, benzyl benzoate, citronellol, geraniol, limonene, linalool , [+/-: titanium dioxide (ci 77891), iron oxide (ci 77491, ci 77492, ci 77499), red 7 lake (ci 15850), yellow 5 lake (ci 19140), red 30 lake (ci 73360), red 28 lake (ci 45410), red 22 lake (ci 45380), manganese violet (ci 77742).*organic ingredients. ingrédients organiques.

this list of ingredients is subject to change; please refer to the packaging of the purchased product.",'4.0,1
Make Up,Lips,'15174958612860,'55102369169788,RMS Beauty,Lip2Cheek Glow Quad Mini,https://ohmycream.co.uk/collections/make-up-lips/products/rms-beauty-lip2cheek-glow-quad-mini?variant=55102369169788,https://cdn.shopify.com/s/files/1/0555/4071/1596/files/Lip2CheekGlowQuadMini_RMS.jpg?v=1745403160,"Complete list of ingredients

champagne rosé luminizer *ricinus communis (castor) seed oil, *cocos nucifera (coconut) oil, *cera alba (beeswax) (cire d'abeille), mica, tocopherol (non-gmo), *helianthus annuus (sunflower) seed oil, *rosmarinus officinalis (rosemary) leaf extract, silica, tin oxide, titanium dioxide (ci 77891), iron oxides (ci 77491, ci 77499).

lost angel lip2cheek *cocos nucifera (coconut) oil, beeswax/cera alba/cire d'abeille, mica, *ricinus communis (castor) seed oil, *simmondsia chinensis (jojoba) seed oil, *theobroma cacao (cocoa) seed butter, *butyrospermum parkii (shea) butter, copernicia cerifera (carnauba) wax/cera carnauba/cire de carnauba, *rosmarinus officinalis (rosemary) leaf extract, tocopherol (non-gmo), **mauritia flexuosa (buriti) fruit oil, centella asiatica extract, *helianthus annuus (sunflower) seed oil, titanium dioxide (ci 77891), iron oxides (ci 77492), red 7 lake (ci 15850).

spell lip2cheek *cocos nucifera (coconut) oil, *beeswax/cera alba/cire d'abeille, *ricinus communis (castor) seed oil, *simmondsia chinensis (jojoba) seed oil, *theobroma cacao (cocoa) seed butter, *butyrospermum parkii (shea) butter, copernicia cerifera (carnauba) wax/cera carnauba/cire de carnauba, *rosmarinus officinalis (rosemary) leaf extract, tocopherol (non-gmo), **mauritia flexuosa fruit oil, centella asiatica extract, *helianthus annuus (sunflower) seed oil, titanium dioxide (ci 77891), iron oxides (ci 77491, ci 77492, ci 77499).

beloved lip2cheek *cocos nucifera (coconut) oil, *beeswax/cera alba/cire d'abeille, *ricinus communis (castor) seed oil, *simmondsia chinensis (jojoba) seed oil, *theobroma cacao (cocoa) seed butter, *butyrospermum parkii (shea) butter, copernicia cerifera (carnauba) wax/cera carnauba/cire de carnauba, *rosmarinus officinalis (rosemary) leaf extract, tocopherol (non-gmo), **mauritia flexuosa (buriti) fruit oil, centella asiatica extract, *helianthus annuus (sunflower) seed oil, titanium dioxide (ci 77891), iron oxides (ci 77491), red 28 lake (ci 45410), yellow 6 lake (ci 15985) * certified organic/certifé biologique **wildcrafted/récoltée à l'état sauvage

this list of ingredients is subject to change; please refer to the packaging of the purchased product.",'1.0,1
Make Up,Lips,'7383244374188,'41811446071468,Tata Harper,Cream Blush,https://ohmycream.co.uk/collections/make-up-lips/products/tata-harper-cream-blush?variant=41811446071468,https://cdn.shopify.com/s/files/1/0555/4071/1596/files/2024_09_Tata_Harper_Blush_Creme_Flashy_Packshot.jpg?v=1727705549,"Complete list of ingredients

flashy cream blush : cocos nucifera (coconut) fruit extract, helianthus annuus (sunflower) seed oil*, ricinus communis (castor) seed oil, cera alba/beeswax/cire d’abeille*, caprylic/capric triglyceride, mica, ci 77891, helianthus annuus (sunflower) seed wax, camellia sinensis (green tea) seed oil*, palmitoyl isoleucine, euterpe oleracea fruit oil*, plukenetia volubilis seed oil*, lavandula stoechas extract, olea europaea (olive) oil*, arnica montana (arnica) extract*, borago officinalis (borage) leaf extract*, calendula officinalis (calendula) flower extract*, medicago sativa (alfalfa) extract*, spiraea ulmaria (meadowsweet) extract*, sambucus nigra fruit extract, tocopherol, ci 77491, ci 75470 *ingredients from organic farming

flirty cream blush : cocos nucifera (coconut) fruit extract, helianthus annuus (sunflower) seed oil*, ricinus communis (castor) seed oil, cera alba/beeswax/cire d’abeille*, caprylic/capric triglyceride, mica, ci 77891, helianthus annuus (sunflower) seed wax, camellia sinensis (green tea) seed oil*, palmitoyl isoleucine, euterpe oleracea fruit oil*, plukenetia volubilis seed oil*, lavandula stoechas extract, olea europaea (olive) oil*, arnica montana (arnica) extract*, borago officinalis (borage) leaf extract*, calendula officinalis (calendula) flower extract*, medicago sativa (alfalfa) extract*, spiraea ulmaria (meadowsweet) extract*, sambucus nigra fruit extract, tocopherol, ci 77491, ci 75470 *ingredients from organic farming

lovely cream blush : cocos nucifera (coconut) fruit extract, helianthus annuus (sunflower) seed oil*, ricinus communis (castor) seed oil, caprylic/capric triglyceride, cera alba/beeswax/cire d’abeille*, mica, olus/vegetable oil/huile végétale*, helianthus annuus (sunflower) seed wax, titanium dioxide, camellia sinensis (green tea) seed oil*, palmitoyl isoleucine, euterpe oleracea (acai) fruit oil*, plukenetia volubilis seed oil*, lavandula stoechas (spanish lavender) extract, olea europaea (olive) oil*, arnica montana (arnica) extract*, borago officinalis (borage) leaf extract*, medicago sativa (alfalfa) extract*, spiraea ulmaria (meadowsweet) extract*, calendula officinalis (calendula) flower extract*, sambucus nigra fruit extract, jojoba esters, tocopherol, carmine, octyldodecanol, natural and organic flavors, iron oxide (c.i. 77891, c.i. 77492, c.i. 77491), alumina, silica, trihydroxystearin

lucky cream blush : helianthus annuus (sunflower) seed oil*, cocos nucifera (coconut) fruit extract, caprylic/capric triglyceride, ricinus communis (castor) seed oil, cera alba/beeswax/cire d’abeille*, olus/vegetable oil/huile végétale*, helianthus annuus (sunflower) seed wax, camellia sinensis (green tea) seed oil*, palmitoyl isoleucine, euterpe oleracea (acai) fruit oil*, plukenetia volubilis seed oil*, titanium dioxide, lavandula stoechas (spanish lavender) extract, arnica montana (arnica) extract*, borago officinalis (borage) leaf extract*, medicago sativa (alfalfa) extract*, spiraea ulmaria (meadowsweet) extract*, calendula officinalis (calendula) flower extract*, sambucus nigra fruit extract, tocopherol, olea europaea (olive) oil*, jojoba esters, natural and organic flavors, octyldodecanol, alumina, silica, carmine, trihydroxystearin, iron oxides (c.i. 77499, c.i. 77491)



naughty cream blush : cocos nucifera (coconut) fruit extract, caprylic/capric triglyceride, helianthus annuus (sunflower) seed oil*, ricinus communis (castor) seed oil, cera alba/beeswax/cire d’abeille*, titanium dioxide, olus/vegetable oil/huile végétale*, mica, helianthus annuus (sunflower) seed wax, camellia sinensis (green tea) seed oil*, palmitoyl isoleucine, euterpe oleracea (acai) fruit oil*, plukenetia volubilis seed oil*, carmine, octyldodecanol, lavandula stoechas (spanish lavender) extract, arnica montana (arnica) extract*, borago officinalis (borage) leaf extract*, medicago sativa (alfalfa) extract*, spiraea ulmaria (meadowsweet) extract*, calendula officinalis (calendula) flower extract*, olea europaea (olive) oil*, sambucus nigra fruit extract, tocopherol, jojoba esters, alumina, silica, trihydroxystearin, iron oxides (c.i. 77492, c.i. 77491), natural and organic flavors

peachy cream blush : cocos nucifera (coconut) fruit extract, helianthus annuus (sunflower) seed oil*, ricinus communis (castor) seed oil, cera alba/beeswax/cire d’abeille*, caprylic/capric triglyceride, mica, helianthus annuus (sunflower) seed wax, camellia sinensis (green tea) seed oil*, palmitoyl isoleucine, euterpe oleracea (acai) fruit oil*, plukenetia volubilis seed oil*, lavandula stoechas (spanish lavender) extract, arnica montana (arnica) extract*, borago officinalis (borage) leaf extract*, medicago sativa (alfalfa) extract*, spiraea ulmaria (meadowsweet) extract*, olea europaea (olive) oil*, calendula officinalis (calendula) flower extract*, sambucus nigra fruit extract, tocopherol, iron oxides (c.i. 77891), titanium dioxide (ci. 77891)

spicy cream blush : helianthus annuus (sunflower) seed oil*, cocos nucifera (coconut) fruit extract, caprylic/capric triglyceride, ricinus communis (castor) seed oil, cera alba/beeswax/cire d’abeille*, olus/vegetable oil/huile végétale*, helianthus annuus (sunflower) seed wax, camellia sinensis (green tea) seed oil*, palmitoyl isoleucine, euterpe oleracea (acai) fruit oil*, plukenetia volubilis seed oil*, titanium dioxide, lavandula stoechas (spanish lavender) extract, arnica montana (arnica) extract*, borago officinalis (borage) leaf extract*, medicago sativa (alfalfa) extract*, spiraea ulmaria (meadowsweet) extract*, calendula officinalis (calendula) flower extract*, sambucus nigra fruit extract, tocopherol, olea europaea (olive) oil*, jojoba esters, natural and organic flavors, octyldodecanol, alumina, silica, carmine, trihydroxystearin, iron oxides (c.i. 77499, c.i. 77491)

this list of ingredients is subject to change; please refer to the packaging of the purchased product.",'4.6,21
Make Up,Lips,'7383244374188,'41811446235308,Tata Harper,Cream Blush,https://ohmycream.co.uk/collections/make-up-lips/products/tata-harper-cream-blush?variant=41811446235308,https://cdn.shopify.com/s/files/1/0555/4071/1596/files/2024_09_Tata_Harper_Blush_Creme_Peachy_Packshot.jpg?v=1727705548,"Complete list of ingredients

flashy cream blush : cocos nucifera (coconut) fruit extract, helianthus annuus (sunflower) seed oil*, ricinus communis (castor) seed oil, cera alba/beeswax/cire d’abeille*, caprylic/capric triglyceride, mica, ci 77891, helianthus annuus (sunflower) seed wax, camellia sinensis (green tea) seed oil*, palmitoyl isoleucine, euterpe oleracea fruit oil*, plukenetia volubilis seed oil*, lavandula stoechas extract, olea europaea (olive) oil*, arnica montana (arnica) extract*, borago officinalis (borage) leaf extract*, calendula officinalis (calendula) flower extract*, medicago sativa (alfalfa) extract*, spiraea ulmaria (meadowsweet) extract*, sambucus nigra fruit extract, tocopherol, ci 77491, ci 75470 *ingredients from organic farming

flirty cream blush : cocos nucifera (coconut) fruit extract, helianthus annuus (sunflower) seed oil*, ricinus communis (castor) seed oil, cera alba/beeswax/cire d’abeille*, caprylic/capric triglyceride, mica, ci 77891, helianthus annuus (sunflower) seed wax, camellia sinensis (green tea) seed oil*, palmitoyl isoleucine, euterpe oleracea fruit oil*, plukenetia volubilis seed oil*, lavandula stoechas extract, olea europaea (olive) oil*, arnica montana (arnica) extract*, borago officinalis (borage) leaf extract*, calendula officinalis (calendula) flower extract*, medicago sativa (alfalfa) extract*, spiraea ulmaria (meadowsweet) extract*, sambucus nigra fruit extract, tocopherol, ci 77491, ci 75470 *ingredients from organic farming

lovely cream blush : cocos nucifera (coconut) fruit extract, helianthus annuus (sunflower) seed oil*, ricinus communis (castor) seed oil, caprylic/capric triglyceride, cera alba/beeswax/cire d’abeille*, mica, olus/vegetable oil/huile végétale*, helianthus annuus (sunflower) seed wax, titanium dioxide, camellia sinensis (green tea) seed oil*, palmitoyl isoleucine, euterpe oleracea (acai) fruit oil*, plukenetia volubilis seed oil*, lavandula stoechas (spanish lavender) extract, olea europaea (olive) oil*, arnica montana (arnica) extract*, borago officinalis (borage) leaf extract*, medicago sativa (alfalfa) extract*, spiraea ulmaria (meadowsweet) extract*, calendula officinalis (calendula) flower extract*, sambucus nigra fruit extract, jojoba esters, tocopherol, carmine, octyldodecanol, natural and organic flavors, iron oxide (c.i. 77891, c.i. 77492, c.i. 77491), alumina, silica, trihydroxystearin

lucky cream blush : helianthus annuus (sunflower) seed oil*, cocos nucifera (coconut) fruit extract, caprylic/capric triglyceride, ricinus communis (castor) seed oil, cera alba/beeswax/cire d’abeille*, olus/vegetable oil/huile végétale*, helianthus annuus (sunflower) seed wax, camellia sinensis (green tea) seed oil*, palmitoyl isoleucine, euterpe oleracea (acai) fruit oil*, plukenetia volubilis seed oil*, titanium dioxide, lavandula stoechas (spanish lavender) extract, arnica montana (arnica) extract*, borago officinalis (borage) leaf extract*, medicago sativa (alfalfa) extract*, spiraea ulmaria (meadowsweet) extract*, calendula officinalis (calendula) flower extract*, sambucus nigra fruit extract, tocopherol, olea europaea (olive) oil*, jojoba esters, natural and organic flavors, octyldodecanol, alumina, silica, carmine, trihydroxystearin, iron oxides (c.i. 77499, c.i. 77491)



naughty cream blush : cocos nucifera (coconut) fruit extract, caprylic/capric triglyceride, helianthus annuus (sunflower) seed oil*, ricinus communis (castor) seed oil, cera alba/beeswax/cire d’abeille*, titanium dioxide, olus/vegetable oil/huile végétale*, mica, helianthus annuus (sunflower) seed wax, camellia sinensis (green tea) seed oil*, palmitoyl isoleucine, euterpe oleracea (acai) fruit oil*, plukenetia volubilis seed oil*, carmine, octyldodecanol, lavandula stoechas (spanish lavender) extract, arnica montana (arnica) extract*, borago officinalis (borage) leaf extract*, medicago sativa (alfalfa) extract*, spiraea ulmaria (meadowsweet) extract*, calendula officinalis (calendula) flower extract*, olea europaea (olive) oil*, sambucus nigra fruit extract, tocopherol, jojoba esters, alumina, silica, trihydroxystearin, iron oxides (c.i. 77492, c.i. 77491), natural and organic flavors

peachy cream blush : cocos nucifera (coconut) fruit extract, helianthus annuus (sunflower) seed oil*, ricinus communis (castor) seed oil, cera alba/beeswax/cire d’abeille*, caprylic/capric triglyceride, mica, helianthus annuus (sunflower) seed wax, camellia sinensis (green tea) seed oil*, palmitoyl isoleucine, euterpe oleracea (acai) fruit oil*, plukenetia volubilis seed oil*, lavandula stoechas (spanish lavender) extract, arnica montana (arnica) extract*, borago officinalis (borage) leaf extract*, medicago sativa (alfalfa) extract*, spiraea ulmaria (meadowsweet) extract*, olea europaea (olive) oil*, calendula officinalis (calendula) flower extract*, sambucus nigra fruit extract, tocopherol, iron oxides (c.i. 77891), titanium dioxide (ci. 77891)

spicy cream blush : helianthus annuus (sunflower) seed oil*, cocos nucifera (coconut) fruit extract, caprylic/capric triglyceride, ricinus communis (castor) seed oil, cera alba/beeswax/cire d’abeille*, olus/vegetable oil/huile végétale*, helianthus annuus (sunflower) seed wax, camellia sinensis (green tea) seed oil*, palmitoyl isoleucine, euterpe oleracea (acai) fruit oil*, plukenetia volubilis seed oil*, titanium dioxide, lavandula stoechas (spanish lavender) extract, arnica montana (arnica) extract*, borago officinalis (borage) leaf extract*, medicago sativa (alfalfa) extract*, spiraea ulmaria (meadowsweet) extract*, calendula officinalis (calendula) flower extract*, sambucus nigra fruit extract, tocopherol, olea europaea (olive) oil*, jojoba esters, natural and organic flavors, octyldodecanol, alumina, silica, carmine, trihydroxystearin, iron oxides (c.i. 77499, c.i. 77491)

this list of ingredients is subject to change; please refer to the packaging of the purchased product.",'4.6,21
Make Up,Lips,'7383244374188,'41811446300844,Tata Harper,Cream Blush,https://ohmycream.co.uk/collections/make-up-lips/products/tata-harper-cream-blush?variant=41811446300844,https://cdn.shopify.com/s/files/1/0555/4071/1596/files/2024_09_Tata_Harper_Blush_Creme_Spicy_Packshot.jpg?v=1727705548,"Complete list of ingredients

flashy cream blush : cocos nucifera (coconut) fruit extract, helianthus annuus (sunflower) seed oil*, ricinus communis (castor) seed oil, cera alba/beeswax/cire d’abeille*, caprylic/capric triglyceride, mica, ci 77891, helianthus annuus (sunflower) seed wax, camellia sinensis (green tea) seed oil*, palmitoyl isoleucine, euterpe oleracea fruit oil*, plukenetia volubilis seed oil*, lavandula stoechas extract, olea europaea (olive) oil*, arnica montana (arnica) extract*, borago officinalis (borage) leaf extract*, calendula officinalis (calendula) flower extract*, medicago sativa (alfalfa) extract*, spiraea ulmaria (meadowsweet) extract*, sambucus nigra fruit extract, tocopherol, ci 77491, ci 75470 *ingredients from organic farming

flirty cream blush : cocos nucifera (coconut) fruit extract, helianthus annuus (sunflower) seed oil*, ricinus communis (castor) seed oil, cera alba/beeswax/cire d’abeille*, caprylic/capric triglyceride, mica, ci 77891, helianthus annuus (sunflower) seed wax, camellia sinensis (green tea) seed oil*, palmitoyl isoleucine, euterpe oleracea fruit oil*, plukenetia volubilis seed oil*, lavandula stoechas extract, olea europaea (olive) oil*, arnica montana (arnica) extract*, borago officinalis (borage) leaf extract*, calendula officinalis (calendula) flower extract*, medicago sativa (alfalfa) extract*, spiraea ulmaria (meadowsweet) extract*, sambucus nigra fruit extract, tocopherol, ci 77491, ci 75470 *ingredients from organic farming

lovely cream blush : cocos nucifera (coconut) fruit extract, helianthus annuus (sunflower) seed oil*, ricinus communis (castor) seed oil, caprylic/capric triglyceride, cera alba/beeswax/cire d’abeille*, mica, olus/vegetable oil/huile végétale*, helianthus annuus (sunflower) seed wax, titanium dioxide, camellia sinensis (green tea) seed oil*, palmitoyl isoleucine, euterpe oleracea (acai) fruit oil*, plukenetia volubilis seed oil*, lavandula stoechas (spanish lavender) extract, olea europaea (olive) oil*, arnica montana (arnica) extract*, borago officinalis (borage) leaf extract*, medicago sativa (alfalfa) extract*, spiraea ulmaria (meadowsweet) extract*, calendula officinalis (calendula) flower extract*, sambucus nigra fruit extract, jojoba esters, tocopherol, carmine, octyldodecanol, natural and organic flavors, iron oxide (c.i. 77891, c.i. 77492, c.i. 77491), alumina, silica, trihydroxystearin

lucky cream blush : helianthus annuus (sunflower) seed oil*, cocos nucifera (coconut) fruit extract, caprylic/capric triglyceride, ricinus communis (castor) seed oil, cera alba/beeswax/cire d’abeille*, olus/vegetable oil/huile végétale*, helianthus annuus (sunflower) seed wax, camellia sinensis (green tea) seed oil*, palmitoyl isoleucine, euterpe oleracea (acai) fruit oil*, plukenetia volubilis seed oil*, titanium dioxide, lavandula stoechas (spanish lavender) extract, arnica montana (arnica) extract*, borago officinalis (borage) leaf extract*, medicago sativa (alfalfa) extract*, spiraea ulmaria (meadowsweet) extract*, calendula officinalis (calendula) flower extract*, sambucus nigra fruit extract, tocopherol, olea europaea (olive) oil*, jojoba esters, natural and organic flavors, octyldodecanol, alumina, silica, carmine, trihydroxystearin, iron oxides (c.i. 77499, c.i. 77491)



naughty cream blush : cocos nucifera (coconut) fruit extract, caprylic/capric triglyceride, helianthus annuus (sunflower) seed oil*, ricinus communis (castor) seed oil, cera alba/beeswax/cire d’abeille*, titanium dioxide, olus/vegetable oil/huile végétale*, mica, helianthus annuus (sunflower) seed wax, camellia sinensis (green tea) seed oil*, palmitoyl isoleucine, euterpe oleracea (acai) fruit oil*, plukenetia volubilis seed oil*, carmine, octyldodecanol, lavandula stoechas (spanish lavender) extract, arnica montana (arnica) extract*, borago officinalis (borage) leaf extract*, medicago sativa (alfalfa) extract*, spiraea ulmaria (meadowsweet) extract*, calendula officinalis (calendula) flower extract*, olea europaea (olive) oil*, sambucus nigra fruit extract, tocopherol, jojoba esters, alumina, silica, trihydroxystearin, iron oxides (c.i. 77492, c.i. 77491), natural and organic flavors

peachy cream blush : cocos nucifera (coconut) fruit extract, helianthus annuus (sunflower) seed oil*, ricinus communis (castor) seed oil, cera alba/beeswax/cire d’abeille*, caprylic/capric triglyceride, mica, helianthus annuus (sunflower) seed wax, camellia sinensis (green tea) seed oil*, palmitoyl isoleucine, euterpe oleracea (acai) fruit oil*, plukenetia volubilis seed oil*, lavandula stoechas (spanish lavender) extract, arnica montana (arnica) extract*, borago officinalis (borage) leaf extract*, medicago sativa (alfalfa) extract*, spiraea ulmaria (meadowsweet) extract*, olea europaea (olive) oil*, calendula officinalis (calendula) flower extract*, sambucus nigra fruit extract, tocopherol, iron oxides (c.i. 77891), titanium dioxide (ci. 77891)

spicy cream blush : helianthus annuus (sunflower) seed oil*, cocos nucifera (coconut) fruit extract, caprylic/capric triglyceride, ricinus communis (castor) seed oil, cera alba/beeswax/cire d’abeille*, olus/vegetable oil/huile végétale*, helianthus annuus (sunflower) seed wax, camellia sinensis (green tea) seed oil*, palmitoyl isoleucine, euterpe oleracea (acai) fruit oil*, plukenetia volubilis seed oil*, titanium dioxide, lavandula stoechas (spanish lavender) extract, arnica montana (arnica) extract*, borago officinalis (borage) leaf extract*, medicago sativa (alfalfa) extract*, spiraea ulmaria (meadowsweet) extract*, calendula officinalis (calendula) flower extract*, sambucus nigra fruit extract, tocopherol, olea europaea (olive) oil*, jojoba esters, natural and organic flavors, octyldodecanol, alumina, silica, carmine, trihydroxystearin, iron oxides (c.i. 77499, c.i. 77491)

this list of ingredients is subject to change; please refer to the packaging of the purchased product.",'4.6,21
Make Up,Lips,'7383244374188,'41811446137004,Tata Harper,Cream Blush,https://ohmycream.co.uk/collections/make-up-lips/products/tata-harper-cream-blush?variant=41811446137004,https://cdn.shopify.com/s/files/1/0555/4071/1596/files/2024_09_Tata_Harper_Blush_Creme_Lucky_Packshot.jpg?v=1727705548,"Complete list of ingredients

flashy cream blush : cocos nucifera (coconut) fruit extract, helianthus annuus (sunflower) seed oil*, ricinus communis (castor) seed oil, cera alba/beeswax/cire d’abeille*, caprylic/capric triglyceride, mica, ci 77891, helianthus annuus (sunflower) seed wax, camellia sinensis (green tea) seed oil*, palmitoyl isoleucine, euterpe oleracea fruit oil*, plukenetia volubilis seed oil*, lavandula stoechas extract, olea europaea (olive) oil*, arnica montana (arnica) extract*, borago officinalis (borage) leaf extract*, calendula officinalis (calendula) flower extract*, medicago sativa (alfalfa) extract*, spiraea ulmaria (meadowsweet) extract*, sambucus nigra fruit extract, tocopherol, ci 77491, ci 75470 *ingredients from organic farming

flirty cream blush : cocos nucifera (coconut) fruit extract, helianthus annuus (sunflower) seed oil*, ricinus communis (castor) seed oil, cera alba/beeswax/cire d’abeille*, caprylic/capric triglyceride, mica, ci 77891, helianthus annuus (sunflower) seed wax, camellia sinensis (green tea) seed oil*, palmitoyl isoleucine, euterpe oleracea fruit oil*, plukenetia volubilis seed oil*, lavandula stoechas extract, olea europaea (olive) oil*, arnica montana (arnica) extract*, borago officinalis (borage) leaf extract*, calendula officinalis (calendula) flower extract*, medicago sativa (alfalfa) extract*, spiraea ulmaria (meadowsweet) extract*, sambucus nigra fruit extract, tocopherol, ci 77491, ci 75470 *ingredients from organic farming

lovely cream blush : cocos nucifera (coconut) fruit extract, helianthus annuus (sunflower) seed oil*, ricinus communis (castor) seed oil, caprylic/capric triglyceride, cera alba/beeswax/cire d’abeille*, mica, olus/vegetable oil/huile végétale*, helianthus annuus (sunflower) seed wax, titanium dioxide, camellia sinensis (green tea) seed oil*, palmitoyl isoleucine, euterpe oleracea (acai) fruit oil*, plukenetia volubilis seed oil*, lavandula stoechas (spanish lavender) extract, olea europaea (olive) oil*, arnica montana (arnica) extract*, borago officinalis (borage) leaf extract*, medicago sativa (alfalfa) extract*, spiraea ulmaria (meadowsweet) extract*, calendula officinalis (calendula) flower extract*, sambucus nigra fruit extract, jojoba esters, tocopherol, carmine, octyldodecanol, natural and organic flavors, iron oxide (c.i. 77891, c.i. 77492, c.i. 77491), alumina, silica, trihydroxystearin

lucky cream blush : helianthus annuus (sunflower) seed oil*, cocos nucifera (coconut) fruit extract, caprylic/capric triglyceride, ricinus communis (castor) seed oil, cera alba/beeswax/cire d’abeille*, olus/vegetable oil/huile végétale*, helianthus annuus (sunflower) seed wax, camellia sinensis (green tea) seed oil*, palmitoyl isoleucine, euterpe oleracea (acai) fruit oil*, plukenetia volubilis seed oil*, titanium dioxide, lavandula stoechas (spanish lavender) extract, arnica montana (arnica) extract*, borago officinalis (borage) leaf extract*, medicago sativa (alfalfa) extract*, spiraea ulmaria (meadowsweet) extract*, calendula officinalis (calendula) flower extract*, sambucus nigra fruit extract, tocopherol, olea europaea (olive) oil*, jojoba esters, natural and organic flavors, octyldodecanol, alumina, silica, carmine, trihydroxystearin, iron oxides (c.i. 77499, c.i. 77491)



naughty cream blush : cocos nucifera (coconut) fruit extract, caprylic/capric triglyceride, helianthus annuus (sunflower) seed oil*, ricinus communis (castor) seed oil, cera alba/beeswax/cire d’abeille*, titanium dioxide, olus/vegetable oil/huile végétale*, mica, helianthus annuus (sunflower) seed wax, camellia sinensis (green tea) seed oil*, palmitoyl isoleucine, euterpe oleracea (acai) fruit oil*, plukenetia volubilis seed oil*, carmine, octyldodecanol, lavandula stoechas (spanish lavender) extract, arnica montana (arnica) extract*, borago officinalis (borage) leaf extract*, medicago sativa (alfalfa) extract*, spiraea ulmaria (meadowsweet) extract*, calendula officinalis (calendula) flower extract*, olea europaea (olive) oil*, sambucus nigra fruit extract, tocopherol, jojoba esters, alumina, silica, trihydroxystearin, iron oxides (c.i. 77492, c.i. 77491), natural and organic flavors

peachy cream blush : cocos nucifera (coconut) fruit extract, helianthus annuus (sunflower) seed oil*, ricinus communis (castor) seed oil, cera alba/beeswax/cire d’abeille*, caprylic/capric triglyceride, mica, helianthus annuus (sunflower) seed wax, camellia sinensis (green tea) seed oil*, palmitoyl isoleucine, euterpe oleracea (acai) fruit oil*, plukenetia volubilis seed oil*, lavandula stoechas (spanish lavender) extract, arnica montana (arnica) extract*, borago officinalis (borage) leaf extract*, medicago sativa (alfalfa) extract*, spiraea ulmaria (meadowsweet) extract*, olea europaea (olive) oil*, calendula officinalis (calendula) flower extract*, sambucus nigra fruit extract, tocopherol, iron oxides (c.i. 77891), titanium dioxide (ci. 77891)

spicy cream blush : helianthus annuus (sunflower) seed oil*, cocos nucifera (coconut) fruit extract, caprylic/capric triglyceride, ricinus communis (castor) seed oil, cera alba/beeswax/cire d’abeille*, olus/vegetable oil/huile végétale*, helianthus annuus (sunflower) seed wax, camellia sinensis (green tea) seed oil*, palmitoyl isoleucine, euterpe oleracea (acai) fruit oil*, plukenetia volubilis seed oil*, titanium dioxide, lavandula stoechas (spanish lavender) extract, arnica montana (arnica) extract*, borago officinalis (borage) leaf extract*, medicago sativa (alfalfa) extract*, spiraea ulmaria (meadowsweet) extract*, calendula officinalis (calendula) flower extract*, sambucus nigra fruit extract, tocopherol, olea europaea (olive) oil*, jojoba esters, natural and organic flavors, octyldodecanol, alumina, silica, carmine, trihydroxystearin, iron oxides (c.i. 77499, c.i. 77491)

this list of ingredients is subject to change; please refer to the packaging of the purchased product.",'4.6,21
Make Up,Lips,'7383244374188,'41811446104236,Tata Harper,Cream Blush,https://ohmycream.co.uk/collections/make-up-lips/products/tata-harper-cream-blush?variant=41811446104236,https://cdn.shopify.com/s/files/1/0555/4071/1596/files/2024_09_Tata_Harper_Blush_Creme_Lovely_Packshot.jpg?v=1727705548,"Complete list of ingredients

flashy cream blush : cocos nucifera (coconut) fruit extract, helianthus annuus (sunflower) seed oil*, ricinus communis (castor) seed oil, cera alba/beeswax/cire d’abeille*, caprylic/capric triglyceride, mica, ci 77891, helianthus annuus (sunflower) seed wax, camellia sinensis (green tea) seed oil*, palmitoyl isoleucine, euterpe oleracea fruit oil*, plukenetia volubilis seed oil*, lavandula stoechas extract, olea europaea (olive) oil*, arnica montana (arnica) extract*, borago officinalis (borage) leaf extract*, calendula officinalis (calendula) flower extract*, medicago sativa (alfalfa) extract*, spiraea ulmaria (meadowsweet) extract*, sambucus nigra fruit extract, tocopherol, ci 77491, ci 75470 *ingredients from organic farming

flirty cream blush : cocos nucifera (coconut) fruit extract, helianthus annuus (sunflower) seed oil*, ricinus communis (castor) seed oil, cera alba/beeswax/cire d’abeille*, caprylic/capric triglyceride, mica, ci 77891, helianthus annuus (sunflower) seed wax, camellia sinensis (green tea) seed oil*, palmitoyl isoleucine, euterpe oleracea fruit oil*, plukenetia volubilis seed oil*, lavandula stoechas extract, olea europaea (olive) oil*, arnica montana (arnica) extract*, borago officinalis (borage) leaf extract*, calendula officinalis (calendula) flower extract*, medicago sativa (alfalfa) extract*, spiraea ulmaria (meadowsweet) extract*, sambucus nigra fruit extract, tocopherol, ci 77491, ci 75470 *ingredients from organic farming

lovely cream blush : cocos nucifera (coconut) fruit extract, helianthus annuus (sunflower) seed oil*, ricinus communis (castor) seed oil, caprylic/capric triglyceride, cera alba/beeswax/cire d’abeille*, mica, olus/vegetable oil/huile végétale*, helianthus annuus (sunflower) seed wax, titanium dioxide, camellia sinensis (green tea) seed oil*, palmitoyl isoleucine, euterpe oleracea (acai) fruit oil*, plukenetia volubilis seed oil*, lavandula stoechas (spanish lavender) extract, olea europaea (olive) oil*, arnica montana (arnica) extract*, borago officinalis (borage) leaf extract*, medicago sativa (alfalfa) extract*, spiraea ulmaria (meadowsweet) extract*, calendula officinalis (calendula) flower extract*, sambucus nigra fruit extract, jojoba esters, tocopherol, carmine, octyldodecanol, natural and organic flavors, iron oxide (c.i. 77891, c.i. 77492, c.i. 77491), alumina, silica, trihydroxystearin

lucky cream blush : helianthus annuus (sunflower) seed oil*, cocos nucifera (coconut) fruit extract, caprylic/capric triglyceride, ricinus communis (castor) seed oil, cera alba/beeswax/cire d’abeille*, olus/vegetable oil/huile végétale*, helianthus annuus (sunflower) seed wax, camellia sinensis (green tea) seed oil*, palmitoyl isoleucine, euterpe oleracea (acai) fruit oil*, plukenetia volubilis seed oil*, titanium dioxide, lavandula stoechas (spanish lavender) extract, arnica montana (arnica) extract*, borago officinalis (borage) leaf extract*, medicago sativa (alfalfa) extract*, spiraea ulmaria (meadowsweet) extract*, calendula officinalis (calendula) flower extract*, sambucus nigra fruit extract, tocopherol, olea europaea (olive) oil*, jojoba esters, natural and organic flavors, octyldodecanol, alumina, silica, carmine, trihydroxystearin, iron oxides (c.i. 77499, c.i. 77491)



naughty cream blush : cocos nucifera (coconut) fruit extract, caprylic/capric triglyceride, helianthus annuus (sunflower) seed oil*, ricinus communis (castor) seed oil, cera alba/beeswax/cire d’abeille*, titanium dioxide, olus/vegetable oil/huile végétale*, mica, helianthus annuus (sunflower) seed wax, camellia sinensis (green tea) seed oil*, palmitoyl isoleucine, euterpe oleracea (acai) fruit oil*, plukenetia volubilis seed oil*, carmine, octyldodecanol, lavandula stoechas (spanish lavender) extract, arnica montana (arnica) extract*, borago officinalis (borage) leaf extract*, medicago sativa (alfalfa) extract*, spiraea ulmaria (meadowsweet) extract*, calendula officinalis (calendula) flower extract*, olea europaea (olive) oil*, sambucus nigra fruit extract, tocopherol, jojoba esters, alumina, silica, trihydroxystearin, iron oxides (c.i. 77492, c.i. 77491), natural and organic flavors

peachy cream blush : cocos nucifera (coconut) fruit extract, helianthus annuus (sunflower) seed oil*, ricinus communis (castor) seed oil, cera alba/beeswax/cire d’abeille*, caprylic/capric triglyceride, mica, helianthus annuus (sunflower) seed wax, camellia sinensis (green tea) seed oil*, palmitoyl isoleucine, euterpe oleracea (acai) fruit oil*, plukenetia volubilis seed oil*, lavandula stoechas (spanish lavender) extract, arnica montana (arnica) extract*, borago officinalis (borage) leaf extract*, medicago sativa (alfalfa) extract*, spiraea ulmaria (meadowsweet) extract*, olea europaea (olive) oil*, calendula officinalis (calendula) flower extract*, sambucus nigra fruit extract, tocopherol, iron oxides (c.i. 77891), titanium dioxide (ci. 77891)

spicy cream blush : helianthus annuus (sunflower) seed oil*, cocos nucifera (coconut) fruit extract, caprylic/capric triglyceride, ricinus communis (castor) seed oil, cera alba/beeswax/cire d’abeille*, olus/vegetable oil/huile végétale*, helianthus annuus (sunflower) seed wax, camellia sinensis (green tea) seed oil*, palmitoyl isoleucine, euterpe oleracea (acai) fruit oil*, plukenetia volubilis seed oil*, titanium dioxide, lavandula stoechas (spanish lavender) extract, arnica montana (arnica) extract*, borago officinalis (borage) leaf extract*, medicago sativa (alfalfa) extract*, spiraea ulmaria (meadowsweet) extract*, calendula officinalis (calendula) flower extract*, sambucus nigra fruit extract, tocopherol, olea europaea (olive) oil*, jojoba esters, natural and organic flavors, octyldodecanol, alumina, silica, carmine, trihydroxystearin, iron oxides (c.i. 77499, c.i. 77491)

this list of ingredients is subject to change; please refer to the packaging of the purchased product.",'4.6,21
Make Up,Lips,'7383244374188,'41811446169772,Tata Harper,Cream Blush,https://ohmycream.co.uk/collections/make-up-lips/products/tata-harper-cream-blush?variant=41811446169772,https://cdn.shopify.com/s/files/1/0555/4071/1596/files/2024_09_Tata_Harper_Blush_Creme_Naughty_Packshot.jpg?v=1727705549,"Complete list of ingredients

flashy cream blush : cocos nucifera (coconut) fruit extract, helianthus annuus (sunflower) seed oil*, ricinus communis (castor) seed oil, cera alba/beeswax/cire d’abeille*, caprylic/capric triglyceride, mica, ci 77891, helianthus annuus (sunflower) seed wax, camellia sinensis (green tea) seed oil*, palmitoyl isoleucine, euterpe oleracea fruit oil*, plukenetia volubilis seed oil*, lavandula stoechas extract, olea europaea (olive) oil*, arnica montana (arnica) extract*, borago officinalis (borage) leaf extract*, calendula officinalis (calendula) flower extract*, medicago sativa (alfalfa) extract*, spiraea ulmaria (meadowsweet) extract*, sambucus nigra fruit extract, tocopherol, ci 77491, ci 75470 *ingredients from organic farming

flirty cream blush : cocos nucifera (coconut) fruit extract, helianthus annuus (sunflower) seed oil*, ricinus communis (castor) seed oil, cera alba/beeswax/cire d’abeille*, caprylic/capric triglyceride, mica, ci 77891, helianthus annuus (sunflower) seed wax, camellia sinensis (green tea) seed oil*, palmitoyl isoleucine, euterpe oleracea fruit oil*, plukenetia volubilis seed oil*, lavandula stoechas extract, olea europaea (olive) oil*, arnica montana (arnica) extract*, borago officinalis (borage) leaf extract*, calendula officinalis (calendula) flower extract*, medicago sativa (alfalfa) extract*, spiraea ulmaria (meadowsweet) extract*, sambucus nigra fruit extract, tocopherol, ci 77491, ci 75470 *ingredients from organic farming

lovely cream blush : cocos nucifera (coconut) fruit extract, helianthus annuus (sunflower) seed oil*, ricinus communis (castor) seed oil, caprylic/capric triglyceride, cera alba/beeswax/cire d’abeille*, mica, olus/vegetable oil/huile végétale*, helianthus annuus (sunflower) seed wax, titanium dioxide, camellia sinensis (green tea) seed oil*, palmitoyl isoleucine, euterpe oleracea (acai) fruit oil*, plukenetia volubilis seed oil*, lavandula stoechas (spanish lavender) extract, olea europaea (olive) oil*, arnica montana (arnica) extract*, borago officinalis (borage) leaf extract*, medicago sativa (alfalfa) extract*, spiraea ulmaria (meadowsweet) extract*, calendula officinalis (calendula) flower extract*, sambucus nigra fruit extract, jojoba esters, tocopherol, carmine, octyldodecanol, natural and organic flavors, iron oxide (c.i. 77891, c.i. 77492, c.i. 77491), alumina, silica, trihydroxystearin

lucky cream blush : helianthus annuus (sunflower) seed oil*, cocos nucifera (coconut) fruit extract, caprylic/capric triglyceride, ricinus communis (castor) seed oil, cera alba/beeswax/cire d’abeille*, olus/vegetable oil/huile végétale*, helianthus annuus (sunflower) seed wax, camellia sinensis (green tea) seed oil*, palmitoyl isoleucine, euterpe oleracea (acai) fruit oil*, plukenetia volubilis seed oil*, titanium dioxide, lavandula stoechas (spanish lavender) extract, arnica montana (arnica) extract*, borago officinalis (borage) leaf extract*, medicago sativa (alfalfa) extract*, spiraea ulmaria (meadowsweet) extract*, calendula officinalis (calendula) flower extract*, sambucus nigra fruit extract, tocopherol, olea europaea (olive) oil*, jojoba esters, natural and organic flavors, octyldodecanol, alumina, silica, carmine, trihydroxystearin, iron oxides (c.i. 77499, c.i. 77491)



naughty cream blush : cocos nucifera (coconut) fruit extract, caprylic/capric triglyceride, helianthus annuus (sunflower) seed oil*, ricinus communis (castor) seed oil, cera alba/beeswax/cire d’abeille*, titanium dioxide, olus/vegetable oil/huile végétale*, mica, helianthus annuus (sunflower) seed wax, camellia sinensis (green tea) seed oil*, palmitoyl isoleucine, euterpe oleracea (acai) fruit oil*, plukenetia volubilis seed oil*, carmine, octyldodecanol, lavandula stoechas (spanish lavender) extract, arnica montana (arnica) extract*, borago officinalis (borage) leaf extract*, medicago sativa (alfalfa) extract*, spiraea ulmaria (meadowsweet) extract*, calendula officinalis (calendula) flower extract*, olea europaea (olive) oil*, sambucus nigra fruit extract, tocopherol, jojoba esters, alumina, silica, trihydroxystearin, iron oxides (c.i. 77492, c.i. 77491), natural and organic flavors

peachy cream blush : cocos nucifera (coconut) fruit extract, helianthus annuus (sunflower) seed oil*, ricinus communis (castor) seed oil, cera alba/beeswax/cire d’abeille*, caprylic/capric triglyceride, mica, helianthus annuus (sunflower) seed wax, camellia sinensis (green tea) seed oil*, palmitoyl isoleucine, euterpe oleracea (acai) fruit oil*, plukenetia volubilis seed oil*, lavandula stoechas (spanish lavender) extract, arnica montana (arnica) extract*, borago officinalis (borage) leaf extract*, medicago sativa (alfalfa) extract*, spiraea ulmaria (meadowsweet) extract*, olea europaea (olive) oil*, calendula officinalis (calendula) flower extract*, sambucus nigra fruit extract, tocopherol, iron oxides (c.i. 77891), titanium dioxide (ci. 77891)

spicy cream blush : helianthus annuus (sunflower) seed oil*, cocos nucifera (coconut) fruit extract, caprylic/capric triglyceride, ricinus communis (castor) seed oil, cera alba/beeswax/cire d’abeille*, olus/vegetable oil/huile végétale*, helianthus annuus (sunflower) seed wax, camellia sinensis (green tea) seed oil*, palmitoyl isoleucine, euterpe oleracea (acai) fruit oil*, plukenetia volubilis seed oil*, titanium dioxide, lavandula stoechas (spanish lavender) extract, arnica montana (arnica) extract*, borago officinalis (borage) leaf extract*, medicago sativa (alfalfa) extract*, spiraea ulmaria (meadowsweet) extract*, calendula officinalis (calendula) flower extract*, sambucus nigra fruit extract, tocopherol, olea europaea (olive) oil*, jojoba esters, natural and organic flavors, octyldodecanol, alumina, silica, carmine, trihydroxystearin, iron oxides (c.i. 77499, c.i. 77491)

this list of ingredients is subject to change; please refer to the packaging of the purchased product.",'4.6,21
Make Up,Lips,'7383244374188,'41811446268076,Tata Harper,Cream Blush,https://ohmycream.co.uk/collections/make-up-lips/products/tata-harper-cream-blush?variant=41811446268076,https://cdn.shopify.com/s/files/1/0555/4071/1596/files/2024_09_Tata_Harper_Blush_Creme_Flirty_Packshot.jpg?v=1727705548,"Complete list of ingredients

flashy cream blush : cocos nucifera (coconut) fruit extract, helianthus annuus (sunflower) seed oil*, ricinus communis (castor) seed oil, cera alba/beeswax/cire d’abeille*, caprylic/capric triglyceride, mica, ci 77891, helianthus annuus (sunflower) seed wax, camellia sinensis (green tea) seed oil*, palmitoyl isoleucine, euterpe oleracea fruit oil*, plukenetia volubilis seed oil*, lavandula stoechas extract, olea europaea (olive) oil*, arnica montana (arnica) extract*, borago officinalis (borage) leaf extract*, calendula officinalis (calendula) flower extract*, medicago sativa (alfalfa) extract*, spiraea ulmaria (meadowsweet) extract*, sambucus nigra fruit extract, tocopherol, ci 77491, ci 75470 *ingredients from organic farming

flirty cream blush : cocos nucifera (coconut) fruit extract, helianthus annuus (sunflower) seed oil*, ricinus communis (castor) seed oil, cera alba/beeswax/cire d’abeille*, caprylic/capric triglyceride, mica, ci 77891, helianthus annuus (sunflower) seed wax, camellia sinensis (green tea) seed oil*, palmitoyl isoleucine, euterpe oleracea fruit oil*, plukenetia volubilis seed oil*, lavandula stoechas extract, olea europaea (olive) oil*, arnica montana (arnica) extract*, borago officinalis (borage) leaf extract*, calendula officinalis (calendula) flower extract*, medicago sativa (alfalfa) extract*, spiraea ulmaria (meadowsweet) extract*, sambucus nigra fruit extract, tocopherol, ci 77491, ci 75470 *ingredients from organic farming

lovely cream blush : cocos nucifera (coconut) fruit extract, helianthus annuus (sunflower) seed oil*, ricinus communis (castor) seed oil, caprylic/capric triglyceride, cera alba/beeswax/cire d’abeille*, mica, olus/vegetable oil/huile végétale*, helianthus annuus (sunflower) seed wax, titanium dioxide, camellia sinensis (green tea) seed oil*, palmitoyl isoleucine, euterpe oleracea (acai) fruit oil*, plukenetia volubilis seed oil*, lavandula stoechas (spanish lavender) extract, olea europaea (olive) oil*, arnica montana (arnica) extract*, borago officinalis (borage) leaf extract*, medicago sativa (alfalfa) extract*, spiraea ulmaria (meadowsweet) extract*, calendula officinalis (calendula) flower extract*, sambucus nigra fruit extract, jojoba esters, tocopherol, carmine, octyldodecanol, natural and organic flavors, iron oxide (c.i. 77891, c.i. 77492, c.i. 77491), alumina, silica, trihydroxystearin

lucky cream blush : helianthus annuus (sunflower) seed oil*, cocos nucifera (coconut) fruit extract, caprylic/capric triglyceride, ricinus communis (castor) seed oil, cera alba/beeswax/cire d’abeille*, olus/vegetable oil/huile végétale*, helianthus annuus (sunflower) seed wax, camellia sinensis (green tea) seed oil*, palmitoyl isoleucine, euterpe oleracea (acai) fruit oil*, plukenetia volubilis seed oil*, titanium dioxide, lavandula stoechas (spanish lavender) extract, arnica montana (arnica) extract*, borago officinalis (borage) leaf extract*, medicago sativa (alfalfa) extract*, spiraea ulmaria (meadowsweet) extract*, calendula officinalis (calendula) flower extract*, sambucus nigra fruit extract, tocopherol, olea europaea (olive) oil*, jojoba esters, natural and organic flavors, octyldodecanol, alumina, silica, carmine, trihydroxystearin, iron oxides (c.i. 77499, c.i. 77491)



naughty cream blush : cocos nucifera (coconut) fruit extract, caprylic/capric triglyceride, helianthus annuus (sunflower) seed oil*, ricinus communis (castor) seed oil, cera alba/beeswax/cire d’abeille*, titanium dioxide, olus/vegetable oil/huile végétale*, mica, helianthus annuus (sunflower) seed wax, camellia sinensis (green tea) seed oil*, palmitoyl isoleucine, euterpe oleracea (acai) fruit oil*, plukenetia volubilis seed oil*, carmine, octyldodecanol, lavandula stoechas (spanish lavender) extract, arnica montana (arnica) extract*, borago officinalis (borage) leaf extract*, medicago sativa (alfalfa) extract*, spiraea ulmaria (meadowsweet) extract*, calendula officinalis (calendula) flower extract*, olea europaea (olive) oil*, sambucus nigra fruit extract, tocopherol, jojoba esters, alumina, silica, trihydroxystearin, iron oxides (c.i. 77492, c.i. 77491), natural and organic flavors

peachy cream blush : cocos nucifera (coconut) fruit extract, helianthus annuus (sunflower) seed oil*, ricinus communis (castor) seed oil, cera alba/beeswax/cire d’abeille*, caprylic/capric triglyceride, mica, helianthus annuus (sunflower) seed wax, camellia sinensis (green tea) seed oil*, palmitoyl isoleucine, euterpe oleracea (acai) fruit oil*, plukenetia volubilis seed oil*, lavandula stoechas (spanish lavender) extract, arnica montana (arnica) extract*, borago officinalis (borage) leaf extract*, medicago sativa (alfalfa) extract*, spiraea ulmaria (meadowsweet) extract*, olea europaea (olive) oil*, calendula officinalis (calendula) flower extract*, sambucus nigra fruit extract, tocopherol, iron oxides (c.i. 77891), titanium dioxide (ci. 77891)

spicy cream blush : helianthus annuus (sunflower) seed oil*, cocos nucifera (coconut) fruit extract, caprylic/capric triglyceride, ricinus communis (castor) seed oil, cera alba/beeswax/cire d’abeille*, olus/vegetable oil/huile végétale*, helianthus annuus (sunflower) seed wax, camellia sinensis (green tea) seed oil*, palmitoyl isoleucine, euterpe oleracea (acai) fruit oil*, plukenetia volubilis seed oil*, titanium dioxide, lavandula stoechas (spanish lavender) extract, arnica montana (arnica) extract*, borago officinalis (borage) leaf extract*, medicago sativa (alfalfa) extract*, spiraea ulmaria (meadowsweet) extract*, calendula officinalis (calendula) flower extract*, sambucus nigra fruit extract, tocopherol, olea europaea (olive) oil*, jojoba esters, natural and organic flavors, octyldodecanol, alumina, silica, carmine, trihydroxystearin, iron oxides (c.i. 77499, c.i. 77491)

this list of ingredients is subject to change; please refer to the packaging of the purchased product.",'4.6,21
Make Up,Lips,'7383232577708,'41811433488556,Patyka,Mouth to Mouth Lip Balm,https://ohmycream.co.uk/collections/make-up-lips/products/patyka-lip-balm?variant=41811433488556,https://cdn.shopify.com/s/files/1/0555/4071/1596/products/3700591917516_PATYKA_Baume-a-levres-Bouche-a-Bouche_10ml.jpg?v=1658162462,"Complete list of ingredients

100% du total est d’origine naturelle 65.2% du total des ingrédients sont issus de l’agriculture biologique

ingrédients : helianthus annuus (sunflower) seed oil*, oleic/linoleic/linolenic polyglycerides, butyrospermum parkii (shea butter)*, trihydroxystearin, hydrogenated castor oil, prunus domestica seed oil*, parfum (fragrance), stevia rebaudiana extract*.

*ingrédients issus de l’agriculture biologique

this list of ingredients is subject to change; please refer to the packaging of the purchased product.",',0
Make Up,Lips,'15240331690364,'55186175754620,Susanne Kaufmann,Lip Oil x Diptyque,https://ohmycream.co.uk/collections/make-up-lips/products/susanne-kaufmann-lip-oil-diptyque?variant=55186175754620,https://cdn.shopify.com/s/files/1/0555/4071/1596/files/HuileLipOilDiptyque_SusanneKaufmann.jpg?v=1749131195,"Complete list of ingredients

ricinus communis (castor) seed oil, caprylic/capric triglyceride, limnanthes alba (meadowfoam) seed oil, isopropyl myristate, c10-18 triglycerides, glycerin, glyceryl stearate, glyceryl behenate, lauroyl lysine, parfum (fragrance), jojoba esters, simmondsia chinensis (jojoba) seed oil, helianthus annuus (sunflower) seed wax, squalane, hippophae rhamnoides fruit extract, tocopherol, solanum lycopersicum (tomato) fruit extract, polyglycerin-3, acacia decurrens flower wax, myrothamnus flabellifolia leaf/stem extract, aqua/water/eau, haematococcus pluvialis extract, rosmarinus officinalis (rosemary) leaf extract, helianthus annuus (sunflower) seed oil, limonene, citral, linalool.

this list of ingredients is subject to change; please refer to the packaging of the purchased product.",'5.0,1
Make Up,Lips,'7611740520620,'42513599004844,Les Filles En Rouje,Hydrating Tinted Lip Balm,https://ohmycream.co.uk/collections/make-up-lips/products/les-filles-en-rouje-hydrating-tinted-lip-balm?variant=42513599004844,https://cdn.shopify.com/s/files/1/0555/4071/1596/products/LeBaumeaLevres-Chouchou_LesFillesenRouje.jpg?v=1681898834,"Complete list of ingredients

hydrogenated vegetable oil, ricinus communis seed oil/ricinus communis (castor) seed oil, helianthus annuus seed cera/helianthus annuus (sunflower) seed wax, coco-caprylate/caprate, c10-18 triglycerides, jojoba esters, mica, plankton extract, tocopherol, helianthus annuus seed oil/helianthus annuus (sunflower) seed oil, sodium saccharin, ascorbyl palmitate.[+/-] / may contain: ci 15850/red 7 lake, ci 15850/red 6, ci 19140/yellow 5 lake, ci 42090/blue 1 lake, ci 45380/red 22 lake, ci 77491/iron oxides, ci 77891/titanium dioxide.

this list of ingredients is subject to change; please refer to the packaging of the purchased product.",',0
Make Up,Lips,'7611740520620,'42513599070380,Les Filles En Rouje,Hydrating Tinted Lip Balm,https://ohmycream.co.uk/collections/make-up-lips/products/les-filles-en-rouje-hydrating-tinted-lip-balm?variant=42513599070380,https://cdn.shopify.com/s/files/1/0555/4071/1596/products/LeBaumeaLevres-BB_LesFillesenRouje.jpg?v=1681898834,"Complete list of ingredients

hydrogenated vegetable oil, ricinus communis seed oil/ricinus communis (castor) seed oil, helianthus annuus seed cera/helianthus annuus (sunflower) seed wax, coco-caprylate/caprate, c10-18 triglycerides, jojoba esters, mica, plankton extract, tocopherol, helianthus annuus seed oil/helianthus annuus (sunflower) seed oil, sodium saccharin, ascorbyl palmitate.[+/-] / may contain: ci 15850/red 7 lake, ci 15850/red 6, ci 19140/yellow 5 lake, ci 42090/blue 1 lake, ci 45380/red 22 lake, ci 77491/iron oxides, ci 77891/titanium dioxide.

this list of ingredients is subject to change; please refer to the packaging of the purchased product.",',0
Make Up,Lips,'7611740520620,'42513599037612,Les Filles En Rouje,Hydrating Tinted Lip Balm,https://ohmycream.co.uk/collections/make-up-lips/products/les-filles-en-rouje-hydrating-tinted-lip-balm?variant=42513599037612,https://cdn.shopify.com/s/files/1/0555/4071/1596/products/LeBaumeaLevres-Cheri_LesFillesenRouje.jpg?v=1681898834,"Complete list of ingredients

hydrogenated vegetable oil, ricinus communis seed oil/ricinus communis (castor) seed oil, helianthus annuus seed cera/helianthus annuus (sunflower) seed wax, coco-caprylate/caprate, c10-18 triglycerides, jojoba esters, mica, plankton extract, tocopherol, helianthus annuus seed oil/helianthus annuus (sunflower) seed oil, sodium saccharin, ascorbyl palmitate.[+/-] / may contain: ci 15850/red 7 lake, ci 15850/red 6, ci 19140/yellow 5 lake, ci 42090/blue 1 lake, ci 45380/red 22 lake, ci 77491/iron oxides, ci 77891/titanium dioxide.

this list of ingredients is subject to change; please refer to the packaging of the purchased product.",',0
Make Up,Lips,'7611740553388,'42513599168684,Les Filles En Rouje,Semi Matte Lipstick,https://ohmycream.co.uk/collections/make-up-lips/products/les-filles-en-rouje-semi-matte-lipstick?variant=42513599168684,https://cdn.shopify.com/s/files/1/0555/4071/1596/products/LeRougeaLevresSemi-Mat-Nathalie_LesFillesenRouje.jpg?v=1681903106,"Complete list of ingredients

octyldodecanol, oryza sativa (rice) bran wax, c15-19 alkane, silica, tribehenin, dicaprylyl carbonate, stearalkonium hectorite, tocopherol, propylene carbonate, helianthus annuus (sunflower) seed oil, ci 19140 (yellow 5 lake), ci 15850 (red 6), ci 15850 (red 7 lake), ci 77891 (titanium dioxide), ci 73360 (red 30 lake).

this list of ingredients is subject to change; please refer to the packaging of the purchased product.",'5.0,3
Make Up,Lips,'7611740553388,'42513599234220,Les Filles En Rouje,Semi Matte Lipstick,https://ohmycream.co.uk/collections/make-up-lips/products/les-filles-en-rouje-semi-matte-lipstick?variant=42513599234220,https://cdn.shopify.com/s/files/1/0555/4071/1596/products/LeRougeaLevresSemi-Mat-Helene_LesFillesenRouje.jpg?v=1681903106,"Complete list of ingredients

octyldodecanol, oryza sativa (rice) bran wax, c15-19 alkane, silica, tribehenin, dicaprylyl carbonate, stearalkonium hectorite, tocopherol, propylene carbonate, helianthus annuus (sunflower) seed oil, ci 19140 (yellow 5 lake), ci 15850 (red 6), ci 15850 (red 7 lake), ci 77891 (titanium dioxide), ci 73360 (red 30 lake).

this list of ingredients is subject to change; please refer to the packaging of the purchased product.",'5.0,3
Make Up,Lips,'7611740553388,'42513599135916,Les Filles En Rouje,Semi Matte Lipstick,https://ohmycream.co.uk/collections/make-up-lips/products/les-filles-en-rouje-semi-matte-lipstick?variant=42513599135916,https://cdn.shopify.com/s/files/1/0555/4071/1596/products/LeRougeaLevresSemi-Mat-Jeanne_LesFillesenRouje.jpg?v=1681903106,"Complete list of ingredients

octyldodecanol, oryza sativa (rice) bran wax, c15-19 alkane, silica, tribehenin, dicaprylyl carbonate, stearalkonium hectorite, tocopherol, propylene carbonate, helianthus annuus (sunflower) seed oil, ci 19140 (yellow 5 lake), ci 15850 (red 6), ci 15850 (red 7 lake), ci 77891 (titanium dioxide), ci 73360 (red 30 lake).

this list of ingredients is subject to change; please refer to the packaging of the purchased product.",'5.0,3
Make Up,Lips,'7611740553388,'42513599201452,Les Filles En Rouje,Semi Matte Lipstick,https://ohmycream.co.uk/collections/make-up-lips/products/les-filles-en-rouje-semi-matte-lipstick?variant=42513599201452,https://cdn.shopify.com/s/files/1/0555/4071/1596/products/LeRougeaLevresSemi-Mat-Emilie_LesFillesenRouje.jpg?v=1681903106,"Complete list of ingredients

octyldodecanol, oryza sativa (rice) bran wax, c15-19 alkane, silica, tribehenin, dicaprylyl carbonate, stearalkonium hectorite, tocopherol, propylene carbonate, helianthus annuus (sunflower) seed oil, ci 19140 (yellow 5 lake), ci 15850 (red 6), ci 15850 (red 7 lake), ci 77891 (titanium dioxide), ci 73360 (red 30 lake).

this list of ingredients is subject to change; please refer to the packaging of the purchased product.",'5.0,3
Make Up,Lips,'7611740553388,'42513599103148,Les Filles En Rouje,Semi Matte Lipstick,https://ohmycream.co.uk/collections/make-up-lips/products/les-filles-en-rouje-semi-matte-lipstick?variant=42513599103148,https://cdn.shopify.com/s/files/1/0555/4071/1596/products/LeRougeaLevresSemi-Mat-Camille_LesFillesenRouje.jpg?v=1681903106,"Complete list of ingredients

octyldodecanol, oryza sativa (rice) bran wax, c15-19 alkane, silica, tribehenin, dicaprylyl carbonate, stearalkonium hectorite, tocopherol, propylene carbonate, helianthus annuus (sunflower) seed oil, ci 19140 (yellow 5 lake), ci 15850 (red 6), ci 15850 (red 7 lake), ci 77891 (titanium dioxide), ci 73360 (red 30 lake).

this list of ingredients is subject to change; please refer to the packaging of the purchased product.",'5.0,3
Make Up,Lips,'7383235526828,'41811437715628,Ilia,Balmy Gloss Tinted Lip Oil,https://ohmycream.co.uk/collections/make-up-lips/products/ilia-balmy-gloss-tinted-lip-oil?variant=41811437715628,https://cdn.shopify.com/s/files/1/0555/4071/1596/products/818107023354_Ilia_Balmy_Gloss_Teinte_Petals_Repack_TINY.jpg?v=1658162506,"Complete list of ingredients

hydrogenated polyisobutene, diisostearyl malate, caprylic/capric triglyceride, ethylene/propylene/styrene copolymer, butylene/ethylene/styrene copolymer, limnanthes alba (meadowfoam) seed oil, jojoba esters, ethylhexyl palmitate, tocopherol, helianthus annuus (sunflower) seed oil, butyrospermum parkii (shea) butter extract, tetrahexyldecyl ascorbate, pentaerythrityl tetra-di-t-butyl hydroxyhydrocinnamate, citrus aurantium dulcis (orange) peel extract, citrus tangerina (tangerine) peel extract, silica dimethyl silylate, salicornia herbacea extract, citrus grandis (grapefruit) peel extract, citrus junos peel extract, butylene glycol, caprylyl glycol, phenoxyethanol*, citrus clementina fruit extract, hedychium spicatum extract, sodium hyaluronate, vanilla planifolia fruit extract, zingiber officinale (ginger) root extract, hexylene glycol, limonene. may contain/peut contenir (±): ci 77891 (titanium dioxide), ci 77491, ci 77492, ci 77499 (iron oxides), ci 15850 (red 7 lake), ci 19140 (yellow 5 lake), ci 73360 (red 30 lake)

this list of ingredients is subject to change; please refer to the packaging of the purchased product.",'4.8,14
Make Up,Lips,'7383235526828,'41811437748396,Ilia,Balmy Gloss Tinted Lip Oil,https://ohmycream.co.uk/collections/make-up-lips/products/ilia-balmy-gloss-tinted-lip-oil?variant=41811437748396,https://cdn.shopify.com/s/files/1/0555/4071/1596/products/818107023347_Ilia_Balmy_Gloss_Teinte_Only_You_Repack_TINY.jpg?v=1658162506,"Complete list of ingredients

hydrogenated polyisobutene, diisostearyl malate, caprylic/capric triglyceride, ethylene/propylene/styrene copolymer, butylene/ethylene/styrene copolymer, limnanthes alba (meadowfoam) seed oil, jojoba esters, ethylhexyl palmitate, tocopherol, helianthus annuus (sunflower) seed oil, butyrospermum parkii (shea) butter extract, tetrahexyldecyl ascorbate, pentaerythrityl tetra-di-t-butyl hydroxyhydrocinnamate, citrus aurantium dulcis (orange) peel extract, citrus tangerina (tangerine) peel extract, silica dimethyl silylate, salicornia herbacea extract, citrus grandis (grapefruit) peel extract, citrus junos peel extract, butylene glycol, caprylyl glycol, phenoxyethanol*, citrus clementina fruit extract, hedychium spicatum extract, sodium hyaluronate, vanilla planifolia fruit extract, zingiber officinale (ginger) root extract, hexylene glycol, limonene. may contain/peut contenir (±): ci 77891 (titanium dioxide), ci 77491, ci 77492, ci 77499 (iron oxides), ci 15850 (red 7 lake), ci 19140 (yellow 5 lake), ci 73360 (red 30 lake)

this list of ingredients is subject to change; please refer to the packaging of the purchased product.",'4.8,14
Make Up,Lips,'7383235526828,'41811437813932,Ilia,Balmy Gloss Tinted Lip Oil,https://ohmycream.co.uk/collections/make-up-lips/products/ilia-balmy-gloss-tinted-lip-oil?variant=41811437813932,https://cdn.shopify.com/s/files/1/0555/4071/1596/products/818107023361_Ilia_Balmy_Gloss_Teinte_Tahiti_Repack_TINY.jpg?v=1658162506,"Complete list of ingredients

hydrogenated polyisobutene, diisostearyl malate, caprylic/capric triglyceride, ethylene/propylene/styrene copolymer, butylene/ethylene/styrene copolymer, limnanthes alba (meadowfoam) seed oil, jojoba esters, ethylhexyl palmitate, tocopherol, helianthus annuus (sunflower) seed oil, butyrospermum parkii (shea) butter extract, tetrahexyldecyl ascorbate, pentaerythrityl tetra-di-t-butyl hydroxyhydrocinnamate, citrus aurantium dulcis (orange) peel extract, citrus tangerina (tangerine) peel extract, silica dimethyl silylate, salicornia herbacea extract, citrus grandis (grapefruit) peel extract, citrus junos peel extract, butylene glycol, caprylyl glycol, phenoxyethanol*, citrus clementina fruit extract, hedychium spicatum extract, sodium hyaluronate, vanilla planifolia fruit extract, zingiber officinale (ginger) root extract, hexylene glycol, limonene. may contain/peut contenir (±): ci 77891 (titanium dioxide), ci 77491, ci 77492, ci 77499 (iron oxides), ci 15850 (red 7 lake), ci 19140 (yellow 5 lake), ci 73360 (red 30 lake)

this list of ingredients is subject to change; please refer to the packaging of the purchased product.",'4.8,14
Make Up,Lips,'7383235526828,'41811437879468,Ilia,Balmy Gloss Tinted Lip Oil,https://ohmycream.co.uk/collections/make-up-lips/products/ilia-balmy-gloss-tinted-lip-oil?variant=41811437879468,https://cdn.shopify.com/s/files/1/0555/4071/1596/products/818107023378_IIia_Balmy_Gloss_Teinte_Maybe_Violet_Repack_TINY.jpg?v=1658162506,"Complete list of ingredients

hydrogenated polyisobutene, diisostearyl malate, caprylic/capric triglyceride, ethylene/propylene/styrene copolymer, butylene/ethylene/styrene copolymer, limnanthes alba (meadowfoam) seed oil, jojoba esters, ethylhexyl palmitate, tocopherol, helianthus annuus (sunflower) seed oil, butyrospermum parkii (shea) butter extract, tetrahexyldecyl ascorbate, pentaerythrityl tetra-di-t-butyl hydroxyhydrocinnamate, citrus aurantium dulcis (orange) peel extract, citrus tangerina (tangerine) peel extract, silica dimethyl silylate, salicornia herbacea extract, citrus grandis (grapefruit) peel extract, citrus junos peel extract, butylene glycol, caprylyl glycol, phenoxyethanol*, citrus clementina fruit extract, hedychium spicatum extract, sodium hyaluronate, vanilla planifolia fruit extract, zingiber officinale (ginger) root extract, hexylene glycol, limonene. may contain/peut contenir (±): ci 77891 (titanium dioxide), ci 77491, ci 77492, ci 77499 (iron oxides), ci 15850 (red 7 lake), ci 19140 (yellow 5 lake), ci 73360 (red 30 lake)

this list of ingredients is subject to change; please refer to the packaging of the purchased product.",'4.8,14
Make Up,Lips,'7383235526828,'41811437781164,Ilia,Balmy Gloss Tinted Lip Oil,https://ohmycream.co.uk/collections/make-up-lips/products/ilia-balmy-gloss-tinted-lip-oil?variant=41811437781164,https://cdn.shopify.com/s/files/1/0555/4071/1596/products/818107023385_Ilia_Balmy_Gloss_Teinte_Saint_Repack.jpg?v=1658162506,"Complete list of ingredients

hydrogenated polyisobutene, diisostearyl malate, caprylic/capric triglyceride, ethylene/propylene/styrene copolymer, butylene/ethylene/styrene copolymer, limnanthes alba (meadowfoam) seed oil, jojoba esters, ethylhexyl palmitate, tocopherol, helianthus annuus (sunflower) seed oil, butyrospermum parkii (shea) butter extract, tetrahexyldecyl ascorbate, pentaerythrityl tetra-di-t-butyl hydroxyhydrocinnamate, citrus aurantium dulcis (orange) peel extract, citrus tangerina (tangerine) peel extract, silica dimethyl silylate, salicornia herbacea extract, citrus grandis (grapefruit) peel extract, citrus junos peel extract, butylene glycol, caprylyl glycol, phenoxyethanol*, citrus clementina fruit extract, hedychium spicatum extract, sodium hyaluronate, vanilla planifolia fruit extract, zingiber officinale (ginger) root extract, hexylene glycol, limonene. may contain/peut contenir (±): ci 77891 (titanium dioxide), ci 77491, ci 77492, ci 77499 (iron oxides), ci 15850 (red 7 lake), ci 19140 (yellow 5 lake), ci 73360 (red 30 lake)

this list of ingredients is subject to change; please refer to the packaging of the purchased product.",'4.8,14
Make Up,Lips,'7383235526828,'41811437682860,Ilia,Balmy Gloss Tinted Lip Oil,https://ohmycream.co.uk/collections/make-up-lips/products/ilia-balmy-gloss-tinted-lip-oil?variant=41811437682860,https://cdn.shopify.com/s/files/1/0555/4071/1596/products/818107023392_Ilia_Balmy_Gloss_Teinte_Linger_Repack_TINY.jpg?v=1658162506,"Complete list of ingredients

hydrogenated polyisobutene, diisostearyl malate, caprylic/capric triglyceride, ethylene/propylene/styrene copolymer, butylene/ethylene/styrene copolymer, limnanthes alba (meadowfoam) seed oil, jojoba esters, ethylhexyl palmitate, tocopherol, helianthus annuus (sunflower) seed oil, butyrospermum parkii (shea) butter extract, tetrahexyldecyl ascorbate, pentaerythrityl tetra-di-t-butyl hydroxyhydrocinnamate, citrus aurantium dulcis (orange) peel extract, citrus tangerina (tangerine) peel extract, silica dimethyl silylate, salicornia herbacea extract, citrus grandis (grapefruit) peel extract, citrus junos peel extract, butylene glycol, caprylyl glycol, phenoxyethanol*, citrus clementina fruit extract, hedychium spicatum extract, sodium hyaluronate, vanilla planifolia fruit extract, zingiber officinale (ginger) root extract, hexylene glycol, limonene. may contain/peut contenir (±): ci 77891 (titanium dioxide), ci 77491, ci 77492, ci 77499 (iron oxides), ci 15850 (red 7 lake), ci 19140 (yellow 5 lake), ci 73360 (red 30 lake)

this list of ingredients is subject to change; please refer to the packaging of the purchased product.",'4.8,14
Make Up,Lips,'7383244505260,'41811446399148,Ilia,Lip Wrap Reviving Balm,https://ohmycream.co.uk/collections/make-up-lips/products/ilia-lip-wrap-reviving-balm?variant=41811446399148,https://cdn.shopify.com/s/files/1/0555/4071/1596/products/Packshot_Lip_Wrap_Reviving_Balm_Ilia_TINY.jpg?v=1658162588,"Complete list of ingredients

diisostearyl malate, hydrogenated polyisobutene, polyamide-8, tribehenin, squalane, pentaerythrityl tetraisostearate, aroma/flavor, opuntia ficus-indica seed oil, tocopherol, cocos nucifera (coconut) oil, caprylic/capric triglyceride, hexyldecanol, ricinus communis (castor) seed oil, **sodium hyaluronate, butyrospermum parkii (shea) butter, hydrogenated castor oil, pentaerythrityl tetra-di-t-butyl hydroxyhydrocinnamate, **salicornia herbacea extract, bisabolol, cetylhydroxyproline palmitamide, stearic acid, stevia rebaudiana leaf/stem extract, gardenia taitensis flower extract, brassica campestris (rapeseed) sterols, limonene, linalool.

**included at an active level—i.e., a percentage shown to benefit the skin.

this list of ingredients is subject to change; please refer to the packaging of the purchased product.",',0
Make Up,Lips,'7443834732716,'42003144835244,John Masters Organics,Lip Calm,https://ohmycream.co.uk/collections/make-up-lips/products/john-masters-organics-lip-calm?variant=42003144835244,https://cdn.shopify.com/s/files/1/0555/4071/1596/products/669558600157_JOHN_MASTERS_ORGANICS_Baume_a_Levres_Lip_Calm_12747_14e89b44-5d37-4576-99cd-560157430225.jpg?v=1662541703,"Complete list of ingredients

lip calm vanille : helianthus annuus (sunflower) seed oil*, beeswax*, olea europaea (olive) fruit oil*, simmondsia chinensis (jojoba) seed oil*, lavandula angustifolia (lavender) oil*, vanilla planifolia fruit extract*, citrus limon (lemon) peel oil*, linum usitatissimum (linseed) seed oil*, borago officinalis seed oil*, rosa moschata seed oil*, limonene**, linalool**, coumarin**, geraniol**, citral**

*organic ingredient **natural component of essential oils

lip calm framboise : helianthus annuus (sunflower) seed oil*, beeswax*, olea europaea (olive) fruit oil*, simmondsia chinensis (jojoba) seed oil*, flavor (raspberry)*, linum usitatissimum (linseed) seed oil*, borago officinalis seed oil*, rosa moschata seed oil*

*organic ingredient

lip calm classique : helianthus annuus (sunflower) seed oil*, beeswax*, olea europaea (olive) fruit oil*, simmondsia chinensis (jojoba) seed oil*, citrus reticulata (tangerine) peel oil*, citrus limon (lemon) peel oil*, citrus aurantifolia (lime) oil*, linum usitatissimum (linseed) seed oil*, borago officinalis seed oil*, rosa moschata seed oil*, limonene**, linalool**, geraniol**, citral**, citronellol**

*organic ingredient **natural component of essential oils

these lists of ingredients are subject to change; please refer to the packagings of the purchased products.",'2.0,1
Make Up,Lips,'7443834732716,'42118929940652,John Masters Organics,Lip Calm,https://ohmycream.co.uk/collections/make-up-lips/products/john-masters-organics-lip-calm?variant=42118929940652,https://cdn.shopify.com/s/files/1/0555/4071/1596/products/669558600515_JOHN_MASTERS_ORGANICS_Baume_a_Levres_Vanille_12746_437f09e5-e22d-4f89-9267-c1341b8a8464.jpg?v=1664781163,"Complete list of ingredients

lip calm vanille : helianthus annuus (sunflower) seed oil*, beeswax*, olea europaea (olive) fruit oil*, simmondsia chinensis (jojoba) seed oil*, lavandula angustifolia (lavender) oil*, vanilla planifolia fruit extract*, citrus limon (lemon) peel oil*, linum usitatissimum (linseed) seed oil*, borago officinalis seed oil*, rosa moschata seed oil*, limonene**, linalool**, coumarin**, geraniol**, citral**

*organic ingredient **natural component of essential oils

lip calm framboise : helianthus annuus (sunflower) seed oil*, beeswax*, olea europaea (olive) fruit oil*, simmondsia chinensis (jojoba) seed oil*, flavor (raspberry)*, linum usitatissimum (linseed) seed oil*, borago officinalis seed oil*, rosa moschata seed oil*

*organic ingredient

lip calm classique : helianthus annuus (sunflower) seed oil*, beeswax*, olea europaea (olive) fruit oil*, simmondsia chinensis (jojoba) seed oil*, citrus reticulata (tangerine) peel oil*, citrus limon (lemon) peel oil*, citrus aurantifolia (lime) oil*, linum usitatissimum (linseed) seed oil*, borago officinalis seed oil*, rosa moschata seed oil*, limonene**, linalool**, geraniol**, citral**, citronellol**

*organic ingredient **natural component of essential oils

these lists of ingredients are subject to change; please refer to the packagings of the purchased products.",'2.0,1
Make Up,Lips,'7443834732716,'42003144802476,John Masters Organics,Lip Calm,https://ohmycream.co.uk/collections/make-up-lips/products/john-masters-organics-lip-calm?variant=42003144802476,https://cdn.shopify.com/s/files/1/0555/4071/1596/products/669558600492_JOHN_MASTERS_ORGANICS_Baume_a_Levres_Framboise_12744.jpg?v=1662541705,"Complete list of ingredients

lip calm vanille : helianthus annuus (sunflower) seed oil*, beeswax*, olea europaea (olive) fruit oil*, simmondsia chinensis (jojoba) seed oil*, lavandula angustifolia (lavender) oil*, vanilla planifolia fruit extract*, citrus limon (lemon) peel oil*, linum usitatissimum (linseed) seed oil*, borago officinalis seed oil*, rosa moschata seed oil*, limonene**, linalool**, coumarin**, geraniol**, citral**

*organic ingredient **natural component of essential oils

lip calm framboise : helianthus annuus (sunflower) seed oil*, beeswax*, olea europaea (olive) fruit oil*, simmondsia chinensis (jojoba) seed oil*, flavor (raspberry)*, linum usitatissimum (linseed) seed oil*, borago officinalis seed oil*, rosa moschata seed oil*

*organic ingredient

lip calm classique : helianthus annuus (sunflower) seed oil*, beeswax*, olea europaea (olive) fruit oil*, simmondsia chinensis (jojoba) seed oil*, citrus reticulata (tangerine) peel oil*, citrus limon (lemon) peel oil*, citrus aurantifolia (lime) oil*, linum usitatissimum (linseed) seed oil*, borago officinalis seed oil*, rosa moschata seed oil*, limonene**, linalool**, geraniol**, citral**, citronellol**

*organic ingredient **natural component of essential oils

these lists of ingredients are subject to change; please refer to the packagings of the purchased products.",'2.0,1
