Major Category,Specific Category,Product ID,SKU ID,Product Brand,Product Desc,Product URL,Product Image Link,Product Ingredients,Rating,User Reviews
Make Up,Eyes,'14858136289660,'55165153378684,Victoria Beckham Beauty,Satin Kajal Liner,https://ohmycream.co.uk/collections/make-up-eye/products/victoria-beckham-beauty-satin-kajal-liner?variant=55165153378684,https://cdn.shopify.com/s/files/1/0555/4071/1596/files/Victoria_Beckham_Beauty_Eyeliner_Kajal_Teracotta_Packshot_1.jpg?v=1749129902,"Complete list of ingredients

bronze dimethicone, synthetic wax, silica, mica, stearyl dimethicone, caprylic/capric triglyceride, trimethylsiloxysilicate/dimethiconol crosspolymer, octadecene, dimethicone/vinyl dimethicone crosspolymer, pentaerythrityl tetra- di-t-butyl hydroxyhydrocinnamate, tocopheryl acetate, panthenol, chamomilla recutita (matricaria) flower extract, isoceteth-10, bronze powder (ci 77400), iron oxides (ci 77491, ci 77492, ci 77499), titanium dioxide (ci 77891)

black dimethicone, synthetic wax, silica, stearyl dimethicone, caprylic/capric triglyceride, mica, trimethylsiloxysilicate/dimethiconol crosspolymer, octadecene, dimethicone/vinyl dimethicone crosspolymer, pentaerythrityl tetra- di-t-butyl hydroxyhydrocinnamate, tocopheryl acetate, panthenol, chamomilla recutita (matricaria) flower extract, isoceteth-10, iron oxides (ci 77491, ci 77492, ci 77499), ferric ferrocyanide (ci 77510)

bordeaux dimethicone, synthetic wax, silica, stearyl dimethicone, caprylic/capric triglyceride, mica, trimethylsiloxysilicate/dimethiconol crosspolymer, octadecene, dimethicone/vinyl dimethicone crosspolymer, pentaerythrityl tetra- di-t-butyl hydroxyhydrocinnamate, tocopheryl acetate, panthenol, chamomilla recutita (matricaria) flower extract, isoceteth-10, carmine (ci 75470), iron oxides (ci 77491, ci 77492, ci 77499), titanium dioxide (ci 77891), blue 1 lake (ci 42090)

cocoa dimethicone, synthetic wax, silica, stearyl dimethicone, caprylic/capric triglyceride, trimethylsiloxysilicate/dimethiconol crosspolymer, mica, octadecene, dimethicone/vinyl dimethicone crosspolymer, pentaerythrityl tetra-di-t-butyl hydroxyhydrocinnamate, tocopheryl acetate, panthenol, chamomilla recutita (matricaria) flower extract, isoceteth-10, iron oxides (ci 77491, ci 77492, ci 77499)

navy noir dimethicone, synthetic wax, silica, stearyl dimethicone, caprylic/capric triglyceride, trimethylsiloxysilicate/dimethiconol crosspolymer, mica, octadecene, dimethicone/vinyl dimethicone crosspolymer, pentaerythrityl tetra-di-t-butyl hydroxyhydrocinnamate, tocopheryl acetate, panthenol, tin oxide, chamomilla recutita (matricaria) flower extract, isoceteth-10, ultramarines (ci 77007), ferric ferrocyanide (ci 77510), iron oxides (ci 77491, ci 77492, ci 77499), titanium dioxide (ci 77891), carmine (ci 75470).



olive dimethicone, synthetic wax, mica, silica, stearyl dimethicone, caprylic/capric triglyceride, trimethylsiloxysilicate/dimethiconol crosspolymer, octadecene, dimethicone/vinyl dimethicone crosspolymer, pentaerythrityl tetra- di-t-butyl hydroxyhydrocinnamate, tocopheryl acetate, panthenol, chamomilla recutita (matricaria) flower extract, isoceteth-10, iron oxides (ci 77491, ci 77499), titanium dioxide (ci 77891), ferric ferrocyanide (ci 77510).

fig dimethicone, synthetic wax, mica, silica, stearyl dimethicone, caprylic/capric triglyceride, trimethylsiloxysilicate/dimethiconol crosspolymer, octadecene, dimethicone/vinyl dimethicone crosspolymer, pentaerythrityl tetra- di-t-butyl hydroxyhydrocinnamate, tocopheryl acetate, panthenol, chamomilla recutita (matricaria) flower extract, isoceteth-10. may contain / peut contenir / (+/-) : manganese violet (ci 77742), ultramarines (ci 77007), carmine (ci 75470), iron oxides (ci 77491, ci 77492, ci 77499), titanium dioxide (ci 77891), ferric ferrocyanide (ci 77510).

night flash dimethicone, calcium sodium borosilicate, synthetic wax, silica, stearyl dimethicone, caprylic/capric triglyceride, synthetic fluorphlogopite, trimethylsiloxysilicate/dimethiconol crosspolymer, mica, octadecene, dimethicone/vinyl dimethicone crosspolymer, pentaerythrityl tetra-di-t-butyl hydroxyhydrocinnamate, tocopheryl acetate, tin oxide, panthenol, chamomilla recutita (matricaria) flower extract, isoceteth-10, iron oxides (ci 77499), titanium dioxide (ci 77891).

gold lame dimethicone, mica, synthetic wax, synthetic fluorphlogopite, silica, stearyl dimethicone, caprylic/capric triglyceride, trimethylsiloxysilicate/dimethiconol crosspolymer, octadecene, dimethicone/vinyl dimethicone crosspolymer, panthenol, chamomilla recutita (matricaria) flower extract, pentaerythrityl tetra-di-t-butyl hydroxyhydrocinnamate, tocopheryl acetate, isoceteth-10, bronze powder (ci 77400), iron oxides (ci 77491, ci 77499), aluminum powder (ci 77000).

sequin green dimethicone, synthetic wax, silica, mica, calcium sodium borosilicate, stearyl dimethicone, caprylic/capric triglyceride, trimethylsiloxysilicate/dimethiconol crosspolymer, octadecene, dimethicone/vinyl dimethicone crosspolymer, panthenol, chamomilla recutita (matricaria) flower extract, pentaerythrityl tetra-di-t-butyl hydroxyhydrocinnamate, tocopheryl acetate, tin oxide, isoceteth-10, iron oxides (ci 77491, ci 77492, ci 77499), titanium dioxide (ci 77891).

copper dimethicone, synthetic wax, mica, silica, stearyl dimethicone, caprylic/capric triglyceride, trimethylsiloxysilicate/dimethiconol crosspolymer, octadecene, dimethicone/vinyl dimethicone crosspolymer, pentaerythrityl tetra- di-t-butyl hydroxyhydrocinnamate, tocopheryl acetate, panthenol, chamomilla recutita (matricaria) flower extract, isoceteth-10. may contain / peut contenir / (+/-) : manganese violet (ci 77742), ultramarines (ci 77007), carmine (ci 75470), iron oxides (ci 77491, ci 77492, ci 77499), titanium dioxide (ci 77891), ferric ferrocyanide (ci 77510).

smoky quartz dimethicone, synthetic wax, silica, mica, stearyl dimethicone, caprylic/capric triglyceride, calcium sodium borosilicate, trimethylsiloxysilicate/dimethiconol crosspolymer, octadecene, dimethicone/vinyl dimethicone crosspolymer, pentaerythrityl tetra-di-t-butyl hydroxyhydrocinnamate, tocopheryl acetate, panthenol, tin oxide, chamomilla recutita (matricaria) flower extract, isoceteth-10, iron oxides (ci 77491, ci 77492, ci 77499), titanium dioxide (ci 77891)



surfside ingredients / ingrédients : dimethicone, mica, synthetic wax, silica, stearyl dimethicone, caprylic/capric triglyceride, trimethylsiloxysilicate/dimethiconol crosspolymer, octadecene, dimethicone/vinyl dimethicone crosspolymer, pentaerythrityl tetra-di-t-butyl hydroxyhydrocinnamate, tocopheryl acetate, panthenol, chamomilla recutita (matricaria) flower extract, isoceteth-10, chromium oxide greens (ci 77288), ferric ammonium ferrocyanide (ci 77510), iron oxides (ci 77499), titanium dioxide (ci 77891).

cinnamon ingredients / ingrédients : dimethicone, synthetic wax, silica, stearyl dimethicone, caprylic/capric triglyceride, mica, trimethylsiloxy silicate/dimethiconol crosspolymer, octadecene, dimethicone/vinyl dimethicone crosspolymer, pentaerythrityl tetra-di-t-butyl hydroxyhydrocinnamate, tocopheryl acetate, panthenol, chamomilla recutita (matricaria) flower extract, isoceteth-10, iron oxides (ci 77491, ci 77492, ci 77499), aluminum powder (ci 77000), titanium dioxide (ci 77891).

seafoam ingredients / ingrédients : dimethicone, synthetic wax, silica, stearyl dimethicone, caprylic/capric triglyceride, trimethylsiloxysilicate/dimethiconol crosspolymer, mica, octadecene, dimethicone/vinyl dimethicone crosspolymer, pentaerythrityl tetra-di-t-butyl hydroxyhydrocinnamate, tocopheryl acetate, panthenol, chamomilla recutita (matricaria) flower extract, isoceteth-10, titanium dioxide (ci77891), blue 1 lake (ci 42090), iron oxides (ci 77492, ci 77499).

orchid ingredients / ingrédients : dimethicone, synthetic wax, silica, stearyl dimethicone, caprylic/capric triglyceride, trimethylsiloxysilicate/dimethiconol crosspolymer, mica, octadecene, dimethicone/vinyl dimethicone crosspolymer, pentaerythrityl tetra-di-t-butyl hydroxyhydrocinnamate, tocopheryl acetate, panthenol, chamomilla recutita (matricaria) flower extract, isoceteth-10, titanium dioxide (ci77891), blue 1 lake (ci 42090), iron oxides (ci 77492, ci 77499).

ash dimethicone, synthetic wax, mica, silica, stearyl dimethicone, caprylic/capric triglyceride, trimethylsiloxysilicate/dimethiconol crosspolymer, octadecene, dimethicone/vinyl dimethicone crosspolymer, pentaerythrityl tetra-di-t-butyl hydroxyhydrocinnamate, tocopheryl acetate, panthenol, chamomilla recutita (matricaria) flower extract, isoceteth-10, iron oxides (ci 77499, ci 77492, ci 77491), titanium dioxide (ci 77891)

terracotta dimethicone, synthetic wax, silica, stearyl dimethicone, caprylic/capric triglyceride, mica, trimethylsiloxysilicate/dimethiconol crosspolymer, octadecene, dimethicone/vinyl dimethicone crosspolymer, pentaerythrityl tetra-di-t-butyl hydroxyhydrocinnamate, tocopheryl acetate, panthenol, chamomilla recutita (matricaria) flower extract, isoceteth-10, iron oxides (ci 77491, ci 77492, ci 77499), titanium dioxide (ci 77891), yellow 5 lake (ci 19140)

this list of ingredients is subject to change; please refer to the packaging of the purchased product.",'4.4,26
Make Up,Eyes,'14858136289660,'54822984089980,Victoria Beckham Beauty,Satin Kajal Liner,https://ohmycream.co.uk/collections/make-up-eye/products/victoria-beckham-beauty-satin-kajal-liner?variant=54822984089980,https://cdn.shopify.com/s/files/1/0555/4071/1596/files/2024_12_VictoriaBeckhamBeauty_EyelinerKajalSatinCinnamon_Packshot.jpg?v=1749129902,"Complete list of ingredients

bronze dimethicone, synthetic wax, silica, mica, stearyl dimethicone, caprylic/capric triglyceride, trimethylsiloxysilicate/dimethiconol crosspolymer, octadecene, dimethicone/vinyl dimethicone crosspolymer, pentaerythrityl tetra- di-t-butyl hydroxyhydrocinnamate, tocopheryl acetate, panthenol, chamomilla recutita (matricaria) flower extract, isoceteth-10, bronze powder (ci 77400), iron oxides (ci 77491, ci 77492, ci 77499), titanium dioxide (ci 77891)

black dimethicone, synthetic wax, silica, stearyl dimethicone, caprylic/capric triglyceride, mica, trimethylsiloxysilicate/dimethiconol crosspolymer, octadecene, dimethicone/vinyl dimethicone crosspolymer, pentaerythrityl tetra- di-t-butyl hydroxyhydrocinnamate, tocopheryl acetate, panthenol, chamomilla recutita (matricaria) flower extract, isoceteth-10, iron oxides (ci 77491, ci 77492, ci 77499), ferric ferrocyanide (ci 77510)

bordeaux dimethicone, synthetic wax, silica, stearyl dimethicone, caprylic/capric triglyceride, mica, trimethylsiloxysilicate/dimethiconol crosspolymer, octadecene, dimethicone/vinyl dimethicone crosspolymer, pentaerythrityl tetra- di-t-butyl hydroxyhydrocinnamate, tocopheryl acetate, panthenol, chamomilla recutita (matricaria) flower extract, isoceteth-10, carmine (ci 75470), iron oxides (ci 77491, ci 77492, ci 77499), titanium dioxide (ci 77891), blue 1 lake (ci 42090)

cocoa dimethicone, synthetic wax, silica, stearyl dimethicone, caprylic/capric triglyceride, trimethylsiloxysilicate/dimethiconol crosspolymer, mica, octadecene, dimethicone/vinyl dimethicone crosspolymer, pentaerythrityl tetra-di-t-butyl hydroxyhydrocinnamate, tocopheryl acetate, panthenol, chamomilla recutita (matricaria) flower extract, isoceteth-10, iron oxides (ci 77491, ci 77492, ci 77499)

navy noir dimethicone, synthetic wax, silica, stearyl dimethicone, caprylic/capric triglyceride, trimethylsiloxysilicate/dimethiconol crosspolymer, mica, octadecene, dimethicone/vinyl dimethicone crosspolymer, pentaerythrityl tetra-di-t-butyl hydroxyhydrocinnamate, tocopheryl acetate, panthenol, tin oxide, chamomilla recutita (matricaria) flower extract, isoceteth-10, ultramarines (ci 77007), ferric ferrocyanide (ci 77510), iron oxides (ci 77491, ci 77492, ci 77499), titanium dioxide (ci 77891), carmine (ci 75470).



olive dimethicone, synthetic wax, mica, silica, stearyl dimethicone, caprylic/capric triglyceride, trimethylsiloxysilicate/dimethiconol crosspolymer, octadecene, dimethicone/vinyl dimethicone crosspolymer, pentaerythrityl tetra- di-t-butyl hydroxyhydrocinnamate, tocopheryl acetate, panthenol, chamomilla recutita (matricaria) flower extract, isoceteth-10, iron oxides (ci 77491, ci 77499), titanium dioxide (ci 77891), ferric ferrocyanide (ci 77510).

fig dimethicone, synthetic wax, mica, silica, stearyl dimethicone, caprylic/capric triglyceride, trimethylsiloxysilicate/dimethiconol crosspolymer, octadecene, dimethicone/vinyl dimethicone crosspolymer, pentaerythrityl tetra- di-t-butyl hydroxyhydrocinnamate, tocopheryl acetate, panthenol, chamomilla recutita (matricaria) flower extract, isoceteth-10. may contain / peut contenir / (+/-) : manganese violet (ci 77742), ultramarines (ci 77007), carmine (ci 75470), iron oxides (ci 77491, ci 77492, ci 77499), titanium dioxide (ci 77891), ferric ferrocyanide (ci 77510).

night flash dimethicone, calcium sodium borosilicate, synthetic wax, silica, stearyl dimethicone, caprylic/capric triglyceride, synthetic fluorphlogopite, trimethylsiloxysilicate/dimethiconol crosspolymer, mica, octadecene, dimethicone/vinyl dimethicone crosspolymer, pentaerythrityl tetra-di-t-butyl hydroxyhydrocinnamate, tocopheryl acetate, tin oxide, panthenol, chamomilla recutita (matricaria) flower extract, isoceteth-10, iron oxides (ci 77499), titanium dioxide (ci 77891).

gold lame dimethicone, mica, synthetic wax, synthetic fluorphlogopite, silica, stearyl dimethicone, caprylic/capric triglyceride, trimethylsiloxysilicate/dimethiconol crosspolymer, octadecene, dimethicone/vinyl dimethicone crosspolymer, panthenol, chamomilla recutita (matricaria) flower extract, pentaerythrityl tetra-di-t-butyl hydroxyhydrocinnamate, tocopheryl acetate, isoceteth-10, bronze powder (ci 77400), iron oxides (ci 77491, ci 77499), aluminum powder (ci 77000).

sequin green dimethicone, synthetic wax, silica, mica, calcium sodium borosilicate, stearyl dimethicone, caprylic/capric triglyceride, trimethylsiloxysilicate/dimethiconol crosspolymer, octadecene, dimethicone/vinyl dimethicone crosspolymer, panthenol, chamomilla recutita (matricaria) flower extract, pentaerythrityl tetra-di-t-butyl hydroxyhydrocinnamate, tocopheryl acetate, tin oxide, isoceteth-10, iron oxides (ci 77491, ci 77492, ci 77499), titanium dioxide (ci 77891).

copper dimethicone, synthetic wax, mica, silica, stearyl dimethicone, caprylic/capric triglyceride, trimethylsiloxysilicate/dimethiconol crosspolymer, octadecene, dimethicone/vinyl dimethicone crosspolymer, pentaerythrityl tetra- di-t-butyl hydroxyhydrocinnamate, tocopheryl acetate, panthenol, chamomilla recutita (matricaria) flower extract, isoceteth-10. may contain / peut contenir / (+/-) : manganese violet (ci 77742), ultramarines (ci 77007), carmine (ci 75470), iron oxides (ci 77491, ci 77492, ci 77499), titanium dioxide (ci 77891), ferric ferrocyanide (ci 77510).

smoky quartz dimethicone, synthetic wax, silica, mica, stearyl dimethicone, caprylic/capric triglyceride, calcium sodium borosilicate, trimethylsiloxysilicate/dimethiconol crosspolymer, octadecene, dimethicone/vinyl dimethicone crosspolymer, pentaerythrityl tetra-di-t-butyl hydroxyhydrocinnamate, tocopheryl acetate, panthenol, tin oxide, chamomilla recutita (matricaria) flower extract, isoceteth-10, iron oxides (ci 77491, ci 77492, ci 77499), titanium dioxide (ci 77891)



surfside ingredients / ingrédients : dimethicone, mica, synthetic wax, silica, stearyl dimethicone, caprylic/capric triglyceride, trimethylsiloxysilicate/dimethiconol crosspolymer, octadecene, dimethicone/vinyl dimethicone crosspolymer, pentaerythrityl tetra-di-t-butyl hydroxyhydrocinnamate, tocopheryl acetate, panthenol, chamomilla recutita (matricaria) flower extract, isoceteth-10, chromium oxide greens (ci 77288), ferric ammonium ferrocyanide (ci 77510), iron oxides (ci 77499), titanium dioxide (ci 77891).

cinnamon ingredients / ingrédients : dimethicone, synthetic wax, silica, stearyl dimethicone, caprylic/capric triglyceride, mica, trimethylsiloxy silicate/dimethiconol crosspolymer, octadecene, dimethicone/vinyl dimethicone crosspolymer, pentaerythrityl tetra-di-t-butyl hydroxyhydrocinnamate, tocopheryl acetate, panthenol, chamomilla recutita (matricaria) flower extract, isoceteth-10, iron oxides (ci 77491, ci 77492, ci 77499), aluminum powder (ci 77000), titanium dioxide (ci 77891).

seafoam ingredients / ingrédients : dimethicone, synthetic wax, silica, stearyl dimethicone, caprylic/capric triglyceride, trimethylsiloxysilicate/dimethiconol crosspolymer, mica, octadecene, dimethicone/vinyl dimethicone crosspolymer, pentaerythrityl tetra-di-t-butyl hydroxyhydrocinnamate, tocopheryl acetate, panthenol, chamomilla recutita (matricaria) flower extract, isoceteth-10, titanium dioxide (ci77891), blue 1 lake (ci 42090), iron oxides (ci 77492, ci 77499).

orchid ingredients / ingrédients : dimethicone, synthetic wax, silica, stearyl dimethicone, caprylic/capric triglyceride, trimethylsiloxysilicate/dimethiconol crosspolymer, mica, octadecene, dimethicone/vinyl dimethicone crosspolymer, pentaerythrityl tetra-di-t-butyl hydroxyhydrocinnamate, tocopheryl acetate, panthenol, chamomilla recutita (matricaria) flower extract, isoceteth-10, titanium dioxide (ci77891), blue 1 lake (ci 42090), iron oxides (ci 77492, ci 77499).

ash dimethicone, synthetic wax, mica, silica, stearyl dimethicone, caprylic/capric triglyceride, trimethylsiloxysilicate/dimethiconol crosspolymer, octadecene, dimethicone/vinyl dimethicone crosspolymer, pentaerythrityl tetra-di-t-butyl hydroxyhydrocinnamate, tocopheryl acetate, panthenol, chamomilla recutita (matricaria) flower extract, isoceteth-10, iron oxides (ci 77499, ci 77492, ci 77491), titanium dioxide (ci 77891)

terracotta dimethicone, synthetic wax, silica, stearyl dimethicone, caprylic/capric triglyceride, mica, trimethylsiloxysilicate/dimethiconol crosspolymer, octadecene, dimethicone/vinyl dimethicone crosspolymer, pentaerythrityl tetra-di-t-butyl hydroxyhydrocinnamate, tocopheryl acetate, panthenol, chamomilla recutita (matricaria) flower extract, isoceteth-10, iron oxides (ci 77491, ci 77492, ci 77499), titanium dioxide (ci 77891), yellow 5 lake (ci 19140)

this list of ingredients is subject to change; please refer to the packaging of the purchased product.",'4.4,26
Make Up,Eyes,'14858136289660,'55032090689916,Victoria Beckham Beauty,Satin Kajal Liner,https://ohmycream.co.uk/collections/make-up-eye/products/victoria-beckham-beauty-satin-kajal-liner?variant=55032090689916,https://cdn.shopify.com/s/files/1/0555/4071/1596/files/202502_Victoria_Beckham_Beauty_PSatin_Kajal_Liner_Sea_Grey_Packshot.jpg?v=1749129902,"Complete list of ingredients

bronze dimethicone, synthetic wax, silica, mica, stearyl dimethicone, caprylic/capric triglyceride, trimethylsiloxysilicate/dimethiconol crosspolymer, octadecene, dimethicone/vinyl dimethicone crosspolymer, pentaerythrityl tetra- di-t-butyl hydroxyhydrocinnamate, tocopheryl acetate, panthenol, chamomilla recutita (matricaria) flower extract, isoceteth-10, bronze powder (ci 77400), iron oxides (ci 77491, ci 77492, ci 77499), titanium dioxide (ci 77891)

black dimethicone, synthetic wax, silica, stearyl dimethicone, caprylic/capric triglyceride, mica, trimethylsiloxysilicate/dimethiconol crosspolymer, octadecene, dimethicone/vinyl dimethicone crosspolymer, pentaerythrityl tetra- di-t-butyl hydroxyhydrocinnamate, tocopheryl acetate, panthenol, chamomilla recutita (matricaria) flower extract, isoceteth-10, iron oxides (ci 77491, ci 77492, ci 77499), ferric ferrocyanide (ci 77510)

bordeaux dimethicone, synthetic wax, silica, stearyl dimethicone, caprylic/capric triglyceride, mica, trimethylsiloxysilicate/dimethiconol crosspolymer, octadecene, dimethicone/vinyl dimethicone crosspolymer, pentaerythrityl tetra- di-t-butyl hydroxyhydrocinnamate, tocopheryl acetate, panthenol, chamomilla recutita (matricaria) flower extract, isoceteth-10, carmine (ci 75470), iron oxides (ci 77491, ci 77492, ci 77499), titanium dioxide (ci 77891), blue 1 lake (ci 42090)

cocoa dimethicone, synthetic wax, silica, stearyl dimethicone, caprylic/capric triglyceride, trimethylsiloxysilicate/dimethiconol crosspolymer, mica, octadecene, dimethicone/vinyl dimethicone crosspolymer, pentaerythrityl tetra-di-t-butyl hydroxyhydrocinnamate, tocopheryl acetate, panthenol, chamomilla recutita (matricaria) flower extract, isoceteth-10, iron oxides (ci 77491, ci 77492, ci 77499)

navy noir dimethicone, synthetic wax, silica, stearyl dimethicone, caprylic/capric triglyceride, trimethylsiloxysilicate/dimethiconol crosspolymer, mica, octadecene, dimethicone/vinyl dimethicone crosspolymer, pentaerythrityl tetra-di-t-butyl hydroxyhydrocinnamate, tocopheryl acetate, panthenol, tin oxide, chamomilla recutita (matricaria) flower extract, isoceteth-10, ultramarines (ci 77007), ferric ferrocyanide (ci 77510), iron oxides (ci 77491, ci 77492, ci 77499), titanium dioxide (ci 77891), carmine (ci 75470).



olive dimethicone, synthetic wax, mica, silica, stearyl dimethicone, caprylic/capric triglyceride, trimethylsiloxysilicate/dimethiconol crosspolymer, octadecene, dimethicone/vinyl dimethicone crosspolymer, pentaerythrityl tetra- di-t-butyl hydroxyhydrocinnamate, tocopheryl acetate, panthenol, chamomilla recutita (matricaria) flower extract, isoceteth-10, iron oxides (ci 77491, ci 77499), titanium dioxide (ci 77891), ferric ferrocyanide (ci 77510).

fig dimethicone, synthetic wax, mica, silica, stearyl dimethicone, caprylic/capric triglyceride, trimethylsiloxysilicate/dimethiconol crosspolymer, octadecene, dimethicone/vinyl dimethicone crosspolymer, pentaerythrityl tetra- di-t-butyl hydroxyhydrocinnamate, tocopheryl acetate, panthenol, chamomilla recutita (matricaria) flower extract, isoceteth-10. may contain / peut contenir / (+/-) : manganese violet (ci 77742), ultramarines (ci 77007), carmine (ci 75470), iron oxides (ci 77491, ci 77492, ci 77499), titanium dioxide (ci 77891), ferric ferrocyanide (ci 77510).

night flash dimethicone, calcium sodium borosilicate, synthetic wax, silica, stearyl dimethicone, caprylic/capric triglyceride, synthetic fluorphlogopite, trimethylsiloxysilicate/dimethiconol crosspolymer, mica, octadecene, dimethicone/vinyl dimethicone crosspolymer, pentaerythrityl tetra-di-t-butyl hydroxyhydrocinnamate, tocopheryl acetate, tin oxide, panthenol, chamomilla recutita (matricaria) flower extract, isoceteth-10, iron oxides (ci 77499), titanium dioxide (ci 77891).

gold lame dimethicone, mica, synthetic wax, synthetic fluorphlogopite, silica, stearyl dimethicone, caprylic/capric triglyceride, trimethylsiloxysilicate/dimethiconol crosspolymer, octadecene, dimethicone/vinyl dimethicone crosspolymer, panthenol, chamomilla recutita (matricaria) flower extract, pentaerythrityl tetra-di-t-butyl hydroxyhydrocinnamate, tocopheryl acetate, isoceteth-10, bronze powder (ci 77400), iron oxides (ci 77491, ci 77499), aluminum powder (ci 77000).

sequin green dimethicone, synthetic wax, silica, mica, calcium sodium borosilicate, stearyl dimethicone, caprylic/capric triglyceride, trimethylsiloxysilicate/dimethiconol crosspolymer, octadecene, dimethicone/vinyl dimethicone crosspolymer, panthenol, chamomilla recutita (matricaria) flower extract, pentaerythrityl tetra-di-t-butyl hydroxyhydrocinnamate, tocopheryl acetate, tin oxide, isoceteth-10, iron oxides (ci 77491, ci 77492, ci 77499), titanium dioxide (ci 77891).

copper dimethicone, synthetic wax, mica, silica, stearyl dimethicone, caprylic/capric triglyceride, trimethylsiloxysilicate/dimethiconol crosspolymer, octadecene, dimethicone/vinyl dimethicone crosspolymer, pentaerythrityl tetra- di-t-butyl hydroxyhydrocinnamate, tocopheryl acetate, panthenol, chamomilla recutita (matricaria) flower extract, isoceteth-10. may contain / peut contenir / (+/-) : manganese violet (ci 77742), ultramarines (ci 77007), carmine (ci 75470), iron oxides (ci 77491, ci 77492, ci 77499), titanium dioxide (ci 77891), ferric ferrocyanide (ci 77510).

smoky quartz dimethicone, synthetic wax, silica, mica, stearyl dimethicone, caprylic/capric triglyceride, calcium sodium borosilicate, trimethylsiloxysilicate/dimethiconol crosspolymer, octadecene, dimethicone/vinyl dimethicone crosspolymer, pentaerythrityl tetra-di-t-butyl hydroxyhydrocinnamate, tocopheryl acetate, panthenol, tin oxide, chamomilla recutita (matricaria) flower extract, isoceteth-10, iron oxides (ci 77491, ci 77492, ci 77499), titanium dioxide (ci 77891)



surfside ingredients / ingrédients : dimethicone, mica, synthetic wax, silica, stearyl dimethicone, caprylic/capric triglyceride, trimethylsiloxysilicate/dimethiconol crosspolymer, octadecene, dimethicone/vinyl dimethicone crosspolymer, pentaerythrityl tetra-di-t-butyl hydroxyhydrocinnamate, tocopheryl acetate, panthenol, chamomilla recutita (matricaria) flower extract, isoceteth-10, chromium oxide greens (ci 77288), ferric ammonium ferrocyanide (ci 77510), iron oxides (ci 77499), titanium dioxide (ci 77891).

cinnamon ingredients / ingrédients : dimethicone, synthetic wax, silica, stearyl dimethicone, caprylic/capric triglyceride, mica, trimethylsiloxy silicate/dimethiconol crosspolymer, octadecene, dimethicone/vinyl dimethicone crosspolymer, pentaerythrityl tetra-di-t-butyl hydroxyhydrocinnamate, tocopheryl acetate, panthenol, chamomilla recutita (matricaria) flower extract, isoceteth-10, iron oxides (ci 77491, ci 77492, ci 77499), aluminum powder (ci 77000), titanium dioxide (ci 77891).

seafoam ingredients / ingrédients : dimethicone, synthetic wax, silica, stearyl dimethicone, caprylic/capric triglyceride, trimethylsiloxysilicate/dimethiconol crosspolymer, mica, octadecene, dimethicone/vinyl dimethicone crosspolymer, pentaerythrityl tetra-di-t-butyl hydroxyhydrocinnamate, tocopheryl acetate, panthenol, chamomilla recutita (matricaria) flower extract, isoceteth-10, titanium dioxide (ci77891), blue 1 lake (ci 42090), iron oxides (ci 77492, ci 77499).

orchid ingredients / ingrédients : dimethicone, synthetic wax, silica, stearyl dimethicone, caprylic/capric triglyceride, trimethylsiloxysilicate/dimethiconol crosspolymer, mica, octadecene, dimethicone/vinyl dimethicone crosspolymer, pentaerythrityl tetra-di-t-butyl hydroxyhydrocinnamate, tocopheryl acetate, panthenol, chamomilla recutita (matricaria) flower extract, isoceteth-10, titanium dioxide (ci77891), blue 1 lake (ci 42090), iron oxides (ci 77492, ci 77499).

ash dimethicone, synthetic wax, mica, silica, stearyl dimethicone, caprylic/capric triglyceride, trimethylsiloxysilicate/dimethiconol crosspolymer, octadecene, dimethicone/vinyl dimethicone crosspolymer, pentaerythrityl tetra-di-t-butyl hydroxyhydrocinnamate, tocopheryl acetate, panthenol, chamomilla recutita (matricaria) flower extract, isoceteth-10, iron oxides (ci 77499, ci 77492, ci 77491), titanium dioxide (ci 77891)

terracotta dimethicone, synthetic wax, silica, stearyl dimethicone, caprylic/capric triglyceride, mica, trimethylsiloxysilicate/dimethiconol crosspolymer, octadecene, dimethicone/vinyl dimethicone crosspolymer, pentaerythrityl tetra-di-t-butyl hydroxyhydrocinnamate, tocopheryl acetate, panthenol, chamomilla recutita (matricaria) flower extract, isoceteth-10, iron oxides (ci 77491, ci 77492, ci 77499), titanium dioxide (ci 77891), yellow 5 lake (ci 19140)

this list of ingredients is subject to change; please refer to the packaging of the purchased product.",'4.4,26
Make Up,Eyes,'14858136289660,'54822984057212,Victoria Beckham Beauty,Satin Kajal Liner,https://ohmycream.co.uk/collections/make-up-eye/products/victoria-beckham-beauty-satin-kajal-liner?variant=54822984057212,https://cdn.shopify.com/s/files/1/0555/4071/1596/files/2024_12_VictoriaBeckhamBeauty_EyelinerKajalSatinBronze_Packshot.jpg?v=1749129902,"Complete list of ingredients

bronze dimethicone, synthetic wax, silica, mica, stearyl dimethicone, caprylic/capric triglyceride, trimethylsiloxysilicate/dimethiconol crosspolymer, octadecene, dimethicone/vinyl dimethicone crosspolymer, pentaerythrityl tetra- di-t-butyl hydroxyhydrocinnamate, tocopheryl acetate, panthenol, chamomilla recutita (matricaria) flower extract, isoceteth-10, bronze powder (ci 77400), iron oxides (ci 77491, ci 77492, ci 77499), titanium dioxide (ci 77891)

black dimethicone, synthetic wax, silica, stearyl dimethicone, caprylic/capric triglyceride, mica, trimethylsiloxysilicate/dimethiconol crosspolymer, octadecene, dimethicone/vinyl dimethicone crosspolymer, pentaerythrityl tetra- di-t-butyl hydroxyhydrocinnamate, tocopheryl acetate, panthenol, chamomilla recutita (matricaria) flower extract, isoceteth-10, iron oxides (ci 77491, ci 77492, ci 77499), ferric ferrocyanide (ci 77510)

bordeaux dimethicone, synthetic wax, silica, stearyl dimethicone, caprylic/capric triglyceride, mica, trimethylsiloxysilicate/dimethiconol crosspolymer, octadecene, dimethicone/vinyl dimethicone crosspolymer, pentaerythrityl tetra- di-t-butyl hydroxyhydrocinnamate, tocopheryl acetate, panthenol, chamomilla recutita (matricaria) flower extract, isoceteth-10, carmine (ci 75470), iron oxides (ci 77491, ci 77492, ci 77499), titanium dioxide (ci 77891), blue 1 lake (ci 42090)

cocoa dimethicone, synthetic wax, silica, stearyl dimethicone, caprylic/capric triglyceride, trimethylsiloxysilicate/dimethiconol crosspolymer, mica, octadecene, dimethicone/vinyl dimethicone crosspolymer, pentaerythrityl tetra-di-t-butyl hydroxyhydrocinnamate, tocopheryl acetate, panthenol, chamomilla recutita (matricaria) flower extract, isoceteth-10, iron oxides (ci 77491, ci 77492, ci 77499)

navy noir dimethicone, synthetic wax, silica, stearyl dimethicone, caprylic/capric triglyceride, trimethylsiloxysilicate/dimethiconol crosspolymer, mica, octadecene, dimethicone/vinyl dimethicone crosspolymer, pentaerythrityl tetra-di-t-butyl hydroxyhydrocinnamate, tocopheryl acetate, panthenol, tin oxide, chamomilla recutita (matricaria) flower extract, isoceteth-10, ultramarines (ci 77007), ferric ferrocyanide (ci 77510), iron oxides (ci 77491, ci 77492, ci 77499), titanium dioxide (ci 77891), carmine (ci 75470).



olive dimethicone, synthetic wax, mica, silica, stearyl dimethicone, caprylic/capric triglyceride, trimethylsiloxysilicate/dimethiconol crosspolymer, octadecene, dimethicone/vinyl dimethicone crosspolymer, pentaerythrityl tetra- di-t-butyl hydroxyhydrocinnamate, tocopheryl acetate, panthenol, chamomilla recutita (matricaria) flower extract, isoceteth-10, iron oxides (ci 77491, ci 77499), titanium dioxide (ci 77891), ferric ferrocyanide (ci 77510).

fig dimethicone, synthetic wax, mica, silica, stearyl dimethicone, caprylic/capric triglyceride, trimethylsiloxysilicate/dimethiconol crosspolymer, octadecene, dimethicone/vinyl dimethicone crosspolymer, pentaerythrityl tetra- di-t-butyl hydroxyhydrocinnamate, tocopheryl acetate, panthenol, chamomilla recutita (matricaria) flower extract, isoceteth-10. may contain / peut contenir / (+/-) : manganese violet (ci 77742), ultramarines (ci 77007), carmine (ci 75470), iron oxides (ci 77491, ci 77492, ci 77499), titanium dioxide (ci 77891), ferric ferrocyanide (ci 77510).

night flash dimethicone, calcium sodium borosilicate, synthetic wax, silica, stearyl dimethicone, caprylic/capric triglyceride, synthetic fluorphlogopite, trimethylsiloxysilicate/dimethiconol crosspolymer, mica, octadecene, dimethicone/vinyl dimethicone crosspolymer, pentaerythrityl tetra-di-t-butyl hydroxyhydrocinnamate, tocopheryl acetate, tin oxide, panthenol, chamomilla recutita (matricaria) flower extract, isoceteth-10, iron oxides (ci 77499), titanium dioxide (ci 77891).

gold lame dimethicone, mica, synthetic wax, synthetic fluorphlogopite, silica, stearyl dimethicone, caprylic/capric triglyceride, trimethylsiloxysilicate/dimethiconol crosspolymer, octadecene, dimethicone/vinyl dimethicone crosspolymer, panthenol, chamomilla recutita (matricaria) flower extract, pentaerythrityl tetra-di-t-butyl hydroxyhydrocinnamate, tocopheryl acetate, isoceteth-10, bronze powder (ci 77400), iron oxides (ci 77491, ci 77499), aluminum powder (ci 77000).

sequin green dimethicone, synthetic wax, silica, mica, calcium sodium borosilicate, stearyl dimethicone, caprylic/capric triglyceride, trimethylsiloxysilicate/dimethiconol crosspolymer, octadecene, dimethicone/vinyl dimethicone crosspolymer, panthenol, chamomilla recutita (matricaria) flower extract, pentaerythrityl tetra-di-t-butyl hydroxyhydrocinnamate, tocopheryl acetate, tin oxide, isoceteth-10, iron oxides (ci 77491, ci 77492, ci 77499), titanium dioxide (ci 77891).

copper dimethicone, synthetic wax, mica, silica, stearyl dimethicone, caprylic/capric triglyceride, trimethylsiloxysilicate/dimethiconol crosspolymer, octadecene, dimethicone/vinyl dimethicone crosspolymer, pentaerythrityl tetra- di-t-butyl hydroxyhydrocinnamate, tocopheryl acetate, panthenol, chamomilla recutita (matricaria) flower extract, isoceteth-10. may contain / peut contenir / (+/-) : manganese violet (ci 77742), ultramarines (ci 77007), carmine (ci 75470), iron oxides (ci 77491, ci 77492, ci 77499), titanium dioxide (ci 77891), ferric ferrocyanide (ci 77510).

smoky quartz dimethicone, synthetic wax, silica, mica, stearyl dimethicone, caprylic/capric triglyceride, calcium sodium borosilicate, trimethylsiloxysilicate/dimethiconol crosspolymer, octadecene, dimethicone/vinyl dimethicone crosspolymer, pentaerythrityl tetra-di-t-butyl hydroxyhydrocinnamate, tocopheryl acetate, panthenol, tin oxide, chamomilla recutita (matricaria) flower extract, isoceteth-10, iron oxides (ci 77491, ci 77492, ci 77499), titanium dioxide (ci 77891)



surfside ingredients / ingrédients : dimethicone, mica, synthetic wax, silica, stearyl dimethicone, caprylic/capric triglyceride, trimethylsiloxysilicate/dimethiconol crosspolymer, octadecene, dimethicone/vinyl dimethicone crosspolymer, pentaerythrityl tetra-di-t-butyl hydroxyhydrocinnamate, tocopheryl acetate, panthenol, chamomilla recutita (matricaria) flower extract, isoceteth-10, chromium oxide greens (ci 77288), ferric ammonium ferrocyanide (ci 77510), iron oxides (ci 77499), titanium dioxide (ci 77891).

cinnamon ingredients / ingrédients : dimethicone, synthetic wax, silica, stearyl dimethicone, caprylic/capric triglyceride, mica, trimethylsiloxy silicate/dimethiconol crosspolymer, octadecene, dimethicone/vinyl dimethicone crosspolymer, pentaerythrityl tetra-di-t-butyl hydroxyhydrocinnamate, tocopheryl acetate, panthenol, chamomilla recutita (matricaria) flower extract, isoceteth-10, iron oxides (ci 77491, ci 77492, ci 77499), aluminum powder (ci 77000), titanium dioxide (ci 77891).

seafoam ingredients / ingrédients : dimethicone, synthetic wax, silica, stearyl dimethicone, caprylic/capric triglyceride, trimethylsiloxysilicate/dimethiconol crosspolymer, mica, octadecene, dimethicone/vinyl dimethicone crosspolymer, pentaerythrityl tetra-di-t-butyl hydroxyhydrocinnamate, tocopheryl acetate, panthenol, chamomilla recutita (matricaria) flower extract, isoceteth-10, titanium dioxide (ci77891), blue 1 lake (ci 42090), iron oxides (ci 77492, ci 77499).

orchid ingredients / ingrédients : dimethicone, synthetic wax, silica, stearyl dimethicone, caprylic/capric triglyceride, trimethylsiloxysilicate/dimethiconol crosspolymer, mica, octadecene, dimethicone/vinyl dimethicone crosspolymer, pentaerythrityl tetra-di-t-butyl hydroxyhydrocinnamate, tocopheryl acetate, panthenol, chamomilla recutita (matricaria) flower extract, isoceteth-10, titanium dioxide (ci77891), blue 1 lake (ci 42090), iron oxides (ci 77492, ci 77499).

ash dimethicone, synthetic wax, mica, silica, stearyl dimethicone, caprylic/capric triglyceride, trimethylsiloxysilicate/dimethiconol crosspolymer, octadecene, dimethicone/vinyl dimethicone crosspolymer, pentaerythrityl tetra-di-t-butyl hydroxyhydrocinnamate, tocopheryl acetate, panthenol, chamomilla recutita (matricaria) flower extract, isoceteth-10, iron oxides (ci 77499, ci 77492, ci 77491), titanium dioxide (ci 77891)

terracotta dimethicone, synthetic wax, silica, stearyl dimethicone, caprylic/capric triglyceride, mica, trimethylsiloxysilicate/dimethiconol crosspolymer, octadecene, dimethicone/vinyl dimethicone crosspolymer, pentaerythrityl tetra-di-t-butyl hydroxyhydrocinnamate, tocopheryl acetate, panthenol, chamomilla recutita (matricaria) flower extract, isoceteth-10, iron oxides (ci 77491, ci 77492, ci 77499), titanium dioxide (ci 77891), yellow 5 lake (ci 19140)

this list of ingredients is subject to change; please refer to the packaging of the purchased product.",'4.4,26
Make Up,Eyes,'14858136289660,'54822983991676,Victoria Beckham Beauty,Satin Kajal Liner,https://ohmycream.co.uk/collections/make-up-eye/products/victoria-beckham-beauty-satin-kajal-liner?variant=54822983991676,https://cdn.shopify.com/s/files/1/0555/4071/1596/files/2024_12_VictoriaBeckhamBeauty_EyelinerKajalSatinOrchid_Packshot.jpg?v=1748854843,"Complete list of ingredients

bronze dimethicone, synthetic wax, silica, mica, stearyl dimethicone, caprylic/capric triglyceride, trimethylsiloxysilicate/dimethiconol crosspolymer, octadecene, dimethicone/vinyl dimethicone crosspolymer, pentaerythrityl tetra- di-t-butyl hydroxyhydrocinnamate, tocopheryl acetate, panthenol, chamomilla recutita (matricaria) flower extract, isoceteth-10, bronze powder (ci 77400), iron oxides (ci 77491, ci 77492, ci 77499), titanium dioxide (ci 77891)

black dimethicone, synthetic wax, silica, stearyl dimethicone, caprylic/capric triglyceride, mica, trimethylsiloxysilicate/dimethiconol crosspolymer, octadecene, dimethicone/vinyl dimethicone crosspolymer, pentaerythrityl tetra- di-t-butyl hydroxyhydrocinnamate, tocopheryl acetate, panthenol, chamomilla recutita (matricaria) flower extract, isoceteth-10, iron oxides (ci 77491, ci 77492, ci 77499), ferric ferrocyanide (ci 77510)

bordeaux dimethicone, synthetic wax, silica, stearyl dimethicone, caprylic/capric triglyceride, mica, trimethylsiloxysilicate/dimethiconol crosspolymer, octadecene, dimethicone/vinyl dimethicone crosspolymer, pentaerythrityl tetra- di-t-butyl hydroxyhydrocinnamate, tocopheryl acetate, panthenol, chamomilla recutita (matricaria) flower extract, isoceteth-10, carmine (ci 75470), iron oxides (ci 77491, ci 77492, ci 77499), titanium dioxide (ci 77891), blue 1 lake (ci 42090)

cocoa dimethicone, synthetic wax, silica, stearyl dimethicone, caprylic/capric triglyceride, trimethylsiloxysilicate/dimethiconol crosspolymer, mica, octadecene, dimethicone/vinyl dimethicone crosspolymer, pentaerythrityl tetra-di-t-butyl hydroxyhydrocinnamate, tocopheryl acetate, panthenol, chamomilla recutita (matricaria) flower extract, isoceteth-10, iron oxides (ci 77491, ci 77492, ci 77499)

navy noir dimethicone, synthetic wax, silica, stearyl dimethicone, caprylic/capric triglyceride, trimethylsiloxysilicate/dimethiconol crosspolymer, mica, octadecene, dimethicone/vinyl dimethicone crosspolymer, pentaerythrityl tetra-di-t-butyl hydroxyhydrocinnamate, tocopheryl acetate, panthenol, tin oxide, chamomilla recutita (matricaria) flower extract, isoceteth-10, ultramarines (ci 77007), ferric ferrocyanide (ci 77510), iron oxides (ci 77491, ci 77492, ci 77499), titanium dioxide (ci 77891), carmine (ci 75470).



olive dimethicone, synthetic wax, mica, silica, stearyl dimethicone, caprylic/capric triglyceride, trimethylsiloxysilicate/dimethiconol crosspolymer, octadecene, dimethicone/vinyl dimethicone crosspolymer, pentaerythrityl tetra- di-t-butyl hydroxyhydrocinnamate, tocopheryl acetate, panthenol, chamomilla recutita (matricaria) flower extract, isoceteth-10, iron oxides (ci 77491, ci 77499), titanium dioxide (ci 77891), ferric ferrocyanide (ci 77510).

fig dimethicone, synthetic wax, mica, silica, stearyl dimethicone, caprylic/capric triglyceride, trimethylsiloxysilicate/dimethiconol crosspolymer, octadecene, dimethicone/vinyl dimethicone crosspolymer, pentaerythrityl tetra- di-t-butyl hydroxyhydrocinnamate, tocopheryl acetate, panthenol, chamomilla recutita (matricaria) flower extract, isoceteth-10. may contain / peut contenir / (+/-) : manganese violet (ci 77742), ultramarines (ci 77007), carmine (ci 75470), iron oxides (ci 77491, ci 77492, ci 77499), titanium dioxide (ci 77891), ferric ferrocyanide (ci 77510).

night flash dimethicone, calcium sodium borosilicate, synthetic wax, silica, stearyl dimethicone, caprylic/capric triglyceride, synthetic fluorphlogopite, trimethylsiloxysilicate/dimethiconol crosspolymer, mica, octadecene, dimethicone/vinyl dimethicone crosspolymer, pentaerythrityl tetra-di-t-butyl hydroxyhydrocinnamate, tocopheryl acetate, tin oxide, panthenol, chamomilla recutita (matricaria) flower extract, isoceteth-10, iron oxides (ci 77499), titanium dioxide (ci 77891).

gold lame dimethicone, mica, synthetic wax, synthetic fluorphlogopite, silica, stearyl dimethicone, caprylic/capric triglyceride, trimethylsiloxysilicate/dimethiconol crosspolymer, octadecene, dimethicone/vinyl dimethicone crosspolymer, panthenol, chamomilla recutita (matricaria) flower extract, pentaerythrityl tetra-di-t-butyl hydroxyhydrocinnamate, tocopheryl acetate, isoceteth-10, bronze powder (ci 77400), iron oxides (ci 77491, ci 77499), aluminum powder (ci 77000).

sequin green dimethicone, synthetic wax, silica, mica, calcium sodium borosilicate, stearyl dimethicone, caprylic/capric triglyceride, trimethylsiloxysilicate/dimethiconol crosspolymer, octadecene, dimethicone/vinyl dimethicone crosspolymer, panthenol, chamomilla recutita (matricaria) flower extract, pentaerythrityl tetra-di-t-butyl hydroxyhydrocinnamate, tocopheryl acetate, tin oxide, isoceteth-10, iron oxides (ci 77491, ci 77492, ci 77499), titanium dioxide (ci 77891).

copper dimethicone, synthetic wax, mica, silica, stearyl dimethicone, caprylic/capric triglyceride, trimethylsiloxysilicate/dimethiconol crosspolymer, octadecene, dimethicone/vinyl dimethicone crosspolymer, pentaerythrityl tetra- di-t-butyl hydroxyhydrocinnamate, tocopheryl acetate, panthenol, chamomilla recutita (matricaria) flower extract, isoceteth-10. may contain / peut contenir / (+/-) : manganese violet (ci 77742), ultramarines (ci 77007), carmine (ci 75470), iron oxides (ci 77491, ci 77492, ci 77499), titanium dioxide (ci 77891), ferric ferrocyanide (ci 77510).

smoky quartz dimethicone, synthetic wax, silica, mica, stearyl dimethicone, caprylic/capric triglyceride, calcium sodium borosilicate, trimethylsiloxysilicate/dimethiconol crosspolymer, octadecene, dimethicone/vinyl dimethicone crosspolymer, pentaerythrityl tetra-di-t-butyl hydroxyhydrocinnamate, tocopheryl acetate, panthenol, tin oxide, chamomilla recutita (matricaria) flower extract, isoceteth-10, iron oxides (ci 77491, ci 77492, ci 77499), titanium dioxide (ci 77891)



surfside ingredients / ingrédients : dimethicone, mica, synthetic wax, silica, stearyl dimethicone, caprylic/capric triglyceride, trimethylsiloxysilicate/dimethiconol crosspolymer, octadecene, dimethicone/vinyl dimethicone crosspolymer, pentaerythrityl tetra-di-t-butyl hydroxyhydrocinnamate, tocopheryl acetate, panthenol, chamomilla recutita (matricaria) flower extract, isoceteth-10, chromium oxide greens (ci 77288), ferric ammonium ferrocyanide (ci 77510), iron oxides (ci 77499), titanium dioxide (ci 77891).

cinnamon ingredients / ingrédients : dimethicone, synthetic wax, silica, stearyl dimethicone, caprylic/capric triglyceride, mica, trimethylsiloxy silicate/dimethiconol crosspolymer, octadecene, dimethicone/vinyl dimethicone crosspolymer, pentaerythrityl tetra-di-t-butyl hydroxyhydrocinnamate, tocopheryl acetate, panthenol, chamomilla recutita (matricaria) flower extract, isoceteth-10, iron oxides (ci 77491, ci 77492, ci 77499), aluminum powder (ci 77000), titanium dioxide (ci 77891).

seafoam ingredients / ingrédients : dimethicone, synthetic wax, silica, stearyl dimethicone, caprylic/capric triglyceride, trimethylsiloxysilicate/dimethiconol crosspolymer, mica, octadecene, dimethicone/vinyl dimethicone crosspolymer, pentaerythrityl tetra-di-t-butyl hydroxyhydrocinnamate, tocopheryl acetate, panthenol, chamomilla recutita (matricaria) flower extract, isoceteth-10, titanium dioxide (ci77891), blue 1 lake (ci 42090), iron oxides (ci 77492, ci 77499).

orchid ingredients / ingrédients : dimethicone, synthetic wax, silica, stearyl dimethicone, caprylic/capric triglyceride, trimethylsiloxysilicate/dimethiconol crosspolymer, mica, octadecene, dimethicone/vinyl dimethicone crosspolymer, pentaerythrityl tetra-di-t-butyl hydroxyhydrocinnamate, tocopheryl acetate, panthenol, chamomilla recutita (matricaria) flower extract, isoceteth-10, titanium dioxide (ci77891), blue 1 lake (ci 42090), iron oxides (ci 77492, ci 77499).

ash dimethicone, synthetic wax, mica, silica, stearyl dimethicone, caprylic/capric triglyceride, trimethylsiloxysilicate/dimethiconol crosspolymer, octadecene, dimethicone/vinyl dimethicone crosspolymer, pentaerythrityl tetra-di-t-butyl hydroxyhydrocinnamate, tocopheryl acetate, panthenol, chamomilla recutita (matricaria) flower extract, isoceteth-10, iron oxides (ci 77499, ci 77492, ci 77491), titanium dioxide (ci 77891)

terracotta dimethicone, synthetic wax, silica, stearyl dimethicone, caprylic/capric triglyceride, mica, trimethylsiloxysilicate/dimethiconol crosspolymer, octadecene, dimethicone/vinyl dimethicone crosspolymer, pentaerythrityl tetra-di-t-butyl hydroxyhydrocinnamate, tocopheryl acetate, panthenol, chamomilla recutita (matricaria) flower extract, isoceteth-10, iron oxides (ci 77491, ci 77492, ci 77499), titanium dioxide (ci 77891), yellow 5 lake (ci 19140)

this list of ingredients is subject to change; please refer to the packaging of the purchased product.",'4.4,26
Make Up,Eyes,'14858136289660,'54822983958908,Victoria Beckham Beauty,Satin Kajal Liner,https://ohmycream.co.uk/collections/make-up-eye/products/victoria-beckham-beauty-satin-kajal-liner?variant=54822983958908,https://cdn.shopify.com/s/files/1/0555/4071/1596/files/2024_12_VictoriaBeckhamBeauty_EyelinerKajalSatinCopper_Packshot.jpg?v=1748854843,"Complete list of ingredients

bronze dimethicone, synthetic wax, silica, mica, stearyl dimethicone, caprylic/capric triglyceride, trimethylsiloxysilicate/dimethiconol crosspolymer, octadecene, dimethicone/vinyl dimethicone crosspolymer, pentaerythrityl tetra- di-t-butyl hydroxyhydrocinnamate, tocopheryl acetate, panthenol, chamomilla recutita (matricaria) flower extract, isoceteth-10, bronze powder (ci 77400), iron oxides (ci 77491, ci 77492, ci 77499), titanium dioxide (ci 77891)

black dimethicone, synthetic wax, silica, stearyl dimethicone, caprylic/capric triglyceride, mica, trimethylsiloxysilicate/dimethiconol crosspolymer, octadecene, dimethicone/vinyl dimethicone crosspolymer, pentaerythrityl tetra- di-t-butyl hydroxyhydrocinnamate, tocopheryl acetate, panthenol, chamomilla recutita (matricaria) flower extract, isoceteth-10, iron oxides (ci 77491, ci 77492, ci 77499), ferric ferrocyanide (ci 77510)

bordeaux dimethicone, synthetic wax, silica, stearyl dimethicone, caprylic/capric triglyceride, mica, trimethylsiloxysilicate/dimethiconol crosspolymer, octadecene, dimethicone/vinyl dimethicone crosspolymer, pentaerythrityl tetra- di-t-butyl hydroxyhydrocinnamate, tocopheryl acetate, panthenol, chamomilla recutita (matricaria) flower extract, isoceteth-10, carmine (ci 75470), iron oxides (ci 77491, ci 77492, ci 77499), titanium dioxide (ci 77891), blue 1 lake (ci 42090)

cocoa dimethicone, synthetic wax, silica, stearyl dimethicone, caprylic/capric triglyceride, trimethylsiloxysilicate/dimethiconol crosspolymer, mica, octadecene, dimethicone/vinyl dimethicone crosspolymer, pentaerythrityl tetra-di-t-butyl hydroxyhydrocinnamate, tocopheryl acetate, panthenol, chamomilla recutita (matricaria) flower extract, isoceteth-10, iron oxides (ci 77491, ci 77492, ci 77499)

navy noir dimethicone, synthetic wax, silica, stearyl dimethicone, caprylic/capric triglyceride, trimethylsiloxysilicate/dimethiconol crosspolymer, mica, octadecene, dimethicone/vinyl dimethicone crosspolymer, pentaerythrityl tetra-di-t-butyl hydroxyhydrocinnamate, tocopheryl acetate, panthenol, tin oxide, chamomilla recutita (matricaria) flower extract, isoceteth-10, ultramarines (ci 77007), ferric ferrocyanide (ci 77510), iron oxides (ci 77491, ci 77492, ci 77499), titanium dioxide (ci 77891), carmine (ci 75470).



olive dimethicone, synthetic wax, mica, silica, stearyl dimethicone, caprylic/capric triglyceride, trimethylsiloxysilicate/dimethiconol crosspolymer, octadecene, dimethicone/vinyl dimethicone crosspolymer, pentaerythrityl tetra- di-t-butyl hydroxyhydrocinnamate, tocopheryl acetate, panthenol, chamomilla recutita (matricaria) flower extract, isoceteth-10, iron oxides (ci 77491, ci 77499), titanium dioxide (ci 77891), ferric ferrocyanide (ci 77510).

fig dimethicone, synthetic wax, mica, silica, stearyl dimethicone, caprylic/capric triglyceride, trimethylsiloxysilicate/dimethiconol crosspolymer, octadecene, dimethicone/vinyl dimethicone crosspolymer, pentaerythrityl tetra- di-t-butyl hydroxyhydrocinnamate, tocopheryl acetate, panthenol, chamomilla recutita (matricaria) flower extract, isoceteth-10. may contain / peut contenir / (+/-) : manganese violet (ci 77742), ultramarines (ci 77007), carmine (ci 75470), iron oxides (ci 77491, ci 77492, ci 77499), titanium dioxide (ci 77891), ferric ferrocyanide (ci 77510).

night flash dimethicone, calcium sodium borosilicate, synthetic wax, silica, stearyl dimethicone, caprylic/capric triglyceride, synthetic fluorphlogopite, trimethylsiloxysilicate/dimethiconol crosspolymer, mica, octadecene, dimethicone/vinyl dimethicone crosspolymer, pentaerythrityl tetra-di-t-butyl hydroxyhydrocinnamate, tocopheryl acetate, tin oxide, panthenol, chamomilla recutita (matricaria) flower extract, isoceteth-10, iron oxides (ci 77499), titanium dioxide (ci 77891).

gold lame dimethicone, mica, synthetic wax, synthetic fluorphlogopite, silica, stearyl dimethicone, caprylic/capric triglyceride, trimethylsiloxysilicate/dimethiconol crosspolymer, octadecene, dimethicone/vinyl dimethicone crosspolymer, panthenol, chamomilla recutita (matricaria) flower extract, pentaerythrityl tetra-di-t-butyl hydroxyhydrocinnamate, tocopheryl acetate, isoceteth-10, bronze powder (ci 77400), iron oxides (ci 77491, ci 77499), aluminum powder (ci 77000).

sequin green dimethicone, synthetic wax, silica, mica, calcium sodium borosilicate, stearyl dimethicone, caprylic/capric triglyceride, trimethylsiloxysilicate/dimethiconol crosspolymer, octadecene, dimethicone/vinyl dimethicone crosspolymer, panthenol, chamomilla recutita (matricaria) flower extract, pentaerythrityl tetra-di-t-butyl hydroxyhydrocinnamate, tocopheryl acetate, tin oxide, isoceteth-10, iron oxides (ci 77491, ci 77492, ci 77499), titanium dioxide (ci 77891).

copper dimethicone, synthetic wax, mica, silica, stearyl dimethicone, caprylic/capric triglyceride, trimethylsiloxysilicate/dimethiconol crosspolymer, octadecene, dimethicone/vinyl dimethicone crosspolymer, pentaerythrityl tetra- di-t-butyl hydroxyhydrocinnamate, tocopheryl acetate, panthenol, chamomilla recutita (matricaria) flower extract, isoceteth-10. may contain / peut contenir / (+/-) : manganese violet (ci 77742), ultramarines (ci 77007), carmine (ci 75470), iron oxides (ci 77491, ci 77492, ci 77499), titanium dioxide (ci 77891), ferric ferrocyanide (ci 77510).

smoky quartz dimethicone, synthetic wax, silica, mica, stearyl dimethicone, caprylic/capric triglyceride, calcium sodium borosilicate, trimethylsiloxysilicate/dimethiconol crosspolymer, octadecene, dimethicone/vinyl dimethicone crosspolymer, pentaerythrityl tetra-di-t-butyl hydroxyhydrocinnamate, tocopheryl acetate, panthenol, tin oxide, chamomilla recutita (matricaria) flower extract, isoceteth-10, iron oxides (ci 77491, ci 77492, ci 77499), titanium dioxide (ci 77891)



surfside ingredients / ingrédients : dimethicone, mica, synthetic wax, silica, stearyl dimethicone, caprylic/capric triglyceride, trimethylsiloxysilicate/dimethiconol crosspolymer, octadecene, dimethicone/vinyl dimethicone crosspolymer, pentaerythrityl tetra-di-t-butyl hydroxyhydrocinnamate, tocopheryl acetate, panthenol, chamomilla recutita (matricaria) flower extract, isoceteth-10, chromium oxide greens (ci 77288), ferric ammonium ferrocyanide (ci 77510), iron oxides (ci 77499), titanium dioxide (ci 77891).

cinnamon ingredients / ingrédients : dimethicone, synthetic wax, silica, stearyl dimethicone, caprylic/capric triglyceride, mica, trimethylsiloxy silicate/dimethiconol crosspolymer, octadecene, dimethicone/vinyl dimethicone crosspolymer, pentaerythrityl tetra-di-t-butyl hydroxyhydrocinnamate, tocopheryl acetate, panthenol, chamomilla recutita (matricaria) flower extract, isoceteth-10, iron oxides (ci 77491, ci 77492, ci 77499), aluminum powder (ci 77000), titanium dioxide (ci 77891).

seafoam ingredients / ingrédients : dimethicone, synthetic wax, silica, stearyl dimethicone, caprylic/capric triglyceride, trimethylsiloxysilicate/dimethiconol crosspolymer, mica, octadecene, dimethicone/vinyl dimethicone crosspolymer, pentaerythrityl tetra-di-t-butyl hydroxyhydrocinnamate, tocopheryl acetate, panthenol, chamomilla recutita (matricaria) flower extract, isoceteth-10, titanium dioxide (ci77891), blue 1 lake (ci 42090), iron oxides (ci 77492, ci 77499).

orchid ingredients / ingrédients : dimethicone, synthetic wax, silica, stearyl dimethicone, caprylic/capric triglyceride, trimethylsiloxysilicate/dimethiconol crosspolymer, mica, octadecene, dimethicone/vinyl dimethicone crosspolymer, pentaerythrityl tetra-di-t-butyl hydroxyhydrocinnamate, tocopheryl acetate, panthenol, chamomilla recutita (matricaria) flower extract, isoceteth-10, titanium dioxide (ci77891), blue 1 lake (ci 42090), iron oxides (ci 77492, ci 77499).

ash dimethicone, synthetic wax, mica, silica, stearyl dimethicone, caprylic/capric triglyceride, trimethylsiloxysilicate/dimethiconol crosspolymer, octadecene, dimethicone/vinyl dimethicone crosspolymer, pentaerythrityl tetra-di-t-butyl hydroxyhydrocinnamate, tocopheryl acetate, panthenol, chamomilla recutita (matricaria) flower extract, isoceteth-10, iron oxides (ci 77499, ci 77492, ci 77491), titanium dioxide (ci 77891)

terracotta dimethicone, synthetic wax, silica, stearyl dimethicone, caprylic/capric triglyceride, mica, trimethylsiloxysilicate/dimethiconol crosspolymer, octadecene, dimethicone/vinyl dimethicone crosspolymer, pentaerythrityl tetra-di-t-butyl hydroxyhydrocinnamate, tocopheryl acetate, panthenol, chamomilla recutita (matricaria) flower extract, isoceteth-10, iron oxides (ci 77491, ci 77492, ci 77499), titanium dioxide (ci 77891), yellow 5 lake (ci 19140)

this list of ingredients is subject to change; please refer to the packaging of the purchased product.",'4.4,26
Make Up,Eyes,'14858136289660,'54822984253820,Victoria Beckham Beauty,Satin Kajal Liner,https://ohmycream.co.uk/collections/make-up-eye/products/victoria-beckham-beauty-satin-kajal-liner?variant=54822984253820,https://cdn.shopify.com/s/files/1/0555/4071/1596/files/2024_12_VictoriaBeckhamBeauty_EyelinerKajalSatinOlive_Packshot.jpg?v=1748854843,"Complete list of ingredients

bronze dimethicone, synthetic wax, silica, mica, stearyl dimethicone, caprylic/capric triglyceride, trimethylsiloxysilicate/dimethiconol crosspolymer, octadecene, dimethicone/vinyl dimethicone crosspolymer, pentaerythrityl tetra- di-t-butyl hydroxyhydrocinnamate, tocopheryl acetate, panthenol, chamomilla recutita (matricaria) flower extract, isoceteth-10, bronze powder (ci 77400), iron oxides (ci 77491, ci 77492, ci 77499), titanium dioxide (ci 77891)

black dimethicone, synthetic wax, silica, stearyl dimethicone, caprylic/capric triglyceride, mica, trimethylsiloxysilicate/dimethiconol crosspolymer, octadecene, dimethicone/vinyl dimethicone crosspolymer, pentaerythrityl tetra- di-t-butyl hydroxyhydrocinnamate, tocopheryl acetate, panthenol, chamomilla recutita (matricaria) flower extract, isoceteth-10, iron oxides (ci 77491, ci 77492, ci 77499), ferric ferrocyanide (ci 77510)

bordeaux dimethicone, synthetic wax, silica, stearyl dimethicone, caprylic/capric triglyceride, mica, trimethylsiloxysilicate/dimethiconol crosspolymer, octadecene, dimethicone/vinyl dimethicone crosspolymer, pentaerythrityl tetra- di-t-butyl hydroxyhydrocinnamate, tocopheryl acetate, panthenol, chamomilla recutita (matricaria) flower extract, isoceteth-10, carmine (ci 75470), iron oxides (ci 77491, ci 77492, ci 77499), titanium dioxide (ci 77891), blue 1 lake (ci 42090)

cocoa dimethicone, synthetic wax, silica, stearyl dimethicone, caprylic/capric triglyceride, trimethylsiloxysilicate/dimethiconol crosspolymer, mica, octadecene, dimethicone/vinyl dimethicone crosspolymer, pentaerythrityl tetra-di-t-butyl hydroxyhydrocinnamate, tocopheryl acetate, panthenol, chamomilla recutita (matricaria) flower extract, isoceteth-10, iron oxides (ci 77491, ci 77492, ci 77499)

navy noir dimethicone, synthetic wax, silica, stearyl dimethicone, caprylic/capric triglyceride, trimethylsiloxysilicate/dimethiconol crosspolymer, mica, octadecene, dimethicone/vinyl dimethicone crosspolymer, pentaerythrityl tetra-di-t-butyl hydroxyhydrocinnamate, tocopheryl acetate, panthenol, tin oxide, chamomilla recutita (matricaria) flower extract, isoceteth-10, ultramarines (ci 77007), ferric ferrocyanide (ci 77510), iron oxides (ci 77491, ci 77492, ci 77499), titanium dioxide (ci 77891), carmine (ci 75470).



olive dimethicone, synthetic wax, mica, silica, stearyl dimethicone, caprylic/capric triglyceride, trimethylsiloxysilicate/dimethiconol crosspolymer, octadecene, dimethicone/vinyl dimethicone crosspolymer, pentaerythrityl tetra- di-t-butyl hydroxyhydrocinnamate, tocopheryl acetate, panthenol, chamomilla recutita (matricaria) flower extract, isoceteth-10, iron oxides (ci 77491, ci 77499), titanium dioxide (ci 77891), ferric ferrocyanide (ci 77510).

fig dimethicone, synthetic wax, mica, silica, stearyl dimethicone, caprylic/capric triglyceride, trimethylsiloxysilicate/dimethiconol crosspolymer, octadecene, dimethicone/vinyl dimethicone crosspolymer, pentaerythrityl tetra- di-t-butyl hydroxyhydrocinnamate, tocopheryl acetate, panthenol, chamomilla recutita (matricaria) flower extract, isoceteth-10. may contain / peut contenir / (+/-) : manganese violet (ci 77742), ultramarines (ci 77007), carmine (ci 75470), iron oxides (ci 77491, ci 77492, ci 77499), titanium dioxide (ci 77891), ferric ferrocyanide (ci 77510).

night flash dimethicone, calcium sodium borosilicate, synthetic wax, silica, stearyl dimethicone, caprylic/capric triglyceride, synthetic fluorphlogopite, trimethylsiloxysilicate/dimethiconol crosspolymer, mica, octadecene, dimethicone/vinyl dimethicone crosspolymer, pentaerythrityl tetra-di-t-butyl hydroxyhydrocinnamate, tocopheryl acetate, tin oxide, panthenol, chamomilla recutita (matricaria) flower extract, isoceteth-10, iron oxides (ci 77499), titanium dioxide (ci 77891).

gold lame dimethicone, mica, synthetic wax, synthetic fluorphlogopite, silica, stearyl dimethicone, caprylic/capric triglyceride, trimethylsiloxysilicate/dimethiconol crosspolymer, octadecene, dimethicone/vinyl dimethicone crosspolymer, panthenol, chamomilla recutita (matricaria) flower extract, pentaerythrityl tetra-di-t-butyl hydroxyhydrocinnamate, tocopheryl acetate, isoceteth-10, bronze powder (ci 77400), iron oxides (ci 77491, ci 77499), aluminum powder (ci 77000).

sequin green dimethicone, synthetic wax, silica, mica, calcium sodium borosilicate, stearyl dimethicone, caprylic/capric triglyceride, trimethylsiloxysilicate/dimethiconol crosspolymer, octadecene, dimethicone/vinyl dimethicone crosspolymer, panthenol, chamomilla recutita (matricaria) flower extract, pentaerythrityl tetra-di-t-butyl hydroxyhydrocinnamate, tocopheryl acetate, tin oxide, isoceteth-10, iron oxides (ci 77491, ci 77492, ci 77499), titanium dioxide (ci 77891).

copper dimethicone, synthetic wax, mica, silica, stearyl dimethicone, caprylic/capric triglyceride, trimethylsiloxysilicate/dimethiconol crosspolymer, octadecene, dimethicone/vinyl dimethicone crosspolymer, pentaerythrityl tetra- di-t-butyl hydroxyhydrocinnamate, tocopheryl acetate, panthenol, chamomilla recutita (matricaria) flower extract, isoceteth-10. may contain / peut contenir / (+/-) : manganese violet (ci 77742), ultramarines (ci 77007), carmine (ci 75470), iron oxides (ci 77491, ci 77492, ci 77499), titanium dioxide (ci 77891), ferric ferrocyanide (ci 77510).

smoky quartz dimethicone, synthetic wax, silica, mica, stearyl dimethicone, caprylic/capric triglyceride, calcium sodium borosilicate, trimethylsiloxysilicate/dimethiconol crosspolymer, octadecene, dimethicone/vinyl dimethicone crosspolymer, pentaerythrityl tetra-di-t-butyl hydroxyhydrocinnamate, tocopheryl acetate, panthenol, tin oxide, chamomilla recutita (matricaria) flower extract, isoceteth-10, iron oxides (ci 77491, ci 77492, ci 77499), titanium dioxide (ci 77891)



surfside ingredients / ingrédients : dimethicone, mica, synthetic wax, silica, stearyl dimethicone, caprylic/capric triglyceride, trimethylsiloxysilicate/dimethiconol crosspolymer, octadecene, dimethicone/vinyl dimethicone crosspolymer, pentaerythrityl tetra-di-t-butyl hydroxyhydrocinnamate, tocopheryl acetate, panthenol, chamomilla recutita (matricaria) flower extract, isoceteth-10, chromium oxide greens (ci 77288), ferric ammonium ferrocyanide (ci 77510), iron oxides (ci 77499), titanium dioxide (ci 77891).

cinnamon ingredients / ingrédients : dimethicone, synthetic wax, silica, stearyl dimethicone, caprylic/capric triglyceride, mica, trimethylsiloxy silicate/dimethiconol crosspolymer, octadecene, dimethicone/vinyl dimethicone crosspolymer, pentaerythrityl tetra-di-t-butyl hydroxyhydrocinnamate, tocopheryl acetate, panthenol, chamomilla recutita (matricaria) flower extract, isoceteth-10, iron oxides (ci 77491, ci 77492, ci 77499), aluminum powder (ci 77000), titanium dioxide (ci 77891).

seafoam ingredients / ingrédients : dimethicone, synthetic wax, silica, stearyl dimethicone, caprylic/capric triglyceride, trimethylsiloxysilicate/dimethiconol crosspolymer, mica, octadecene, dimethicone/vinyl dimethicone crosspolymer, pentaerythrityl tetra-di-t-butyl hydroxyhydrocinnamate, tocopheryl acetate, panthenol, chamomilla recutita (matricaria) flower extract, isoceteth-10, titanium dioxide (ci77891), blue 1 lake (ci 42090), iron oxides (ci 77492, ci 77499).

orchid ingredients / ingrédients : dimethicone, synthetic wax, silica, stearyl dimethicone, caprylic/capric triglyceride, trimethylsiloxysilicate/dimethiconol crosspolymer, mica, octadecene, dimethicone/vinyl dimethicone crosspolymer, pentaerythrityl tetra-di-t-butyl hydroxyhydrocinnamate, tocopheryl acetate, panthenol, chamomilla recutita (matricaria) flower extract, isoceteth-10, titanium dioxide (ci77891), blue 1 lake (ci 42090), iron oxides (ci 77492, ci 77499).

ash dimethicone, synthetic wax, mica, silica, stearyl dimethicone, caprylic/capric triglyceride, trimethylsiloxysilicate/dimethiconol crosspolymer, octadecene, dimethicone/vinyl dimethicone crosspolymer, pentaerythrityl tetra-di-t-butyl hydroxyhydrocinnamate, tocopheryl acetate, panthenol, chamomilla recutita (matricaria) flower extract, isoceteth-10, iron oxides (ci 77499, ci 77492, ci 77491), titanium dioxide (ci 77891)

terracotta dimethicone, synthetic wax, silica, stearyl dimethicone, caprylic/capric triglyceride, mica, trimethylsiloxysilicate/dimethiconol crosspolymer, octadecene, dimethicone/vinyl dimethicone crosspolymer, pentaerythrityl tetra-di-t-butyl hydroxyhydrocinnamate, tocopheryl acetate, panthenol, chamomilla recutita (matricaria) flower extract, isoceteth-10, iron oxides (ci 77491, ci 77492, ci 77499), titanium dioxide (ci 77891), yellow 5 lake (ci 19140)

this list of ingredients is subject to change; please refer to the packaging of the purchased product.",'4.4,26
Make Up,Eyes,'14858136289660,'54822984352124,Victoria Beckham Beauty,Satin Kajal Liner,https://ohmycream.co.uk/collections/make-up-eye/products/victoria-beckham-beauty-satin-kajal-liner?variant=54822984352124,https://cdn.shopify.com/s/files/1/0555/4071/1596/files/2024_12_VictoriaBeckhamBeauty_EyelinerKajalSatinCocoa_Packshot.jpg?v=1748854843,"Complete list of ingredients

bronze dimethicone, synthetic wax, silica, mica, stearyl dimethicone, caprylic/capric triglyceride, trimethylsiloxysilicate/dimethiconol crosspolymer, octadecene, dimethicone/vinyl dimethicone crosspolymer, pentaerythrityl tetra- di-t-butyl hydroxyhydrocinnamate, tocopheryl acetate, panthenol, chamomilla recutita (matricaria) flower extract, isoceteth-10, bronze powder (ci 77400), iron oxides (ci 77491, ci 77492, ci 77499), titanium dioxide (ci 77891)

black dimethicone, synthetic wax, silica, stearyl dimethicone, caprylic/capric triglyceride, mica, trimethylsiloxysilicate/dimethiconol crosspolymer, octadecene, dimethicone/vinyl dimethicone crosspolymer, pentaerythrityl tetra- di-t-butyl hydroxyhydrocinnamate, tocopheryl acetate, panthenol, chamomilla recutita (matricaria) flower extract, isoceteth-10, iron oxides (ci 77491, ci 77492, ci 77499), ferric ferrocyanide (ci 77510)

bordeaux dimethicone, synthetic wax, silica, stearyl dimethicone, caprylic/capric triglyceride, mica, trimethylsiloxysilicate/dimethiconol crosspolymer, octadecene, dimethicone/vinyl dimethicone crosspolymer, pentaerythrityl tetra- di-t-butyl hydroxyhydrocinnamate, tocopheryl acetate, panthenol, chamomilla recutita (matricaria) flower extract, isoceteth-10, carmine (ci 75470), iron oxides (ci 77491, ci 77492, ci 77499), titanium dioxide (ci 77891), blue 1 lake (ci 42090)

cocoa dimethicone, synthetic wax, silica, stearyl dimethicone, caprylic/capric triglyceride, trimethylsiloxysilicate/dimethiconol crosspolymer, mica, octadecene, dimethicone/vinyl dimethicone crosspolymer, pentaerythrityl tetra-di-t-butyl hydroxyhydrocinnamate, tocopheryl acetate, panthenol, chamomilla recutita (matricaria) flower extract, isoceteth-10, iron oxides (ci 77491, ci 77492, ci 77499)

navy noir dimethicone, synthetic wax, silica, stearyl dimethicone, caprylic/capric triglyceride, trimethylsiloxysilicate/dimethiconol crosspolymer, mica, octadecene, dimethicone/vinyl dimethicone crosspolymer, pentaerythrityl tetra-di-t-butyl hydroxyhydrocinnamate, tocopheryl acetate, panthenol, tin oxide, chamomilla recutita (matricaria) flower extract, isoceteth-10, ultramarines (ci 77007), ferric ferrocyanide (ci 77510), iron oxides (ci 77491, ci 77492, ci 77499), titanium dioxide (ci 77891), carmine (ci 75470).



olive dimethicone, synthetic wax, mica, silica, stearyl dimethicone, caprylic/capric triglyceride, trimethylsiloxysilicate/dimethiconol crosspolymer, octadecene, dimethicone/vinyl dimethicone crosspolymer, pentaerythrityl tetra- di-t-butyl hydroxyhydrocinnamate, tocopheryl acetate, panthenol, chamomilla recutita (matricaria) flower extract, isoceteth-10, iron oxides (ci 77491, ci 77499), titanium dioxide (ci 77891), ferric ferrocyanide (ci 77510).

fig dimethicone, synthetic wax, mica, silica, stearyl dimethicone, caprylic/capric triglyceride, trimethylsiloxysilicate/dimethiconol crosspolymer, octadecene, dimethicone/vinyl dimethicone crosspolymer, pentaerythrityl tetra- di-t-butyl hydroxyhydrocinnamate, tocopheryl acetate, panthenol, chamomilla recutita (matricaria) flower extract, isoceteth-10. may contain / peut contenir / (+/-) : manganese violet (ci 77742), ultramarines (ci 77007), carmine (ci 75470), iron oxides (ci 77491, ci 77492, ci 77499), titanium dioxide (ci 77891), ferric ferrocyanide (ci 77510).

night flash dimethicone, calcium sodium borosilicate, synthetic wax, silica, stearyl dimethicone, caprylic/capric triglyceride, synthetic fluorphlogopite, trimethylsiloxysilicate/dimethiconol crosspolymer, mica, octadecene, dimethicone/vinyl dimethicone crosspolymer, pentaerythrityl tetra-di-t-butyl hydroxyhydrocinnamate, tocopheryl acetate, tin oxide, panthenol, chamomilla recutita (matricaria) flower extract, isoceteth-10, iron oxides (ci 77499), titanium dioxide (ci 77891).

gold lame dimethicone, mica, synthetic wax, synthetic fluorphlogopite, silica, stearyl dimethicone, caprylic/capric triglyceride, trimethylsiloxysilicate/dimethiconol crosspolymer, octadecene, dimethicone/vinyl dimethicone crosspolymer, panthenol, chamomilla recutita (matricaria) flower extract, pentaerythrityl tetra-di-t-butyl hydroxyhydrocinnamate, tocopheryl acetate, isoceteth-10, bronze powder (ci 77400), iron oxides (ci 77491, ci 77499), aluminum powder (ci 77000).

sequin green dimethicone, synthetic wax, silica, mica, calcium sodium borosilicate, stearyl dimethicone, caprylic/capric triglyceride, trimethylsiloxysilicate/dimethiconol crosspolymer, octadecene, dimethicone/vinyl dimethicone crosspolymer, panthenol, chamomilla recutita (matricaria) flower extract, pentaerythrityl tetra-di-t-butyl hydroxyhydrocinnamate, tocopheryl acetate, tin oxide, isoceteth-10, iron oxides (ci 77491, ci 77492, ci 77499), titanium dioxide (ci 77891).

copper dimethicone, synthetic wax, mica, silica, stearyl dimethicone, caprylic/capric triglyceride, trimethylsiloxysilicate/dimethiconol crosspolymer, octadecene, dimethicone/vinyl dimethicone crosspolymer, pentaerythrityl tetra- di-t-butyl hydroxyhydrocinnamate, tocopheryl acetate, panthenol, chamomilla recutita (matricaria) flower extract, isoceteth-10. may contain / peut contenir / (+/-) : manganese violet (ci 77742), ultramarines (ci 77007), carmine (ci 75470), iron oxides (ci 77491, ci 77492, ci 77499), titanium dioxide (ci 77891), ferric ferrocyanide (ci 77510).

smoky quartz dimethicone, synthetic wax, silica, mica, stearyl dimethicone, caprylic/capric triglyceride, calcium sodium borosilicate, trimethylsiloxysilicate/dimethiconol crosspolymer, octadecene, dimethicone/vinyl dimethicone crosspolymer, pentaerythrityl tetra-di-t-butyl hydroxyhydrocinnamate, tocopheryl acetate, panthenol, tin oxide, chamomilla recutita (matricaria) flower extract, isoceteth-10, iron oxides (ci 77491, ci 77492, ci 77499), titanium dioxide (ci 77891)



surfside ingredients / ingrédients : dimethicone, mica, synthetic wax, silica, stearyl dimethicone, caprylic/capric triglyceride, trimethylsiloxysilicate/dimethiconol crosspolymer, octadecene, dimethicone/vinyl dimethicone crosspolymer, pentaerythrityl tetra-di-t-butyl hydroxyhydrocinnamate, tocopheryl acetate, panthenol, chamomilla recutita (matricaria) flower extract, isoceteth-10, chromium oxide greens (ci 77288), ferric ammonium ferrocyanide (ci 77510), iron oxides (ci 77499), titanium dioxide (ci 77891).

cinnamon ingredients / ingrédients : dimethicone, synthetic wax, silica, stearyl dimethicone, caprylic/capric triglyceride, mica, trimethylsiloxy silicate/dimethiconol crosspolymer, octadecene, dimethicone/vinyl dimethicone crosspolymer, pentaerythrityl tetra-di-t-butyl hydroxyhydrocinnamate, tocopheryl acetate, panthenol, chamomilla recutita (matricaria) flower extract, isoceteth-10, iron oxides (ci 77491, ci 77492, ci 77499), aluminum powder (ci 77000), titanium dioxide (ci 77891).

seafoam ingredients / ingrédients : dimethicone, synthetic wax, silica, stearyl dimethicone, caprylic/capric triglyceride, trimethylsiloxysilicate/dimethiconol crosspolymer, mica, octadecene, dimethicone/vinyl dimethicone crosspolymer, pentaerythrityl tetra-di-t-butyl hydroxyhydrocinnamate, tocopheryl acetate, panthenol, chamomilla recutita (matricaria) flower extract, isoceteth-10, titanium dioxide (ci77891), blue 1 lake (ci 42090), iron oxides (ci 77492, ci 77499).

orchid ingredients / ingrédients : dimethicone, synthetic wax, silica, stearyl dimethicone, caprylic/capric triglyceride, trimethylsiloxysilicate/dimethiconol crosspolymer, mica, octadecene, dimethicone/vinyl dimethicone crosspolymer, pentaerythrityl tetra-di-t-butyl hydroxyhydrocinnamate, tocopheryl acetate, panthenol, chamomilla recutita (matricaria) flower extract, isoceteth-10, titanium dioxide (ci77891), blue 1 lake (ci 42090), iron oxides (ci 77492, ci 77499).

ash dimethicone, synthetic wax, mica, silica, stearyl dimethicone, caprylic/capric triglyceride, trimethylsiloxysilicate/dimethiconol crosspolymer, octadecene, dimethicone/vinyl dimethicone crosspolymer, pentaerythrityl tetra-di-t-butyl hydroxyhydrocinnamate, tocopheryl acetate, panthenol, chamomilla recutita (matricaria) flower extract, isoceteth-10, iron oxides (ci 77499, ci 77492, ci 77491), titanium dioxide (ci 77891)

terracotta dimethicone, synthetic wax, silica, stearyl dimethicone, caprylic/capric triglyceride, mica, trimethylsiloxysilicate/dimethiconol crosspolymer, octadecene, dimethicone/vinyl dimethicone crosspolymer, pentaerythrityl tetra-di-t-butyl hydroxyhydrocinnamate, tocopheryl acetate, panthenol, chamomilla recutita (matricaria) flower extract, isoceteth-10, iron oxides (ci 77491, ci 77492, ci 77499), titanium dioxide (ci 77891), yellow 5 lake (ci 19140)

this list of ingredients is subject to change; please refer to the packaging of the purchased product.",'4.4,26
Make Up,Eyes,'14858136289660,'54822984450428,Victoria Beckham Beauty,Satin Kajal Liner,https://ohmycream.co.uk/collections/make-up-eye/products/victoria-beckham-beauty-satin-kajal-liner?variant=54822984450428,https://cdn.shopify.com/s/files/1/0555/4071/1596/files/2024_12_VictoriaBeckhamBeauty_EyelinerKajalSatinBlack_Packshot.jpg?v=1749129902,"Complete list of ingredients

bronze dimethicone, synthetic wax, silica, mica, stearyl dimethicone, caprylic/capric triglyceride, trimethylsiloxysilicate/dimethiconol crosspolymer, octadecene, dimethicone/vinyl dimethicone crosspolymer, pentaerythrityl tetra- di-t-butyl hydroxyhydrocinnamate, tocopheryl acetate, panthenol, chamomilla recutita (matricaria) flower extract, isoceteth-10, bronze powder (ci 77400), iron oxides (ci 77491, ci 77492, ci 77499), titanium dioxide (ci 77891)

black dimethicone, synthetic wax, silica, stearyl dimethicone, caprylic/capric triglyceride, mica, trimethylsiloxysilicate/dimethiconol crosspolymer, octadecene, dimethicone/vinyl dimethicone crosspolymer, pentaerythrityl tetra- di-t-butyl hydroxyhydrocinnamate, tocopheryl acetate, panthenol, chamomilla recutita (matricaria) flower extract, isoceteth-10, iron oxides (ci 77491, ci 77492, ci 77499), ferric ferrocyanide (ci 77510)

bordeaux dimethicone, synthetic wax, silica, stearyl dimethicone, caprylic/capric triglyceride, mica, trimethylsiloxysilicate/dimethiconol crosspolymer, octadecene, dimethicone/vinyl dimethicone crosspolymer, pentaerythrityl tetra- di-t-butyl hydroxyhydrocinnamate, tocopheryl acetate, panthenol, chamomilla recutita (matricaria) flower extract, isoceteth-10, carmine (ci 75470), iron oxides (ci 77491, ci 77492, ci 77499), titanium dioxide (ci 77891), blue 1 lake (ci 42090)

cocoa dimethicone, synthetic wax, silica, stearyl dimethicone, caprylic/capric triglyceride, trimethylsiloxysilicate/dimethiconol crosspolymer, mica, octadecene, dimethicone/vinyl dimethicone crosspolymer, pentaerythrityl tetra-di-t-butyl hydroxyhydrocinnamate, tocopheryl acetate, panthenol, chamomilla recutita (matricaria) flower extract, isoceteth-10, iron oxides (ci 77491, ci 77492, ci 77499)

navy noir dimethicone, synthetic wax, silica, stearyl dimethicone, caprylic/capric triglyceride, trimethylsiloxysilicate/dimethiconol crosspolymer, mica, octadecene, dimethicone/vinyl dimethicone crosspolymer, pentaerythrityl tetra-di-t-butyl hydroxyhydrocinnamate, tocopheryl acetate, panthenol, tin oxide, chamomilla recutita (matricaria) flower extract, isoceteth-10, ultramarines (ci 77007), ferric ferrocyanide (ci 77510), iron oxides (ci 77491, ci 77492, ci 77499), titanium dioxide (ci 77891), carmine (ci 75470).



olive dimethicone, synthetic wax, mica, silica, stearyl dimethicone, caprylic/capric triglyceride, trimethylsiloxysilicate/dimethiconol crosspolymer, octadecene, dimethicone/vinyl dimethicone crosspolymer, pentaerythrityl tetra- di-t-butyl hydroxyhydrocinnamate, tocopheryl acetate, panthenol, chamomilla recutita (matricaria) flower extract, isoceteth-10, iron oxides (ci 77491, ci 77499), titanium dioxide (ci 77891), ferric ferrocyanide (ci 77510).

fig dimethicone, synthetic wax, mica, silica, stearyl dimethicone, caprylic/capric triglyceride, trimethylsiloxysilicate/dimethiconol crosspolymer, octadecene, dimethicone/vinyl dimethicone crosspolymer, pentaerythrityl tetra- di-t-butyl hydroxyhydrocinnamate, tocopheryl acetate, panthenol, chamomilla recutita (matricaria) flower extract, isoceteth-10. may contain / peut contenir / (+/-) : manganese violet (ci 77742), ultramarines (ci 77007), carmine (ci 75470), iron oxides (ci 77491, ci 77492, ci 77499), titanium dioxide (ci 77891), ferric ferrocyanide (ci 77510).

night flash dimethicone, calcium sodium borosilicate, synthetic wax, silica, stearyl dimethicone, caprylic/capric triglyceride, synthetic fluorphlogopite, trimethylsiloxysilicate/dimethiconol crosspolymer, mica, octadecene, dimethicone/vinyl dimethicone crosspolymer, pentaerythrityl tetra-di-t-butyl hydroxyhydrocinnamate, tocopheryl acetate, tin oxide, panthenol, chamomilla recutita (matricaria) flower extract, isoceteth-10, iron oxides (ci 77499), titanium dioxide (ci 77891).

gold lame dimethicone, mica, synthetic wax, synthetic fluorphlogopite, silica, stearyl dimethicone, caprylic/capric triglyceride, trimethylsiloxysilicate/dimethiconol crosspolymer, octadecene, dimethicone/vinyl dimethicone crosspolymer, panthenol, chamomilla recutita (matricaria) flower extract, pentaerythrityl tetra-di-t-butyl hydroxyhydrocinnamate, tocopheryl acetate, isoceteth-10, bronze powder (ci 77400), iron oxides (ci 77491, ci 77499), aluminum powder (ci 77000).

sequin green dimethicone, synthetic wax, silica, mica, calcium sodium borosilicate, stearyl dimethicone, caprylic/capric triglyceride, trimethylsiloxysilicate/dimethiconol crosspolymer, octadecene, dimethicone/vinyl dimethicone crosspolymer, panthenol, chamomilla recutita (matricaria) flower extract, pentaerythrityl tetra-di-t-butyl hydroxyhydrocinnamate, tocopheryl acetate, tin oxide, isoceteth-10, iron oxides (ci 77491, ci 77492, ci 77499), titanium dioxide (ci 77891).

copper dimethicone, synthetic wax, mica, silica, stearyl dimethicone, caprylic/capric triglyceride, trimethylsiloxysilicate/dimethiconol crosspolymer, octadecene, dimethicone/vinyl dimethicone crosspolymer, pentaerythrityl tetra- di-t-butyl hydroxyhydrocinnamate, tocopheryl acetate, panthenol, chamomilla recutita (matricaria) flower extract, isoceteth-10. may contain / peut contenir / (+/-) : manganese violet (ci 77742), ultramarines (ci 77007), carmine (ci 75470), iron oxides (ci 77491, ci 77492, ci 77499), titanium dioxide (ci 77891), ferric ferrocyanide (ci 77510).

smoky quartz dimethicone, synthetic wax, silica, mica, stearyl dimethicone, caprylic/capric triglyceride, calcium sodium borosilicate, trimethylsiloxysilicate/dimethiconol crosspolymer, octadecene, dimethicone/vinyl dimethicone crosspolymer, pentaerythrityl tetra-di-t-butyl hydroxyhydrocinnamate, tocopheryl acetate, panthenol, tin oxide, chamomilla recutita (matricaria) flower extract, isoceteth-10, iron oxides (ci 77491, ci 77492, ci 77499), titanium dioxide (ci 77891)



surfside ingredients / ingrédients : dimethicone, mica, synthetic wax, silica, stearyl dimethicone, caprylic/capric triglyceride, trimethylsiloxysilicate/dimethiconol crosspolymer, octadecene, dimethicone/vinyl dimethicone crosspolymer, pentaerythrityl tetra-di-t-butyl hydroxyhydrocinnamate, tocopheryl acetate, panthenol, chamomilla recutita (matricaria) flower extract, isoceteth-10, chromium oxide greens (ci 77288), ferric ammonium ferrocyanide (ci 77510), iron oxides (ci 77499), titanium dioxide (ci 77891).

cinnamon ingredients / ingrédients : dimethicone, synthetic wax, silica, stearyl dimethicone, caprylic/capric triglyceride, mica, trimethylsiloxy silicate/dimethiconol crosspolymer, octadecene, dimethicone/vinyl dimethicone crosspolymer, pentaerythrityl tetra-di-t-butyl hydroxyhydrocinnamate, tocopheryl acetate, panthenol, chamomilla recutita (matricaria) flower extract, isoceteth-10, iron oxides (ci 77491, ci 77492, ci 77499), aluminum powder (ci 77000), titanium dioxide (ci 77891).

seafoam ingredients / ingrédients : dimethicone, synthetic wax, silica, stearyl dimethicone, caprylic/capric triglyceride, trimethylsiloxysilicate/dimethiconol crosspolymer, mica, octadecene, dimethicone/vinyl dimethicone crosspolymer, pentaerythrityl tetra-di-t-butyl hydroxyhydrocinnamate, tocopheryl acetate, panthenol, chamomilla recutita (matricaria) flower extract, isoceteth-10, titanium dioxide (ci77891), blue 1 lake (ci 42090), iron oxides (ci 77492, ci 77499).

orchid ingredients / ingrédients : dimethicone, synthetic wax, silica, stearyl dimethicone, caprylic/capric triglyceride, trimethylsiloxysilicate/dimethiconol crosspolymer, mica, octadecene, dimethicone/vinyl dimethicone crosspolymer, pentaerythrityl tetra-di-t-butyl hydroxyhydrocinnamate, tocopheryl acetate, panthenol, chamomilla recutita (matricaria) flower extract, isoceteth-10, titanium dioxide (ci77891), blue 1 lake (ci 42090), iron oxides (ci 77492, ci 77499).

ash dimethicone, synthetic wax, mica, silica, stearyl dimethicone, caprylic/capric triglyceride, trimethylsiloxysilicate/dimethiconol crosspolymer, octadecene, dimethicone/vinyl dimethicone crosspolymer, pentaerythrityl tetra-di-t-butyl hydroxyhydrocinnamate, tocopheryl acetate, panthenol, chamomilla recutita (matricaria) flower extract, isoceteth-10, iron oxides (ci 77499, ci 77492, ci 77491), titanium dioxide (ci 77891)

terracotta dimethicone, synthetic wax, silica, stearyl dimethicone, caprylic/capric triglyceride, mica, trimethylsiloxysilicate/dimethiconol crosspolymer, octadecene, dimethicone/vinyl dimethicone crosspolymer, pentaerythrityl tetra-di-t-butyl hydroxyhydrocinnamate, tocopheryl acetate, panthenol, chamomilla recutita (matricaria) flower extract, isoceteth-10, iron oxides (ci 77491, ci 77492, ci 77499), titanium dioxide (ci 77891), yellow 5 lake (ci 19140)

this list of ingredients is subject to change; please refer to the packaging of the purchased product.",'4.4,26
Make Up,Eyes,'14858136289660,'54822984122748,Victoria Beckham Beauty,Satin Kajal Liner,https://ohmycream.co.uk/collections/make-up-eye/products/victoria-beckham-beauty-satin-kajal-liner?variant=54822984122748,https://cdn.shopify.com/s/files/1/0555/4071/1596/files/2024_12_VictoriaBeckhamBeauty_EyelinerKajalSatinBordeaux_Packshot.jpg?v=1749129902,"Complete list of ingredients

bronze dimethicone, synthetic wax, silica, mica, stearyl dimethicone, caprylic/capric triglyceride, trimethylsiloxysilicate/dimethiconol crosspolymer, octadecene, dimethicone/vinyl dimethicone crosspolymer, pentaerythrityl tetra- di-t-butyl hydroxyhydrocinnamate, tocopheryl acetate, panthenol, chamomilla recutita (matricaria) flower extract, isoceteth-10, bronze powder (ci 77400), iron oxides (ci 77491, ci 77492, ci 77499), titanium dioxide (ci 77891)

black dimethicone, synthetic wax, silica, stearyl dimethicone, caprylic/capric triglyceride, mica, trimethylsiloxysilicate/dimethiconol crosspolymer, octadecene, dimethicone/vinyl dimethicone crosspolymer, pentaerythrityl tetra- di-t-butyl hydroxyhydrocinnamate, tocopheryl acetate, panthenol, chamomilla recutita (matricaria) flower extract, isoceteth-10, iron oxides (ci 77491, ci 77492, ci 77499), ferric ferrocyanide (ci 77510)

bordeaux dimethicone, synthetic wax, silica, stearyl dimethicone, caprylic/capric triglyceride, mica, trimethylsiloxysilicate/dimethiconol crosspolymer, octadecene, dimethicone/vinyl dimethicone crosspolymer, pentaerythrityl tetra- di-t-butyl hydroxyhydrocinnamate, tocopheryl acetate, panthenol, chamomilla recutita (matricaria) flower extract, isoceteth-10, carmine (ci 75470), iron oxides (ci 77491, ci 77492, ci 77499), titanium dioxide (ci 77891), blue 1 lake (ci 42090)

cocoa dimethicone, synthetic wax, silica, stearyl dimethicone, caprylic/capric triglyceride, trimethylsiloxysilicate/dimethiconol crosspolymer, mica, octadecene, dimethicone/vinyl dimethicone crosspolymer, pentaerythrityl tetra-di-t-butyl hydroxyhydrocinnamate, tocopheryl acetate, panthenol, chamomilla recutita (matricaria) flower extract, isoceteth-10, iron oxides (ci 77491, ci 77492, ci 77499)

navy noir dimethicone, synthetic wax, silica, stearyl dimethicone, caprylic/capric triglyceride, trimethylsiloxysilicate/dimethiconol crosspolymer, mica, octadecene, dimethicone/vinyl dimethicone crosspolymer, pentaerythrityl tetra-di-t-butyl hydroxyhydrocinnamate, tocopheryl acetate, panthenol, tin oxide, chamomilla recutita (matricaria) flower extract, isoceteth-10, ultramarines (ci 77007), ferric ferrocyanide (ci 77510), iron oxides (ci 77491, ci 77492, ci 77499), titanium dioxide (ci 77891), carmine (ci 75470).



olive dimethicone, synthetic wax, mica, silica, stearyl dimethicone, caprylic/capric triglyceride, trimethylsiloxysilicate/dimethiconol crosspolymer, octadecene, dimethicone/vinyl dimethicone crosspolymer, pentaerythrityl tetra- di-t-butyl hydroxyhydrocinnamate, tocopheryl acetate, panthenol, chamomilla recutita (matricaria) flower extract, isoceteth-10, iron oxides (ci 77491, ci 77499), titanium dioxide (ci 77891), ferric ferrocyanide (ci 77510).

fig dimethicone, synthetic wax, mica, silica, stearyl dimethicone, caprylic/capric triglyceride, trimethylsiloxysilicate/dimethiconol crosspolymer, octadecene, dimethicone/vinyl dimethicone crosspolymer, pentaerythrityl tetra- di-t-butyl hydroxyhydrocinnamate, tocopheryl acetate, panthenol, chamomilla recutita (matricaria) flower extract, isoceteth-10. may contain / peut contenir / (+/-) : manganese violet (ci 77742), ultramarines (ci 77007), carmine (ci 75470), iron oxides (ci 77491, ci 77492, ci 77499), titanium dioxide (ci 77891), ferric ferrocyanide (ci 77510).

night flash dimethicone, calcium sodium borosilicate, synthetic wax, silica, stearyl dimethicone, caprylic/capric triglyceride, synthetic fluorphlogopite, trimethylsiloxysilicate/dimethiconol crosspolymer, mica, octadecene, dimethicone/vinyl dimethicone crosspolymer, pentaerythrityl tetra-di-t-butyl hydroxyhydrocinnamate, tocopheryl acetate, tin oxide, panthenol, chamomilla recutita (matricaria) flower extract, isoceteth-10, iron oxides (ci 77499), titanium dioxide (ci 77891).

gold lame dimethicone, mica, synthetic wax, synthetic fluorphlogopite, silica, stearyl dimethicone, caprylic/capric triglyceride, trimethylsiloxysilicate/dimethiconol crosspolymer, octadecene, dimethicone/vinyl dimethicone crosspolymer, panthenol, chamomilla recutita (matricaria) flower extract, pentaerythrityl tetra-di-t-butyl hydroxyhydrocinnamate, tocopheryl acetate, isoceteth-10, bronze powder (ci 77400), iron oxides (ci 77491, ci 77499), aluminum powder (ci 77000).

sequin green dimethicone, synthetic wax, silica, mica, calcium sodium borosilicate, stearyl dimethicone, caprylic/capric triglyceride, trimethylsiloxysilicate/dimethiconol crosspolymer, octadecene, dimethicone/vinyl dimethicone crosspolymer, panthenol, chamomilla recutita (matricaria) flower extract, pentaerythrityl tetra-di-t-butyl hydroxyhydrocinnamate, tocopheryl acetate, tin oxide, isoceteth-10, iron oxides (ci 77491, ci 77492, ci 77499), titanium dioxide (ci 77891).

copper dimethicone, synthetic wax, mica, silica, stearyl dimethicone, caprylic/capric triglyceride, trimethylsiloxysilicate/dimethiconol crosspolymer, octadecene, dimethicone/vinyl dimethicone crosspolymer, pentaerythrityl tetra- di-t-butyl hydroxyhydrocinnamate, tocopheryl acetate, panthenol, chamomilla recutita (matricaria) flower extract, isoceteth-10. may contain / peut contenir / (+/-) : manganese violet (ci 77742), ultramarines (ci 77007), carmine (ci 75470), iron oxides (ci 77491, ci 77492, ci 77499), titanium dioxide (ci 77891), ferric ferrocyanide (ci 77510).

smoky quartz dimethicone, synthetic wax, silica, mica, stearyl dimethicone, caprylic/capric triglyceride, calcium sodium borosilicate, trimethylsiloxysilicate/dimethiconol crosspolymer, octadecene, dimethicone/vinyl dimethicone crosspolymer, pentaerythrityl tetra-di-t-butyl hydroxyhydrocinnamate, tocopheryl acetate, panthenol, tin oxide, chamomilla recutita (matricaria) flower extract, isoceteth-10, iron oxides (ci 77491, ci 77492, ci 77499), titanium dioxide (ci 77891)



surfside ingredients / ingrédients : dimethicone, mica, synthetic wax, silica, stearyl dimethicone, caprylic/capric triglyceride, trimethylsiloxysilicate/dimethiconol crosspolymer, octadecene, dimethicone/vinyl dimethicone crosspolymer, pentaerythrityl tetra-di-t-butyl hydroxyhydrocinnamate, tocopheryl acetate, panthenol, chamomilla recutita (matricaria) flower extract, isoceteth-10, chromium oxide greens (ci 77288), ferric ammonium ferrocyanide (ci 77510), iron oxides (ci 77499), titanium dioxide (ci 77891).

cinnamon ingredients / ingrédients : dimethicone, synthetic wax, silica, stearyl dimethicone, caprylic/capric triglyceride, mica, trimethylsiloxy silicate/dimethiconol crosspolymer, octadecene, dimethicone/vinyl dimethicone crosspolymer, pentaerythrityl tetra-di-t-butyl hydroxyhydrocinnamate, tocopheryl acetate, panthenol, chamomilla recutita (matricaria) flower extract, isoceteth-10, iron oxides (ci 77491, ci 77492, ci 77499), aluminum powder (ci 77000), titanium dioxide (ci 77891).

seafoam ingredients / ingrédients : dimethicone, synthetic wax, silica, stearyl dimethicone, caprylic/capric triglyceride, trimethylsiloxysilicate/dimethiconol crosspolymer, mica, octadecene, dimethicone/vinyl dimethicone crosspolymer, pentaerythrityl tetra-di-t-butyl hydroxyhydrocinnamate, tocopheryl acetate, panthenol, chamomilla recutita (matricaria) flower extract, isoceteth-10, titanium dioxide (ci77891), blue 1 lake (ci 42090), iron oxides (ci 77492, ci 77499).

orchid ingredients / ingrédients : dimethicone, synthetic wax, silica, stearyl dimethicone, caprylic/capric triglyceride, trimethylsiloxysilicate/dimethiconol crosspolymer, mica, octadecene, dimethicone/vinyl dimethicone crosspolymer, pentaerythrityl tetra-di-t-butyl hydroxyhydrocinnamate, tocopheryl acetate, panthenol, chamomilla recutita (matricaria) flower extract, isoceteth-10, titanium dioxide (ci77891), blue 1 lake (ci 42090), iron oxides (ci 77492, ci 77499).

ash dimethicone, synthetic wax, mica, silica, stearyl dimethicone, caprylic/capric triglyceride, trimethylsiloxysilicate/dimethiconol crosspolymer, octadecene, dimethicone/vinyl dimethicone crosspolymer, pentaerythrityl tetra-di-t-butyl hydroxyhydrocinnamate, tocopheryl acetate, panthenol, chamomilla recutita (matricaria) flower extract, isoceteth-10, iron oxides (ci 77499, ci 77492, ci 77491), titanium dioxide (ci 77891)

terracotta dimethicone, synthetic wax, silica, stearyl dimethicone, caprylic/capric triglyceride, mica, trimethylsiloxysilicate/dimethiconol crosspolymer, octadecene, dimethicone/vinyl dimethicone crosspolymer, pentaerythrityl tetra-di-t-butyl hydroxyhydrocinnamate, tocopheryl acetate, panthenol, chamomilla recutita (matricaria) flower extract, isoceteth-10, iron oxides (ci 77491, ci 77492, ci 77499), titanium dioxide (ci 77891), yellow 5 lake (ci 19140)

this list of ingredients is subject to change; please refer to the packaging of the purchased product.",'4.4,26
Make Up,Eyes,'14858136289660,'54822984024444,Victoria Beckham Beauty,Satin Kajal Liner,https://ohmycream.co.uk/collections/make-up-eye/products/victoria-beckham-beauty-satin-kajal-liner?variant=54822984024444,https://cdn.shopify.com/s/files/1/0555/4071/1596/files/2024_12_VictoriaBeckhamBeauty_EyelinerKajalSatinNavyNoir_Packshot.jpg?v=1748854843,"Complete list of ingredients

bronze dimethicone, synthetic wax, silica, mica, stearyl dimethicone, caprylic/capric triglyceride, trimethylsiloxysilicate/dimethiconol crosspolymer, octadecene, dimethicone/vinyl dimethicone crosspolymer, pentaerythrityl tetra- di-t-butyl hydroxyhydrocinnamate, tocopheryl acetate, panthenol, chamomilla recutita (matricaria) flower extract, isoceteth-10, bronze powder (ci 77400), iron oxides (ci 77491, ci 77492, ci 77499), titanium dioxide (ci 77891)

black dimethicone, synthetic wax, silica, stearyl dimethicone, caprylic/capric triglyceride, mica, trimethylsiloxysilicate/dimethiconol crosspolymer, octadecene, dimethicone/vinyl dimethicone crosspolymer, pentaerythrityl tetra- di-t-butyl hydroxyhydrocinnamate, tocopheryl acetate, panthenol, chamomilla recutita (matricaria) flower extract, isoceteth-10, iron oxides (ci 77491, ci 77492, ci 77499), ferric ferrocyanide (ci 77510)

bordeaux dimethicone, synthetic wax, silica, stearyl dimethicone, caprylic/capric triglyceride, mica, trimethylsiloxysilicate/dimethiconol crosspolymer, octadecene, dimethicone/vinyl dimethicone crosspolymer, pentaerythrityl tetra- di-t-butyl hydroxyhydrocinnamate, tocopheryl acetate, panthenol, chamomilla recutita (matricaria) flower extract, isoceteth-10, carmine (ci 75470), iron oxides (ci 77491, ci 77492, ci 77499), titanium dioxide (ci 77891), blue 1 lake (ci 42090)

cocoa dimethicone, synthetic wax, silica, stearyl dimethicone, caprylic/capric triglyceride, trimethylsiloxysilicate/dimethiconol crosspolymer, mica, octadecene, dimethicone/vinyl dimethicone crosspolymer, pentaerythrityl tetra-di-t-butyl hydroxyhydrocinnamate, tocopheryl acetate, panthenol, chamomilla recutita (matricaria) flower extract, isoceteth-10, iron oxides (ci 77491, ci 77492, ci 77499)

navy noir dimethicone, synthetic wax, silica, stearyl dimethicone, caprylic/capric triglyceride, trimethylsiloxysilicate/dimethiconol crosspolymer, mica, octadecene, dimethicone/vinyl dimethicone crosspolymer, pentaerythrityl tetra-di-t-butyl hydroxyhydrocinnamate, tocopheryl acetate, panthenol, tin oxide, chamomilla recutita (matricaria) flower extract, isoceteth-10, ultramarines (ci 77007), ferric ferrocyanide (ci 77510), iron oxides (ci 77491, ci 77492, ci 77499), titanium dioxide (ci 77891), carmine (ci 75470).



olive dimethicone, synthetic wax, mica, silica, stearyl dimethicone, caprylic/capric triglyceride, trimethylsiloxysilicate/dimethiconol crosspolymer, octadecene, dimethicone/vinyl dimethicone crosspolymer, pentaerythrityl tetra- di-t-butyl hydroxyhydrocinnamate, tocopheryl acetate, panthenol, chamomilla recutita (matricaria) flower extract, isoceteth-10, iron oxides (ci 77491, ci 77499), titanium dioxide (ci 77891), ferric ferrocyanide (ci 77510).

fig dimethicone, synthetic wax, mica, silica, stearyl dimethicone, caprylic/capric triglyceride, trimethylsiloxysilicate/dimethiconol crosspolymer, octadecene, dimethicone/vinyl dimethicone crosspolymer, pentaerythrityl tetra- di-t-butyl hydroxyhydrocinnamate, tocopheryl acetate, panthenol, chamomilla recutita (matricaria) flower extract, isoceteth-10. may contain / peut contenir / (+/-) : manganese violet (ci 77742), ultramarines (ci 77007), carmine (ci 75470), iron oxides (ci 77491, ci 77492, ci 77499), titanium dioxide (ci 77891), ferric ferrocyanide (ci 77510).

night flash dimethicone, calcium sodium borosilicate, synthetic wax, silica, stearyl dimethicone, caprylic/capric triglyceride, synthetic fluorphlogopite, trimethylsiloxysilicate/dimethiconol crosspolymer, mica, octadecene, dimethicone/vinyl dimethicone crosspolymer, pentaerythrityl tetra-di-t-butyl hydroxyhydrocinnamate, tocopheryl acetate, tin oxide, panthenol, chamomilla recutita (matricaria) flower extract, isoceteth-10, iron oxides (ci 77499), titanium dioxide (ci 77891).

gold lame dimethicone, mica, synthetic wax, synthetic fluorphlogopite, silica, stearyl dimethicone, caprylic/capric triglyceride, trimethylsiloxysilicate/dimethiconol crosspolymer, octadecene, dimethicone/vinyl dimethicone crosspolymer, panthenol, chamomilla recutita (matricaria) flower extract, pentaerythrityl tetra-di-t-butyl hydroxyhydrocinnamate, tocopheryl acetate, isoceteth-10, bronze powder (ci 77400), iron oxides (ci 77491, ci 77499), aluminum powder (ci 77000).

sequin green dimethicone, synthetic wax, silica, mica, calcium sodium borosilicate, stearyl dimethicone, caprylic/capric triglyceride, trimethylsiloxysilicate/dimethiconol crosspolymer, octadecene, dimethicone/vinyl dimethicone crosspolymer, panthenol, chamomilla recutita (matricaria) flower extract, pentaerythrityl tetra-di-t-butyl hydroxyhydrocinnamate, tocopheryl acetate, tin oxide, isoceteth-10, iron oxides (ci 77491, ci 77492, ci 77499), titanium dioxide (ci 77891).

copper dimethicone, synthetic wax, mica, silica, stearyl dimethicone, caprylic/capric triglyceride, trimethylsiloxysilicate/dimethiconol crosspolymer, octadecene, dimethicone/vinyl dimethicone crosspolymer, pentaerythrityl tetra- di-t-butyl hydroxyhydrocinnamate, tocopheryl acetate, panthenol, chamomilla recutita (matricaria) flower extract, isoceteth-10. may contain / peut contenir / (+/-) : manganese violet (ci 77742), ultramarines (ci 77007), carmine (ci 75470), iron oxides (ci 77491, ci 77492, ci 77499), titanium dioxide (ci 77891), ferric ferrocyanide (ci 77510).

smoky quartz dimethicone, synthetic wax, silica, mica, stearyl dimethicone, caprylic/capric triglyceride, calcium sodium borosilicate, trimethylsiloxysilicate/dimethiconol crosspolymer, octadecene, dimethicone/vinyl dimethicone crosspolymer, pentaerythrityl tetra-di-t-butyl hydroxyhydrocinnamate, tocopheryl acetate, panthenol, tin oxide, chamomilla recutita (matricaria) flower extract, isoceteth-10, iron oxides (ci 77491, ci 77492, ci 77499), titanium dioxide (ci 77891)



surfside ingredients / ingrédients : dimethicone, mica, synthetic wax, silica, stearyl dimethicone, caprylic/capric triglyceride, trimethylsiloxysilicate/dimethiconol crosspolymer, octadecene, dimethicone/vinyl dimethicone crosspolymer, pentaerythrityl tetra-di-t-butyl hydroxyhydrocinnamate, tocopheryl acetate, panthenol, chamomilla recutita (matricaria) flower extract, isoceteth-10, chromium oxide greens (ci 77288), ferric ammonium ferrocyanide (ci 77510), iron oxides (ci 77499), titanium dioxide (ci 77891).

cinnamon ingredients / ingrédients : dimethicone, synthetic wax, silica, stearyl dimethicone, caprylic/capric triglyceride, mica, trimethylsiloxy silicate/dimethiconol crosspolymer, octadecene, dimethicone/vinyl dimethicone crosspolymer, pentaerythrityl tetra-di-t-butyl hydroxyhydrocinnamate, tocopheryl acetate, panthenol, chamomilla recutita (matricaria) flower extract, isoceteth-10, iron oxides (ci 77491, ci 77492, ci 77499), aluminum powder (ci 77000), titanium dioxide (ci 77891).

seafoam ingredients / ingrédients : dimethicone, synthetic wax, silica, stearyl dimethicone, caprylic/capric triglyceride, trimethylsiloxysilicate/dimethiconol crosspolymer, mica, octadecene, dimethicone/vinyl dimethicone crosspolymer, pentaerythrityl tetra-di-t-butyl hydroxyhydrocinnamate, tocopheryl acetate, panthenol, chamomilla recutita (matricaria) flower extract, isoceteth-10, titanium dioxide (ci77891), blue 1 lake (ci 42090), iron oxides (ci 77492, ci 77499).

orchid ingredients / ingrédients : dimethicone, synthetic wax, silica, stearyl dimethicone, caprylic/capric triglyceride, trimethylsiloxysilicate/dimethiconol crosspolymer, mica, octadecene, dimethicone/vinyl dimethicone crosspolymer, pentaerythrityl tetra-di-t-butyl hydroxyhydrocinnamate, tocopheryl acetate, panthenol, chamomilla recutita (matricaria) flower extract, isoceteth-10, titanium dioxide (ci77891), blue 1 lake (ci 42090), iron oxides (ci 77492, ci 77499).

ash dimethicone, synthetic wax, mica, silica, stearyl dimethicone, caprylic/capric triglyceride, trimethylsiloxysilicate/dimethiconol crosspolymer, octadecene, dimethicone/vinyl dimethicone crosspolymer, pentaerythrityl tetra-di-t-butyl hydroxyhydrocinnamate, tocopheryl acetate, panthenol, chamomilla recutita (matricaria) flower extract, isoceteth-10, iron oxides (ci 77499, ci 77492, ci 77491), titanium dioxide (ci 77891)

terracotta dimethicone, synthetic wax, silica, stearyl dimethicone, caprylic/capric triglyceride, mica, trimethylsiloxysilicate/dimethiconol crosspolymer, octadecene, dimethicone/vinyl dimethicone crosspolymer, pentaerythrityl tetra-di-t-butyl hydroxyhydrocinnamate, tocopheryl acetate, panthenol, chamomilla recutita (matricaria) flower extract, isoceteth-10, iron oxides (ci 77491, ci 77492, ci 77499), titanium dioxide (ci 77891), yellow 5 lake (ci 19140)

this list of ingredients is subject to change; please refer to the packaging of the purchased product.",'4.4,26
Make Up,Eyes,'14858136289660,'54822984483196,Victoria Beckham Beauty,Satin Kajal Liner,https://ohmycream.co.uk/collections/make-up-eye/products/victoria-beckham-beauty-satin-kajal-liner?variant=54822984483196,https://cdn.shopify.com/s/files/1/0555/4071/1596/files/2024_12_VictoriaBeckhamBeauty_EyelinerKajalSatinFig_Packshot.jpg?v=1748854843,"Complete list of ingredients

bronze dimethicone, synthetic wax, silica, mica, stearyl dimethicone, caprylic/capric triglyceride, trimethylsiloxysilicate/dimethiconol crosspolymer, octadecene, dimethicone/vinyl dimethicone crosspolymer, pentaerythrityl tetra- di-t-butyl hydroxyhydrocinnamate, tocopheryl acetate, panthenol, chamomilla recutita (matricaria) flower extract, isoceteth-10, bronze powder (ci 77400), iron oxides (ci 77491, ci 77492, ci 77499), titanium dioxide (ci 77891)

black dimethicone, synthetic wax, silica, stearyl dimethicone, caprylic/capric triglyceride, mica, trimethylsiloxysilicate/dimethiconol crosspolymer, octadecene, dimethicone/vinyl dimethicone crosspolymer, pentaerythrityl tetra- di-t-butyl hydroxyhydrocinnamate, tocopheryl acetate, panthenol, chamomilla recutita (matricaria) flower extract, isoceteth-10, iron oxides (ci 77491, ci 77492, ci 77499), ferric ferrocyanide (ci 77510)

bordeaux dimethicone, synthetic wax, silica, stearyl dimethicone, caprylic/capric triglyceride, mica, trimethylsiloxysilicate/dimethiconol crosspolymer, octadecene, dimethicone/vinyl dimethicone crosspolymer, pentaerythrityl tetra- di-t-butyl hydroxyhydrocinnamate, tocopheryl acetate, panthenol, chamomilla recutita (matricaria) flower extract, isoceteth-10, carmine (ci 75470), iron oxides (ci 77491, ci 77492, ci 77499), titanium dioxide (ci 77891), blue 1 lake (ci 42090)

cocoa dimethicone, synthetic wax, silica, stearyl dimethicone, caprylic/capric triglyceride, trimethylsiloxysilicate/dimethiconol crosspolymer, mica, octadecene, dimethicone/vinyl dimethicone crosspolymer, pentaerythrityl tetra-di-t-butyl hydroxyhydrocinnamate, tocopheryl acetate, panthenol, chamomilla recutita (matricaria) flower extract, isoceteth-10, iron oxides (ci 77491, ci 77492, ci 77499)

navy noir dimethicone, synthetic wax, silica, stearyl dimethicone, caprylic/capric triglyceride, trimethylsiloxysilicate/dimethiconol crosspolymer, mica, octadecene, dimethicone/vinyl dimethicone crosspolymer, pentaerythrityl tetra-di-t-butyl hydroxyhydrocinnamate, tocopheryl acetate, panthenol, tin oxide, chamomilla recutita (matricaria) flower extract, isoceteth-10, ultramarines (ci 77007), ferric ferrocyanide (ci 77510), iron oxides (ci 77491, ci 77492, ci 77499), titanium dioxide (ci 77891), carmine (ci 75470).



olive dimethicone, synthetic wax, mica, silica, stearyl dimethicone, caprylic/capric triglyceride, trimethylsiloxysilicate/dimethiconol crosspolymer, octadecene, dimethicone/vinyl dimethicone crosspolymer, pentaerythrityl tetra- di-t-butyl hydroxyhydrocinnamate, tocopheryl acetate, panthenol, chamomilla recutita (matricaria) flower extract, isoceteth-10, iron oxides (ci 77491, ci 77499), titanium dioxide (ci 77891), ferric ferrocyanide (ci 77510).

fig dimethicone, synthetic wax, mica, silica, stearyl dimethicone, caprylic/capric triglyceride, trimethylsiloxysilicate/dimethiconol crosspolymer, octadecene, dimethicone/vinyl dimethicone crosspolymer, pentaerythrityl tetra- di-t-butyl hydroxyhydrocinnamate, tocopheryl acetate, panthenol, chamomilla recutita (matricaria) flower extract, isoceteth-10. may contain / peut contenir / (+/-) : manganese violet (ci 77742), ultramarines (ci 77007), carmine (ci 75470), iron oxides (ci 77491, ci 77492, ci 77499), titanium dioxide (ci 77891), ferric ferrocyanide (ci 77510).

night flash dimethicone, calcium sodium borosilicate, synthetic wax, silica, stearyl dimethicone, caprylic/capric triglyceride, synthetic fluorphlogopite, trimethylsiloxysilicate/dimethiconol crosspolymer, mica, octadecene, dimethicone/vinyl dimethicone crosspolymer, pentaerythrityl tetra-di-t-butyl hydroxyhydrocinnamate, tocopheryl acetate, tin oxide, panthenol, chamomilla recutita (matricaria) flower extract, isoceteth-10, iron oxides (ci 77499), titanium dioxide (ci 77891).

gold lame dimethicone, mica, synthetic wax, synthetic fluorphlogopite, silica, stearyl dimethicone, caprylic/capric triglyceride, trimethylsiloxysilicate/dimethiconol crosspolymer, octadecene, dimethicone/vinyl dimethicone crosspolymer, panthenol, chamomilla recutita (matricaria) flower extract, pentaerythrityl tetra-di-t-butyl hydroxyhydrocinnamate, tocopheryl acetate, isoceteth-10, bronze powder (ci 77400), iron oxides (ci 77491, ci 77499), aluminum powder (ci 77000).

sequin green dimethicone, synthetic wax, silica, mica, calcium sodium borosilicate, stearyl dimethicone, caprylic/capric triglyceride, trimethylsiloxysilicate/dimethiconol crosspolymer, octadecene, dimethicone/vinyl dimethicone crosspolymer, panthenol, chamomilla recutita (matricaria) flower extract, pentaerythrityl tetra-di-t-butyl hydroxyhydrocinnamate, tocopheryl acetate, tin oxide, isoceteth-10, iron oxides (ci 77491, ci 77492, ci 77499), titanium dioxide (ci 77891).

copper dimethicone, synthetic wax, mica, silica, stearyl dimethicone, caprylic/capric triglyceride, trimethylsiloxysilicate/dimethiconol crosspolymer, octadecene, dimethicone/vinyl dimethicone crosspolymer, pentaerythrityl tetra- di-t-butyl hydroxyhydrocinnamate, tocopheryl acetate, panthenol, chamomilla recutita (matricaria) flower extract, isoceteth-10. may contain / peut contenir / (+/-) : manganese violet (ci 77742), ultramarines (ci 77007), carmine (ci 75470), iron oxides (ci 77491, ci 77492, ci 77499), titanium dioxide (ci 77891), ferric ferrocyanide (ci 77510).

smoky quartz dimethicone, synthetic wax, silica, mica, stearyl dimethicone, caprylic/capric triglyceride, calcium sodium borosilicate, trimethylsiloxysilicate/dimethiconol crosspolymer, octadecene, dimethicone/vinyl dimethicone crosspolymer, pentaerythrityl tetra-di-t-butyl hydroxyhydrocinnamate, tocopheryl acetate, panthenol, tin oxide, chamomilla recutita (matricaria) flower extract, isoceteth-10, iron oxides (ci 77491, ci 77492, ci 77499), titanium dioxide (ci 77891)



surfside ingredients / ingrédients : dimethicone, mica, synthetic wax, silica, stearyl dimethicone, caprylic/capric triglyceride, trimethylsiloxysilicate/dimethiconol crosspolymer, octadecene, dimethicone/vinyl dimethicone crosspolymer, pentaerythrityl tetra-di-t-butyl hydroxyhydrocinnamate, tocopheryl acetate, panthenol, chamomilla recutita (matricaria) flower extract, isoceteth-10, chromium oxide greens (ci 77288), ferric ammonium ferrocyanide (ci 77510), iron oxides (ci 77499), titanium dioxide (ci 77891).

cinnamon ingredients / ingrédients : dimethicone, synthetic wax, silica, stearyl dimethicone, caprylic/capric triglyceride, mica, trimethylsiloxy silicate/dimethiconol crosspolymer, octadecene, dimethicone/vinyl dimethicone crosspolymer, pentaerythrityl tetra-di-t-butyl hydroxyhydrocinnamate, tocopheryl acetate, panthenol, chamomilla recutita (matricaria) flower extract, isoceteth-10, iron oxides (ci 77491, ci 77492, ci 77499), aluminum powder (ci 77000), titanium dioxide (ci 77891).

seafoam ingredients / ingrédients : dimethicone, synthetic wax, silica, stearyl dimethicone, caprylic/capric triglyceride, trimethylsiloxysilicate/dimethiconol crosspolymer, mica, octadecene, dimethicone/vinyl dimethicone crosspolymer, pentaerythrityl tetra-di-t-butyl hydroxyhydrocinnamate, tocopheryl acetate, panthenol, chamomilla recutita (matricaria) flower extract, isoceteth-10, titanium dioxide (ci77891), blue 1 lake (ci 42090), iron oxides (ci 77492, ci 77499).

orchid ingredients / ingrédients : dimethicone, synthetic wax, silica, stearyl dimethicone, caprylic/capric triglyceride, trimethylsiloxysilicate/dimethiconol crosspolymer, mica, octadecene, dimethicone/vinyl dimethicone crosspolymer, pentaerythrityl tetra-di-t-butyl hydroxyhydrocinnamate, tocopheryl acetate, panthenol, chamomilla recutita (matricaria) flower extract, isoceteth-10, titanium dioxide (ci77891), blue 1 lake (ci 42090), iron oxides (ci 77492, ci 77499).

ash dimethicone, synthetic wax, mica, silica, stearyl dimethicone, caprylic/capric triglyceride, trimethylsiloxysilicate/dimethiconol crosspolymer, octadecene, dimethicone/vinyl dimethicone crosspolymer, pentaerythrityl tetra-di-t-butyl hydroxyhydrocinnamate, tocopheryl acetate, panthenol, chamomilla recutita (matricaria) flower extract, isoceteth-10, iron oxides (ci 77499, ci 77492, ci 77491), titanium dioxide (ci 77891)

terracotta dimethicone, synthetic wax, silica, stearyl dimethicone, caprylic/capric triglyceride, mica, trimethylsiloxysilicate/dimethiconol crosspolymer, octadecene, dimethicone/vinyl dimethicone crosspolymer, pentaerythrityl tetra-di-t-butyl hydroxyhydrocinnamate, tocopheryl acetate, panthenol, chamomilla recutita (matricaria) flower extract, isoceteth-10, iron oxides (ci 77491, ci 77492, ci 77499), titanium dioxide (ci 77891), yellow 5 lake (ci 19140)

this list of ingredients is subject to change; please refer to the packaging of the purchased product.",'4.4,26
Make Up,Eyes,'14858136289660,'54822984417660,Victoria Beckham Beauty,Satin Kajal Liner,https://ohmycream.co.uk/collections/make-up-eye/products/victoria-beckham-beauty-satin-kajal-liner?variant=54822984417660,https://cdn.shopify.com/s/files/1/0555/4071/1596/files/2024_12_VictoriaBeckhamBeauty_EyelinerKajalSatinSurfside_Packshot.jpg?v=1748854843,"Complete list of ingredients

bronze dimethicone, synthetic wax, silica, mica, stearyl dimethicone, caprylic/capric triglyceride, trimethylsiloxysilicate/dimethiconol crosspolymer, octadecene, dimethicone/vinyl dimethicone crosspolymer, pentaerythrityl tetra- di-t-butyl hydroxyhydrocinnamate, tocopheryl acetate, panthenol, chamomilla recutita (matricaria) flower extract, isoceteth-10, bronze powder (ci 77400), iron oxides (ci 77491, ci 77492, ci 77499), titanium dioxide (ci 77891)

black dimethicone, synthetic wax, silica, stearyl dimethicone, caprylic/capric triglyceride, mica, trimethylsiloxysilicate/dimethiconol crosspolymer, octadecene, dimethicone/vinyl dimethicone crosspolymer, pentaerythrityl tetra- di-t-butyl hydroxyhydrocinnamate, tocopheryl acetate, panthenol, chamomilla recutita (matricaria) flower extract, isoceteth-10, iron oxides (ci 77491, ci 77492, ci 77499), ferric ferrocyanide (ci 77510)

bordeaux dimethicone, synthetic wax, silica, stearyl dimethicone, caprylic/capric triglyceride, mica, trimethylsiloxysilicate/dimethiconol crosspolymer, octadecene, dimethicone/vinyl dimethicone crosspolymer, pentaerythrityl tetra- di-t-butyl hydroxyhydrocinnamate, tocopheryl acetate, panthenol, chamomilla recutita (matricaria) flower extract, isoceteth-10, carmine (ci 75470), iron oxides (ci 77491, ci 77492, ci 77499), titanium dioxide (ci 77891), blue 1 lake (ci 42090)

cocoa dimethicone, synthetic wax, silica, stearyl dimethicone, caprylic/capric triglyceride, trimethylsiloxysilicate/dimethiconol crosspolymer, mica, octadecene, dimethicone/vinyl dimethicone crosspolymer, pentaerythrityl tetra-di-t-butyl hydroxyhydrocinnamate, tocopheryl acetate, panthenol, chamomilla recutita (matricaria) flower extract, isoceteth-10, iron oxides (ci 77491, ci 77492, ci 77499)

navy noir dimethicone, synthetic wax, silica, stearyl dimethicone, caprylic/capric triglyceride, trimethylsiloxysilicate/dimethiconol crosspolymer, mica, octadecene, dimethicone/vinyl dimethicone crosspolymer, pentaerythrityl tetra-di-t-butyl hydroxyhydrocinnamate, tocopheryl acetate, panthenol, tin oxide, chamomilla recutita (matricaria) flower extract, isoceteth-10, ultramarines (ci 77007), ferric ferrocyanide (ci 77510), iron oxides (ci 77491, ci 77492, ci 77499), titanium dioxide (ci 77891), carmine (ci 75470).



olive dimethicone, synthetic wax, mica, silica, stearyl dimethicone, caprylic/capric triglyceride, trimethylsiloxysilicate/dimethiconol crosspolymer, octadecene, dimethicone/vinyl dimethicone crosspolymer, pentaerythrityl tetra- di-t-butyl hydroxyhydrocinnamate, tocopheryl acetate, panthenol, chamomilla recutita (matricaria) flower extract, isoceteth-10, iron oxides (ci 77491, ci 77499), titanium dioxide (ci 77891), ferric ferrocyanide (ci 77510).

fig dimethicone, synthetic wax, mica, silica, stearyl dimethicone, caprylic/capric triglyceride, trimethylsiloxysilicate/dimethiconol crosspolymer, octadecene, dimethicone/vinyl dimethicone crosspolymer, pentaerythrityl tetra- di-t-butyl hydroxyhydrocinnamate, tocopheryl acetate, panthenol, chamomilla recutita (matricaria) flower extract, isoceteth-10. may contain / peut contenir / (+/-) : manganese violet (ci 77742), ultramarines (ci 77007), carmine (ci 75470), iron oxides (ci 77491, ci 77492, ci 77499), titanium dioxide (ci 77891), ferric ferrocyanide (ci 77510).

night flash dimethicone, calcium sodium borosilicate, synthetic wax, silica, stearyl dimethicone, caprylic/capric triglyceride, synthetic fluorphlogopite, trimethylsiloxysilicate/dimethiconol crosspolymer, mica, octadecene, dimethicone/vinyl dimethicone crosspolymer, pentaerythrityl tetra-di-t-butyl hydroxyhydrocinnamate, tocopheryl acetate, tin oxide, panthenol, chamomilla recutita (matricaria) flower extract, isoceteth-10, iron oxides (ci 77499), titanium dioxide (ci 77891).

gold lame dimethicone, mica, synthetic wax, synthetic fluorphlogopite, silica, stearyl dimethicone, caprylic/capric triglyceride, trimethylsiloxysilicate/dimethiconol crosspolymer, octadecene, dimethicone/vinyl dimethicone crosspolymer, panthenol, chamomilla recutita (matricaria) flower extract, pentaerythrityl tetra-di-t-butyl hydroxyhydrocinnamate, tocopheryl acetate, isoceteth-10, bronze powder (ci 77400), iron oxides (ci 77491, ci 77499), aluminum powder (ci 77000).

sequin green dimethicone, synthetic wax, silica, mica, calcium sodium borosilicate, stearyl dimethicone, caprylic/capric triglyceride, trimethylsiloxysilicate/dimethiconol crosspolymer, octadecene, dimethicone/vinyl dimethicone crosspolymer, panthenol, chamomilla recutita (matricaria) flower extract, pentaerythrityl tetra-di-t-butyl hydroxyhydrocinnamate, tocopheryl acetate, tin oxide, isoceteth-10, iron oxides (ci 77491, ci 77492, ci 77499), titanium dioxide (ci 77891).

copper dimethicone, synthetic wax, mica, silica, stearyl dimethicone, caprylic/capric triglyceride, trimethylsiloxysilicate/dimethiconol crosspolymer, octadecene, dimethicone/vinyl dimethicone crosspolymer, pentaerythrityl tetra- di-t-butyl hydroxyhydrocinnamate, tocopheryl acetate, panthenol, chamomilla recutita (matricaria) flower extract, isoceteth-10. may contain / peut contenir / (+/-) : manganese violet (ci 77742), ultramarines (ci 77007), carmine (ci 75470), iron oxides (ci 77491, ci 77492, ci 77499), titanium dioxide (ci 77891), ferric ferrocyanide (ci 77510).

smoky quartz dimethicone, synthetic wax, silica, mica, stearyl dimethicone, caprylic/capric triglyceride, calcium sodium borosilicate, trimethylsiloxysilicate/dimethiconol crosspolymer, octadecene, dimethicone/vinyl dimethicone crosspolymer, pentaerythrityl tetra-di-t-butyl hydroxyhydrocinnamate, tocopheryl acetate, panthenol, tin oxide, chamomilla recutita (matricaria) flower extract, isoceteth-10, iron oxides (ci 77491, ci 77492, ci 77499), titanium dioxide (ci 77891)



surfside ingredients / ingrédients : dimethicone, mica, synthetic wax, silica, stearyl dimethicone, caprylic/capric triglyceride, trimethylsiloxysilicate/dimethiconol crosspolymer, octadecene, dimethicone/vinyl dimethicone crosspolymer, pentaerythrityl tetra-di-t-butyl hydroxyhydrocinnamate, tocopheryl acetate, panthenol, chamomilla recutita (matricaria) flower extract, isoceteth-10, chromium oxide greens (ci 77288), ferric ammonium ferrocyanide (ci 77510), iron oxides (ci 77499), titanium dioxide (ci 77891).

cinnamon ingredients / ingrédients : dimethicone, synthetic wax, silica, stearyl dimethicone, caprylic/capric triglyceride, mica, trimethylsiloxy silicate/dimethiconol crosspolymer, octadecene, dimethicone/vinyl dimethicone crosspolymer, pentaerythrityl tetra-di-t-butyl hydroxyhydrocinnamate, tocopheryl acetate, panthenol, chamomilla recutita (matricaria) flower extract, isoceteth-10, iron oxides (ci 77491, ci 77492, ci 77499), aluminum powder (ci 77000), titanium dioxide (ci 77891).

seafoam ingredients / ingrédients : dimethicone, synthetic wax, silica, stearyl dimethicone, caprylic/capric triglyceride, trimethylsiloxysilicate/dimethiconol crosspolymer, mica, octadecene, dimethicone/vinyl dimethicone crosspolymer, pentaerythrityl tetra-di-t-butyl hydroxyhydrocinnamate, tocopheryl acetate, panthenol, chamomilla recutita (matricaria) flower extract, isoceteth-10, titanium dioxide (ci77891), blue 1 lake (ci 42090), iron oxides (ci 77492, ci 77499).

orchid ingredients / ingrédients : dimethicone, synthetic wax, silica, stearyl dimethicone, caprylic/capric triglyceride, trimethylsiloxysilicate/dimethiconol crosspolymer, mica, octadecene, dimethicone/vinyl dimethicone crosspolymer, pentaerythrityl tetra-di-t-butyl hydroxyhydrocinnamate, tocopheryl acetate, panthenol, chamomilla recutita (matricaria) flower extract, isoceteth-10, titanium dioxide (ci77891), blue 1 lake (ci 42090), iron oxides (ci 77492, ci 77499).

ash dimethicone, synthetic wax, mica, silica, stearyl dimethicone, caprylic/capric triglyceride, trimethylsiloxysilicate/dimethiconol crosspolymer, octadecene, dimethicone/vinyl dimethicone crosspolymer, pentaerythrityl tetra-di-t-butyl hydroxyhydrocinnamate, tocopheryl acetate, panthenol, chamomilla recutita (matricaria) flower extract, isoceteth-10, iron oxides (ci 77499, ci 77492, ci 77491), titanium dioxide (ci 77891)

terracotta dimethicone, synthetic wax, silica, stearyl dimethicone, caprylic/capric triglyceride, mica, trimethylsiloxysilicate/dimethiconol crosspolymer, octadecene, dimethicone/vinyl dimethicone crosspolymer, pentaerythrityl tetra-di-t-butyl hydroxyhydrocinnamate, tocopheryl acetate, panthenol, chamomilla recutita (matricaria) flower extract, isoceteth-10, iron oxides (ci 77491, ci 77492, ci 77499), titanium dioxide (ci 77891), yellow 5 lake (ci 19140)

this list of ingredients is subject to change; please refer to the packaging of the purchased product.",'4.4,26
Make Up,Eyes,'14858136289660,'54822984319356,Victoria Beckham Beauty,Satin Kajal Liner,https://ohmycream.co.uk/collections/make-up-eye/products/victoria-beckham-beauty-satin-kajal-liner?variant=54822984319356,https://cdn.shopify.com/s/files/1/0555/4071/1596/files/2024_12_VictoriaBeckhamBeauty_EyelinerKajalSatinSeafoam_Packshot.jpg?v=1748854843,"Complete list of ingredients

bronze dimethicone, synthetic wax, silica, mica, stearyl dimethicone, caprylic/capric triglyceride, trimethylsiloxysilicate/dimethiconol crosspolymer, octadecene, dimethicone/vinyl dimethicone crosspolymer, pentaerythrityl tetra- di-t-butyl hydroxyhydrocinnamate, tocopheryl acetate, panthenol, chamomilla recutita (matricaria) flower extract, isoceteth-10, bronze powder (ci 77400), iron oxides (ci 77491, ci 77492, ci 77499), titanium dioxide (ci 77891)

black dimethicone, synthetic wax, silica, stearyl dimethicone, caprylic/capric triglyceride, mica, trimethylsiloxysilicate/dimethiconol crosspolymer, octadecene, dimethicone/vinyl dimethicone crosspolymer, pentaerythrityl tetra- di-t-butyl hydroxyhydrocinnamate, tocopheryl acetate, panthenol, chamomilla recutita (matricaria) flower extract, isoceteth-10, iron oxides (ci 77491, ci 77492, ci 77499), ferric ferrocyanide (ci 77510)

bordeaux dimethicone, synthetic wax, silica, stearyl dimethicone, caprylic/capric triglyceride, mica, trimethylsiloxysilicate/dimethiconol crosspolymer, octadecene, dimethicone/vinyl dimethicone crosspolymer, pentaerythrityl tetra- di-t-butyl hydroxyhydrocinnamate, tocopheryl acetate, panthenol, chamomilla recutita (matricaria) flower extract, isoceteth-10, carmine (ci 75470), iron oxides (ci 77491, ci 77492, ci 77499), titanium dioxide (ci 77891), blue 1 lake (ci 42090)

cocoa dimethicone, synthetic wax, silica, stearyl dimethicone, caprylic/capric triglyceride, trimethylsiloxysilicate/dimethiconol crosspolymer, mica, octadecene, dimethicone/vinyl dimethicone crosspolymer, pentaerythrityl tetra-di-t-butyl hydroxyhydrocinnamate, tocopheryl acetate, panthenol, chamomilla recutita (matricaria) flower extract, isoceteth-10, iron oxides (ci 77491, ci 77492, ci 77499)

navy noir dimethicone, synthetic wax, silica, stearyl dimethicone, caprylic/capric triglyceride, trimethylsiloxysilicate/dimethiconol crosspolymer, mica, octadecene, dimethicone/vinyl dimethicone crosspolymer, pentaerythrityl tetra-di-t-butyl hydroxyhydrocinnamate, tocopheryl acetate, panthenol, tin oxide, chamomilla recutita (matricaria) flower extract, isoceteth-10, ultramarines (ci 77007), ferric ferrocyanide (ci 77510), iron oxides (ci 77491, ci 77492, ci 77499), titanium dioxide (ci 77891), carmine (ci 75470).



olive dimethicone, synthetic wax, mica, silica, stearyl dimethicone, caprylic/capric triglyceride, trimethylsiloxysilicate/dimethiconol crosspolymer, octadecene, dimethicone/vinyl dimethicone crosspolymer, pentaerythrityl tetra- di-t-butyl hydroxyhydrocinnamate, tocopheryl acetate, panthenol, chamomilla recutita (matricaria) flower extract, isoceteth-10, iron oxides (ci 77491, ci 77499), titanium dioxide (ci 77891), ferric ferrocyanide (ci 77510).

fig dimethicone, synthetic wax, mica, silica, stearyl dimethicone, caprylic/capric triglyceride, trimethylsiloxysilicate/dimethiconol crosspolymer, octadecene, dimethicone/vinyl dimethicone crosspolymer, pentaerythrityl tetra- di-t-butyl hydroxyhydrocinnamate, tocopheryl acetate, panthenol, chamomilla recutita (matricaria) flower extract, isoceteth-10. may contain / peut contenir / (+/-) : manganese violet (ci 77742), ultramarines (ci 77007), carmine (ci 75470), iron oxides (ci 77491, ci 77492, ci 77499), titanium dioxide (ci 77891), ferric ferrocyanide (ci 77510).

night flash dimethicone, calcium sodium borosilicate, synthetic wax, silica, stearyl dimethicone, caprylic/capric triglyceride, synthetic fluorphlogopite, trimethylsiloxysilicate/dimethiconol crosspolymer, mica, octadecene, dimethicone/vinyl dimethicone crosspolymer, pentaerythrityl tetra-di-t-butyl hydroxyhydrocinnamate, tocopheryl acetate, tin oxide, panthenol, chamomilla recutita (matricaria) flower extract, isoceteth-10, iron oxides (ci 77499), titanium dioxide (ci 77891).

gold lame dimethicone, mica, synthetic wax, synthetic fluorphlogopite, silica, stearyl dimethicone, caprylic/capric triglyceride, trimethylsiloxysilicate/dimethiconol crosspolymer, octadecene, dimethicone/vinyl dimethicone crosspolymer, panthenol, chamomilla recutita (matricaria) flower extract, pentaerythrityl tetra-di-t-butyl hydroxyhydrocinnamate, tocopheryl acetate, isoceteth-10, bronze powder (ci 77400), iron oxides (ci 77491, ci 77499), aluminum powder (ci 77000).

sequin green dimethicone, synthetic wax, silica, mica, calcium sodium borosilicate, stearyl dimethicone, caprylic/capric triglyceride, trimethylsiloxysilicate/dimethiconol crosspolymer, octadecene, dimethicone/vinyl dimethicone crosspolymer, panthenol, chamomilla recutita (matricaria) flower extract, pentaerythrityl tetra-di-t-butyl hydroxyhydrocinnamate, tocopheryl acetate, tin oxide, isoceteth-10, iron oxides (ci 77491, ci 77492, ci 77499), titanium dioxide (ci 77891).

copper dimethicone, synthetic wax, mica, silica, stearyl dimethicone, caprylic/capric triglyceride, trimethylsiloxysilicate/dimethiconol crosspolymer, octadecene, dimethicone/vinyl dimethicone crosspolymer, pentaerythrityl tetra- di-t-butyl hydroxyhydrocinnamate, tocopheryl acetate, panthenol, chamomilla recutita (matricaria) flower extract, isoceteth-10. may contain / peut contenir / (+/-) : manganese violet (ci 77742), ultramarines (ci 77007), carmine (ci 75470), iron oxides (ci 77491, ci 77492, ci 77499), titanium dioxide (ci 77891), ferric ferrocyanide (ci 77510).

smoky quartz dimethicone, synthetic wax, silica, mica, stearyl dimethicone, caprylic/capric triglyceride, calcium sodium borosilicate, trimethylsiloxysilicate/dimethiconol crosspolymer, octadecene, dimethicone/vinyl dimethicone crosspolymer, pentaerythrityl tetra-di-t-butyl hydroxyhydrocinnamate, tocopheryl acetate, panthenol, tin oxide, chamomilla recutita (matricaria) flower extract, isoceteth-10, iron oxides (ci 77491, ci 77492, ci 77499), titanium dioxide (ci 77891)



surfside ingredients / ingrédients : dimethicone, mica, synthetic wax, silica, stearyl dimethicone, caprylic/capric triglyceride, trimethylsiloxysilicate/dimethiconol crosspolymer, octadecene, dimethicone/vinyl dimethicone crosspolymer, pentaerythrityl tetra-di-t-butyl hydroxyhydrocinnamate, tocopheryl acetate, panthenol, chamomilla recutita (matricaria) flower extract, isoceteth-10, chromium oxide greens (ci 77288), ferric ammonium ferrocyanide (ci 77510), iron oxides (ci 77499), titanium dioxide (ci 77891).

cinnamon ingredients / ingrédients : dimethicone, synthetic wax, silica, stearyl dimethicone, caprylic/capric triglyceride, mica, trimethylsiloxy silicate/dimethiconol crosspolymer, octadecene, dimethicone/vinyl dimethicone crosspolymer, pentaerythrityl tetra-di-t-butyl hydroxyhydrocinnamate, tocopheryl acetate, panthenol, chamomilla recutita (matricaria) flower extract, isoceteth-10, iron oxides (ci 77491, ci 77492, ci 77499), aluminum powder (ci 77000), titanium dioxide (ci 77891).

seafoam ingredients / ingrédients : dimethicone, synthetic wax, silica, stearyl dimethicone, caprylic/capric triglyceride, trimethylsiloxysilicate/dimethiconol crosspolymer, mica, octadecene, dimethicone/vinyl dimethicone crosspolymer, pentaerythrityl tetra-di-t-butyl hydroxyhydrocinnamate, tocopheryl acetate, panthenol, chamomilla recutita (matricaria) flower extract, isoceteth-10, titanium dioxide (ci77891), blue 1 lake (ci 42090), iron oxides (ci 77492, ci 77499).

orchid ingredients / ingrédients : dimethicone, synthetic wax, silica, stearyl dimethicone, caprylic/capric triglyceride, trimethylsiloxysilicate/dimethiconol crosspolymer, mica, octadecene, dimethicone/vinyl dimethicone crosspolymer, pentaerythrityl tetra-di-t-butyl hydroxyhydrocinnamate, tocopheryl acetate, panthenol, chamomilla recutita (matricaria) flower extract, isoceteth-10, titanium dioxide (ci77891), blue 1 lake (ci 42090), iron oxides (ci 77492, ci 77499).

ash dimethicone, synthetic wax, mica, silica, stearyl dimethicone, caprylic/capric triglyceride, trimethylsiloxysilicate/dimethiconol crosspolymer, octadecene, dimethicone/vinyl dimethicone crosspolymer, pentaerythrityl tetra-di-t-butyl hydroxyhydrocinnamate, tocopheryl acetate, panthenol, chamomilla recutita (matricaria) flower extract, isoceteth-10, iron oxides (ci 77499, ci 77492, ci 77491), titanium dioxide (ci 77891)

terracotta dimethicone, synthetic wax, silica, stearyl dimethicone, caprylic/capric triglyceride, mica, trimethylsiloxysilicate/dimethiconol crosspolymer, octadecene, dimethicone/vinyl dimethicone crosspolymer, pentaerythrityl tetra-di-t-butyl hydroxyhydrocinnamate, tocopheryl acetate, panthenol, chamomilla recutita (matricaria) flower extract, isoceteth-10, iron oxides (ci 77491, ci 77492, ci 77499), titanium dioxide (ci 77891), yellow 5 lake (ci 19140)

this list of ingredients is subject to change; please refer to the packaging of the purchased product.",'4.4,26
Make Up,Eyes,'14858136289660,'54822984221052,Victoria Beckham Beauty,Satin Kajal Liner,https://ohmycream.co.uk/collections/make-up-eye/products/victoria-beckham-beauty-satin-kajal-liner?variant=54822984221052,https://cdn.shopify.com/s/files/1/0555/4071/1596/files/2024_12_VictoriaBeckhamBeauty_EyelinerKajalSatinAsh_Packshot.jpg?v=1749129902,"Complete list of ingredients

bronze dimethicone, synthetic wax, silica, mica, stearyl dimethicone, caprylic/capric triglyceride, trimethylsiloxysilicate/dimethiconol crosspolymer, octadecene, dimethicone/vinyl dimethicone crosspolymer, pentaerythrityl tetra- di-t-butyl hydroxyhydrocinnamate, tocopheryl acetate, panthenol, chamomilla recutita (matricaria) flower extract, isoceteth-10, bronze powder (ci 77400), iron oxides (ci 77491, ci 77492, ci 77499), titanium dioxide (ci 77891)

black dimethicone, synthetic wax, silica, stearyl dimethicone, caprylic/capric triglyceride, mica, trimethylsiloxysilicate/dimethiconol crosspolymer, octadecene, dimethicone/vinyl dimethicone crosspolymer, pentaerythrityl tetra- di-t-butyl hydroxyhydrocinnamate, tocopheryl acetate, panthenol, chamomilla recutita (matricaria) flower extract, isoceteth-10, iron oxides (ci 77491, ci 77492, ci 77499), ferric ferrocyanide (ci 77510)

bordeaux dimethicone, synthetic wax, silica, stearyl dimethicone, caprylic/capric triglyceride, mica, trimethylsiloxysilicate/dimethiconol crosspolymer, octadecene, dimethicone/vinyl dimethicone crosspolymer, pentaerythrityl tetra- di-t-butyl hydroxyhydrocinnamate, tocopheryl acetate, panthenol, chamomilla recutita (matricaria) flower extract, isoceteth-10, carmine (ci 75470), iron oxides (ci 77491, ci 77492, ci 77499), titanium dioxide (ci 77891), blue 1 lake (ci 42090)

cocoa dimethicone, synthetic wax, silica, stearyl dimethicone, caprylic/capric triglyceride, trimethylsiloxysilicate/dimethiconol crosspolymer, mica, octadecene, dimethicone/vinyl dimethicone crosspolymer, pentaerythrityl tetra-di-t-butyl hydroxyhydrocinnamate, tocopheryl acetate, panthenol, chamomilla recutita (matricaria) flower extract, isoceteth-10, iron oxides (ci 77491, ci 77492, ci 77499)

navy noir dimethicone, synthetic wax, silica, stearyl dimethicone, caprylic/capric triglyceride, trimethylsiloxysilicate/dimethiconol crosspolymer, mica, octadecene, dimethicone/vinyl dimethicone crosspolymer, pentaerythrityl tetra-di-t-butyl hydroxyhydrocinnamate, tocopheryl acetate, panthenol, tin oxide, chamomilla recutita (matricaria) flower extract, isoceteth-10, ultramarines (ci 77007), ferric ferrocyanide (ci 77510), iron oxides (ci 77491, ci 77492, ci 77499), titanium dioxide (ci 77891), carmine (ci 75470).



olive dimethicone, synthetic wax, mica, silica, stearyl dimethicone, caprylic/capric triglyceride, trimethylsiloxysilicate/dimethiconol crosspolymer, octadecene, dimethicone/vinyl dimethicone crosspolymer, pentaerythrityl tetra- di-t-butyl hydroxyhydrocinnamate, tocopheryl acetate, panthenol, chamomilla recutita (matricaria) flower extract, isoceteth-10, iron oxides (ci 77491, ci 77499), titanium dioxide (ci 77891), ferric ferrocyanide (ci 77510).

fig dimethicone, synthetic wax, mica, silica, stearyl dimethicone, caprylic/capric triglyceride, trimethylsiloxysilicate/dimethiconol crosspolymer, octadecene, dimethicone/vinyl dimethicone crosspolymer, pentaerythrityl tetra- di-t-butyl hydroxyhydrocinnamate, tocopheryl acetate, panthenol, chamomilla recutita (matricaria) flower extract, isoceteth-10. may contain / peut contenir / (+/-) : manganese violet (ci 77742), ultramarines (ci 77007), carmine (ci 75470), iron oxides (ci 77491, ci 77492, ci 77499), titanium dioxide (ci 77891), ferric ferrocyanide (ci 77510).

night flash dimethicone, calcium sodium borosilicate, synthetic wax, silica, stearyl dimethicone, caprylic/capric triglyceride, synthetic fluorphlogopite, trimethylsiloxysilicate/dimethiconol crosspolymer, mica, octadecene, dimethicone/vinyl dimethicone crosspolymer, pentaerythrityl tetra-di-t-butyl hydroxyhydrocinnamate, tocopheryl acetate, tin oxide, panthenol, chamomilla recutita (matricaria) flower extract, isoceteth-10, iron oxides (ci 77499), titanium dioxide (ci 77891).

gold lame dimethicone, mica, synthetic wax, synthetic fluorphlogopite, silica, stearyl dimethicone, caprylic/capric triglyceride, trimethylsiloxysilicate/dimethiconol crosspolymer, octadecene, dimethicone/vinyl dimethicone crosspolymer, panthenol, chamomilla recutita (matricaria) flower extract, pentaerythrityl tetra-di-t-butyl hydroxyhydrocinnamate, tocopheryl acetate, isoceteth-10, bronze powder (ci 77400), iron oxides (ci 77491, ci 77499), aluminum powder (ci 77000).

sequin green dimethicone, synthetic wax, silica, mica, calcium sodium borosilicate, stearyl dimethicone, caprylic/capric triglyceride, trimethylsiloxysilicate/dimethiconol crosspolymer, octadecene, dimethicone/vinyl dimethicone crosspolymer, panthenol, chamomilla recutita (matricaria) flower extract, pentaerythrityl tetra-di-t-butyl hydroxyhydrocinnamate, tocopheryl acetate, tin oxide, isoceteth-10, iron oxides (ci 77491, ci 77492, ci 77499), titanium dioxide (ci 77891).

copper dimethicone, synthetic wax, mica, silica, stearyl dimethicone, caprylic/capric triglyceride, trimethylsiloxysilicate/dimethiconol crosspolymer, octadecene, dimethicone/vinyl dimethicone crosspolymer, pentaerythrityl tetra- di-t-butyl hydroxyhydrocinnamate, tocopheryl acetate, panthenol, chamomilla recutita (matricaria) flower extract, isoceteth-10. may contain / peut contenir / (+/-) : manganese violet (ci 77742), ultramarines (ci 77007), carmine (ci 75470), iron oxides (ci 77491, ci 77492, ci 77499), titanium dioxide (ci 77891), ferric ferrocyanide (ci 77510).

smoky quartz dimethicone, synthetic wax, silica, mica, stearyl dimethicone, caprylic/capric triglyceride, calcium sodium borosilicate, trimethylsiloxysilicate/dimethiconol crosspolymer, octadecene, dimethicone/vinyl dimethicone crosspolymer, pentaerythrityl tetra-di-t-butyl hydroxyhydrocinnamate, tocopheryl acetate, panthenol, tin oxide, chamomilla recutita (matricaria) flower extract, isoceteth-10, iron oxides (ci 77491, ci 77492, ci 77499), titanium dioxide (ci 77891)



surfside ingredients / ingrédients : dimethicone, mica, synthetic wax, silica, stearyl dimethicone, caprylic/capric triglyceride, trimethylsiloxysilicate/dimethiconol crosspolymer, octadecene, dimethicone/vinyl dimethicone crosspolymer, pentaerythrityl tetra-di-t-butyl hydroxyhydrocinnamate, tocopheryl acetate, panthenol, chamomilla recutita (matricaria) flower extract, isoceteth-10, chromium oxide greens (ci 77288), ferric ammonium ferrocyanide (ci 77510), iron oxides (ci 77499), titanium dioxide (ci 77891).

cinnamon ingredients / ingrédients : dimethicone, synthetic wax, silica, stearyl dimethicone, caprylic/capric triglyceride, mica, trimethylsiloxy silicate/dimethiconol crosspolymer, octadecene, dimethicone/vinyl dimethicone crosspolymer, pentaerythrityl tetra-di-t-butyl hydroxyhydrocinnamate, tocopheryl acetate, panthenol, chamomilla recutita (matricaria) flower extract, isoceteth-10, iron oxides (ci 77491, ci 77492, ci 77499), aluminum powder (ci 77000), titanium dioxide (ci 77891).

seafoam ingredients / ingrédients : dimethicone, synthetic wax, silica, stearyl dimethicone, caprylic/capric triglyceride, trimethylsiloxysilicate/dimethiconol crosspolymer, mica, octadecene, dimethicone/vinyl dimethicone crosspolymer, pentaerythrityl tetra-di-t-butyl hydroxyhydrocinnamate, tocopheryl acetate, panthenol, chamomilla recutita (matricaria) flower extract, isoceteth-10, titanium dioxide (ci77891), blue 1 lake (ci 42090), iron oxides (ci 77492, ci 77499).

orchid ingredients / ingrédients : dimethicone, synthetic wax, silica, stearyl dimethicone, caprylic/capric triglyceride, trimethylsiloxysilicate/dimethiconol crosspolymer, mica, octadecene, dimethicone/vinyl dimethicone crosspolymer, pentaerythrityl tetra-di-t-butyl hydroxyhydrocinnamate, tocopheryl acetate, panthenol, chamomilla recutita (matricaria) flower extract, isoceteth-10, titanium dioxide (ci77891), blue 1 lake (ci 42090), iron oxides (ci 77492, ci 77499).

ash dimethicone, synthetic wax, mica, silica, stearyl dimethicone, caprylic/capric triglyceride, trimethylsiloxysilicate/dimethiconol crosspolymer, octadecene, dimethicone/vinyl dimethicone crosspolymer, pentaerythrityl tetra-di-t-butyl hydroxyhydrocinnamate, tocopheryl acetate, panthenol, chamomilla recutita (matricaria) flower extract, isoceteth-10, iron oxides (ci 77499, ci 77492, ci 77491), titanium dioxide (ci 77891)

terracotta dimethicone, synthetic wax, silica, stearyl dimethicone, caprylic/capric triglyceride, mica, trimethylsiloxysilicate/dimethiconol crosspolymer, octadecene, dimethicone/vinyl dimethicone crosspolymer, pentaerythrityl tetra-di-t-butyl hydroxyhydrocinnamate, tocopheryl acetate, panthenol, chamomilla recutita (matricaria) flower extract, isoceteth-10, iron oxides (ci 77491, ci 77492, ci 77499), titanium dioxide (ci 77891), yellow 5 lake (ci 19140)

this list of ingredients is subject to change; please refer to the packaging of the purchased product.",'4.4,26
Make Up,Eyes,'14858136289660,'54822984188284,Victoria Beckham Beauty,Satin Kajal Liner,https://ohmycream.co.uk/collections/make-up-eye/products/victoria-beckham-beauty-satin-kajal-liner?variant=54822984188284,https://cdn.shopify.com/s/files/1/0555/4071/1596/files/2024_12_VictoriaBeckhamBeauty_EyelinerKajalSatinSmokyQuartz_Packshot.jpg?v=1748854843,"Complete list of ingredients

bronze dimethicone, synthetic wax, silica, mica, stearyl dimethicone, caprylic/capric triglyceride, trimethylsiloxysilicate/dimethiconol crosspolymer, octadecene, dimethicone/vinyl dimethicone crosspolymer, pentaerythrityl tetra- di-t-butyl hydroxyhydrocinnamate, tocopheryl acetate, panthenol, chamomilla recutita (matricaria) flower extract, isoceteth-10, bronze powder (ci 77400), iron oxides (ci 77491, ci 77492, ci 77499), titanium dioxide (ci 77891)

black dimethicone, synthetic wax, silica, stearyl dimethicone, caprylic/capric triglyceride, mica, trimethylsiloxysilicate/dimethiconol crosspolymer, octadecene, dimethicone/vinyl dimethicone crosspolymer, pentaerythrityl tetra- di-t-butyl hydroxyhydrocinnamate, tocopheryl acetate, panthenol, chamomilla recutita (matricaria) flower extract, isoceteth-10, iron oxides (ci 77491, ci 77492, ci 77499), ferric ferrocyanide (ci 77510)

bordeaux dimethicone, synthetic wax, silica, stearyl dimethicone, caprylic/capric triglyceride, mica, trimethylsiloxysilicate/dimethiconol crosspolymer, octadecene, dimethicone/vinyl dimethicone crosspolymer, pentaerythrityl tetra- di-t-butyl hydroxyhydrocinnamate, tocopheryl acetate, panthenol, chamomilla recutita (matricaria) flower extract, isoceteth-10, carmine (ci 75470), iron oxides (ci 77491, ci 77492, ci 77499), titanium dioxide (ci 77891), blue 1 lake (ci 42090)

cocoa dimethicone, synthetic wax, silica, stearyl dimethicone, caprylic/capric triglyceride, trimethylsiloxysilicate/dimethiconol crosspolymer, mica, octadecene, dimethicone/vinyl dimethicone crosspolymer, pentaerythrityl tetra-di-t-butyl hydroxyhydrocinnamate, tocopheryl acetate, panthenol, chamomilla recutita (matricaria) flower extract, isoceteth-10, iron oxides (ci 77491, ci 77492, ci 77499)

navy noir dimethicone, synthetic wax, silica, stearyl dimethicone, caprylic/capric triglyceride, trimethylsiloxysilicate/dimethiconol crosspolymer, mica, octadecene, dimethicone/vinyl dimethicone crosspolymer, pentaerythrityl tetra-di-t-butyl hydroxyhydrocinnamate, tocopheryl acetate, panthenol, tin oxide, chamomilla recutita (matricaria) flower extract, isoceteth-10, ultramarines (ci 77007), ferric ferrocyanide (ci 77510), iron oxides (ci 77491, ci 77492, ci 77499), titanium dioxide (ci 77891), carmine (ci 75470).



olive dimethicone, synthetic wax, mica, silica, stearyl dimethicone, caprylic/capric triglyceride, trimethylsiloxysilicate/dimethiconol crosspolymer, octadecene, dimethicone/vinyl dimethicone crosspolymer, pentaerythrityl tetra- di-t-butyl hydroxyhydrocinnamate, tocopheryl acetate, panthenol, chamomilla recutita (matricaria) flower extract, isoceteth-10, iron oxides (ci 77491, ci 77499), titanium dioxide (ci 77891), ferric ferrocyanide (ci 77510).

fig dimethicone, synthetic wax, mica, silica, stearyl dimethicone, caprylic/capric triglyceride, trimethylsiloxysilicate/dimethiconol crosspolymer, octadecene, dimethicone/vinyl dimethicone crosspolymer, pentaerythrityl tetra- di-t-butyl hydroxyhydrocinnamate, tocopheryl acetate, panthenol, chamomilla recutita (matricaria) flower extract, isoceteth-10. may contain / peut contenir / (+/-) : manganese violet (ci 77742), ultramarines (ci 77007), carmine (ci 75470), iron oxides (ci 77491, ci 77492, ci 77499), titanium dioxide (ci 77891), ferric ferrocyanide (ci 77510).

night flash dimethicone, calcium sodium borosilicate, synthetic wax, silica, stearyl dimethicone, caprylic/capric triglyceride, synthetic fluorphlogopite, trimethylsiloxysilicate/dimethiconol crosspolymer, mica, octadecene, dimethicone/vinyl dimethicone crosspolymer, pentaerythrityl tetra-di-t-butyl hydroxyhydrocinnamate, tocopheryl acetate, tin oxide, panthenol, chamomilla recutita (matricaria) flower extract, isoceteth-10, iron oxides (ci 77499), titanium dioxide (ci 77891).

gold lame dimethicone, mica, synthetic wax, synthetic fluorphlogopite, silica, stearyl dimethicone, caprylic/capric triglyceride, trimethylsiloxysilicate/dimethiconol crosspolymer, octadecene, dimethicone/vinyl dimethicone crosspolymer, panthenol, chamomilla recutita (matricaria) flower extract, pentaerythrityl tetra-di-t-butyl hydroxyhydrocinnamate, tocopheryl acetate, isoceteth-10, bronze powder (ci 77400), iron oxides (ci 77491, ci 77499), aluminum powder (ci 77000).

sequin green dimethicone, synthetic wax, silica, mica, calcium sodium borosilicate, stearyl dimethicone, caprylic/capric triglyceride, trimethylsiloxysilicate/dimethiconol crosspolymer, octadecene, dimethicone/vinyl dimethicone crosspolymer, panthenol, chamomilla recutita (matricaria) flower extract, pentaerythrityl tetra-di-t-butyl hydroxyhydrocinnamate, tocopheryl acetate, tin oxide, isoceteth-10, iron oxides (ci 77491, ci 77492, ci 77499), titanium dioxide (ci 77891).

copper dimethicone, synthetic wax, mica, silica, stearyl dimethicone, caprylic/capric triglyceride, trimethylsiloxysilicate/dimethiconol crosspolymer, octadecene, dimethicone/vinyl dimethicone crosspolymer, pentaerythrityl tetra- di-t-butyl hydroxyhydrocinnamate, tocopheryl acetate, panthenol, chamomilla recutita (matricaria) flower extract, isoceteth-10. may contain / peut contenir / (+/-) : manganese violet (ci 77742), ultramarines (ci 77007), carmine (ci 75470), iron oxides (ci 77491, ci 77492, ci 77499), titanium dioxide (ci 77891), ferric ferrocyanide (ci 77510).

smoky quartz dimethicone, synthetic wax, silica, mica, stearyl dimethicone, caprylic/capric triglyceride, calcium sodium borosilicate, trimethylsiloxysilicate/dimethiconol crosspolymer, octadecene, dimethicone/vinyl dimethicone crosspolymer, pentaerythrityl tetra-di-t-butyl hydroxyhydrocinnamate, tocopheryl acetate, panthenol, tin oxide, chamomilla recutita (matricaria) flower extract, isoceteth-10, iron oxides (ci 77491, ci 77492, ci 77499), titanium dioxide (ci 77891)



surfside ingredients / ingrédients : dimethicone, mica, synthetic wax, silica, stearyl dimethicone, caprylic/capric triglyceride, trimethylsiloxysilicate/dimethiconol crosspolymer, octadecene, dimethicone/vinyl dimethicone crosspolymer, pentaerythrityl tetra-di-t-butyl hydroxyhydrocinnamate, tocopheryl acetate, panthenol, chamomilla recutita (matricaria) flower extract, isoceteth-10, chromium oxide greens (ci 77288), ferric ammonium ferrocyanide (ci 77510), iron oxides (ci 77499), titanium dioxide (ci 77891).

cinnamon ingredients / ingrédients : dimethicone, synthetic wax, silica, stearyl dimethicone, caprylic/capric triglyceride, mica, trimethylsiloxy silicate/dimethiconol crosspolymer, octadecene, dimethicone/vinyl dimethicone crosspolymer, pentaerythrityl tetra-di-t-butyl hydroxyhydrocinnamate, tocopheryl acetate, panthenol, chamomilla recutita (matricaria) flower extract, isoceteth-10, iron oxides (ci 77491, ci 77492, ci 77499), aluminum powder (ci 77000), titanium dioxide (ci 77891).

seafoam ingredients / ingrédients : dimethicone, synthetic wax, silica, stearyl dimethicone, caprylic/capric triglyceride, trimethylsiloxysilicate/dimethiconol crosspolymer, mica, octadecene, dimethicone/vinyl dimethicone crosspolymer, pentaerythrityl tetra-di-t-butyl hydroxyhydrocinnamate, tocopheryl acetate, panthenol, chamomilla recutita (matricaria) flower extract, isoceteth-10, titanium dioxide (ci77891), blue 1 lake (ci 42090), iron oxides (ci 77492, ci 77499).

orchid ingredients / ingrédients : dimethicone, synthetic wax, silica, stearyl dimethicone, caprylic/capric triglyceride, trimethylsiloxysilicate/dimethiconol crosspolymer, mica, octadecene, dimethicone/vinyl dimethicone crosspolymer, pentaerythrityl tetra-di-t-butyl hydroxyhydrocinnamate, tocopheryl acetate, panthenol, chamomilla recutita (matricaria) flower extract, isoceteth-10, titanium dioxide (ci77891), blue 1 lake (ci 42090), iron oxides (ci 77492, ci 77499).

ash dimethicone, synthetic wax, mica, silica, stearyl dimethicone, caprylic/capric triglyceride, trimethylsiloxysilicate/dimethiconol crosspolymer, octadecene, dimethicone/vinyl dimethicone crosspolymer, pentaerythrityl tetra-di-t-butyl hydroxyhydrocinnamate, tocopheryl acetate, panthenol, chamomilla recutita (matricaria) flower extract, isoceteth-10, iron oxides (ci 77499, ci 77492, ci 77491), titanium dioxide (ci 77891)

terracotta dimethicone, synthetic wax, silica, stearyl dimethicone, caprylic/capric triglyceride, mica, trimethylsiloxysilicate/dimethiconol crosspolymer, octadecene, dimethicone/vinyl dimethicone crosspolymer, pentaerythrityl tetra-di-t-butyl hydroxyhydrocinnamate, tocopheryl acetate, panthenol, chamomilla recutita (matricaria) flower extract, isoceteth-10, iron oxides (ci 77491, ci 77492, ci 77499), titanium dioxide (ci 77891), yellow 5 lake (ci 19140)

this list of ingredients is subject to change; please refer to the packaging of the purchased product.",'4.4,26
Make Up,Eyes,'14858136289660,'54822984155516,Victoria Beckham Beauty,Satin Kajal Liner,https://ohmycream.co.uk/collections/make-up-eye/products/victoria-beckham-beauty-satin-kajal-liner?variant=54822984155516,https://cdn.shopify.com/s/files/1/0555/4071/1596/files/2024_12_VictoriaBeckhamBeauty_EyelinerKajalSatinNightFlash_Packshot.jpg?v=1748854843,"Complete list of ingredients

bronze dimethicone, synthetic wax, silica, mica, stearyl dimethicone, caprylic/capric triglyceride, trimethylsiloxysilicate/dimethiconol crosspolymer, octadecene, dimethicone/vinyl dimethicone crosspolymer, pentaerythrityl tetra- di-t-butyl hydroxyhydrocinnamate, tocopheryl acetate, panthenol, chamomilla recutita (matricaria) flower extract, isoceteth-10, bronze powder (ci 77400), iron oxides (ci 77491, ci 77492, ci 77499), titanium dioxide (ci 77891)

black dimethicone, synthetic wax, silica, stearyl dimethicone, caprylic/capric triglyceride, mica, trimethylsiloxysilicate/dimethiconol crosspolymer, octadecene, dimethicone/vinyl dimethicone crosspolymer, pentaerythrityl tetra- di-t-butyl hydroxyhydrocinnamate, tocopheryl acetate, panthenol, chamomilla recutita (matricaria) flower extract, isoceteth-10, iron oxides (ci 77491, ci 77492, ci 77499), ferric ferrocyanide (ci 77510)

bordeaux dimethicone, synthetic wax, silica, stearyl dimethicone, caprylic/capric triglyceride, mica, trimethylsiloxysilicate/dimethiconol crosspolymer, octadecene, dimethicone/vinyl dimethicone crosspolymer, pentaerythrityl tetra- di-t-butyl hydroxyhydrocinnamate, tocopheryl acetate, panthenol, chamomilla recutita (matricaria) flower extract, isoceteth-10, carmine (ci 75470), iron oxides (ci 77491, ci 77492, ci 77499), titanium dioxide (ci 77891), blue 1 lake (ci 42090)

cocoa dimethicone, synthetic wax, silica, stearyl dimethicone, caprylic/capric triglyceride, trimethylsiloxysilicate/dimethiconol crosspolymer, mica, octadecene, dimethicone/vinyl dimethicone crosspolymer, pentaerythrityl tetra-di-t-butyl hydroxyhydrocinnamate, tocopheryl acetate, panthenol, chamomilla recutita (matricaria) flower extract, isoceteth-10, iron oxides (ci 77491, ci 77492, ci 77499)

navy noir dimethicone, synthetic wax, silica, stearyl dimethicone, caprylic/capric triglyceride, trimethylsiloxysilicate/dimethiconol crosspolymer, mica, octadecene, dimethicone/vinyl dimethicone crosspolymer, pentaerythrityl tetra-di-t-butyl hydroxyhydrocinnamate, tocopheryl acetate, panthenol, tin oxide, chamomilla recutita (matricaria) flower extract, isoceteth-10, ultramarines (ci 77007), ferric ferrocyanide (ci 77510), iron oxides (ci 77491, ci 77492, ci 77499), titanium dioxide (ci 77891), carmine (ci 75470).



olive dimethicone, synthetic wax, mica, silica, stearyl dimethicone, caprylic/capric triglyceride, trimethylsiloxysilicate/dimethiconol crosspolymer, octadecene, dimethicone/vinyl dimethicone crosspolymer, pentaerythrityl tetra- di-t-butyl hydroxyhydrocinnamate, tocopheryl acetate, panthenol, chamomilla recutita (matricaria) flower extract, isoceteth-10, iron oxides (ci 77491, ci 77499), titanium dioxide (ci 77891), ferric ferrocyanide (ci 77510).

fig dimethicone, synthetic wax, mica, silica, stearyl dimethicone, caprylic/capric triglyceride, trimethylsiloxysilicate/dimethiconol crosspolymer, octadecene, dimethicone/vinyl dimethicone crosspolymer, pentaerythrityl tetra- di-t-butyl hydroxyhydrocinnamate, tocopheryl acetate, panthenol, chamomilla recutita (matricaria) flower extract, isoceteth-10. may contain / peut contenir / (+/-) : manganese violet (ci 77742), ultramarines (ci 77007), carmine (ci 75470), iron oxides (ci 77491, ci 77492, ci 77499), titanium dioxide (ci 77891), ferric ferrocyanide (ci 77510).

night flash dimethicone, calcium sodium borosilicate, synthetic wax, silica, stearyl dimethicone, caprylic/capric triglyceride, synthetic fluorphlogopite, trimethylsiloxysilicate/dimethiconol crosspolymer, mica, octadecene, dimethicone/vinyl dimethicone crosspolymer, pentaerythrityl tetra-di-t-butyl hydroxyhydrocinnamate, tocopheryl acetate, tin oxide, panthenol, chamomilla recutita (matricaria) flower extract, isoceteth-10, iron oxides (ci 77499), titanium dioxide (ci 77891).

gold lame dimethicone, mica, synthetic wax, synthetic fluorphlogopite, silica, stearyl dimethicone, caprylic/capric triglyceride, trimethylsiloxysilicate/dimethiconol crosspolymer, octadecene, dimethicone/vinyl dimethicone crosspolymer, panthenol, chamomilla recutita (matricaria) flower extract, pentaerythrityl tetra-di-t-butyl hydroxyhydrocinnamate, tocopheryl acetate, isoceteth-10, bronze powder (ci 77400), iron oxides (ci 77491, ci 77499), aluminum powder (ci 77000).

sequin green dimethicone, synthetic wax, silica, mica, calcium sodium borosilicate, stearyl dimethicone, caprylic/capric triglyceride, trimethylsiloxysilicate/dimethiconol crosspolymer, octadecene, dimethicone/vinyl dimethicone crosspolymer, panthenol, chamomilla recutita (matricaria) flower extract, pentaerythrityl tetra-di-t-butyl hydroxyhydrocinnamate, tocopheryl acetate, tin oxide, isoceteth-10, iron oxides (ci 77491, ci 77492, ci 77499), titanium dioxide (ci 77891).

copper dimethicone, synthetic wax, mica, silica, stearyl dimethicone, caprylic/capric triglyceride, trimethylsiloxysilicate/dimethiconol crosspolymer, octadecene, dimethicone/vinyl dimethicone crosspolymer, pentaerythrityl tetra- di-t-butyl hydroxyhydrocinnamate, tocopheryl acetate, panthenol, chamomilla recutita (matricaria) flower extract, isoceteth-10. may contain / peut contenir / (+/-) : manganese violet (ci 77742), ultramarines (ci 77007), carmine (ci 75470), iron oxides (ci 77491, ci 77492, ci 77499), titanium dioxide (ci 77891), ferric ferrocyanide (ci 77510).

smoky quartz dimethicone, synthetic wax, silica, mica, stearyl dimethicone, caprylic/capric triglyceride, calcium sodium borosilicate, trimethylsiloxysilicate/dimethiconol crosspolymer, octadecene, dimethicone/vinyl dimethicone crosspolymer, pentaerythrityl tetra-di-t-butyl hydroxyhydrocinnamate, tocopheryl acetate, panthenol, tin oxide, chamomilla recutita (matricaria) flower extract, isoceteth-10, iron oxides (ci 77491, ci 77492, ci 77499), titanium dioxide (ci 77891)



surfside ingredients / ingrédients : dimethicone, mica, synthetic wax, silica, stearyl dimethicone, caprylic/capric triglyceride, trimethylsiloxysilicate/dimethiconol crosspolymer, octadecene, dimethicone/vinyl dimethicone crosspolymer, pentaerythrityl tetra-di-t-butyl hydroxyhydrocinnamate, tocopheryl acetate, panthenol, chamomilla recutita (matricaria) flower extract, isoceteth-10, chromium oxide greens (ci 77288), ferric ammonium ferrocyanide (ci 77510), iron oxides (ci 77499), titanium dioxide (ci 77891).

cinnamon ingredients / ingrédients : dimethicone, synthetic wax, silica, stearyl dimethicone, caprylic/capric triglyceride, mica, trimethylsiloxy silicate/dimethiconol crosspolymer, octadecene, dimethicone/vinyl dimethicone crosspolymer, pentaerythrityl tetra-di-t-butyl hydroxyhydrocinnamate, tocopheryl acetate, panthenol, chamomilla recutita (matricaria) flower extract, isoceteth-10, iron oxides (ci 77491, ci 77492, ci 77499), aluminum powder (ci 77000), titanium dioxide (ci 77891).

seafoam ingredients / ingrédients : dimethicone, synthetic wax, silica, stearyl dimethicone, caprylic/capric triglyceride, trimethylsiloxysilicate/dimethiconol crosspolymer, mica, octadecene, dimethicone/vinyl dimethicone crosspolymer, pentaerythrityl tetra-di-t-butyl hydroxyhydrocinnamate, tocopheryl acetate, panthenol, chamomilla recutita (matricaria) flower extract, isoceteth-10, titanium dioxide (ci77891), blue 1 lake (ci 42090), iron oxides (ci 77492, ci 77499).

orchid ingredients / ingrédients : dimethicone, synthetic wax, silica, stearyl dimethicone, caprylic/capric triglyceride, trimethylsiloxysilicate/dimethiconol crosspolymer, mica, octadecene, dimethicone/vinyl dimethicone crosspolymer, pentaerythrityl tetra-di-t-butyl hydroxyhydrocinnamate, tocopheryl acetate, panthenol, chamomilla recutita (matricaria) flower extract, isoceteth-10, titanium dioxide (ci77891), blue 1 lake (ci 42090), iron oxides (ci 77492, ci 77499).

ash dimethicone, synthetic wax, mica, silica, stearyl dimethicone, caprylic/capric triglyceride, trimethylsiloxysilicate/dimethiconol crosspolymer, octadecene, dimethicone/vinyl dimethicone crosspolymer, pentaerythrityl tetra-di-t-butyl hydroxyhydrocinnamate, tocopheryl acetate, panthenol, chamomilla recutita (matricaria) flower extract, isoceteth-10, iron oxides (ci 77499, ci 77492, ci 77491), titanium dioxide (ci 77891)

terracotta dimethicone, synthetic wax, silica, stearyl dimethicone, caprylic/capric triglyceride, mica, trimethylsiloxysilicate/dimethiconol crosspolymer, octadecene, dimethicone/vinyl dimethicone crosspolymer, pentaerythrityl tetra-di-t-butyl hydroxyhydrocinnamate, tocopheryl acetate, panthenol, chamomilla recutita (matricaria) flower extract, isoceteth-10, iron oxides (ci 77491, ci 77492, ci 77499), titanium dioxide (ci 77891), yellow 5 lake (ci 19140)

this list of ingredients is subject to change; please refer to the packaging of the purchased product.",'4.4,26
Make Up,Eyes,'14858136289660,'54822984286588,Victoria Beckham Beauty,Satin Kajal Liner,https://ohmycream.co.uk/collections/make-up-eye/products/victoria-beckham-beauty-satin-kajal-liner?variant=54822984286588,https://cdn.shopify.com/s/files/1/0555/4071/1596/files/2024_12_VictoriaBeckhamBeauty_EyelinerKajalSatinSequinGreen_Packshot.jpg?v=1748854843,"Complete list of ingredients

bronze dimethicone, synthetic wax, silica, mica, stearyl dimethicone, caprylic/capric triglyceride, trimethylsiloxysilicate/dimethiconol crosspolymer, octadecene, dimethicone/vinyl dimethicone crosspolymer, pentaerythrityl tetra- di-t-butyl hydroxyhydrocinnamate, tocopheryl acetate, panthenol, chamomilla recutita (matricaria) flower extract, isoceteth-10, bronze powder (ci 77400), iron oxides (ci 77491, ci 77492, ci 77499), titanium dioxide (ci 77891)

black dimethicone, synthetic wax, silica, stearyl dimethicone, caprylic/capric triglyceride, mica, trimethylsiloxysilicate/dimethiconol crosspolymer, octadecene, dimethicone/vinyl dimethicone crosspolymer, pentaerythrityl tetra- di-t-butyl hydroxyhydrocinnamate, tocopheryl acetate, panthenol, chamomilla recutita (matricaria) flower extract, isoceteth-10, iron oxides (ci 77491, ci 77492, ci 77499), ferric ferrocyanide (ci 77510)

bordeaux dimethicone, synthetic wax, silica, stearyl dimethicone, caprylic/capric triglyceride, mica, trimethylsiloxysilicate/dimethiconol crosspolymer, octadecene, dimethicone/vinyl dimethicone crosspolymer, pentaerythrityl tetra- di-t-butyl hydroxyhydrocinnamate, tocopheryl acetate, panthenol, chamomilla recutita (matricaria) flower extract, isoceteth-10, carmine (ci 75470), iron oxides (ci 77491, ci 77492, ci 77499), titanium dioxide (ci 77891), blue 1 lake (ci 42090)

cocoa dimethicone, synthetic wax, silica, stearyl dimethicone, caprylic/capric triglyceride, trimethylsiloxysilicate/dimethiconol crosspolymer, mica, octadecene, dimethicone/vinyl dimethicone crosspolymer, pentaerythrityl tetra-di-t-butyl hydroxyhydrocinnamate, tocopheryl acetate, panthenol, chamomilla recutita (matricaria) flower extract, isoceteth-10, iron oxides (ci 77491, ci 77492, ci 77499)

navy noir dimethicone, synthetic wax, silica, stearyl dimethicone, caprylic/capric triglyceride, trimethylsiloxysilicate/dimethiconol crosspolymer, mica, octadecene, dimethicone/vinyl dimethicone crosspolymer, pentaerythrityl tetra-di-t-butyl hydroxyhydrocinnamate, tocopheryl acetate, panthenol, tin oxide, chamomilla recutita (matricaria) flower extract, isoceteth-10, ultramarines (ci 77007), ferric ferrocyanide (ci 77510), iron oxides (ci 77491, ci 77492, ci 77499), titanium dioxide (ci 77891), carmine (ci 75470).



olive dimethicone, synthetic wax, mica, silica, stearyl dimethicone, caprylic/capric triglyceride, trimethylsiloxysilicate/dimethiconol crosspolymer, octadecene, dimethicone/vinyl dimethicone crosspolymer, pentaerythrityl tetra- di-t-butyl hydroxyhydrocinnamate, tocopheryl acetate, panthenol, chamomilla recutita (matricaria) flower extract, isoceteth-10, iron oxides (ci 77491, ci 77499), titanium dioxide (ci 77891), ferric ferrocyanide (ci 77510).

fig dimethicone, synthetic wax, mica, silica, stearyl dimethicone, caprylic/capric triglyceride, trimethylsiloxysilicate/dimethiconol crosspolymer, octadecene, dimethicone/vinyl dimethicone crosspolymer, pentaerythrityl tetra- di-t-butyl hydroxyhydrocinnamate, tocopheryl acetate, panthenol, chamomilla recutita (matricaria) flower extract, isoceteth-10. may contain / peut contenir / (+/-) : manganese violet (ci 77742), ultramarines (ci 77007), carmine (ci 75470), iron oxides (ci 77491, ci 77492, ci 77499), titanium dioxide (ci 77891), ferric ferrocyanide (ci 77510).

night flash dimethicone, calcium sodium borosilicate, synthetic wax, silica, stearyl dimethicone, caprylic/capric triglyceride, synthetic fluorphlogopite, trimethylsiloxysilicate/dimethiconol crosspolymer, mica, octadecene, dimethicone/vinyl dimethicone crosspolymer, pentaerythrityl tetra-di-t-butyl hydroxyhydrocinnamate, tocopheryl acetate, tin oxide, panthenol, chamomilla recutita (matricaria) flower extract, isoceteth-10, iron oxides (ci 77499), titanium dioxide (ci 77891).

gold lame dimethicone, mica, synthetic wax, synthetic fluorphlogopite, silica, stearyl dimethicone, caprylic/capric triglyceride, trimethylsiloxysilicate/dimethiconol crosspolymer, octadecene, dimethicone/vinyl dimethicone crosspolymer, panthenol, chamomilla recutita (matricaria) flower extract, pentaerythrityl tetra-di-t-butyl hydroxyhydrocinnamate, tocopheryl acetate, isoceteth-10, bronze powder (ci 77400), iron oxides (ci 77491, ci 77499), aluminum powder (ci 77000).

sequin green dimethicone, synthetic wax, silica, mica, calcium sodium borosilicate, stearyl dimethicone, caprylic/capric triglyceride, trimethylsiloxysilicate/dimethiconol crosspolymer, octadecene, dimethicone/vinyl dimethicone crosspolymer, panthenol, chamomilla recutita (matricaria) flower extract, pentaerythrityl tetra-di-t-butyl hydroxyhydrocinnamate, tocopheryl acetate, tin oxide, isoceteth-10, iron oxides (ci 77491, ci 77492, ci 77499), titanium dioxide (ci 77891).

copper dimethicone, synthetic wax, mica, silica, stearyl dimethicone, caprylic/capric triglyceride, trimethylsiloxysilicate/dimethiconol crosspolymer, octadecene, dimethicone/vinyl dimethicone crosspolymer, pentaerythrityl tetra- di-t-butyl hydroxyhydrocinnamate, tocopheryl acetate, panthenol, chamomilla recutita (matricaria) flower extract, isoceteth-10. may contain / peut contenir / (+/-) : manganese violet (ci 77742), ultramarines (ci 77007), carmine (ci 75470), iron oxides (ci 77491, ci 77492, ci 77499), titanium dioxide (ci 77891), ferric ferrocyanide (ci 77510).

smoky quartz dimethicone, synthetic wax, silica, mica, stearyl dimethicone, caprylic/capric triglyceride, calcium sodium borosilicate, trimethylsiloxysilicate/dimethiconol crosspolymer, octadecene, dimethicone/vinyl dimethicone crosspolymer, pentaerythrityl tetra-di-t-butyl hydroxyhydrocinnamate, tocopheryl acetate, panthenol, tin oxide, chamomilla recutita (matricaria) flower extract, isoceteth-10, iron oxides (ci 77491, ci 77492, ci 77499), titanium dioxide (ci 77891)



surfside ingredients / ingrédients : dimethicone, mica, synthetic wax, silica, stearyl dimethicone, caprylic/capric triglyceride, trimethylsiloxysilicate/dimethiconol crosspolymer, octadecene, dimethicone/vinyl dimethicone crosspolymer, pentaerythrityl tetra-di-t-butyl hydroxyhydrocinnamate, tocopheryl acetate, panthenol, chamomilla recutita (matricaria) flower extract, isoceteth-10, chromium oxide greens (ci 77288), ferric ammonium ferrocyanide (ci 77510), iron oxides (ci 77499), titanium dioxide (ci 77891).

cinnamon ingredients / ingrédients : dimethicone, synthetic wax, silica, stearyl dimethicone, caprylic/capric triglyceride, mica, trimethylsiloxy silicate/dimethiconol crosspolymer, octadecene, dimethicone/vinyl dimethicone crosspolymer, pentaerythrityl tetra-di-t-butyl hydroxyhydrocinnamate, tocopheryl acetate, panthenol, chamomilla recutita (matricaria) flower extract, isoceteth-10, iron oxides (ci 77491, ci 77492, ci 77499), aluminum powder (ci 77000), titanium dioxide (ci 77891).

seafoam ingredients / ingrédients : dimethicone, synthetic wax, silica, stearyl dimethicone, caprylic/capric triglyceride, trimethylsiloxysilicate/dimethiconol crosspolymer, mica, octadecene, dimethicone/vinyl dimethicone crosspolymer, pentaerythrityl tetra-di-t-butyl hydroxyhydrocinnamate, tocopheryl acetate, panthenol, chamomilla recutita (matricaria) flower extract, isoceteth-10, titanium dioxide (ci77891), blue 1 lake (ci 42090), iron oxides (ci 77492, ci 77499).

orchid ingredients / ingrédients : dimethicone, synthetic wax, silica, stearyl dimethicone, caprylic/capric triglyceride, trimethylsiloxysilicate/dimethiconol crosspolymer, mica, octadecene, dimethicone/vinyl dimethicone crosspolymer, pentaerythrityl tetra-di-t-butyl hydroxyhydrocinnamate, tocopheryl acetate, panthenol, chamomilla recutita (matricaria) flower extract, isoceteth-10, titanium dioxide (ci77891), blue 1 lake (ci 42090), iron oxides (ci 77492, ci 77499).

ash dimethicone, synthetic wax, mica, silica, stearyl dimethicone, caprylic/capric triglyceride, trimethylsiloxysilicate/dimethiconol crosspolymer, octadecene, dimethicone/vinyl dimethicone crosspolymer, pentaerythrityl tetra-di-t-butyl hydroxyhydrocinnamate, tocopheryl acetate, panthenol, chamomilla recutita (matricaria) flower extract, isoceteth-10, iron oxides (ci 77499, ci 77492, ci 77491), titanium dioxide (ci 77891)

terracotta dimethicone, synthetic wax, silica, stearyl dimethicone, caprylic/capric triglyceride, mica, trimethylsiloxysilicate/dimethiconol crosspolymer, octadecene, dimethicone/vinyl dimethicone crosspolymer, pentaerythrityl tetra-di-t-butyl hydroxyhydrocinnamate, tocopheryl acetate, panthenol, chamomilla recutita (matricaria) flower extract, isoceteth-10, iron oxides (ci 77491, ci 77492, ci 77499), titanium dioxide (ci 77891), yellow 5 lake (ci 19140)

this list of ingredients is subject to change; please refer to the packaging of the purchased product.",'4.4,26
Make Up,Eyes,'14858136289660,'54822984384892,Victoria Beckham Beauty,Satin Kajal Liner,https://ohmycream.co.uk/collections/make-up-eye/products/victoria-beckham-beauty-satin-kajal-liner?variant=54822984384892,https://cdn.shopify.com/s/files/1/0555/4071/1596/files/2024_12_VictoriaBeckhamBeauty_EyelinerKajalSatinGoldLame_Packshot.jpg?v=1748854843,"Complete list of ingredients

bronze dimethicone, synthetic wax, silica, mica, stearyl dimethicone, caprylic/capric triglyceride, trimethylsiloxysilicate/dimethiconol crosspolymer, octadecene, dimethicone/vinyl dimethicone crosspolymer, pentaerythrityl tetra- di-t-butyl hydroxyhydrocinnamate, tocopheryl acetate, panthenol, chamomilla recutita (matricaria) flower extract, isoceteth-10, bronze powder (ci 77400), iron oxides (ci 77491, ci 77492, ci 77499), titanium dioxide (ci 77891)

black dimethicone, synthetic wax, silica, stearyl dimethicone, caprylic/capric triglyceride, mica, trimethylsiloxysilicate/dimethiconol crosspolymer, octadecene, dimethicone/vinyl dimethicone crosspolymer, pentaerythrityl tetra- di-t-butyl hydroxyhydrocinnamate, tocopheryl acetate, panthenol, chamomilla recutita (matricaria) flower extract, isoceteth-10, iron oxides (ci 77491, ci 77492, ci 77499), ferric ferrocyanide (ci 77510)

bordeaux dimethicone, synthetic wax, silica, stearyl dimethicone, caprylic/capric triglyceride, mica, trimethylsiloxysilicate/dimethiconol crosspolymer, octadecene, dimethicone/vinyl dimethicone crosspolymer, pentaerythrityl tetra- di-t-butyl hydroxyhydrocinnamate, tocopheryl acetate, panthenol, chamomilla recutita (matricaria) flower extract, isoceteth-10, carmine (ci 75470), iron oxides (ci 77491, ci 77492, ci 77499), titanium dioxide (ci 77891), blue 1 lake (ci 42090)

cocoa dimethicone, synthetic wax, silica, stearyl dimethicone, caprylic/capric triglyceride, trimethylsiloxysilicate/dimethiconol crosspolymer, mica, octadecene, dimethicone/vinyl dimethicone crosspolymer, pentaerythrityl tetra-di-t-butyl hydroxyhydrocinnamate, tocopheryl acetate, panthenol, chamomilla recutita (matricaria) flower extract, isoceteth-10, iron oxides (ci 77491, ci 77492, ci 77499)

navy noir dimethicone, synthetic wax, silica, stearyl dimethicone, caprylic/capric triglyceride, trimethylsiloxysilicate/dimethiconol crosspolymer, mica, octadecene, dimethicone/vinyl dimethicone crosspolymer, pentaerythrityl tetra-di-t-butyl hydroxyhydrocinnamate, tocopheryl acetate, panthenol, tin oxide, chamomilla recutita (matricaria) flower extract, isoceteth-10, ultramarines (ci 77007), ferric ferrocyanide (ci 77510), iron oxides (ci 77491, ci 77492, ci 77499), titanium dioxide (ci 77891), carmine (ci 75470).



olive dimethicone, synthetic wax, mica, silica, stearyl dimethicone, caprylic/capric triglyceride, trimethylsiloxysilicate/dimethiconol crosspolymer, octadecene, dimethicone/vinyl dimethicone crosspolymer, pentaerythrityl tetra- di-t-butyl hydroxyhydrocinnamate, tocopheryl acetate, panthenol, chamomilla recutita (matricaria) flower extract, isoceteth-10, iron oxides (ci 77491, ci 77499), titanium dioxide (ci 77891), ferric ferrocyanide (ci 77510).

fig dimethicone, synthetic wax, mica, silica, stearyl dimethicone, caprylic/capric triglyceride, trimethylsiloxysilicate/dimethiconol crosspolymer, octadecene, dimethicone/vinyl dimethicone crosspolymer, pentaerythrityl tetra- di-t-butyl hydroxyhydrocinnamate, tocopheryl acetate, panthenol, chamomilla recutita (matricaria) flower extract, isoceteth-10. may contain / peut contenir / (+/-) : manganese violet (ci 77742), ultramarines (ci 77007), carmine (ci 75470), iron oxides (ci 77491, ci 77492, ci 77499), titanium dioxide (ci 77891), ferric ferrocyanide (ci 77510).

night flash dimethicone, calcium sodium borosilicate, synthetic wax, silica, stearyl dimethicone, caprylic/capric triglyceride, synthetic fluorphlogopite, trimethylsiloxysilicate/dimethiconol crosspolymer, mica, octadecene, dimethicone/vinyl dimethicone crosspolymer, pentaerythrityl tetra-di-t-butyl hydroxyhydrocinnamate, tocopheryl acetate, tin oxide, panthenol, chamomilla recutita (matricaria) flower extract, isoceteth-10, iron oxides (ci 77499), titanium dioxide (ci 77891).

gold lame dimethicone, mica, synthetic wax, synthetic fluorphlogopite, silica, stearyl dimethicone, caprylic/capric triglyceride, trimethylsiloxysilicate/dimethiconol crosspolymer, octadecene, dimethicone/vinyl dimethicone crosspolymer, panthenol, chamomilla recutita (matricaria) flower extract, pentaerythrityl tetra-di-t-butyl hydroxyhydrocinnamate, tocopheryl acetate, isoceteth-10, bronze powder (ci 77400), iron oxides (ci 77491, ci 77499), aluminum powder (ci 77000).

sequin green dimethicone, synthetic wax, silica, mica, calcium sodium borosilicate, stearyl dimethicone, caprylic/capric triglyceride, trimethylsiloxysilicate/dimethiconol crosspolymer, octadecene, dimethicone/vinyl dimethicone crosspolymer, panthenol, chamomilla recutita (matricaria) flower extract, pentaerythrityl tetra-di-t-butyl hydroxyhydrocinnamate, tocopheryl acetate, tin oxide, isoceteth-10, iron oxides (ci 77491, ci 77492, ci 77499), titanium dioxide (ci 77891).

copper dimethicone, synthetic wax, mica, silica, stearyl dimethicone, caprylic/capric triglyceride, trimethylsiloxysilicate/dimethiconol crosspolymer, octadecene, dimethicone/vinyl dimethicone crosspolymer, pentaerythrityl tetra- di-t-butyl hydroxyhydrocinnamate, tocopheryl acetate, panthenol, chamomilla recutita (matricaria) flower extract, isoceteth-10. may contain / peut contenir / (+/-) : manganese violet (ci 77742), ultramarines (ci 77007), carmine (ci 75470), iron oxides (ci 77491, ci 77492, ci 77499), titanium dioxide (ci 77891), ferric ferrocyanide (ci 77510).

smoky quartz dimethicone, synthetic wax, silica, mica, stearyl dimethicone, caprylic/capric triglyceride, calcium sodium borosilicate, trimethylsiloxysilicate/dimethiconol crosspolymer, octadecene, dimethicone/vinyl dimethicone crosspolymer, pentaerythrityl tetra-di-t-butyl hydroxyhydrocinnamate, tocopheryl acetate, panthenol, tin oxide, chamomilla recutita (matricaria) flower extract, isoceteth-10, iron oxides (ci 77491, ci 77492, ci 77499), titanium dioxide (ci 77891)



surfside ingredients / ingrédients : dimethicone, mica, synthetic wax, silica, stearyl dimethicone, caprylic/capric triglyceride, trimethylsiloxysilicate/dimethiconol crosspolymer, octadecene, dimethicone/vinyl dimethicone crosspolymer, pentaerythrityl tetra-di-t-butyl hydroxyhydrocinnamate, tocopheryl acetate, panthenol, chamomilla recutita (matricaria) flower extract, isoceteth-10, chromium oxide greens (ci 77288), ferric ammonium ferrocyanide (ci 77510), iron oxides (ci 77499), titanium dioxide (ci 77891).

cinnamon ingredients / ingrédients : dimethicone, synthetic wax, silica, stearyl dimethicone, caprylic/capric triglyceride, mica, trimethylsiloxy silicate/dimethiconol crosspolymer, octadecene, dimethicone/vinyl dimethicone crosspolymer, pentaerythrityl tetra-di-t-butyl hydroxyhydrocinnamate, tocopheryl acetate, panthenol, chamomilla recutita (matricaria) flower extract, isoceteth-10, iron oxides (ci 77491, ci 77492, ci 77499), aluminum powder (ci 77000), titanium dioxide (ci 77891).

seafoam ingredients / ingrédients : dimethicone, synthetic wax, silica, stearyl dimethicone, caprylic/capric triglyceride, trimethylsiloxysilicate/dimethiconol crosspolymer, mica, octadecene, dimethicone/vinyl dimethicone crosspolymer, pentaerythrityl tetra-di-t-butyl hydroxyhydrocinnamate, tocopheryl acetate, panthenol, chamomilla recutita (matricaria) flower extract, isoceteth-10, titanium dioxide (ci77891), blue 1 lake (ci 42090), iron oxides (ci 77492, ci 77499).

orchid ingredients / ingrédients : dimethicone, synthetic wax, silica, stearyl dimethicone, caprylic/capric triglyceride, trimethylsiloxysilicate/dimethiconol crosspolymer, mica, octadecene, dimethicone/vinyl dimethicone crosspolymer, pentaerythrityl tetra-di-t-butyl hydroxyhydrocinnamate, tocopheryl acetate, panthenol, chamomilla recutita (matricaria) flower extract, isoceteth-10, titanium dioxide (ci77891), blue 1 lake (ci 42090), iron oxides (ci 77492, ci 77499).

ash dimethicone, synthetic wax, mica, silica, stearyl dimethicone, caprylic/capric triglyceride, trimethylsiloxysilicate/dimethiconol crosspolymer, octadecene, dimethicone/vinyl dimethicone crosspolymer, pentaerythrityl tetra-di-t-butyl hydroxyhydrocinnamate, tocopheryl acetate, panthenol, chamomilla recutita (matricaria) flower extract, isoceteth-10, iron oxides (ci 77499, ci 77492, ci 77491), titanium dioxide (ci 77891)

terracotta dimethicone, synthetic wax, silica, stearyl dimethicone, caprylic/capric triglyceride, mica, trimethylsiloxysilicate/dimethiconol crosspolymer, octadecene, dimethicone/vinyl dimethicone crosspolymer, pentaerythrityl tetra-di-t-butyl hydroxyhydrocinnamate, tocopheryl acetate, panthenol, chamomilla recutita (matricaria) flower extract, isoceteth-10, iron oxides (ci 77491, ci 77492, ci 77499), titanium dioxide (ci 77891), yellow 5 lake (ci 19140)

this list of ingredients is subject to change; please refer to the packaging of the purchased product.",'4.4,26
Make Up,Eyes,'14858136289660,'55097127141756,Victoria Beckham Beauty,Satin Kajal Liner,https://ohmycream.co.uk/collections/make-up-eye/products/victoria-beckham-beauty-satin-kajal-liner?variant=55097127141756,https://cdn.shopify.com/s/files/1/0555/4071/1596/files/202412_VictoriaBeckhamBeauty_SatinKajalLiner_Ash_Swatch.jpg?v=1748854843,"Complete list of ingredients

bronze dimethicone, synthetic wax, silica, mica, stearyl dimethicone, caprylic/capric triglyceride, trimethylsiloxysilicate/dimethiconol crosspolymer, octadecene, dimethicone/vinyl dimethicone crosspolymer, pentaerythrityl tetra- di-t-butyl hydroxyhydrocinnamate, tocopheryl acetate, panthenol, chamomilla recutita (matricaria) flower extract, isoceteth-10, bronze powder (ci 77400), iron oxides (ci 77491, ci 77492, ci 77499), titanium dioxide (ci 77891)

black dimethicone, synthetic wax, silica, stearyl dimethicone, caprylic/capric triglyceride, mica, trimethylsiloxysilicate/dimethiconol crosspolymer, octadecene, dimethicone/vinyl dimethicone crosspolymer, pentaerythrityl tetra- di-t-butyl hydroxyhydrocinnamate, tocopheryl acetate, panthenol, chamomilla recutita (matricaria) flower extract, isoceteth-10, iron oxides (ci 77491, ci 77492, ci 77499), ferric ferrocyanide (ci 77510)

bordeaux dimethicone, synthetic wax, silica, stearyl dimethicone, caprylic/capric triglyceride, mica, trimethylsiloxysilicate/dimethiconol crosspolymer, octadecene, dimethicone/vinyl dimethicone crosspolymer, pentaerythrityl tetra- di-t-butyl hydroxyhydrocinnamate, tocopheryl acetate, panthenol, chamomilla recutita (matricaria) flower extract, isoceteth-10, carmine (ci 75470), iron oxides (ci 77491, ci 77492, ci 77499), titanium dioxide (ci 77891), blue 1 lake (ci 42090)

cocoa dimethicone, synthetic wax, silica, stearyl dimethicone, caprylic/capric triglyceride, trimethylsiloxysilicate/dimethiconol crosspolymer, mica, octadecene, dimethicone/vinyl dimethicone crosspolymer, pentaerythrityl tetra-di-t-butyl hydroxyhydrocinnamate, tocopheryl acetate, panthenol, chamomilla recutita (matricaria) flower extract, isoceteth-10, iron oxides (ci 77491, ci 77492, ci 77499)

navy noir dimethicone, synthetic wax, silica, stearyl dimethicone, caprylic/capric triglyceride, trimethylsiloxysilicate/dimethiconol crosspolymer, mica, octadecene, dimethicone/vinyl dimethicone crosspolymer, pentaerythrityl tetra-di-t-butyl hydroxyhydrocinnamate, tocopheryl acetate, panthenol, tin oxide, chamomilla recutita (matricaria) flower extract, isoceteth-10, ultramarines (ci 77007), ferric ferrocyanide (ci 77510), iron oxides (ci 77491, ci 77492, ci 77499), titanium dioxide (ci 77891), carmine (ci 75470).



olive dimethicone, synthetic wax, mica, silica, stearyl dimethicone, caprylic/capric triglyceride, trimethylsiloxysilicate/dimethiconol crosspolymer, octadecene, dimethicone/vinyl dimethicone crosspolymer, pentaerythrityl tetra- di-t-butyl hydroxyhydrocinnamate, tocopheryl acetate, panthenol, chamomilla recutita (matricaria) flower extract, isoceteth-10, iron oxides (ci 77491, ci 77499), titanium dioxide (ci 77891), ferric ferrocyanide (ci 77510).

fig dimethicone, synthetic wax, mica, silica, stearyl dimethicone, caprylic/capric triglyceride, trimethylsiloxysilicate/dimethiconol crosspolymer, octadecene, dimethicone/vinyl dimethicone crosspolymer, pentaerythrityl tetra- di-t-butyl hydroxyhydrocinnamate, tocopheryl acetate, panthenol, chamomilla recutita (matricaria) flower extract, isoceteth-10. may contain / peut contenir / (+/-) : manganese violet (ci 77742), ultramarines (ci 77007), carmine (ci 75470), iron oxides (ci 77491, ci 77492, ci 77499), titanium dioxide (ci 77891), ferric ferrocyanide (ci 77510).

night flash dimethicone, calcium sodium borosilicate, synthetic wax, silica, stearyl dimethicone, caprylic/capric triglyceride, synthetic fluorphlogopite, trimethylsiloxysilicate/dimethiconol crosspolymer, mica, octadecene, dimethicone/vinyl dimethicone crosspolymer, pentaerythrityl tetra-di-t-butyl hydroxyhydrocinnamate, tocopheryl acetate, tin oxide, panthenol, chamomilla recutita (matricaria) flower extract, isoceteth-10, iron oxides (ci 77499), titanium dioxide (ci 77891).

gold lame dimethicone, mica, synthetic wax, synthetic fluorphlogopite, silica, stearyl dimethicone, caprylic/capric triglyceride, trimethylsiloxysilicate/dimethiconol crosspolymer, octadecene, dimethicone/vinyl dimethicone crosspolymer, panthenol, chamomilla recutita (matricaria) flower extract, pentaerythrityl tetra-di-t-butyl hydroxyhydrocinnamate, tocopheryl acetate, isoceteth-10, bronze powder (ci 77400), iron oxides (ci 77491, ci 77499), aluminum powder (ci 77000).

sequin green dimethicone, synthetic wax, silica, mica, calcium sodium borosilicate, stearyl dimethicone, caprylic/capric triglyceride, trimethylsiloxysilicate/dimethiconol crosspolymer, octadecene, dimethicone/vinyl dimethicone crosspolymer, panthenol, chamomilla recutita (matricaria) flower extract, pentaerythrityl tetra-di-t-butyl hydroxyhydrocinnamate, tocopheryl acetate, tin oxide, isoceteth-10, iron oxides (ci 77491, ci 77492, ci 77499), titanium dioxide (ci 77891).

copper dimethicone, synthetic wax, mica, silica, stearyl dimethicone, caprylic/capric triglyceride, trimethylsiloxysilicate/dimethiconol crosspolymer, octadecene, dimethicone/vinyl dimethicone crosspolymer, pentaerythrityl tetra- di-t-butyl hydroxyhydrocinnamate, tocopheryl acetate, panthenol, chamomilla recutita (matricaria) flower extract, isoceteth-10. may contain / peut contenir / (+/-) : manganese violet (ci 77742), ultramarines (ci 77007), carmine (ci 75470), iron oxides (ci 77491, ci 77492, ci 77499), titanium dioxide (ci 77891), ferric ferrocyanide (ci 77510).

smoky quartz dimethicone, synthetic wax, silica, mica, stearyl dimethicone, caprylic/capric triglyceride, calcium sodium borosilicate, trimethylsiloxysilicate/dimethiconol crosspolymer, octadecene, dimethicone/vinyl dimethicone crosspolymer, pentaerythrityl tetra-di-t-butyl hydroxyhydrocinnamate, tocopheryl acetate, panthenol, tin oxide, chamomilla recutita (matricaria) flower extract, isoceteth-10, iron oxides (ci 77491, ci 77492, ci 77499), titanium dioxide (ci 77891)



surfside ingredients / ingrédients : dimethicone, mica, synthetic wax, silica, stearyl dimethicone, caprylic/capric triglyceride, trimethylsiloxysilicate/dimethiconol crosspolymer, octadecene, dimethicone/vinyl dimethicone crosspolymer, pentaerythrityl tetra-di-t-butyl hydroxyhydrocinnamate, tocopheryl acetate, panthenol, chamomilla recutita (matricaria) flower extract, isoceteth-10, chromium oxide greens (ci 77288), ferric ammonium ferrocyanide (ci 77510), iron oxides (ci 77499), titanium dioxide (ci 77891).

cinnamon ingredients / ingrédients : dimethicone, synthetic wax, silica, stearyl dimethicone, caprylic/capric triglyceride, mica, trimethylsiloxy silicate/dimethiconol crosspolymer, octadecene, dimethicone/vinyl dimethicone crosspolymer, pentaerythrityl tetra-di-t-butyl hydroxyhydrocinnamate, tocopheryl acetate, panthenol, chamomilla recutita (matricaria) flower extract, isoceteth-10, iron oxides (ci 77491, ci 77492, ci 77499), aluminum powder (ci 77000), titanium dioxide (ci 77891).

seafoam ingredients / ingrédients : dimethicone, synthetic wax, silica, stearyl dimethicone, caprylic/capric triglyceride, trimethylsiloxysilicate/dimethiconol crosspolymer, mica, octadecene, dimethicone/vinyl dimethicone crosspolymer, pentaerythrityl tetra-di-t-butyl hydroxyhydrocinnamate, tocopheryl acetate, panthenol, chamomilla recutita (matricaria) flower extract, isoceteth-10, titanium dioxide (ci77891), blue 1 lake (ci 42090), iron oxides (ci 77492, ci 77499).

orchid ingredients / ingrédients : dimethicone, synthetic wax, silica, stearyl dimethicone, caprylic/capric triglyceride, trimethylsiloxysilicate/dimethiconol crosspolymer, mica, octadecene, dimethicone/vinyl dimethicone crosspolymer, pentaerythrityl tetra-di-t-butyl hydroxyhydrocinnamate, tocopheryl acetate, panthenol, chamomilla recutita (matricaria) flower extract, isoceteth-10, titanium dioxide (ci77891), blue 1 lake (ci 42090), iron oxides (ci 77492, ci 77499).

ash dimethicone, synthetic wax, mica, silica, stearyl dimethicone, caprylic/capric triglyceride, trimethylsiloxysilicate/dimethiconol crosspolymer, octadecene, dimethicone/vinyl dimethicone crosspolymer, pentaerythrityl tetra-di-t-butyl hydroxyhydrocinnamate, tocopheryl acetate, panthenol, chamomilla recutita (matricaria) flower extract, isoceteth-10, iron oxides (ci 77499, ci 77492, ci 77491), titanium dioxide (ci 77891)

terracotta dimethicone, synthetic wax, silica, stearyl dimethicone, caprylic/capric triglyceride, mica, trimethylsiloxysilicate/dimethiconol crosspolymer, octadecene, dimethicone/vinyl dimethicone crosspolymer, pentaerythrityl tetra-di-t-butyl hydroxyhydrocinnamate, tocopheryl acetate, panthenol, chamomilla recutita (matricaria) flower extract, isoceteth-10, iron oxides (ci 77491, ci 77492, ci 77499), titanium dioxide (ci 77891), yellow 5 lake (ci 19140)

this list of ingredients is subject to change; please refer to the packaging of the purchased product.",'4.4,26
Make Up,Eyes,'7383229202604,'41811429589164,Ilia,Limitless Lash Mascara,https://ohmycream.co.uk/collections/make-up-eye/products/ilia-limitless-lash-mascara?variant=41811429589164,https://cdn.shopify.com/s/files/1/0555/4071/1596/files/202503_Ilia_Limitless_Mascara_NOIR_Packshot.jpg?v=1749127288,"Complete list of ingredients

after midnight aqua/water/eau, cera alba/beeswax/cire d'abeille*, butyrospermum parkii (shea) butter*, polyglyceryl-6 distearate, dimer dilinoleyl dimer dilinoleate, glycerin, cera carnauba/copernicia cerifera (carnauba) wax/cire de carnauba*, polyglyceryl-10 myristate, cetyl alcohol, glyceryl caprylate, leuconostoc/radish root ferment filtrate, zea mays (corn) starch*, xanthan gum, arginine, phenethyl alcohol, biotin, urtica dioica (nettle) extract, 1,2-hexanediol, caprylyl glycol, sodium benzoate, citric acid, potassium sorbate, benzoic acid, myristoyl pentapeptide-17, ci 77499 (iron oxide). *organic ingredients. ingredients organiques.

before dawn aqua/water/eau, cera alba/beeswax/cire d'abeille, butyrospermum parkii (shea) butter, polyglyceryl-6 distearate, dimer dilinoleyl dimer dilinoleate, glycerin, cera carnauba/copernicia cerifera (carnauba) wax/cire de carnauba, polyglyceryl-10 myristate, cetyl alcohol, glyceryl caprylate, leuconostoc/radish root ferment filtrate, zea mays (corn) starch, xanthan gum, arginine, phenethyl alcohol, biotin, urtica dioica (nettle) extract, 1,2-hexanediol, caprylyl glycol, sodium benzoate, citric acid, potassium sorbate, benzoic acid, myristoyl pentapeptide-17, iron oxides (ci 77499, ci 77491, ci 77492), titanium dioxide (ci 77891).

* limitless lash mascara is ophthalmologist-tested, safe for sensitive eyes, and safe for contact lens wearers.

this list of ingredients is subject to change; please refer to the packaging of the purchased product.",'4.6,338
Make Up,Eyes,'7383229202604,'54970352271740,Ilia,Limitless Lash Mascara,https://ohmycream.co.uk/collections/make-up-eye/products/ilia-limitless-lash-mascara?variant=54970352271740,https://cdn.shopify.com/s/files/1/0555/4071/1596/files/202503_Ilia_LimitlessMascaraMarron_Packshot.jpg?v=1749127288,"Complete list of ingredients

after midnight aqua/water/eau, cera alba/beeswax/cire d'abeille*, butyrospermum parkii (shea) butter*, polyglyceryl-6 distearate, dimer dilinoleyl dimer dilinoleate, glycerin, cera carnauba/copernicia cerifera (carnauba) wax/cire de carnauba*, polyglyceryl-10 myristate, cetyl alcohol, glyceryl caprylate, leuconostoc/radish root ferment filtrate, zea mays (corn) starch*, xanthan gum, arginine, phenethyl alcohol, biotin, urtica dioica (nettle) extract, 1,2-hexanediol, caprylyl glycol, sodium benzoate, citric acid, potassium sorbate, benzoic acid, myristoyl pentapeptide-17, ci 77499 (iron oxide). *organic ingredients. ingredients organiques.

before dawn aqua/water/eau, cera alba/beeswax/cire d'abeille, butyrospermum parkii (shea) butter, polyglyceryl-6 distearate, dimer dilinoleyl dimer dilinoleate, glycerin, cera carnauba/copernicia cerifera (carnauba) wax/cire de carnauba, polyglyceryl-10 myristate, cetyl alcohol, glyceryl caprylate, leuconostoc/radish root ferment filtrate, zea mays (corn) starch, xanthan gum, arginine, phenethyl alcohol, biotin, urtica dioica (nettle) extract, 1,2-hexanediol, caprylyl glycol, sodium benzoate, citric acid, potassium sorbate, benzoic acid, myristoyl pentapeptide-17, iron oxides (ci 77499, ci 77491, ci 77492), titanium dioxide (ci 77891).

* limitless lash mascara is ophthalmologist-tested, safe for sensitive eyes, and safe for contact lens wearers.

this list of ingredients is subject to change; please refer to the packaging of the purchased product.",'4.6,338
Make Up,Eyes,'7383227334828,'41811425558700,RMS Beauty,Un Cover Up Concealer & Foundation,https://ohmycream.co.uk/collections/make-up-eye/products/rms-beauty-un-cover-up-concealer-foundation?variant=41811425558700,https://cdn.shopify.com/s/files/1/0555/4071/1596/products/RM4036290_RMS_BEAUTY__Un_Cover-Up_000_13855.jpg?v=1658162413,"Complete list of ingredients

*cocos nucifera (coconut) oil, *ricinus communis (castor) seed oil, *cera alba (beeswax), *theobroma cacao (cocoa) seed butter, *simmondsia chinensis (jojoba) seed oil, tocopherol(non-gmo), *rosmarinus officinalis (rosemary) extract, and may contain: [+/- titanium dioxide ci 77891, iron oxides ci 77492, ci 77491, ci 77499]

* certified organic

this list of ingredients is subject to change; please refer to the packaging of the purchased product.",'4.6,230
Make Up,Eyes,'7383227334828,'41811425591468,RMS Beauty,Un Cover Up Concealer & Foundation,https://ohmycream.co.uk/collections/make-up-eye/products/rms-beauty-un-cover-up-concealer-foundation?variant=41811425591468,https://cdn.shopify.com/s/files/1/0555/4071/1596/products/RM4014410_RMS_BEAUTY__Un_Cover-Up_00_14354.jpg?v=1658162413,"Complete list of ingredients

*cocos nucifera (coconut) oil, *ricinus communis (castor) seed oil, *cera alba (beeswax), *theobroma cacao (cocoa) seed butter, *simmondsia chinensis (jojoba) seed oil, tocopherol(non-gmo), *rosmarinus officinalis (rosemary) extract, and may contain: [+/- titanium dioxide ci 77891, iron oxides ci 77492, ci 77491, ci 77499]

* certified organic

this list of ingredients is subject to change; please refer to the packaging of the purchased product.",'4.6,230
Make Up,Eyes,'7383227334828,'41811425624236,RMS Beauty,Un Cover Up Concealer & Foundation,https://ohmycream.co.uk/collections/make-up-eye/products/rms-beauty-un-cover-up-concealer-foundation?variant=41811425624236,https://cdn.shopify.com/s/files/1/0555/4071/1596/products/RM4013230_11_RMS_BEAUTY__Un__Cover-Up_13859.jpg?v=1658162413,"Complete list of ingredients

*cocos nucifera (coconut) oil, *ricinus communis (castor) seed oil, *cera alba (beeswax), *theobroma cacao (cocoa) seed butter, *simmondsia chinensis (jojoba) seed oil, tocopherol(non-gmo), *rosmarinus officinalis (rosemary) extract, and may contain: [+/- titanium dioxide ci 77891, iron oxides ci 77492, ci 77491, ci 77499]

* certified organic

this list of ingredients is subject to change; please refer to the packaging of the purchased product.",'4.6,230
Make Up,Eyes,'7383227334828,'41811425657004,RMS Beauty,Un Cover Up Concealer & Foundation,https://ohmycream.co.uk/collections/make-up-eye/products/rms-beauty-un-cover-up-concealer-foundation?variant=41811425657004,https://cdn.shopify.com/s/files/1/0555/4071/1596/products/RMS-Beauty_Un-Cover-Up_Teinte-11.5.jpg?v=1658162414,"Complete list of ingredients

*cocos nucifera (coconut) oil, *ricinus communis (castor) seed oil, *cera alba (beeswax), *theobroma cacao (cocoa) seed butter, *simmondsia chinensis (jojoba) seed oil, tocopherol(non-gmo), *rosmarinus officinalis (rosemary) extract, and may contain: [+/- titanium dioxide ci 77891, iron oxides ci 77492, ci 77491, ci 77499]

* certified organic

this list of ingredients is subject to change; please refer to the packaging of the purchased product.",'4.6,230
Make Up,Eyes,'7383227334828,'41811425722540,RMS Beauty,Un Cover Up Concealer & Foundation,https://ohmycream.co.uk/collections/make-up-eye/products/rms-beauty-un-cover-up-concealer-foundation?variant=41811425722540,https://cdn.shopify.com/s/files/1/0555/4071/1596/products/RMS-Beauty_Un-Cover-Up_Teinte-22.5.jpg?v=1658162414,"Complete list of ingredients

*cocos nucifera (coconut) oil, *ricinus communis (castor) seed oil, *cera alba (beeswax), *theobroma cacao (cocoa) seed butter, *simmondsia chinensis (jojoba) seed oil, tocopherol(non-gmo), *rosmarinus officinalis (rosemary) extract, and may contain: [+/- titanium dioxide ci 77891, iron oxides ci 77492, ci 77491, ci 77499]

* certified organic

this list of ingredients is subject to change; please refer to the packaging of the purchased product.",'4.6,230
Make Up,Eyes,'7383227334828,'41811425689772,RMS Beauty,Un Cover Up Concealer & Foundation,https://ohmycream.co.uk/collections/make-up-eye/products/rms-beauty-un-cover-up-concealer-foundation?variant=41811425689772,https://cdn.shopify.com/s/files/1/0555/4071/1596/products/RM4013240_RMS_BEAUTY__Un__Cover-Up_13861.jpg?v=1658162414,"Complete list of ingredients

*cocos nucifera (coconut) oil, *ricinus communis (castor) seed oil, *cera alba (beeswax), *theobroma cacao (cocoa) seed butter, *simmondsia chinensis (jojoba) seed oil, tocopherol(non-gmo), *rosmarinus officinalis (rosemary) extract, and may contain: [+/- titanium dioxide ci 77891, iron oxides ci 77492, ci 77491, ci 77499]

* certified organic

this list of ingredients is subject to change; please refer to the packaging of the purchased product.",'4.6,230
Make Up,Eyes,'7383227334828,'41811425755308,RMS Beauty,Un Cover Up Concealer & Foundation,https://ohmycream.co.uk/collections/make-up-eye/products/rms-beauty-un-cover-up-concealer-foundation?variant=41811425755308,https://cdn.shopify.com/s/files/1/0555/4071/1596/products/RM4013260_RMS_BEAUTY__Un_Cover-Up_44_13857.jpg?v=1658162414,"Complete list of ingredients

*cocos nucifera (coconut) oil, *ricinus communis (castor) seed oil, *cera alba (beeswax), *theobroma cacao (cocoa) seed butter, *simmondsia chinensis (jojoba) seed oil, tocopherol(non-gmo), *rosmarinus officinalis (rosemary) extract, and may contain: [+/- titanium dioxide ci 77891, iron oxides ci 77492, ci 77491, ci 77499]

* certified organic

this list of ingredients is subject to change; please refer to the packaging of the purchased product.",'4.6,230
Make Up,Eyes,'7383227334828,'41811425788076,RMS Beauty,Un Cover Up Concealer & Foundation,https://ohmycream.co.uk/collections/make-up-eye/products/rms-beauty-un-cover-up-concealer-foundation?variant=41811425788076,https://cdn.shopify.com/s/files/1/0555/4071/1596/products/RMS-Beauty_Un-Cover-Up_Teinte-33.5.jpg?v=1658162414,"Complete list of ingredients

*cocos nucifera (coconut) oil, *ricinus communis (castor) seed oil, *cera alba (beeswax), *theobroma cacao (cocoa) seed butter, *simmondsia chinensis (jojoba) seed oil, tocopherol(non-gmo), *rosmarinus officinalis (rosemary) extract, and may contain: [+/- titanium dioxide ci 77891, iron oxides ci 77492, ci 77491, ci 77499]

* certified organic

this list of ingredients is subject to change; please refer to the packaging of the purchased product.",'4.6,230
Make Up,Eyes,'7383227334828,'41811425820844,RMS Beauty,Un Cover Up Concealer & Foundation,https://ohmycream.co.uk/collections/make-up-eye/products/rms-beauty-un-cover-up-concealer-foundation?variant=41811425820844,https://cdn.shopify.com/s/files/1/0555/4071/1596/products/RM4013250_RMS_BEAUTY__Un_Cover-Up_33_13858.jpg?v=1658162414,"Complete list of ingredients

*cocos nucifera (coconut) oil, *ricinus communis (castor) seed oil, *cera alba (beeswax), *theobroma cacao (cocoa) seed butter, *simmondsia chinensis (jojoba) seed oil, tocopherol(non-gmo), *rosmarinus officinalis (rosemary) extract, and may contain: [+/- titanium dioxide ci 77891, iron oxides ci 77492, ci 77491, ci 77499]

* certified organic

this list of ingredients is subject to change; please refer to the packaging of the purchased product.",'4.6,230
Make Up,Eyes,'7383227334828,'41811425853612,RMS Beauty,Un Cover Up Concealer & Foundation,https://ohmycream.co.uk/collections/make-up-eye/products/rms-beauty-un-cover-up-concealer-foundation?variant=41811425853612,https://cdn.shopify.com/s/files/1/0555/4071/1596/products/RM4036300_RMS_BEAUTY__Un_Cover-Up_55_13860.jpg?v=1658162414,"Complete list of ingredients

*cocos nucifera (coconut) oil, *ricinus communis (castor) seed oil, *cera alba (beeswax), *theobroma cacao (cocoa) seed butter, *simmondsia chinensis (jojoba) seed oil, tocopherol(non-gmo), *rosmarinus officinalis (rosemary) extract, and may contain: [+/- titanium dioxide ci 77891, iron oxides ci 77492, ci 77491, ci 77499]

* certified organic

this list of ingredients is subject to change; please refer to the packaging of the purchased product.",'4.6,230
Make Up,Eyes,'7383227334828,'43004421570732,RMS Beauty,Un Cover Up Concealer & Foundation,https://ohmycream.co.uk/collections/make-up-eye/products/rms-beauty-un-cover-up-concealer-foundation?variant=43004421570732,https://cdn.shopify.com/s/files/1/0555/4071/1596/products/816248020928_RMS-Beauty_Un-CoverUp-_teinte-66.jpg?v=1658162425,"Complete list of ingredients

*cocos nucifera (coconut) oil, *ricinus communis (castor) seed oil, *cera alba (beeswax), *theobroma cacao (cocoa) seed butter, *simmondsia chinensis (jojoba) seed oil, tocopherol(non-gmo), *rosmarinus officinalis (rosemary) extract, and may contain: [+/- titanium dioxide ci 77891, iron oxides ci 77492, ci 77491, ci 77499]

* certified organic

this list of ingredients is subject to change; please refer to the packaging of the purchased product.",'4.6,230
Make Up,Eyes,'7383227334828,'41811425919148,RMS Beauty,Un Cover Up Concealer & Foundation,https://ohmycream.co.uk/collections/make-up-eye/products/rms-beauty-un-cover-up-concealer-foundation?variant=41811425919148,https://cdn.shopify.com/s/files/1/0555/4071/1596/products/RMS-Beauty_Un-Cover-Up_Teinte-77.jpg?v=1658162425,"Complete list of ingredients

*cocos nucifera (coconut) oil, *ricinus communis (castor) seed oil, *cera alba (beeswax), *theobroma cacao (cocoa) seed butter, *simmondsia chinensis (jojoba) seed oil, tocopherol(non-gmo), *rosmarinus officinalis (rosemary) extract, and may contain: [+/- titanium dioxide ci 77891, iron oxides ci 77492, ci 77491, ci 77499]

* certified organic

this list of ingredients is subject to change; please refer to the packaging of the purchased product.",'4.6,230
Make Up,Eyes,'7383227334828,'41811425951916,RMS Beauty,Un Cover Up Concealer & Foundation,https://ohmycream.co.uk/collections/make-up-eye/products/rms-beauty-un-cover-up-concealer-foundation?variant=41811425951916,https://cdn.shopify.com/s/files/1/0555/4071/1596/products/RMS-Beauty_Un-Cover-Up_Teinte-88.jpg?v=1658162425,"Complete list of ingredients

*cocos nucifera (coconut) oil, *ricinus communis (castor) seed oil, *cera alba (beeswax), *theobroma cacao (cocoa) seed butter, *simmondsia chinensis (jojoba) seed oil, tocopherol(non-gmo), *rosmarinus officinalis (rosemary) extract, and may contain: [+/- titanium dioxide ci 77891, iron oxides ci 77492, ci 77491, ci 77499]

* certified organic

this list of ingredients is subject to change; please refer to the packaging of the purchased product.",'4.6,230
Make Up,Eyes,'7383227334828,'41811425984684,RMS Beauty,Un Cover Up Concealer & Foundation,https://ohmycream.co.uk/collections/make-up-eye/products/rms-beauty-un-cover-up-concealer-foundation?variant=41811425984684,https://cdn.shopify.com/s/files/1/0555/4071/1596/products/RMS-Beauty_Un-Cover-Up_Teinte-99.jpg?v=1658162425,"Complete list of ingredients

*cocos nucifera (coconut) oil, *ricinus communis (castor) seed oil, *cera alba (beeswax), *theobroma cacao (cocoa) seed butter, *simmondsia chinensis (jojoba) seed oil, tocopherol(non-gmo), *rosmarinus officinalis (rosemary) extract, and may contain: [+/- titanium dioxide ci 77891, iron oxides ci 77492, ci 77491, ci 77499]

* certified organic

this list of ingredients is subject to change; please refer to the packaging of the purchased product.",'4.6,230
Make Up,Eyes,'7383227334828,'41811426017452,RMS Beauty,Un Cover Up Concealer & Foundation,https://ohmycream.co.uk/collections/make-up-eye/products/rms-beauty-un-cover-up-concealer-foundation?variant=41811426017452,https://cdn.shopify.com/s/files/1/0555/4071/1596/products/RMS-Beauty_Un-Cover-Up_Teinte-111.jpg?v=1658162425,"Complete list of ingredients

*cocos nucifera (coconut) oil, *ricinus communis (castor) seed oil, *cera alba (beeswax), *theobroma cacao (cocoa) seed butter, *simmondsia chinensis (jojoba) seed oil, tocopherol(non-gmo), *rosmarinus officinalis (rosemary) extract, and may contain: [+/- titanium dioxide ci 77891, iron oxides ci 77492, ci 77491, ci 77499]

* certified organic

this list of ingredients is subject to change; please refer to the packaging of the purchased product.",'4.6,230
Make Up,Eyes,'7383227334828,'41811426050220,RMS Beauty,Un Cover Up Concealer & Foundation,https://ohmycream.co.uk/collections/make-up-eye/products/rms-beauty-un-cover-up-concealer-foundation?variant=41811426050220,https://cdn.shopify.com/s/files/1/0555/4071/1596/products/RMS-Beauty_Un-Cover-Up_Teinte-122.jpg?v=1658162425,"Complete list of ingredients

*cocos nucifera (coconut) oil, *ricinus communis (castor) seed oil, *cera alba (beeswax), *theobroma cacao (cocoa) seed butter, *simmondsia chinensis (jojoba) seed oil, tocopherol(non-gmo), *rosmarinus officinalis (rosemary) extract, and may contain: [+/- titanium dioxide ci 77891, iron oxides ci 77492, ci 77491, ci 77499]

* certified organic

this list of ingredients is subject to change; please refer to the packaging of the purchased product.",'4.6,230
Make Up,Eyes,'15215008711036,'55151090565500,Oh My Cream,The Summer Pouch Carel x Oh My Cream,https://ohmycream.co.uk/collections/make-up-eye/products/summer-pouch-carel-oh-my-cream?variant=55151090565500,https://cdn.shopify.com/s/files/1/0555/4071/1596/files/Troussedel__t__CarelxOMC__1.jpg?v=1747043352,"Complete list of ingredients

trousse 100% coton made in india

regenerating cleanser tata harper (taille voyage - 50 ml) hordeum vulgare leaf juice*, cetearyl alcohol, cetearyl olivate, propanediol, helianthus annuus (sunflower) seed oil*, prunus armeniaca (apricot) seed powder*, **citrus paradisi (grapefruit) oil, sorbitan olivate, lactobacillus/punica granatum fruit ferment extract, salix alba (willow) bark extract, sambucus nigra fruit extract, arnica montana (arnica) extract*, borago officinalis (borage) leaf extract*, calendula officinalis (calendula) flower extract*, medicago sativa (alfalfa) extract*, spiraea ulmaria (meadowsweet) extract*, olea europaea (olive) oil*, tocopherol, coco-glucoside, cetearyl glucoside, caprylyl glycol, kaolin (white clay), sclerotium gum, **citrus aurantium (bergamot) peel oil, cetyl palmitate, magnolia officinalis bark extract, sorbitan palmitate, glyceryl caprylate, aqua/water/eau, sodium phytate, ci 77491 (red iron oxide), alcohol, limonene, citral, linalool *ingrédients issus de l’agriculture biologique **aroma

mini featherlash lifting serum mascara goop beauty (taille voyage - 4,5gr) water/aqua/eau, glyceryl stearate, hydrogenated jojoba oil, stearic acid, copernicia cerifera (carnauba) cera, glycerin, pentylene glycol, acacia senegal (gum arabic) gum, oryza sativa (rice) bran wax, shorea robusta (shala) resin, oleic/linoleic/linolenic polyglycerides, octyldodecanol, aminomethyl propanol, tocopherol, biotinoyl tripeptide-1, isochrysis galbana extract, panthenol, biotin, hyaluronic acid, leuconostoc/radish root ferment filtrate, lactobacillus, xanthan gum, cocos nucifera (coconut) fruit extract, [iron oxides (ci 77499)].

huile démaquillante éclair patyka (taille voyage - 50 ml) 100% du total des ingrédients sont d'origine naturelle 94,9% du total des ingrédients sont issus de l'agriculture biologique

ingredients : helianthus annuus (sunflower) seed oil*, polyglyceryl-4 oleate, simmondsia chinensis (jojoba) seed oil*, apricot kernel oil polyglyceryl-6 esters, parfum (fragrance), tocopherol, limonene**

*ingrédients issus de l'agriculture biologique **transformé à partir d'ingrédients biologiques

moisturizing mask susanne kaufman (taille voyage - 15 ml) aqua (water), glycerin, caprylic/capric triglyceride, pentylene glycol, dicaprylyl ether, methyl glucose sesquistearate, squalane, octyldodecanol, c10-18 triglycerides, cetearyl alcohol, glyceryl stearate, hydrogenated coco-glycerides, prunus amygdalus dulcis (sweet almond) oil, alcohol, lecithin, euphorbia cerifera (candelilla wax) cera, tocopheryl acetate, inulin, sodium hyaluronate, viola tricolor extract, brassica oleracea italica (broccoli) seed oil, echium plantagineum seed oil, helianthus annuus (sunflower) seed oil, cardiospermum halicacabum flower/leaf/vine extract, saccharide isomerate, xanthan gum, triticum vulgare (wheat) gluten, sodium levulinate, sodium stearoyl glutamate, sodium anisate, carrageenan, potassium phosphate, citric acid, methylpropanediol, sodium citrate, caprylyl glycol, tocopherol, 1,2-hexanediol, benzoic acid, phenylpropanol, methyl benzoate, parfum.

sérum dive in acide hyaluronique torriden (taille voyage - 20 ml) aqua, butylene glycol, glycerin, dipropylene glycol, 1,2-hexanediol, pentylene glycol, sodium hyaluronate, ethylhexylglycerin, allantoin, betaine, hydrolyzed hyaluronic acid, panthenol, tromethamine, carbomer, malachite extract, polyglyceryl-10 laurate, propanediol, sodium hyaluronate crosspolymer, glyceryl acrylate/acrylic acid copolymer, hydrolyzed sodium hyaluronate, pvm/ma copolymer, sodium acetylated hyaluronate, cholesterol, madecassic acid, madecassoside, trehalose, xanthan gum, ceramide 3, portulaca oleracea extract, paeonia suffruticosa root extract, scutellaria baicalensis root extract, beta-glucan, hamamelis virginiana leaf extract

hand & body wash sauge romarin lavande l:a bruket (taille voyage - 50 ml) aqua (water), sodium lauryl sulfoacetate, glycerin, cocamidopropyl betaine, sodium lauroyl sarcosinate, sodium pca, parfum (mix of essential oils), sodium levulinate, rosmarinus officinalis (rosemary) leaf oil, caprylyl/capryl glycoside, sodium anisate, lavandula angustifolia (lavender) flower oil, polysorbate 20, citric acid, polyglyceryl- 6 oleate, sodium cocoyl glutamate, salvia sclarea (clary sage) oil, glyceryl caprylate, sodium surfactin and linalool, limonene (natural ingredients of essential oils).

fluide solaire spf50 oh my cream skincare (nouveauté) (taille réelle) aqua/water/eau, dicaprylyl carbonate, coco-caprylate, cocoglycerides , diethylamino hydroxybenzoyl hexyl benzoate, bis-ethylhexyloxyphenol methoxyphenyl triazine, ethylhexyl triazone, phenylbenzimidazole sulfonic acid, glyceryl stearate, oryza sativa (rice) starch, 1,2-heptanediol, propanediol, sodium stearoyl glutamate, sodium hyaluronate, bisabolol, brassica campestris sterols, cetylhydroxyproline palmitamide, tocopherol, stearic acid, hexyldecanol, microcrystalline cellulose, cellulose gum, xanthan gum, sodium hydroxide, citric acid, sodium gluconate, o-cymen-5-ol.

c.e.o afterglow vitamin c cream sunday riley (taille voyage - 15 gr) water/eau/aqua, dimethicone, neopentyl glycol diethylhexanoate, tetrahexyldecyl ascorbate, polyglycerin-6, propanediol, phenyl trimethicone, glycerin, hydroxyethyl acrylate/ sodium acryloyldimethyl taurate copolymer, sodium hyaluronate crosspolymer, ergothioneine, xanthophyll, allantoin, citrus aurantium amara (bitter orange) flower oil, sodium acryloyldimethyltaurate/vp crosspolymer, mannitol, pentylene glycol, isododecane, dimethicone crosspolymer, sodium phytate, pentaerythrityl tetra-di-t-butyl hydroxyhydrocinnamate, benzotriazolyl dodecyl p-cresol, polymethylsilsesquioxane, ammonium acryloyldimethyltaurate/beheneth-25 methacrylate crosspolymer, carthamus tinctorius (safflower) seed oil, citrus aurantium dulcis (orange) peel oil, phenoxyethanol, caprylyl glycol, chlorphenesin, ethylhexylglycerin, citric acid, polysorbate 60, sorbitan isostearate.

liquid powder chromatic eye tint fresco ilia (taille réelle - 3,5ml) aqua/water/eau, mica, glycerin, silica, galactoarabinan, pentylene glycol, glyceryl caprylate, fructose, cellulose, kaolin, **aesculus hippocastanum (horse chestnut) extract, honokiol, tin oxide, potassium sorbate, citric acid. may contain (+/-): ci 77891 (titanium dioxide), ci 77491, ci 77492, ci 77499 (iron oxides), ci 77007 (ultramarines).

mist delight rudolph care (taille voyage - 30 ml) aloe barbadensis leaf extract* (aloe vera), aqua, calendula officinalis flower water* (pot marigold), glycerin**, zingiber officinale water (ginger), mel extract* (honey), saccharide isomerate, euterpe oleracea fruit extract (acai), sodium levulinate, parfum (natural), citric acid, sodium citrate, potassium sorbate, sodium benzoate *ingrédients issus de l'agriculture biologique **fabriqué à partir d'ingrédients biologiques

99% d'origine naturelle au total 79% du total des ingrédients sont issus de l'agriculture biologique

lip expert pro-collagen my blend (nouveauté) (taille voyage - 1,5 ml) octyldodecanol. diisostearyl malate. polyglyceryl-2 isostearate/dimer dilinoleate copolymer. cera alba/beeswax/cire d´abeille. helianthus annuus (sunflower) seed wax. silica. ethylcellulose. sorbitan caprylate. theobroma cacao (cocoa) seed butter. ethylhexyl palmitate. mica. tocopheryl acetate. tribehenin. ci 77891/titanium dioxide. ammonium glycyrrhizate. parfum/fragrance. theobroma cacao (cocoa) extract. sorbitan isostearate. lactic acid. ascorbyl palmitate. helianthus annuus (sunflower) seed oil. tocopherol. ci 77492/iron oxides. ci 15850/red 7 lake. palmitoyl tripeptide-1. [v4060a1]

brume démêlante cair (nouveauté) (taille voyage - 20 ml) oryza sativa (rice) bran water*, aqua (water), vitis vinifera (grape) fruit water*, erythritol, pentylene glycol, propanediol, behentrimonium chloride, cetearyl alcohol, phyllostachys bambusoides extract, acetum (vinegar), citric acid, glycerin, ethyl oleate, dipropylene glycol, parfum (fragrance), rubus idaeus (raspberry) seed oil, triolein, sodium

this list of ingredients is subject to change; please refer to the packaging of the purchased product.",'4.7,14
Make Up,Eyes,'7856651894956,'43274999529644,Ilia,Limitless Lash Mascara Travel Size,https://ohmycream.co.uk/collections/make-up-eye/products/ilia-limitless-lash-mascara-travel-size?variant=43274999529644,https://cdn.shopify.com/s/files/1/0555/4071/1596/files/ILIA_Limitless-Lash_format-mini_TINY.jpg?v=1717155161,Complete list of ingredients,'4.7,105
Make Up,Eyes,'15160909201788,'55085848920444,Madara,The Concealer,https://ohmycream.co.uk/collections/make-up-eye/products/madara-the-concealer?variant=55085848920444,https://cdn.shopify.com/s/files/1/0555/4071/1596/files/202508_Madara_The_Concealer_vanilla_packshot.jpg?v=1754906463,"Complete list of ingredients

vanilla aloe barbadensis (aloe) leaf juice; dicaprylyl carbonate; butylene glycol; butyrospermum parkii (shea) butter; polyglyceryl-3 polyricinoleate; dodecane; oryza sativa (rice) powder; oryza sativa (rice) bran oil; vegetable oil; helianthus annuus (sunflower) seed wax; oryza sativa (rice) bran wax; rhus succedanea fruit wax; polyglyceryl-3 diisostearate; glycerin; sodium pca; sodium chloride; xanthan gum; sodium dehydroacetate; lactic acid; glycolipids; hydrolyzed hyaluronic acid; sodium hyaluronate; ascorbyl palmitate; tocopherol; aluminum hydroxide; paeonia lactiflora (peony) root extract; vaccinium myrtillus (blueberry) fruit extract; ci 77891 (titanium dioxide) ; mica (ci 77019); ci 77491 (iron oxides); ci 77492 (iron oxides); ci 77499 (iron oxides); ci 77288 (chromium oxide greens); tin oxide

latte aloe barbadensis (aloe) leaf juice; dicaprylyl carbonate; butylene glycol; butyrospermum parkii (shea) butter; polyglyceryl-3 polyricinoleate; dodecane; oryza sativa (rice) powder; oryza sativa (rice) bran oil; vegetable oil; helianthus annuus (sunflower) seed wax; oryza sativa (rice) bran wax; rhus succedanea fruit wax; polyglyceryl-3 diisostearate; glycerin; sodium pca; sodium chloride; xanthan gum; sodium dehydroacetate; lactic acid; glycolipids; hydrolyzed hyaluronic acid; sodium hyaluronate; ascorbyl palmitate; tocopherol; aluminum hydroxide; paeonia lactiflora (peony) root extract; vaccinium myrtillus (blueberry) fruit extract; ci 77891 (titanium dioxide) ; mica (ci 77019); ci 77491 (iron oxides); ci 77492 (iron oxides); ci 77499 (iron oxides); ci 77288 (chromium oxide greens); tin oxide

honey aloe barbadensis (aloe) leaf juice; dicaprylyl carbonate; butylene glycol; butyrospermum parkii (shea) butter; polyglyceryl-3 polyricinoleate; dodecane; oryza sativa (rice) powder; oryza sativa (rice) bran oil; vegetable oil; helianthus annuus (sunflower) seed wax; oryza sativa (rice) bran wax; rhus succedanea fruit wax; polyglyceryl-3 diisostearate; glycerin; sodium pca; sodium chloride; xanthan gum; sodium dehydroacetate; lactic acid; aluminum hydroxide; glycolipids; paeonia lactiflora (peony) root extract; vaccinium myrtillus (blueberry) fruit extract; hydrolyzed hyaluronic acid; sodium hyaluronate; ci 77891 (titanium dioxide) ; ci 77491 (iron oxides); ci 77492 (iron oxides); ci 77499 (iron oxides)

almond aloe barbadensis (aloe) leaf juice; dicaprylyl carbonate; butylene glycol; butyrospermum parkii (shea) butter; polyglyceryl-3 polyricinoleate; dodecane; oryza sativa (rice) powder; oryza sativa (rice) bran oil; vegetable oil; helianthus annuus (sunflower) seed wax; oryza sativa (rice) bran wax; rhus succedanea fruit wax; polyglyceryl-3 diisostearate; glycerin; sodium pca; sodium chloride; xanthan gum; sodium dehydroacetate; lactic acid; glycolipids; hydrolyzed hyaluronic acid; sodium hyaluronate; ascorbyl palmitate; tocopherol; aluminum hydroxide; paeonia lactiflora (peony) root extract; vaccinium myrtillus (blueberry) fruit extract; ci 77891 (titanium dioxide) ; mica (ci 77019); ci 77491 (iron oxides); ci 77492 (iron oxides); ci 77499 (iron oxides); ci 77288 (chromium oxide greens); tin oxide

hazelnut aloe barbadensis (aloe) leaf juice; dicaprylyl carbonate; butylene glycol; butyrospermum parkii (shea) butter; polyglyceryl-3 polyricinoleate; dodecane; oryza sativa (rice) powder; oryza sativa (rice) bran oil; vegetable oil; helianthus annuus (sunflower) seed wax; oryza sativa (rice) bran wax; rhus succedanea fruit wax; polyglyceryl-3 diisostearate; glycerin; sodium pca; sodium chloride; xanthan gum; sodium dehydroacetate; lactic acid; glycolipids; hydrolyzed hyaluronic acid; sodium hyaluronate; ascorbyl palmitate; tocopherol; aluminum hydroxide; paeonia lactiflora (peony) root extract; vaccinium myrtillus (blueberry) fruit extract; ci 77891 (titanium dioxide) ; mica (ci 77019); ci 77491 (iron oxides); ci 77492 (iron oxides); ci 77499 (iron oxides); ci 77288 (chromium oxide greens); tin oxide

mocha aloe barbadensis (aloe) leaf juice; dicaprylyl carbonate; butylene glycol; butyrospermum parkii (shea) butter; polyglyceryl-3 polyricinoleate; dodecane; oryza sativa (rice) powder; oryza sativa (rice) bran oil; vegetable oil; helianthus annuus (sunflower) seed wax; oryza sativa (rice) bran wax; rhus succedanea fruit wax; polyglyceryl-3 diisostearate; glycerin; sodium pca; sodium chloride; xanthan gum; sodium dehydroacetate; lactic acid; glycolipids; hydrolyzed hyaluronic acid; sodium hyaluronate; ascorbyl palmitate; tocopherol; aluminum hydroxide; paeonia lactiflora (peony) root extract; vaccinium myrtillus (blueberry) fruit extract; ci 77891 (titanium dioxide) ; mica (ci 77019); ci 77491 (iron oxides); ci 77492 (iron oxides); ci 77499 (iron oxides); ci 77288 (chromium oxide greens); tin oxide

warm latte aloe barbadensis (aloe) leaf juice; dicaprylyl carbonate; butylene glycol; butyrospermum parkii (shea) butter; polyglyceryl-3 polyricinoleate; dodecane; oryza sativa (rice) powder; oryza sativa (rice) bran oil; vegetable oil; helianthus annuus (sunflower) seed wax; oryza sativa (rice) bran wax; rhus succedanea fruit wax; polyglyceryl-3 diisostearate; glycerin; sodium pca; sodium chloride; xanthan gum; sodium dehydroacetate; lactic acid; glycolipids; hydrolyzed hyaluronic acid; sodium hyaluronate; ascorbyl palmitate; tocopherol; aluminum hydroxide; paeonia lactiflora (peony) root extract; vaccinium myrtillus (blueberry) fruit extract; ci 77891 (titanium dioxide) ; mica (ci 77019); ci 77491 (iron oxides); ci 77492 (iron oxides); ci 77499 (iron oxides); ci 77288 (chromium oxide greens); tin oxide

sand aloe barbadensis (aloe) leaf juice; dicaprylyl carbonate; butylene glycol; butyrospermum parkii (shea) butter; polyglyceryl-3 polyricinoleate; dodecane; oryza sativa (rice) powder; oryza sativa (rice) bran oil; vegetable oil; helianthus annuus (sunflower) seed wax; oryza sativa (rice) bran wax; rhus succedanea fruit wax; polyglyceryl-3 diisostearate; glycerin; sodium pca; sodium chloride; xanthan gum; sodium dehydroacetate; lactic acid; glycolipids; hydrolyzed hyaluronic acid; sodium hyaluronate; ascorbyl palmitate; tocopherol; aluminum hydroxide; paeonia lactiflora (peony) root extract; vaccinium myrtillus (blueberry) fruit extract; ci 77891 (titanium dioxide) ; mica (ci 77019); ci 77491 (iron oxides); ci 77492 (iron oxides); ci 77499 (iron oxides); ci 77288 (chromium oxide greens); tin oxide

golden hour aloe barbadensis (aloe) leaf juice; dicaprylyl carbonate; butylene glycol; butyrospermum parkii (shea) butter; polyglyceryl-3 polyricinoleate; dodecane; oryza sativa (rice) powder; oryza sativa (rice) bran oil; vegetable oil; helianthus annuus (sunflower) seed wax; oryza sativa (rice) bran wax; rhus succedanea fruit wax; polyglyceryl-3 diisostearate; glycerin; sodium pca; sodium chloride; xanthan gum; sodium dehydroacetate; lactic acid; glycolipids; hydrolyzed hyaluronic acid; sodium hyaluronate; ascorbyl palmitate; tocopherol; aluminum hydroxide; paeonia lactiflora (peony) root extract; vaccinium myrtillus (blueberry) fruit extract; ci 77891 (titanium dioxide) ; mica (ci 77019); ci 77491 (iron oxides); ci 77492 (iron oxides); ci 77499 (iron oxides); ci 77288 (chromium oxide greens); tin oxide

pine aloe barbadensis (aloe) leaf juice; dicaprylyl carbonate; butylene glycol; butyrospermum parkii (shea) butter; polyglyceryl-3 polyricinoleate; dodecane; oryza sativa (rice) powder; oryza sativa (rice) bran oil; vegetable oil; helianthus annuus (sunflower) seed wax; oryza sativa (rice) bran wax; rhus succedanea fruit wax; polyglyceryl-3 diisostearate; glycerin; sodium pca; sodium chloride; xanthan gum; sodium dehydroacetate; lactic acid; aluminum hydroxide; glycolipids; paeonia lactiflora (peony) root extract; vaccinium myrtillus (blueberry) fruit extract; hydrolyzed hyaluronic acid; sodium hyaluronate; ci 77891 (titanium dioxide) ; ci 77491 (iron oxides); ci 77492 (iron oxides); ci 77499 (iron oxides)

amber aloe barbadensis (aloe) leaf juice; dicaprylyl carbonate; butylene glycol; butyrospermum parkii (shea) butter; polyglyceryl-3 polyricinoleate; dodecane; oryza sativa (rice) powder; oryza sativa (rice) bran oil; vegetable oil; helianthus annuus (sunflower) seed wax; oryza sativa (rice) bran wax; rhus succedanea fruit wax; polyglyceryl-3 diisostearate; glycerin; sodium pca; sodium chloride; xanthan gum; sodium dehydroacetate; lactic acid; aluminum hydroxide; glycolipids; paeonia lactiflora (peony) root extract; vaccinium myrtillus (blueberry) fruit extract; hydrolyzed hyaluronic acid; sodium hyaluronate; ci 77891 (titanium dioxide) ; ci 77491 (iron oxides); ci 77492 (iron oxides); ci 77499 (iron oxides)

rich soil aloe barbadensis (aloe) leaf juice; dicaprylyl carbonate; butylene glycol; butyrospermum parkii (shea) butter; polyglyceryl-3 polyricinoleate; dodecane; oryza sativa (rice) powder; oryza sativa (rice) bran oil; vegetable oil; helianthus annuus (sunflower) seed wax; oryza sativa (rice) bran wax; rhus succedanea fruit wax; polyglyceryl-3 diisostearate; glycerin; sodium pca; sodium chloride; xanthan gum; sodium dehydroacetate; lactic acid; aluminum hydroxide; glycolipids; paeonia lactiflora (peony) root extract; vaccinium myrtillus (blueberry) fruit extract; hydrolyzed hyaluronic acid; sodium hyaluronate; ci 77891 (titanium dioxide) ; ci 77491 (iron oxides); ci 77492 (iron oxides); ci 77499 (iron oxides)

this list of ingredients is subject to change; please refer to the packaging of the purchased product.",'4.7,87
Make Up,Eyes,'15160909201788,'55085849051516,Madara,The Concealer,https://ohmycream.co.uk/collections/make-up-eye/products/madara-the-concealer?variant=55085849051516,https://cdn.shopify.com/s/files/1/0555/4071/1596/files/202508_Madara_The_Concealer_latte_packshot.jpg?v=1754906463,"Complete list of ingredients

vanilla aloe barbadensis (aloe) leaf juice; dicaprylyl carbonate; butylene glycol; butyrospermum parkii (shea) butter; polyglyceryl-3 polyricinoleate; dodecane; oryza sativa (rice) powder; oryza sativa (rice) bran oil; vegetable oil; helianthus annuus (sunflower) seed wax; oryza sativa (rice) bran wax; rhus succedanea fruit wax; polyglyceryl-3 diisostearate; glycerin; sodium pca; sodium chloride; xanthan gum; sodium dehydroacetate; lactic acid; glycolipids; hydrolyzed hyaluronic acid; sodium hyaluronate; ascorbyl palmitate; tocopherol; aluminum hydroxide; paeonia lactiflora (peony) root extract; vaccinium myrtillus (blueberry) fruit extract; ci 77891 (titanium dioxide) ; mica (ci 77019); ci 77491 (iron oxides); ci 77492 (iron oxides); ci 77499 (iron oxides); ci 77288 (chromium oxide greens); tin oxide

latte aloe barbadensis (aloe) leaf juice; dicaprylyl carbonate; butylene glycol; butyrospermum parkii (shea) butter; polyglyceryl-3 polyricinoleate; dodecane; oryza sativa (rice) powder; oryza sativa (rice) bran oil; vegetable oil; helianthus annuus (sunflower) seed wax; oryza sativa (rice) bran wax; rhus succedanea fruit wax; polyglyceryl-3 diisostearate; glycerin; sodium pca; sodium chloride; xanthan gum; sodium dehydroacetate; lactic acid; glycolipids; hydrolyzed hyaluronic acid; sodium hyaluronate; ascorbyl palmitate; tocopherol; aluminum hydroxide; paeonia lactiflora (peony) root extract; vaccinium myrtillus (blueberry) fruit extract; ci 77891 (titanium dioxide) ; mica (ci 77019); ci 77491 (iron oxides); ci 77492 (iron oxides); ci 77499 (iron oxides); ci 77288 (chromium oxide greens); tin oxide

honey aloe barbadensis (aloe) leaf juice; dicaprylyl carbonate; butylene glycol; butyrospermum parkii (shea) butter; polyglyceryl-3 polyricinoleate; dodecane; oryza sativa (rice) powder; oryza sativa (rice) bran oil; vegetable oil; helianthus annuus (sunflower) seed wax; oryza sativa (rice) bran wax; rhus succedanea fruit wax; polyglyceryl-3 diisostearate; glycerin; sodium pca; sodium chloride; xanthan gum; sodium dehydroacetate; lactic acid; aluminum hydroxide; glycolipids; paeonia lactiflora (peony) root extract; vaccinium myrtillus (blueberry) fruit extract; hydrolyzed hyaluronic acid; sodium hyaluronate; ci 77891 (titanium dioxide) ; ci 77491 (iron oxides); ci 77492 (iron oxides); ci 77499 (iron oxides)

almond aloe barbadensis (aloe) leaf juice; dicaprylyl carbonate; butylene glycol; butyrospermum parkii (shea) butter; polyglyceryl-3 polyricinoleate; dodecane; oryza sativa (rice) powder; oryza sativa (rice) bran oil; vegetable oil; helianthus annuus (sunflower) seed wax; oryza sativa (rice) bran wax; rhus succedanea fruit wax; polyglyceryl-3 diisostearate; glycerin; sodium pca; sodium chloride; xanthan gum; sodium dehydroacetate; lactic acid; glycolipids; hydrolyzed hyaluronic acid; sodium hyaluronate; ascorbyl palmitate; tocopherol; aluminum hydroxide; paeonia lactiflora (peony) root extract; vaccinium myrtillus (blueberry) fruit extract; ci 77891 (titanium dioxide) ; mica (ci 77019); ci 77491 (iron oxides); ci 77492 (iron oxides); ci 77499 (iron oxides); ci 77288 (chromium oxide greens); tin oxide

hazelnut aloe barbadensis (aloe) leaf juice; dicaprylyl carbonate; butylene glycol; butyrospermum parkii (shea) butter; polyglyceryl-3 polyricinoleate; dodecane; oryza sativa (rice) powder; oryza sativa (rice) bran oil; vegetable oil; helianthus annuus (sunflower) seed wax; oryza sativa (rice) bran wax; rhus succedanea fruit wax; polyglyceryl-3 diisostearate; glycerin; sodium pca; sodium chloride; xanthan gum; sodium dehydroacetate; lactic acid; glycolipids; hydrolyzed hyaluronic acid; sodium hyaluronate; ascorbyl palmitate; tocopherol; aluminum hydroxide; paeonia lactiflora (peony) root extract; vaccinium myrtillus (blueberry) fruit extract; ci 77891 (titanium dioxide) ; mica (ci 77019); ci 77491 (iron oxides); ci 77492 (iron oxides); ci 77499 (iron oxides); ci 77288 (chromium oxide greens); tin oxide

mocha aloe barbadensis (aloe) leaf juice; dicaprylyl carbonate; butylene glycol; butyrospermum parkii (shea) butter; polyglyceryl-3 polyricinoleate; dodecane; oryza sativa (rice) powder; oryza sativa (rice) bran oil; vegetable oil; helianthus annuus (sunflower) seed wax; oryza sativa (rice) bran wax; rhus succedanea fruit wax; polyglyceryl-3 diisostearate; glycerin; sodium pca; sodium chloride; xanthan gum; sodium dehydroacetate; lactic acid; glycolipids; hydrolyzed hyaluronic acid; sodium hyaluronate; ascorbyl palmitate; tocopherol; aluminum hydroxide; paeonia lactiflora (peony) root extract; vaccinium myrtillus (blueberry) fruit extract; ci 77891 (titanium dioxide) ; mica (ci 77019); ci 77491 (iron oxides); ci 77492 (iron oxides); ci 77499 (iron oxides); ci 77288 (chromium oxide greens); tin oxide

warm latte aloe barbadensis (aloe) leaf juice; dicaprylyl carbonate; butylene glycol; butyrospermum parkii (shea) butter; polyglyceryl-3 polyricinoleate; dodecane; oryza sativa (rice) powder; oryza sativa (rice) bran oil; vegetable oil; helianthus annuus (sunflower) seed wax; oryza sativa (rice) bran wax; rhus succedanea fruit wax; polyglyceryl-3 diisostearate; glycerin; sodium pca; sodium chloride; xanthan gum; sodium dehydroacetate; lactic acid; glycolipids; hydrolyzed hyaluronic acid; sodium hyaluronate; ascorbyl palmitate; tocopherol; aluminum hydroxide; paeonia lactiflora (peony) root extract; vaccinium myrtillus (blueberry) fruit extract; ci 77891 (titanium dioxide) ; mica (ci 77019); ci 77491 (iron oxides); ci 77492 (iron oxides); ci 77499 (iron oxides); ci 77288 (chromium oxide greens); tin oxide

sand aloe barbadensis (aloe) leaf juice; dicaprylyl carbonate; butylene glycol; butyrospermum parkii (shea) butter; polyglyceryl-3 polyricinoleate; dodecane; oryza sativa (rice) powder; oryza sativa (rice) bran oil; vegetable oil; helianthus annuus (sunflower) seed wax; oryza sativa (rice) bran wax; rhus succedanea fruit wax; polyglyceryl-3 diisostearate; glycerin; sodium pca; sodium chloride; xanthan gum; sodium dehydroacetate; lactic acid; glycolipids; hydrolyzed hyaluronic acid; sodium hyaluronate; ascorbyl palmitate; tocopherol; aluminum hydroxide; paeonia lactiflora (peony) root extract; vaccinium myrtillus (blueberry) fruit extract; ci 77891 (titanium dioxide) ; mica (ci 77019); ci 77491 (iron oxides); ci 77492 (iron oxides); ci 77499 (iron oxides); ci 77288 (chromium oxide greens); tin oxide

golden hour aloe barbadensis (aloe) leaf juice; dicaprylyl carbonate; butylene glycol; butyrospermum parkii (shea) butter; polyglyceryl-3 polyricinoleate; dodecane; oryza sativa (rice) powder; oryza sativa (rice) bran oil; vegetable oil; helianthus annuus (sunflower) seed wax; oryza sativa (rice) bran wax; rhus succedanea fruit wax; polyglyceryl-3 diisostearate; glycerin; sodium pca; sodium chloride; xanthan gum; sodium dehydroacetate; lactic acid; glycolipids; hydrolyzed hyaluronic acid; sodium hyaluronate; ascorbyl palmitate; tocopherol; aluminum hydroxide; paeonia lactiflora (peony) root extract; vaccinium myrtillus (blueberry) fruit extract; ci 77891 (titanium dioxide) ; mica (ci 77019); ci 77491 (iron oxides); ci 77492 (iron oxides); ci 77499 (iron oxides); ci 77288 (chromium oxide greens); tin oxide

pine aloe barbadensis (aloe) leaf juice; dicaprylyl carbonate; butylene glycol; butyrospermum parkii (shea) butter; polyglyceryl-3 polyricinoleate; dodecane; oryza sativa (rice) powder; oryza sativa (rice) bran oil; vegetable oil; helianthus annuus (sunflower) seed wax; oryza sativa (rice) bran wax; rhus succedanea fruit wax; polyglyceryl-3 diisostearate; glycerin; sodium pca; sodium chloride; xanthan gum; sodium dehydroacetate; lactic acid; aluminum hydroxide; glycolipids; paeonia lactiflora (peony) root extract; vaccinium myrtillus (blueberry) fruit extract; hydrolyzed hyaluronic acid; sodium hyaluronate; ci 77891 (titanium dioxide) ; ci 77491 (iron oxides); ci 77492 (iron oxides); ci 77499 (iron oxides)

amber aloe barbadensis (aloe) leaf juice; dicaprylyl carbonate; butylene glycol; butyrospermum parkii (shea) butter; polyglyceryl-3 polyricinoleate; dodecane; oryza sativa (rice) powder; oryza sativa (rice) bran oil; vegetable oil; helianthus annuus (sunflower) seed wax; oryza sativa (rice) bran wax; rhus succedanea fruit wax; polyglyceryl-3 diisostearate; glycerin; sodium pca; sodium chloride; xanthan gum; sodium dehydroacetate; lactic acid; aluminum hydroxide; glycolipids; paeonia lactiflora (peony) root extract; vaccinium myrtillus (blueberry) fruit extract; hydrolyzed hyaluronic acid; sodium hyaluronate; ci 77891 (titanium dioxide) ; ci 77491 (iron oxides); ci 77492 (iron oxides); ci 77499 (iron oxides)

rich soil aloe barbadensis (aloe) leaf juice; dicaprylyl carbonate; butylene glycol; butyrospermum parkii (shea) butter; polyglyceryl-3 polyricinoleate; dodecane; oryza sativa (rice) powder; oryza sativa (rice) bran oil; vegetable oil; helianthus annuus (sunflower) seed wax; oryza sativa (rice) bran wax; rhus succedanea fruit wax; polyglyceryl-3 diisostearate; glycerin; sodium pca; sodium chloride; xanthan gum; sodium dehydroacetate; lactic acid; aluminum hydroxide; glycolipids; paeonia lactiflora (peony) root extract; vaccinium myrtillus (blueberry) fruit extract; hydrolyzed hyaluronic acid; sodium hyaluronate; ci 77891 (titanium dioxide) ; ci 77491 (iron oxides); ci 77492 (iron oxides); ci 77499 (iron oxides)

this list of ingredients is subject to change; please refer to the packaging of the purchased product.",'4.7,87
Make Up,Eyes,'15160909201788,'55085849084284,Madara,The Concealer,https://ohmycream.co.uk/collections/make-up-eye/products/madara-the-concealer?variant=55085849084284,https://cdn.shopify.com/s/files/1/0555/4071/1596/files/202508_Madara_The_Concealer_warm_latte_packshot.jpg?v=1754906463,"Complete list of ingredients

vanilla aloe barbadensis (aloe) leaf juice; dicaprylyl carbonate; butylene glycol; butyrospermum parkii (shea) butter; polyglyceryl-3 polyricinoleate; dodecane; oryza sativa (rice) powder; oryza sativa (rice) bran oil; vegetable oil; helianthus annuus (sunflower) seed wax; oryza sativa (rice) bran wax; rhus succedanea fruit wax; polyglyceryl-3 diisostearate; glycerin; sodium pca; sodium chloride; xanthan gum; sodium dehydroacetate; lactic acid; glycolipids; hydrolyzed hyaluronic acid; sodium hyaluronate; ascorbyl palmitate; tocopherol; aluminum hydroxide; paeonia lactiflora (peony) root extract; vaccinium myrtillus (blueberry) fruit extract; ci 77891 (titanium dioxide) ; mica (ci 77019); ci 77491 (iron oxides); ci 77492 (iron oxides); ci 77499 (iron oxides); ci 77288 (chromium oxide greens); tin oxide

latte aloe barbadensis (aloe) leaf juice; dicaprylyl carbonate; butylene glycol; butyrospermum parkii (shea) butter; polyglyceryl-3 polyricinoleate; dodecane; oryza sativa (rice) powder; oryza sativa (rice) bran oil; vegetable oil; helianthus annuus (sunflower) seed wax; oryza sativa (rice) bran wax; rhus succedanea fruit wax; polyglyceryl-3 diisostearate; glycerin; sodium pca; sodium chloride; xanthan gum; sodium dehydroacetate; lactic acid; glycolipids; hydrolyzed hyaluronic acid; sodium hyaluronate; ascorbyl palmitate; tocopherol; aluminum hydroxide; paeonia lactiflora (peony) root extract; vaccinium myrtillus (blueberry) fruit extract; ci 77891 (titanium dioxide) ; mica (ci 77019); ci 77491 (iron oxides); ci 77492 (iron oxides); ci 77499 (iron oxides); ci 77288 (chromium oxide greens); tin oxide

honey aloe barbadensis (aloe) leaf juice; dicaprylyl carbonate; butylene glycol; butyrospermum parkii (shea) butter; polyglyceryl-3 polyricinoleate; dodecane; oryza sativa (rice) powder; oryza sativa (rice) bran oil; vegetable oil; helianthus annuus (sunflower) seed wax; oryza sativa (rice) bran wax; rhus succedanea fruit wax; polyglyceryl-3 diisostearate; glycerin; sodium pca; sodium chloride; xanthan gum; sodium dehydroacetate; lactic acid; aluminum hydroxide; glycolipids; paeonia lactiflora (peony) root extract; vaccinium myrtillus (blueberry) fruit extract; hydrolyzed hyaluronic acid; sodium hyaluronate; ci 77891 (titanium dioxide) ; ci 77491 (iron oxides); ci 77492 (iron oxides); ci 77499 (iron oxides)

almond aloe barbadensis (aloe) leaf juice; dicaprylyl carbonate; butylene glycol; butyrospermum parkii (shea) butter; polyglyceryl-3 polyricinoleate; dodecane; oryza sativa (rice) powder; oryza sativa (rice) bran oil; vegetable oil; helianthus annuus (sunflower) seed wax; oryza sativa (rice) bran wax; rhus succedanea fruit wax; polyglyceryl-3 diisostearate; glycerin; sodium pca; sodium chloride; xanthan gum; sodium dehydroacetate; lactic acid; glycolipids; hydrolyzed hyaluronic acid; sodium hyaluronate; ascorbyl palmitate; tocopherol; aluminum hydroxide; paeonia lactiflora (peony) root extract; vaccinium myrtillus (blueberry) fruit extract; ci 77891 (titanium dioxide) ; mica (ci 77019); ci 77491 (iron oxides); ci 77492 (iron oxides); ci 77499 (iron oxides); ci 77288 (chromium oxide greens); tin oxide

hazelnut aloe barbadensis (aloe) leaf juice; dicaprylyl carbonate; butylene glycol; butyrospermum parkii (shea) butter; polyglyceryl-3 polyricinoleate; dodecane; oryza sativa (rice) powder; oryza sativa (rice) bran oil; vegetable oil; helianthus annuus (sunflower) seed wax; oryza sativa (rice) bran wax; rhus succedanea fruit wax; polyglyceryl-3 diisostearate; glycerin; sodium pca; sodium chloride; xanthan gum; sodium dehydroacetate; lactic acid; glycolipids; hydrolyzed hyaluronic acid; sodium hyaluronate; ascorbyl palmitate; tocopherol; aluminum hydroxide; paeonia lactiflora (peony) root extract; vaccinium myrtillus (blueberry) fruit extract; ci 77891 (titanium dioxide) ; mica (ci 77019); ci 77491 (iron oxides); ci 77492 (iron oxides); ci 77499 (iron oxides); ci 77288 (chromium oxide greens); tin oxide

mocha aloe barbadensis (aloe) leaf juice; dicaprylyl carbonate; butylene glycol; butyrospermum parkii (shea) butter; polyglyceryl-3 polyricinoleate; dodecane; oryza sativa (rice) powder; oryza sativa (rice) bran oil; vegetable oil; helianthus annuus (sunflower) seed wax; oryza sativa (rice) bran wax; rhus succedanea fruit wax; polyglyceryl-3 diisostearate; glycerin; sodium pca; sodium chloride; xanthan gum; sodium dehydroacetate; lactic acid; glycolipids; hydrolyzed hyaluronic acid; sodium hyaluronate; ascorbyl palmitate; tocopherol; aluminum hydroxide; paeonia lactiflora (peony) root extract; vaccinium myrtillus (blueberry) fruit extract; ci 77891 (titanium dioxide) ; mica (ci 77019); ci 77491 (iron oxides); ci 77492 (iron oxides); ci 77499 (iron oxides); ci 77288 (chromium oxide greens); tin oxide

warm latte aloe barbadensis (aloe) leaf juice; dicaprylyl carbonate; butylene glycol; butyrospermum parkii (shea) butter; polyglyceryl-3 polyricinoleate; dodecane; oryza sativa (rice) powder; oryza sativa (rice) bran oil; vegetable oil; helianthus annuus (sunflower) seed wax; oryza sativa (rice) bran wax; rhus succedanea fruit wax; polyglyceryl-3 diisostearate; glycerin; sodium pca; sodium chloride; xanthan gum; sodium dehydroacetate; lactic acid; glycolipids; hydrolyzed hyaluronic acid; sodium hyaluronate; ascorbyl palmitate; tocopherol; aluminum hydroxide; paeonia lactiflora (peony) root extract; vaccinium myrtillus (blueberry) fruit extract; ci 77891 (titanium dioxide) ; mica (ci 77019); ci 77491 (iron oxides); ci 77492 (iron oxides); ci 77499 (iron oxides); ci 77288 (chromium oxide greens); tin oxide

sand aloe barbadensis (aloe) leaf juice; dicaprylyl carbonate; butylene glycol; butyrospermum parkii (shea) butter; polyglyceryl-3 polyricinoleate; dodecane; oryza sativa (rice) powder; oryza sativa (rice) bran oil; vegetable oil; helianthus annuus (sunflower) seed wax; oryza sativa (rice) bran wax; rhus succedanea fruit wax; polyglyceryl-3 diisostearate; glycerin; sodium pca; sodium chloride; xanthan gum; sodium dehydroacetate; lactic acid; glycolipids; hydrolyzed hyaluronic acid; sodium hyaluronate; ascorbyl palmitate; tocopherol; aluminum hydroxide; paeonia lactiflora (peony) root extract; vaccinium myrtillus (blueberry) fruit extract; ci 77891 (titanium dioxide) ; mica (ci 77019); ci 77491 (iron oxides); ci 77492 (iron oxides); ci 77499 (iron oxides); ci 77288 (chromium oxide greens); tin oxide

golden hour aloe barbadensis (aloe) leaf juice; dicaprylyl carbonate; butylene glycol; butyrospermum parkii (shea) butter; polyglyceryl-3 polyricinoleate; dodecane; oryza sativa (rice) powder; oryza sativa (rice) bran oil; vegetable oil; helianthus annuus (sunflower) seed wax; oryza sativa (rice) bran wax; rhus succedanea fruit wax; polyglyceryl-3 diisostearate; glycerin; sodium pca; sodium chloride; xanthan gum; sodium dehydroacetate; lactic acid; glycolipids; hydrolyzed hyaluronic acid; sodium hyaluronate; ascorbyl palmitate; tocopherol; aluminum hydroxide; paeonia lactiflora (peony) root extract; vaccinium myrtillus (blueberry) fruit extract; ci 77891 (titanium dioxide) ; mica (ci 77019); ci 77491 (iron oxides); ci 77492 (iron oxides); ci 77499 (iron oxides); ci 77288 (chromium oxide greens); tin oxide

pine aloe barbadensis (aloe) leaf juice; dicaprylyl carbonate; butylene glycol; butyrospermum parkii (shea) butter; polyglyceryl-3 polyricinoleate; dodecane; oryza sativa (rice) powder; oryza sativa (rice) bran oil; vegetable oil; helianthus annuus (sunflower) seed wax; oryza sativa (rice) bran wax; rhus succedanea fruit wax; polyglyceryl-3 diisostearate; glycerin; sodium pca; sodium chloride; xanthan gum; sodium dehydroacetate; lactic acid; aluminum hydroxide; glycolipids; paeonia lactiflora (peony) root extract; vaccinium myrtillus (blueberry) fruit extract; hydrolyzed hyaluronic acid; sodium hyaluronate; ci 77891 (titanium dioxide) ; ci 77491 (iron oxides); ci 77492 (iron oxides); ci 77499 (iron oxides)

amber aloe barbadensis (aloe) leaf juice; dicaprylyl carbonate; butylene glycol; butyrospermum parkii (shea) butter; polyglyceryl-3 polyricinoleate; dodecane; oryza sativa (rice) powder; oryza sativa (rice) bran oil; vegetable oil; helianthus annuus (sunflower) seed wax; oryza sativa (rice) bran wax; rhus succedanea fruit wax; polyglyceryl-3 diisostearate; glycerin; sodium pca; sodium chloride; xanthan gum; sodium dehydroacetate; lactic acid; aluminum hydroxide; glycolipids; paeonia lactiflora (peony) root extract; vaccinium myrtillus (blueberry) fruit extract; hydrolyzed hyaluronic acid; sodium hyaluronate; ci 77891 (titanium dioxide) ; ci 77491 (iron oxides); ci 77492 (iron oxides); ci 77499 (iron oxides)

rich soil aloe barbadensis (aloe) leaf juice; dicaprylyl carbonate; butylene glycol; butyrospermum parkii (shea) butter; polyglyceryl-3 polyricinoleate; dodecane; oryza sativa (rice) powder; oryza sativa (rice) bran oil; vegetable oil; helianthus annuus (sunflower) seed wax; oryza sativa (rice) bran wax; rhus succedanea fruit wax; polyglyceryl-3 diisostearate; glycerin; sodium pca; sodium chloride; xanthan gum; sodium dehydroacetate; lactic acid; aluminum hydroxide; glycolipids; paeonia lactiflora (peony) root extract; vaccinium myrtillus (blueberry) fruit extract; hydrolyzed hyaluronic acid; sodium hyaluronate; ci 77891 (titanium dioxide) ; ci 77491 (iron oxides); ci 77492 (iron oxides); ci 77499 (iron oxides)

this list of ingredients is subject to change; please refer to the packaging of the purchased product.",'4.7,87
Make Up,Eyes,'15160909201788,'55085849117052,Madara,The Concealer,https://ohmycream.co.uk/collections/make-up-eye/products/madara-the-concealer?variant=55085849117052,https://cdn.shopify.com/s/files/1/0555/4071/1596/files/202508_Madara_The_Concealer_sand_packshot.jpg?v=1754906463,"Complete list of ingredients

vanilla aloe barbadensis (aloe) leaf juice; dicaprylyl carbonate; butylene glycol; butyrospermum parkii (shea) butter; polyglyceryl-3 polyricinoleate; dodecane; oryza sativa (rice) powder; oryza sativa (rice) bran oil; vegetable oil; helianthus annuus (sunflower) seed wax; oryza sativa (rice) bran wax; rhus succedanea fruit wax; polyglyceryl-3 diisostearate; glycerin; sodium pca; sodium chloride; xanthan gum; sodium dehydroacetate; lactic acid; glycolipids; hydrolyzed hyaluronic acid; sodium hyaluronate; ascorbyl palmitate; tocopherol; aluminum hydroxide; paeonia lactiflora (peony) root extract; vaccinium myrtillus (blueberry) fruit extract; ci 77891 (titanium dioxide) ; mica (ci 77019); ci 77491 (iron oxides); ci 77492 (iron oxides); ci 77499 (iron oxides); ci 77288 (chromium oxide greens); tin oxide

latte aloe barbadensis (aloe) leaf juice; dicaprylyl carbonate; butylene glycol; butyrospermum parkii (shea) butter; polyglyceryl-3 polyricinoleate; dodecane; oryza sativa (rice) powder; oryza sativa (rice) bran oil; vegetable oil; helianthus annuus (sunflower) seed wax; oryza sativa (rice) bran wax; rhus succedanea fruit wax; polyglyceryl-3 diisostearate; glycerin; sodium pca; sodium chloride; xanthan gum; sodium dehydroacetate; lactic acid; glycolipids; hydrolyzed hyaluronic acid; sodium hyaluronate; ascorbyl palmitate; tocopherol; aluminum hydroxide; paeonia lactiflora (peony) root extract; vaccinium myrtillus (blueberry) fruit extract; ci 77891 (titanium dioxide) ; mica (ci 77019); ci 77491 (iron oxides); ci 77492 (iron oxides); ci 77499 (iron oxides); ci 77288 (chromium oxide greens); tin oxide

honey aloe barbadensis (aloe) leaf juice; dicaprylyl carbonate; butylene glycol; butyrospermum parkii (shea) butter; polyglyceryl-3 polyricinoleate; dodecane; oryza sativa (rice) powder; oryza sativa (rice) bran oil; vegetable oil; helianthus annuus (sunflower) seed wax; oryza sativa (rice) bran wax; rhus succedanea fruit wax; polyglyceryl-3 diisostearate; glycerin; sodium pca; sodium chloride; xanthan gum; sodium dehydroacetate; lactic acid; aluminum hydroxide; glycolipids; paeonia lactiflora (peony) root extract; vaccinium myrtillus (blueberry) fruit extract; hydrolyzed hyaluronic acid; sodium hyaluronate; ci 77891 (titanium dioxide) ; ci 77491 (iron oxides); ci 77492 (iron oxides); ci 77499 (iron oxides)

almond aloe barbadensis (aloe) leaf juice; dicaprylyl carbonate; butylene glycol; butyrospermum parkii (shea) butter; polyglyceryl-3 polyricinoleate; dodecane; oryza sativa (rice) powder; oryza sativa (rice) bran oil; vegetable oil; helianthus annuus (sunflower) seed wax; oryza sativa (rice) bran wax; rhus succedanea fruit wax; polyglyceryl-3 diisostearate; glycerin; sodium pca; sodium chloride; xanthan gum; sodium dehydroacetate; lactic acid; glycolipids; hydrolyzed hyaluronic acid; sodium hyaluronate; ascorbyl palmitate; tocopherol; aluminum hydroxide; paeonia lactiflora (peony) root extract; vaccinium myrtillus (blueberry) fruit extract; ci 77891 (titanium dioxide) ; mica (ci 77019); ci 77491 (iron oxides); ci 77492 (iron oxides); ci 77499 (iron oxides); ci 77288 (chromium oxide greens); tin oxide

hazelnut aloe barbadensis (aloe) leaf juice; dicaprylyl carbonate; butylene glycol; butyrospermum parkii (shea) butter; polyglyceryl-3 polyricinoleate; dodecane; oryza sativa (rice) powder; oryza sativa (rice) bran oil; vegetable oil; helianthus annuus (sunflower) seed wax; oryza sativa (rice) bran wax; rhus succedanea fruit wax; polyglyceryl-3 diisostearate; glycerin; sodium pca; sodium chloride; xanthan gum; sodium dehydroacetate; lactic acid; glycolipids; hydrolyzed hyaluronic acid; sodium hyaluronate; ascorbyl palmitate; tocopherol; aluminum hydroxide; paeonia lactiflora (peony) root extract; vaccinium myrtillus (blueberry) fruit extract; ci 77891 (titanium dioxide) ; mica (ci 77019); ci 77491 (iron oxides); ci 77492 (iron oxides); ci 77499 (iron oxides); ci 77288 (chromium oxide greens); tin oxide

mocha aloe barbadensis (aloe) leaf juice; dicaprylyl carbonate; butylene glycol; butyrospermum parkii (shea) butter; polyglyceryl-3 polyricinoleate; dodecane; oryza sativa (rice) powder; oryza sativa (rice) bran oil; vegetable oil; helianthus annuus (sunflower) seed wax; oryza sativa (rice) bran wax; rhus succedanea fruit wax; polyglyceryl-3 diisostearate; glycerin; sodium pca; sodium chloride; xanthan gum; sodium dehydroacetate; lactic acid; glycolipids; hydrolyzed hyaluronic acid; sodium hyaluronate; ascorbyl palmitate; tocopherol; aluminum hydroxide; paeonia lactiflora (peony) root extract; vaccinium myrtillus (blueberry) fruit extract; ci 77891 (titanium dioxide) ; mica (ci 77019); ci 77491 (iron oxides); ci 77492 (iron oxides); ci 77499 (iron oxides); ci 77288 (chromium oxide greens); tin oxide

warm latte aloe barbadensis (aloe) leaf juice; dicaprylyl carbonate; butylene glycol; butyrospermum parkii (shea) butter; polyglyceryl-3 polyricinoleate; dodecane; oryza sativa (rice) powder; oryza sativa (rice) bran oil; vegetable oil; helianthus annuus (sunflower) seed wax; oryza sativa (rice) bran wax; rhus succedanea fruit wax; polyglyceryl-3 diisostearate; glycerin; sodium pca; sodium chloride; xanthan gum; sodium dehydroacetate; lactic acid; glycolipids; hydrolyzed hyaluronic acid; sodium hyaluronate; ascorbyl palmitate; tocopherol; aluminum hydroxide; paeonia lactiflora (peony) root extract; vaccinium myrtillus (blueberry) fruit extract; ci 77891 (titanium dioxide) ; mica (ci 77019); ci 77491 (iron oxides); ci 77492 (iron oxides); ci 77499 (iron oxides); ci 77288 (chromium oxide greens); tin oxide

sand aloe barbadensis (aloe) leaf juice; dicaprylyl carbonate; butylene glycol; butyrospermum parkii (shea) butter; polyglyceryl-3 polyricinoleate; dodecane; oryza sativa (rice) powder; oryza sativa (rice) bran oil; vegetable oil; helianthus annuus (sunflower) seed wax; oryza sativa (rice) bran wax; rhus succedanea fruit wax; polyglyceryl-3 diisostearate; glycerin; sodium pca; sodium chloride; xanthan gum; sodium dehydroacetate; lactic acid; glycolipids; hydrolyzed hyaluronic acid; sodium hyaluronate; ascorbyl palmitate; tocopherol; aluminum hydroxide; paeonia lactiflora (peony) root extract; vaccinium myrtillus (blueberry) fruit extract; ci 77891 (titanium dioxide) ; mica (ci 77019); ci 77491 (iron oxides); ci 77492 (iron oxides); ci 77499 (iron oxides); ci 77288 (chromium oxide greens); tin oxide

golden hour aloe barbadensis (aloe) leaf juice; dicaprylyl carbonate; butylene glycol; butyrospermum parkii (shea) butter; polyglyceryl-3 polyricinoleate; dodecane; oryza sativa (rice) powder; oryza sativa (rice) bran oil; vegetable oil; helianthus annuus (sunflower) seed wax; oryza sativa (rice) bran wax; rhus succedanea fruit wax; polyglyceryl-3 diisostearate; glycerin; sodium pca; sodium chloride; xanthan gum; sodium dehydroacetate; lactic acid; glycolipids; hydrolyzed hyaluronic acid; sodium hyaluronate; ascorbyl palmitate; tocopherol; aluminum hydroxide; paeonia lactiflora (peony) root extract; vaccinium myrtillus (blueberry) fruit extract; ci 77891 (titanium dioxide) ; mica (ci 77019); ci 77491 (iron oxides); ci 77492 (iron oxides); ci 77499 (iron oxides); ci 77288 (chromium oxide greens); tin oxide

pine aloe barbadensis (aloe) leaf juice; dicaprylyl carbonate; butylene glycol; butyrospermum parkii (shea) butter; polyglyceryl-3 polyricinoleate; dodecane; oryza sativa (rice) powder; oryza sativa (rice) bran oil; vegetable oil; helianthus annuus (sunflower) seed wax; oryza sativa (rice) bran wax; rhus succedanea fruit wax; polyglyceryl-3 diisostearate; glycerin; sodium pca; sodium chloride; xanthan gum; sodium dehydroacetate; lactic acid; aluminum hydroxide; glycolipids; paeonia lactiflora (peony) root extract; vaccinium myrtillus (blueberry) fruit extract; hydrolyzed hyaluronic acid; sodium hyaluronate; ci 77891 (titanium dioxide) ; ci 77491 (iron oxides); ci 77492 (iron oxides); ci 77499 (iron oxides)

amber aloe barbadensis (aloe) leaf juice; dicaprylyl carbonate; butylene glycol; butyrospermum parkii (shea) butter; polyglyceryl-3 polyricinoleate; dodecane; oryza sativa (rice) powder; oryza sativa (rice) bran oil; vegetable oil; helianthus annuus (sunflower) seed wax; oryza sativa (rice) bran wax; rhus succedanea fruit wax; polyglyceryl-3 diisostearate; glycerin; sodium pca; sodium chloride; xanthan gum; sodium dehydroacetate; lactic acid; aluminum hydroxide; glycolipids; paeonia lactiflora (peony) root extract; vaccinium myrtillus (blueberry) fruit extract; hydrolyzed hyaluronic acid; sodium hyaluronate; ci 77891 (titanium dioxide) ; ci 77491 (iron oxides); ci 77492 (iron oxides); ci 77499 (iron oxides)

rich soil aloe barbadensis (aloe) leaf juice; dicaprylyl carbonate; butylene glycol; butyrospermum parkii (shea) butter; polyglyceryl-3 polyricinoleate; dodecane; oryza sativa (rice) powder; oryza sativa (rice) bran oil; vegetable oil; helianthus annuus (sunflower) seed wax; oryza sativa (rice) bran wax; rhus succedanea fruit wax; polyglyceryl-3 diisostearate; glycerin; sodium pca; sodium chloride; xanthan gum; sodium dehydroacetate; lactic acid; aluminum hydroxide; glycolipids; paeonia lactiflora (peony) root extract; vaccinium myrtillus (blueberry) fruit extract; hydrolyzed hyaluronic acid; sodium hyaluronate; ci 77891 (titanium dioxide) ; ci 77491 (iron oxides); ci 77492 (iron oxides); ci 77499 (iron oxides)

this list of ingredients is subject to change; please refer to the packaging of the purchased product.",'4.7,87
Make Up,Eyes,'15160909201788,'55085849149820,Madara,The Concealer,https://ohmycream.co.uk/collections/make-up-eye/products/madara-the-concealer?variant=55085849149820,https://cdn.shopify.com/s/files/1/0555/4071/1596/files/202508_Madara_The_Concealer_honey_packshot.jpg?v=1754906463,"Complete list of ingredients

vanilla aloe barbadensis (aloe) leaf juice; dicaprylyl carbonate; butylene glycol; butyrospermum parkii (shea) butter; polyglyceryl-3 polyricinoleate; dodecane; oryza sativa (rice) powder; oryza sativa (rice) bran oil; vegetable oil; helianthus annuus (sunflower) seed wax; oryza sativa (rice) bran wax; rhus succedanea fruit wax; polyglyceryl-3 diisostearate; glycerin; sodium pca; sodium chloride; xanthan gum; sodium dehydroacetate; lactic acid; glycolipids; hydrolyzed hyaluronic acid; sodium hyaluronate; ascorbyl palmitate; tocopherol; aluminum hydroxide; paeonia lactiflora (peony) root extract; vaccinium myrtillus (blueberry) fruit extract; ci 77891 (titanium dioxide) ; mica (ci 77019); ci 77491 (iron oxides); ci 77492 (iron oxides); ci 77499 (iron oxides); ci 77288 (chromium oxide greens); tin oxide

latte aloe barbadensis (aloe) leaf juice; dicaprylyl carbonate; butylene glycol; butyrospermum parkii (shea) butter; polyglyceryl-3 polyricinoleate; dodecane; oryza sativa (rice) powder; oryza sativa (rice) bran oil; vegetable oil; helianthus annuus (sunflower) seed wax; oryza sativa (rice) bran wax; rhus succedanea fruit wax; polyglyceryl-3 diisostearate; glycerin; sodium pca; sodium chloride; xanthan gum; sodium dehydroacetate; lactic acid; glycolipids; hydrolyzed hyaluronic acid; sodium hyaluronate; ascorbyl palmitate; tocopherol; aluminum hydroxide; paeonia lactiflora (peony) root extract; vaccinium myrtillus (blueberry) fruit extract; ci 77891 (titanium dioxide) ; mica (ci 77019); ci 77491 (iron oxides); ci 77492 (iron oxides); ci 77499 (iron oxides); ci 77288 (chromium oxide greens); tin oxide

honey aloe barbadensis (aloe) leaf juice; dicaprylyl carbonate; butylene glycol; butyrospermum parkii (shea) butter; polyglyceryl-3 polyricinoleate; dodecane; oryza sativa (rice) powder; oryza sativa (rice) bran oil; vegetable oil; helianthus annuus (sunflower) seed wax; oryza sativa (rice) bran wax; rhus succedanea fruit wax; polyglyceryl-3 diisostearate; glycerin; sodium pca; sodium chloride; xanthan gum; sodium dehydroacetate; lactic acid; aluminum hydroxide; glycolipids; paeonia lactiflora (peony) root extract; vaccinium myrtillus (blueberry) fruit extract; hydrolyzed hyaluronic acid; sodium hyaluronate; ci 77891 (titanium dioxide) ; ci 77491 (iron oxides); ci 77492 (iron oxides); ci 77499 (iron oxides)

almond aloe barbadensis (aloe) leaf juice; dicaprylyl carbonate; butylene glycol; butyrospermum parkii (shea) butter; polyglyceryl-3 polyricinoleate; dodecane; oryza sativa (rice) powder; oryza sativa (rice) bran oil; vegetable oil; helianthus annuus (sunflower) seed wax; oryza sativa (rice) bran wax; rhus succedanea fruit wax; polyglyceryl-3 diisostearate; glycerin; sodium pca; sodium chloride; xanthan gum; sodium dehydroacetate; lactic acid; glycolipids; hydrolyzed hyaluronic acid; sodium hyaluronate; ascorbyl palmitate; tocopherol; aluminum hydroxide; paeonia lactiflora (peony) root extract; vaccinium myrtillus (blueberry) fruit extract; ci 77891 (titanium dioxide) ; mica (ci 77019); ci 77491 (iron oxides); ci 77492 (iron oxides); ci 77499 (iron oxides); ci 77288 (chromium oxide greens); tin oxide

hazelnut aloe barbadensis (aloe) leaf juice; dicaprylyl carbonate; butylene glycol; butyrospermum parkii (shea) butter; polyglyceryl-3 polyricinoleate; dodecane; oryza sativa (rice) powder; oryza sativa (rice) bran oil; vegetable oil; helianthus annuus (sunflower) seed wax; oryza sativa (rice) bran wax; rhus succedanea fruit wax; polyglyceryl-3 diisostearate; glycerin; sodium pca; sodium chloride; xanthan gum; sodium dehydroacetate; lactic acid; glycolipids; hydrolyzed hyaluronic acid; sodium hyaluronate; ascorbyl palmitate; tocopherol; aluminum hydroxide; paeonia lactiflora (peony) root extract; vaccinium myrtillus (blueberry) fruit extract; ci 77891 (titanium dioxide) ; mica (ci 77019); ci 77491 (iron oxides); ci 77492 (iron oxides); ci 77499 (iron oxides); ci 77288 (chromium oxide greens); tin oxide

mocha aloe barbadensis (aloe) leaf juice; dicaprylyl carbonate; butylene glycol; butyrospermum parkii (shea) butter; polyglyceryl-3 polyricinoleate; dodecane; oryza sativa (rice) powder; oryza sativa (rice) bran oil; vegetable oil; helianthus annuus (sunflower) seed wax; oryza sativa (rice) bran wax; rhus succedanea fruit wax; polyglyceryl-3 diisostearate; glycerin; sodium pca; sodium chloride; xanthan gum; sodium dehydroacetate; lactic acid; glycolipids; hydrolyzed hyaluronic acid; sodium hyaluronate; ascorbyl palmitate; tocopherol; aluminum hydroxide; paeonia lactiflora (peony) root extract; vaccinium myrtillus (blueberry) fruit extract; ci 77891 (titanium dioxide) ; mica (ci 77019); ci 77491 (iron oxides); ci 77492 (iron oxides); ci 77499 (iron oxides); ci 77288 (chromium oxide greens); tin oxide

warm latte aloe barbadensis (aloe) leaf juice; dicaprylyl carbonate; butylene glycol; butyrospermum parkii (shea) butter; polyglyceryl-3 polyricinoleate; dodecane; oryza sativa (rice) powder; oryza sativa (rice) bran oil; vegetable oil; helianthus annuus (sunflower) seed wax; oryza sativa (rice) bran wax; rhus succedanea fruit wax; polyglyceryl-3 diisostearate; glycerin; sodium pca; sodium chloride; xanthan gum; sodium dehydroacetate; lactic acid; glycolipids; hydrolyzed hyaluronic acid; sodium hyaluronate; ascorbyl palmitate; tocopherol; aluminum hydroxide; paeonia lactiflora (peony) root extract; vaccinium myrtillus (blueberry) fruit extract; ci 77891 (titanium dioxide) ; mica (ci 77019); ci 77491 (iron oxides); ci 77492 (iron oxides); ci 77499 (iron oxides); ci 77288 (chromium oxide greens); tin oxide

sand aloe barbadensis (aloe) leaf juice; dicaprylyl carbonate; butylene glycol; butyrospermum parkii (shea) butter; polyglyceryl-3 polyricinoleate; dodecane; oryza sativa (rice) powder; oryza sativa (rice) bran oil; vegetable oil; helianthus annuus (sunflower) seed wax; oryza sativa (rice) bran wax; rhus succedanea fruit wax; polyglyceryl-3 diisostearate; glycerin; sodium pca; sodium chloride; xanthan gum; sodium dehydroacetate; lactic acid; glycolipids; hydrolyzed hyaluronic acid; sodium hyaluronate; ascorbyl palmitate; tocopherol; aluminum hydroxide; paeonia lactiflora (peony) root extract; vaccinium myrtillus (blueberry) fruit extract; ci 77891 (titanium dioxide) ; mica (ci 77019); ci 77491 (iron oxides); ci 77492 (iron oxides); ci 77499 (iron oxides); ci 77288 (chromium oxide greens); tin oxide

golden hour aloe barbadensis (aloe) leaf juice; dicaprylyl carbonate; butylene glycol; butyrospermum parkii (shea) butter; polyglyceryl-3 polyricinoleate; dodecane; oryza sativa (rice) powder; oryza sativa (rice) bran oil; vegetable oil; helianthus annuus (sunflower) seed wax; oryza sativa (rice) bran wax; rhus succedanea fruit wax; polyglyceryl-3 diisostearate; glycerin; sodium pca; sodium chloride; xanthan gum; sodium dehydroacetate; lactic acid; glycolipids; hydrolyzed hyaluronic acid; sodium hyaluronate; ascorbyl palmitate; tocopherol; aluminum hydroxide; paeonia lactiflora (peony) root extract; vaccinium myrtillus (blueberry) fruit extract; ci 77891 (titanium dioxide) ; mica (ci 77019); ci 77491 (iron oxides); ci 77492 (iron oxides); ci 77499 (iron oxides); ci 77288 (chromium oxide greens); tin oxide

pine aloe barbadensis (aloe) leaf juice; dicaprylyl carbonate; butylene glycol; butyrospermum parkii (shea) butter; polyglyceryl-3 polyricinoleate; dodecane; oryza sativa (rice) powder; oryza sativa (rice) bran oil; vegetable oil; helianthus annuus (sunflower) seed wax; oryza sativa (rice) bran wax; rhus succedanea fruit wax; polyglyceryl-3 diisostearate; glycerin; sodium pca; sodium chloride; xanthan gum; sodium dehydroacetate; lactic acid; aluminum hydroxide; glycolipids; paeonia lactiflora (peony) root extract; vaccinium myrtillus (blueberry) fruit extract; hydrolyzed hyaluronic acid; sodium hyaluronate; ci 77891 (titanium dioxide) ; ci 77491 (iron oxides); ci 77492 (iron oxides); ci 77499 (iron oxides)

amber aloe barbadensis (aloe) leaf juice; dicaprylyl carbonate; butylene glycol; butyrospermum parkii (shea) butter; polyglyceryl-3 polyricinoleate; dodecane; oryza sativa (rice) powder; oryza sativa (rice) bran oil; vegetable oil; helianthus annuus (sunflower) seed wax; oryza sativa (rice) bran wax; rhus succedanea fruit wax; polyglyceryl-3 diisostearate; glycerin; sodium pca; sodium chloride; xanthan gum; sodium dehydroacetate; lactic acid; aluminum hydroxide; glycolipids; paeonia lactiflora (peony) root extract; vaccinium myrtillus (blueberry) fruit extract; hydrolyzed hyaluronic acid; sodium hyaluronate; ci 77891 (titanium dioxide) ; ci 77491 (iron oxides); ci 77492 (iron oxides); ci 77499 (iron oxides)

rich soil aloe barbadensis (aloe) leaf juice; dicaprylyl carbonate; butylene glycol; butyrospermum parkii (shea) butter; polyglyceryl-3 polyricinoleate; dodecane; oryza sativa (rice) powder; oryza sativa (rice) bran oil; vegetable oil; helianthus annuus (sunflower) seed wax; oryza sativa (rice) bran wax; rhus succedanea fruit wax; polyglyceryl-3 diisostearate; glycerin; sodium pca; sodium chloride; xanthan gum; sodium dehydroacetate; lactic acid; aluminum hydroxide; glycolipids; paeonia lactiflora (peony) root extract; vaccinium myrtillus (blueberry) fruit extract; hydrolyzed hyaluronic acid; sodium hyaluronate; ci 77891 (titanium dioxide) ; ci 77491 (iron oxides); ci 77492 (iron oxides); ci 77499 (iron oxides)

this list of ingredients is subject to change; please refer to the packaging of the purchased product.",'4.7,87
Make Up,Eyes,'15160909201788,'55085849182588,Madara,The Concealer,https://ohmycream.co.uk/collections/make-up-eye/products/madara-the-concealer?variant=55085849182588,https://cdn.shopify.com/s/files/1/0555/4071/1596/files/202508_Madara_The_Concealer_golden_hour_packshot.jpg?v=1754906463,"Complete list of ingredients

vanilla aloe barbadensis (aloe) leaf juice; dicaprylyl carbonate; butylene glycol; butyrospermum parkii (shea) butter; polyglyceryl-3 polyricinoleate; dodecane; oryza sativa (rice) powder; oryza sativa (rice) bran oil; vegetable oil; helianthus annuus (sunflower) seed wax; oryza sativa (rice) bran wax; rhus succedanea fruit wax; polyglyceryl-3 diisostearate; glycerin; sodium pca; sodium chloride; xanthan gum; sodium dehydroacetate; lactic acid; glycolipids; hydrolyzed hyaluronic acid; sodium hyaluronate; ascorbyl palmitate; tocopherol; aluminum hydroxide; paeonia lactiflora (peony) root extract; vaccinium myrtillus (blueberry) fruit extract; ci 77891 (titanium dioxide) ; mica (ci 77019); ci 77491 (iron oxides); ci 77492 (iron oxides); ci 77499 (iron oxides); ci 77288 (chromium oxide greens); tin oxide

latte aloe barbadensis (aloe) leaf juice; dicaprylyl carbonate; butylene glycol; butyrospermum parkii (shea) butter; polyglyceryl-3 polyricinoleate; dodecane; oryza sativa (rice) powder; oryza sativa (rice) bran oil; vegetable oil; helianthus annuus (sunflower) seed wax; oryza sativa (rice) bran wax; rhus succedanea fruit wax; polyglyceryl-3 diisostearate; glycerin; sodium pca; sodium chloride; xanthan gum; sodium dehydroacetate; lactic acid; glycolipids; hydrolyzed hyaluronic acid; sodium hyaluronate; ascorbyl palmitate; tocopherol; aluminum hydroxide; paeonia lactiflora (peony) root extract; vaccinium myrtillus (blueberry) fruit extract; ci 77891 (titanium dioxide) ; mica (ci 77019); ci 77491 (iron oxides); ci 77492 (iron oxides); ci 77499 (iron oxides); ci 77288 (chromium oxide greens); tin oxide

honey aloe barbadensis (aloe) leaf juice; dicaprylyl carbonate; butylene glycol; butyrospermum parkii (shea) butter; polyglyceryl-3 polyricinoleate; dodecane; oryza sativa (rice) powder; oryza sativa (rice) bran oil; vegetable oil; helianthus annuus (sunflower) seed wax; oryza sativa (rice) bran wax; rhus succedanea fruit wax; polyglyceryl-3 diisostearate; glycerin; sodium pca; sodium chloride; xanthan gum; sodium dehydroacetate; lactic acid; aluminum hydroxide; glycolipids; paeonia lactiflora (peony) root extract; vaccinium myrtillus (blueberry) fruit extract; hydrolyzed hyaluronic acid; sodium hyaluronate; ci 77891 (titanium dioxide) ; ci 77491 (iron oxides); ci 77492 (iron oxides); ci 77499 (iron oxides)

almond aloe barbadensis (aloe) leaf juice; dicaprylyl carbonate; butylene glycol; butyrospermum parkii (shea) butter; polyglyceryl-3 polyricinoleate; dodecane; oryza sativa (rice) powder; oryza sativa (rice) bran oil; vegetable oil; helianthus annuus (sunflower) seed wax; oryza sativa (rice) bran wax; rhus succedanea fruit wax; polyglyceryl-3 diisostearate; glycerin; sodium pca; sodium chloride; xanthan gum; sodium dehydroacetate; lactic acid; glycolipids; hydrolyzed hyaluronic acid; sodium hyaluronate; ascorbyl palmitate; tocopherol; aluminum hydroxide; paeonia lactiflora (peony) root extract; vaccinium myrtillus (blueberry) fruit extract; ci 77891 (titanium dioxide) ; mica (ci 77019); ci 77491 (iron oxides); ci 77492 (iron oxides); ci 77499 (iron oxides); ci 77288 (chromium oxide greens); tin oxide

hazelnut aloe barbadensis (aloe) leaf juice; dicaprylyl carbonate; butylene glycol; butyrospermum parkii (shea) butter; polyglyceryl-3 polyricinoleate; dodecane; oryza sativa (rice) powder; oryza sativa (rice) bran oil; vegetable oil; helianthus annuus (sunflower) seed wax; oryza sativa (rice) bran wax; rhus succedanea fruit wax; polyglyceryl-3 diisostearate; glycerin; sodium pca; sodium chloride; xanthan gum; sodium dehydroacetate; lactic acid; glycolipids; hydrolyzed hyaluronic acid; sodium hyaluronate; ascorbyl palmitate; tocopherol; aluminum hydroxide; paeonia lactiflora (peony) root extract; vaccinium myrtillus (blueberry) fruit extract; ci 77891 (titanium dioxide) ; mica (ci 77019); ci 77491 (iron oxides); ci 77492 (iron oxides); ci 77499 (iron oxides); ci 77288 (chromium oxide greens); tin oxide

mocha aloe barbadensis (aloe) leaf juice; dicaprylyl carbonate; butylene glycol; butyrospermum parkii (shea) butter; polyglyceryl-3 polyricinoleate; dodecane; oryza sativa (rice) powder; oryza sativa (rice) bran oil; vegetable oil; helianthus annuus (sunflower) seed wax; oryza sativa (rice) bran wax; rhus succedanea fruit wax; polyglyceryl-3 diisostearate; glycerin; sodium pca; sodium chloride; xanthan gum; sodium dehydroacetate; lactic acid; glycolipids; hydrolyzed hyaluronic acid; sodium hyaluronate; ascorbyl palmitate; tocopherol; aluminum hydroxide; paeonia lactiflora (peony) root extract; vaccinium myrtillus (blueberry) fruit extract; ci 77891 (titanium dioxide) ; mica (ci 77019); ci 77491 (iron oxides); ci 77492 (iron oxides); ci 77499 (iron oxides); ci 77288 (chromium oxide greens); tin oxide

warm latte aloe barbadensis (aloe) leaf juice; dicaprylyl carbonate; butylene glycol; butyrospermum parkii (shea) butter; polyglyceryl-3 polyricinoleate; dodecane; oryza sativa (rice) powder; oryza sativa (rice) bran oil; vegetable oil; helianthus annuus (sunflower) seed wax; oryza sativa (rice) bran wax; rhus succedanea fruit wax; polyglyceryl-3 diisostearate; glycerin; sodium pca; sodium chloride; xanthan gum; sodium dehydroacetate; lactic acid; glycolipids; hydrolyzed hyaluronic acid; sodium hyaluronate; ascorbyl palmitate; tocopherol; aluminum hydroxide; paeonia lactiflora (peony) root extract; vaccinium myrtillus (blueberry) fruit extract; ci 77891 (titanium dioxide) ; mica (ci 77019); ci 77491 (iron oxides); ci 77492 (iron oxides); ci 77499 (iron oxides); ci 77288 (chromium oxide greens); tin oxide

sand aloe barbadensis (aloe) leaf juice; dicaprylyl carbonate; butylene glycol; butyrospermum parkii (shea) butter; polyglyceryl-3 polyricinoleate; dodecane; oryza sativa (rice) powder; oryza sativa (rice) bran oil; vegetable oil; helianthus annuus (sunflower) seed wax; oryza sativa (rice) bran wax; rhus succedanea fruit wax; polyglyceryl-3 diisostearate; glycerin; sodium pca; sodium chloride; xanthan gum; sodium dehydroacetate; lactic acid; glycolipids; hydrolyzed hyaluronic acid; sodium hyaluronate; ascorbyl palmitate; tocopherol; aluminum hydroxide; paeonia lactiflora (peony) root extract; vaccinium myrtillus (blueberry) fruit extract; ci 77891 (titanium dioxide) ; mica (ci 77019); ci 77491 (iron oxides); ci 77492 (iron oxides); ci 77499 (iron oxides); ci 77288 (chromium oxide greens); tin oxide

golden hour aloe barbadensis (aloe) leaf juice; dicaprylyl carbonate; butylene glycol; butyrospermum parkii (shea) butter; polyglyceryl-3 polyricinoleate; dodecane; oryza sativa (rice) powder; oryza sativa (rice) bran oil; vegetable oil; helianthus annuus (sunflower) seed wax; oryza sativa (rice) bran wax; rhus succedanea fruit wax; polyglyceryl-3 diisostearate; glycerin; sodium pca; sodium chloride; xanthan gum; sodium dehydroacetate; lactic acid; glycolipids; hydrolyzed hyaluronic acid; sodium hyaluronate; ascorbyl palmitate; tocopherol; aluminum hydroxide; paeonia lactiflora (peony) root extract; vaccinium myrtillus (blueberry) fruit extract; ci 77891 (titanium dioxide) ; mica (ci 77019); ci 77491 (iron oxides); ci 77492 (iron oxides); ci 77499 (iron oxides); ci 77288 (chromium oxide greens); tin oxide

pine aloe barbadensis (aloe) leaf juice; dicaprylyl carbonate; butylene glycol; butyrospermum parkii (shea) butter; polyglyceryl-3 polyricinoleate; dodecane; oryza sativa (rice) powder; oryza sativa (rice) bran oil; vegetable oil; helianthus annuus (sunflower) seed wax; oryza sativa (rice) bran wax; rhus succedanea fruit wax; polyglyceryl-3 diisostearate; glycerin; sodium pca; sodium chloride; xanthan gum; sodium dehydroacetate; lactic acid; aluminum hydroxide; glycolipids; paeonia lactiflora (peony) root extract; vaccinium myrtillus (blueberry) fruit extract; hydrolyzed hyaluronic acid; sodium hyaluronate; ci 77891 (titanium dioxide) ; ci 77491 (iron oxides); ci 77492 (iron oxides); ci 77499 (iron oxides)

amber aloe barbadensis (aloe) leaf juice; dicaprylyl carbonate; butylene glycol; butyrospermum parkii (shea) butter; polyglyceryl-3 polyricinoleate; dodecane; oryza sativa (rice) powder; oryza sativa (rice) bran oil; vegetable oil; helianthus annuus (sunflower) seed wax; oryza sativa (rice) bran wax; rhus succedanea fruit wax; polyglyceryl-3 diisostearate; glycerin; sodium pca; sodium chloride; xanthan gum; sodium dehydroacetate; lactic acid; aluminum hydroxide; glycolipids; paeonia lactiflora (peony) root extract; vaccinium myrtillus (blueberry) fruit extract; hydrolyzed hyaluronic acid; sodium hyaluronate; ci 77891 (titanium dioxide) ; ci 77491 (iron oxides); ci 77492 (iron oxides); ci 77499 (iron oxides)

rich soil aloe barbadensis (aloe) leaf juice; dicaprylyl carbonate; butylene glycol; butyrospermum parkii (shea) butter; polyglyceryl-3 polyricinoleate; dodecane; oryza sativa (rice) powder; oryza sativa (rice) bran oil; vegetable oil; helianthus annuus (sunflower) seed wax; oryza sativa (rice) bran wax; rhus succedanea fruit wax; polyglyceryl-3 diisostearate; glycerin; sodium pca; sodium chloride; xanthan gum; sodium dehydroacetate; lactic acid; aluminum hydroxide; glycolipids; paeonia lactiflora (peony) root extract; vaccinium myrtillus (blueberry) fruit extract; hydrolyzed hyaluronic acid; sodium hyaluronate; ci 77891 (titanium dioxide) ; ci 77491 (iron oxides); ci 77492 (iron oxides); ci 77499 (iron oxides)

this list of ingredients is subject to change; please refer to the packaging of the purchased product.",'4.7,87
Make Up,Eyes,'15160909201788,'55085849215356,Madara,The Concealer,https://ohmycream.co.uk/collections/make-up-eye/products/madara-the-concealer?variant=55085849215356,https://cdn.shopify.com/s/files/1/0555/4071/1596/files/202508_Madara_The_Concealer_Almond_packshot.jpg?v=1754906463,"Complete list of ingredients

vanilla aloe barbadensis (aloe) leaf juice; dicaprylyl carbonate; butylene glycol; butyrospermum parkii (shea) butter; polyglyceryl-3 polyricinoleate; dodecane; oryza sativa (rice) powder; oryza sativa (rice) bran oil; vegetable oil; helianthus annuus (sunflower) seed wax; oryza sativa (rice) bran wax; rhus succedanea fruit wax; polyglyceryl-3 diisostearate; glycerin; sodium pca; sodium chloride; xanthan gum; sodium dehydroacetate; lactic acid; glycolipids; hydrolyzed hyaluronic acid; sodium hyaluronate; ascorbyl palmitate; tocopherol; aluminum hydroxide; paeonia lactiflora (peony) root extract; vaccinium myrtillus (blueberry) fruit extract; ci 77891 (titanium dioxide) ; mica (ci 77019); ci 77491 (iron oxides); ci 77492 (iron oxides); ci 77499 (iron oxides); ci 77288 (chromium oxide greens); tin oxide

latte aloe barbadensis (aloe) leaf juice; dicaprylyl carbonate; butylene glycol; butyrospermum parkii (shea) butter; polyglyceryl-3 polyricinoleate; dodecane; oryza sativa (rice) powder; oryza sativa (rice) bran oil; vegetable oil; helianthus annuus (sunflower) seed wax; oryza sativa (rice) bran wax; rhus succedanea fruit wax; polyglyceryl-3 diisostearate; glycerin; sodium pca; sodium chloride; xanthan gum; sodium dehydroacetate; lactic acid; glycolipids; hydrolyzed hyaluronic acid; sodium hyaluronate; ascorbyl palmitate; tocopherol; aluminum hydroxide; paeonia lactiflora (peony) root extract; vaccinium myrtillus (blueberry) fruit extract; ci 77891 (titanium dioxide) ; mica (ci 77019); ci 77491 (iron oxides); ci 77492 (iron oxides); ci 77499 (iron oxides); ci 77288 (chromium oxide greens); tin oxide

honey aloe barbadensis (aloe) leaf juice; dicaprylyl carbonate; butylene glycol; butyrospermum parkii (shea) butter; polyglyceryl-3 polyricinoleate; dodecane; oryza sativa (rice) powder; oryza sativa (rice) bran oil; vegetable oil; helianthus annuus (sunflower) seed wax; oryza sativa (rice) bran wax; rhus succedanea fruit wax; polyglyceryl-3 diisostearate; glycerin; sodium pca; sodium chloride; xanthan gum; sodium dehydroacetate; lactic acid; aluminum hydroxide; glycolipids; paeonia lactiflora (peony) root extract; vaccinium myrtillus (blueberry) fruit extract; hydrolyzed hyaluronic acid; sodium hyaluronate; ci 77891 (titanium dioxide) ; ci 77491 (iron oxides); ci 77492 (iron oxides); ci 77499 (iron oxides)

almond aloe barbadensis (aloe) leaf juice; dicaprylyl carbonate; butylene glycol; butyrospermum parkii (shea) butter; polyglyceryl-3 polyricinoleate; dodecane; oryza sativa (rice) powder; oryza sativa (rice) bran oil; vegetable oil; helianthus annuus (sunflower) seed wax; oryza sativa (rice) bran wax; rhus succedanea fruit wax; polyglyceryl-3 diisostearate; glycerin; sodium pca; sodium chloride; xanthan gum; sodium dehydroacetate; lactic acid; glycolipids; hydrolyzed hyaluronic acid; sodium hyaluronate; ascorbyl palmitate; tocopherol; aluminum hydroxide; paeonia lactiflora (peony) root extract; vaccinium myrtillus (blueberry) fruit extract; ci 77891 (titanium dioxide) ; mica (ci 77019); ci 77491 (iron oxides); ci 77492 (iron oxides); ci 77499 (iron oxides); ci 77288 (chromium oxide greens); tin oxide

hazelnut aloe barbadensis (aloe) leaf juice; dicaprylyl carbonate; butylene glycol; butyrospermum parkii (shea) butter; polyglyceryl-3 polyricinoleate; dodecane; oryza sativa (rice) powder; oryza sativa (rice) bran oil; vegetable oil; helianthus annuus (sunflower) seed wax; oryza sativa (rice) bran wax; rhus succedanea fruit wax; polyglyceryl-3 diisostearate; glycerin; sodium pca; sodium chloride; xanthan gum; sodium dehydroacetate; lactic acid; glycolipids; hydrolyzed hyaluronic acid; sodium hyaluronate; ascorbyl palmitate; tocopherol; aluminum hydroxide; paeonia lactiflora (peony) root extract; vaccinium myrtillus (blueberry) fruit extract; ci 77891 (titanium dioxide) ; mica (ci 77019); ci 77491 (iron oxides); ci 77492 (iron oxides); ci 77499 (iron oxides); ci 77288 (chromium oxide greens); tin oxide

mocha aloe barbadensis (aloe) leaf juice; dicaprylyl carbonate; butylene glycol; butyrospermum parkii (shea) butter; polyglyceryl-3 polyricinoleate; dodecane; oryza sativa (rice) powder; oryza sativa (rice) bran oil; vegetable oil; helianthus annuus (sunflower) seed wax; oryza sativa (rice) bran wax; rhus succedanea fruit wax; polyglyceryl-3 diisostearate; glycerin; sodium pca; sodium chloride; xanthan gum; sodium dehydroacetate; lactic acid; glycolipids; hydrolyzed hyaluronic acid; sodium hyaluronate; ascorbyl palmitate; tocopherol; aluminum hydroxide; paeonia lactiflora (peony) root extract; vaccinium myrtillus (blueberry) fruit extract; ci 77891 (titanium dioxide) ; mica (ci 77019); ci 77491 (iron oxides); ci 77492 (iron oxides); ci 77499 (iron oxides); ci 77288 (chromium oxide greens); tin oxide

warm latte aloe barbadensis (aloe) leaf juice; dicaprylyl carbonate; butylene glycol; butyrospermum parkii (shea) butter; polyglyceryl-3 polyricinoleate; dodecane; oryza sativa (rice) powder; oryza sativa (rice) bran oil; vegetable oil; helianthus annuus (sunflower) seed wax; oryza sativa (rice) bran wax; rhus succedanea fruit wax; polyglyceryl-3 diisostearate; glycerin; sodium pca; sodium chloride; xanthan gum; sodium dehydroacetate; lactic acid; glycolipids; hydrolyzed hyaluronic acid; sodium hyaluronate; ascorbyl palmitate; tocopherol; aluminum hydroxide; paeonia lactiflora (peony) root extract; vaccinium myrtillus (blueberry) fruit extract; ci 77891 (titanium dioxide) ; mica (ci 77019); ci 77491 (iron oxides); ci 77492 (iron oxides); ci 77499 (iron oxides); ci 77288 (chromium oxide greens); tin oxide

sand aloe barbadensis (aloe) leaf juice; dicaprylyl carbonate; butylene glycol; butyrospermum parkii (shea) butter; polyglyceryl-3 polyricinoleate; dodecane; oryza sativa (rice) powder; oryza sativa (rice) bran oil; vegetable oil; helianthus annuus (sunflower) seed wax; oryza sativa (rice) bran wax; rhus succedanea fruit wax; polyglyceryl-3 diisostearate; glycerin; sodium pca; sodium chloride; xanthan gum; sodium dehydroacetate; lactic acid; glycolipids; hydrolyzed hyaluronic acid; sodium hyaluronate; ascorbyl palmitate; tocopherol; aluminum hydroxide; paeonia lactiflora (peony) root extract; vaccinium myrtillus (blueberry) fruit extract; ci 77891 (titanium dioxide) ; mica (ci 77019); ci 77491 (iron oxides); ci 77492 (iron oxides); ci 77499 (iron oxides); ci 77288 (chromium oxide greens); tin oxide

golden hour aloe barbadensis (aloe) leaf juice; dicaprylyl carbonate; butylene glycol; butyrospermum parkii (shea) butter; polyglyceryl-3 polyricinoleate; dodecane; oryza sativa (rice) powder; oryza sativa (rice) bran oil; vegetable oil; helianthus annuus (sunflower) seed wax; oryza sativa (rice) bran wax; rhus succedanea fruit wax; polyglyceryl-3 diisostearate; glycerin; sodium pca; sodium chloride; xanthan gum; sodium dehydroacetate; lactic acid; glycolipids; hydrolyzed hyaluronic acid; sodium hyaluronate; ascorbyl palmitate; tocopherol; aluminum hydroxide; paeonia lactiflora (peony) root extract; vaccinium myrtillus (blueberry) fruit extract; ci 77891 (titanium dioxide) ; mica (ci 77019); ci 77491 (iron oxides); ci 77492 (iron oxides); ci 77499 (iron oxides); ci 77288 (chromium oxide greens); tin oxide

pine aloe barbadensis (aloe) leaf juice; dicaprylyl carbonate; butylene glycol; butyrospermum parkii (shea) butter; polyglyceryl-3 polyricinoleate; dodecane; oryza sativa (rice) powder; oryza sativa (rice) bran oil; vegetable oil; helianthus annuus (sunflower) seed wax; oryza sativa (rice) bran wax; rhus succedanea fruit wax; polyglyceryl-3 diisostearate; glycerin; sodium pca; sodium chloride; xanthan gum; sodium dehydroacetate; lactic acid; aluminum hydroxide; glycolipids; paeonia lactiflora (peony) root extract; vaccinium myrtillus (blueberry) fruit extract; hydrolyzed hyaluronic acid; sodium hyaluronate; ci 77891 (titanium dioxide) ; ci 77491 (iron oxides); ci 77492 (iron oxides); ci 77499 (iron oxides)

amber aloe barbadensis (aloe) leaf juice; dicaprylyl carbonate; butylene glycol; butyrospermum parkii (shea) butter; polyglyceryl-3 polyricinoleate; dodecane; oryza sativa (rice) powder; oryza sativa (rice) bran oil; vegetable oil; helianthus annuus (sunflower) seed wax; oryza sativa (rice) bran wax; rhus succedanea fruit wax; polyglyceryl-3 diisostearate; glycerin; sodium pca; sodium chloride; xanthan gum; sodium dehydroacetate; lactic acid; aluminum hydroxide; glycolipids; paeonia lactiflora (peony) root extract; vaccinium myrtillus (blueberry) fruit extract; hydrolyzed hyaluronic acid; sodium hyaluronate; ci 77891 (titanium dioxide) ; ci 77491 (iron oxides); ci 77492 (iron oxides); ci 77499 (iron oxides)

rich soil aloe barbadensis (aloe) leaf juice; dicaprylyl carbonate; butylene glycol; butyrospermum parkii (shea) butter; polyglyceryl-3 polyricinoleate; dodecane; oryza sativa (rice) powder; oryza sativa (rice) bran oil; vegetable oil; helianthus annuus (sunflower) seed wax; oryza sativa (rice) bran wax; rhus succedanea fruit wax; polyglyceryl-3 diisostearate; glycerin; sodium pca; sodium chloride; xanthan gum; sodium dehydroacetate; lactic acid; aluminum hydroxide; glycolipids; paeonia lactiflora (peony) root extract; vaccinium myrtillus (blueberry) fruit extract; hydrolyzed hyaluronic acid; sodium hyaluronate; ci 77891 (titanium dioxide) ; ci 77491 (iron oxides); ci 77492 (iron oxides); ci 77499 (iron oxides)

this list of ingredients is subject to change; please refer to the packaging of the purchased product.",'4.7,87
Make Up,Eyes,'15160909201788,'55085849248124,Madara,The Concealer,https://ohmycream.co.uk/collections/make-up-eye/products/madara-the-concealer?variant=55085849248124,https://cdn.shopify.com/s/files/1/0555/4071/1596/files/202508_Madara_The_Concealer_pine_packshot.jpg?v=1754906463,"Complete list of ingredients

vanilla aloe barbadensis (aloe) leaf juice; dicaprylyl carbonate; butylene glycol; butyrospermum parkii (shea) butter; polyglyceryl-3 polyricinoleate; dodecane; oryza sativa (rice) powder; oryza sativa (rice) bran oil; vegetable oil; helianthus annuus (sunflower) seed wax; oryza sativa (rice) bran wax; rhus succedanea fruit wax; polyglyceryl-3 diisostearate; glycerin; sodium pca; sodium chloride; xanthan gum; sodium dehydroacetate; lactic acid; glycolipids; hydrolyzed hyaluronic acid; sodium hyaluronate; ascorbyl palmitate; tocopherol; aluminum hydroxide; paeonia lactiflora (peony) root extract; vaccinium myrtillus (blueberry) fruit extract; ci 77891 (titanium dioxide) ; mica (ci 77019); ci 77491 (iron oxides); ci 77492 (iron oxides); ci 77499 (iron oxides); ci 77288 (chromium oxide greens); tin oxide

latte aloe barbadensis (aloe) leaf juice; dicaprylyl carbonate; butylene glycol; butyrospermum parkii (shea) butter; polyglyceryl-3 polyricinoleate; dodecane; oryza sativa (rice) powder; oryza sativa (rice) bran oil; vegetable oil; helianthus annuus (sunflower) seed wax; oryza sativa (rice) bran wax; rhus succedanea fruit wax; polyglyceryl-3 diisostearate; glycerin; sodium pca; sodium chloride; xanthan gum; sodium dehydroacetate; lactic acid; glycolipids; hydrolyzed hyaluronic acid; sodium hyaluronate; ascorbyl palmitate; tocopherol; aluminum hydroxide; paeonia lactiflora (peony) root extract; vaccinium myrtillus (blueberry) fruit extract; ci 77891 (titanium dioxide) ; mica (ci 77019); ci 77491 (iron oxides); ci 77492 (iron oxides); ci 77499 (iron oxides); ci 77288 (chromium oxide greens); tin oxide

honey aloe barbadensis (aloe) leaf juice; dicaprylyl carbonate; butylene glycol; butyrospermum parkii (shea) butter; polyglyceryl-3 polyricinoleate; dodecane; oryza sativa (rice) powder; oryza sativa (rice) bran oil; vegetable oil; helianthus annuus (sunflower) seed wax; oryza sativa (rice) bran wax; rhus succedanea fruit wax; polyglyceryl-3 diisostearate; glycerin; sodium pca; sodium chloride; xanthan gum; sodium dehydroacetate; lactic acid; aluminum hydroxide; glycolipids; paeonia lactiflora (peony) root extract; vaccinium myrtillus (blueberry) fruit extract; hydrolyzed hyaluronic acid; sodium hyaluronate; ci 77891 (titanium dioxide) ; ci 77491 (iron oxides); ci 77492 (iron oxides); ci 77499 (iron oxides)

almond aloe barbadensis (aloe) leaf juice; dicaprylyl carbonate; butylene glycol; butyrospermum parkii (shea) butter; polyglyceryl-3 polyricinoleate; dodecane; oryza sativa (rice) powder; oryza sativa (rice) bran oil; vegetable oil; helianthus annuus (sunflower) seed wax; oryza sativa (rice) bran wax; rhus succedanea fruit wax; polyglyceryl-3 diisostearate; glycerin; sodium pca; sodium chloride; xanthan gum; sodium dehydroacetate; lactic acid; glycolipids; hydrolyzed hyaluronic acid; sodium hyaluronate; ascorbyl palmitate; tocopherol; aluminum hydroxide; paeonia lactiflora (peony) root extract; vaccinium myrtillus (blueberry) fruit extract; ci 77891 (titanium dioxide) ; mica (ci 77019); ci 77491 (iron oxides); ci 77492 (iron oxides); ci 77499 (iron oxides); ci 77288 (chromium oxide greens); tin oxide

hazelnut aloe barbadensis (aloe) leaf juice; dicaprylyl carbonate; butylene glycol; butyrospermum parkii (shea) butter; polyglyceryl-3 polyricinoleate; dodecane; oryza sativa (rice) powder; oryza sativa (rice) bran oil; vegetable oil; helianthus annuus (sunflower) seed wax; oryza sativa (rice) bran wax; rhus succedanea fruit wax; polyglyceryl-3 diisostearate; glycerin; sodium pca; sodium chloride; xanthan gum; sodium dehydroacetate; lactic acid; glycolipids; hydrolyzed hyaluronic acid; sodium hyaluronate; ascorbyl palmitate; tocopherol; aluminum hydroxide; paeonia lactiflora (peony) root extract; vaccinium myrtillus (blueberry) fruit extract; ci 77891 (titanium dioxide) ; mica (ci 77019); ci 77491 (iron oxides); ci 77492 (iron oxides); ci 77499 (iron oxides); ci 77288 (chromium oxide greens); tin oxide

mocha aloe barbadensis (aloe) leaf juice; dicaprylyl carbonate; butylene glycol; butyrospermum parkii (shea) butter; polyglyceryl-3 polyricinoleate; dodecane; oryza sativa (rice) powder; oryza sativa (rice) bran oil; vegetable oil; helianthus annuus (sunflower) seed wax; oryza sativa (rice) bran wax; rhus succedanea fruit wax; polyglyceryl-3 diisostearate; glycerin; sodium pca; sodium chloride; xanthan gum; sodium dehydroacetate; lactic acid; glycolipids; hydrolyzed hyaluronic acid; sodium hyaluronate; ascorbyl palmitate; tocopherol; aluminum hydroxide; paeonia lactiflora (peony) root extract; vaccinium myrtillus (blueberry) fruit extract; ci 77891 (titanium dioxide) ; mica (ci 77019); ci 77491 (iron oxides); ci 77492 (iron oxides); ci 77499 (iron oxides); ci 77288 (chromium oxide greens); tin oxide

warm latte aloe barbadensis (aloe) leaf juice; dicaprylyl carbonate; butylene glycol; butyrospermum parkii (shea) butter; polyglyceryl-3 polyricinoleate; dodecane; oryza sativa (rice) powder; oryza sativa (rice) bran oil; vegetable oil; helianthus annuus (sunflower) seed wax; oryza sativa (rice) bran wax; rhus succedanea fruit wax; polyglyceryl-3 diisostearate; glycerin; sodium pca; sodium chloride; xanthan gum; sodium dehydroacetate; lactic acid; glycolipids; hydrolyzed hyaluronic acid; sodium hyaluronate; ascorbyl palmitate; tocopherol; aluminum hydroxide; paeonia lactiflora (peony) root extract; vaccinium myrtillus (blueberry) fruit extract; ci 77891 (titanium dioxide) ; mica (ci 77019); ci 77491 (iron oxides); ci 77492 (iron oxides); ci 77499 (iron oxides); ci 77288 (chromium oxide greens); tin oxide

sand aloe barbadensis (aloe) leaf juice; dicaprylyl carbonate; butylene glycol; butyrospermum parkii (shea) butter; polyglyceryl-3 polyricinoleate; dodecane; oryza sativa (rice) powder; oryza sativa (rice) bran oil; vegetable oil; helianthus annuus (sunflower) seed wax; oryza sativa (rice) bran wax; rhus succedanea fruit wax; polyglyceryl-3 diisostearate; glycerin; sodium pca; sodium chloride; xanthan gum; sodium dehydroacetate; lactic acid; glycolipids; hydrolyzed hyaluronic acid; sodium hyaluronate; ascorbyl palmitate; tocopherol; aluminum hydroxide; paeonia lactiflora (peony) root extract; vaccinium myrtillus (blueberry) fruit extract; ci 77891 (titanium dioxide) ; mica (ci 77019); ci 77491 (iron oxides); ci 77492 (iron oxides); ci 77499 (iron oxides); ci 77288 (chromium oxide greens); tin oxide

golden hour aloe barbadensis (aloe) leaf juice; dicaprylyl carbonate; butylene glycol; butyrospermum parkii (shea) butter; polyglyceryl-3 polyricinoleate; dodecane; oryza sativa (rice) powder; oryza sativa (rice) bran oil; vegetable oil; helianthus annuus (sunflower) seed wax; oryza sativa (rice) bran wax; rhus succedanea fruit wax; polyglyceryl-3 diisostearate; glycerin; sodium pca; sodium chloride; xanthan gum; sodium dehydroacetate; lactic acid; glycolipids; hydrolyzed hyaluronic acid; sodium hyaluronate; ascorbyl palmitate; tocopherol; aluminum hydroxide; paeonia lactiflora (peony) root extract; vaccinium myrtillus (blueberry) fruit extract; ci 77891 (titanium dioxide) ; mica (ci 77019); ci 77491 (iron oxides); ci 77492 (iron oxides); ci 77499 (iron oxides); ci 77288 (chromium oxide greens); tin oxide

pine aloe barbadensis (aloe) leaf juice; dicaprylyl carbonate; butylene glycol; butyrospermum parkii (shea) butter; polyglyceryl-3 polyricinoleate; dodecane; oryza sativa (rice) powder; oryza sativa (rice) bran oil; vegetable oil; helianthus annuus (sunflower) seed wax; oryza sativa (rice) bran wax; rhus succedanea fruit wax; polyglyceryl-3 diisostearate; glycerin; sodium pca; sodium chloride; xanthan gum; sodium dehydroacetate; lactic acid; aluminum hydroxide; glycolipids; paeonia lactiflora (peony) root extract; vaccinium myrtillus (blueberry) fruit extract; hydrolyzed hyaluronic acid; sodium hyaluronate; ci 77891 (titanium dioxide) ; ci 77491 (iron oxides); ci 77492 (iron oxides); ci 77499 (iron oxides)

amber aloe barbadensis (aloe) leaf juice; dicaprylyl carbonate; butylene glycol; butyrospermum parkii (shea) butter; polyglyceryl-3 polyricinoleate; dodecane; oryza sativa (rice) powder; oryza sativa (rice) bran oil; vegetable oil; helianthus annuus (sunflower) seed wax; oryza sativa (rice) bran wax; rhus succedanea fruit wax; polyglyceryl-3 diisostearate; glycerin; sodium pca; sodium chloride; xanthan gum; sodium dehydroacetate; lactic acid; aluminum hydroxide; glycolipids; paeonia lactiflora (peony) root extract; vaccinium myrtillus (blueberry) fruit extract; hydrolyzed hyaluronic acid; sodium hyaluronate; ci 77891 (titanium dioxide) ; ci 77491 (iron oxides); ci 77492 (iron oxides); ci 77499 (iron oxides)

rich soil aloe barbadensis (aloe) leaf juice; dicaprylyl carbonate; butylene glycol; butyrospermum parkii (shea) butter; polyglyceryl-3 polyricinoleate; dodecane; oryza sativa (rice) powder; oryza sativa (rice) bran oil; vegetable oil; helianthus annuus (sunflower) seed wax; oryza sativa (rice) bran wax; rhus succedanea fruit wax; polyglyceryl-3 diisostearate; glycerin; sodium pca; sodium chloride; xanthan gum; sodium dehydroacetate; lactic acid; aluminum hydroxide; glycolipids; paeonia lactiflora (peony) root extract; vaccinium myrtillus (blueberry) fruit extract; hydrolyzed hyaluronic acid; sodium hyaluronate; ci 77891 (titanium dioxide) ; ci 77491 (iron oxides); ci 77492 (iron oxides); ci 77499 (iron oxides)

this list of ingredients is subject to change; please refer to the packaging of the purchased product.",'4.7,87
Make Up,Eyes,'15160909201788,'55085849280892,Madara,The Concealer,https://ohmycream.co.uk/collections/make-up-eye/products/madara-the-concealer?variant=55085849280892,https://cdn.shopify.com/s/files/1/0555/4071/1596/files/202508_Madara_The_Concealer_hazelnut_packshot.jpg?v=1754906463,"Complete list of ingredients

vanilla aloe barbadensis (aloe) leaf juice; dicaprylyl carbonate; butylene glycol; butyrospermum parkii (shea) butter; polyglyceryl-3 polyricinoleate; dodecane; oryza sativa (rice) powder; oryza sativa (rice) bran oil; vegetable oil; helianthus annuus (sunflower) seed wax; oryza sativa (rice) bran wax; rhus succedanea fruit wax; polyglyceryl-3 diisostearate; glycerin; sodium pca; sodium chloride; xanthan gum; sodium dehydroacetate; lactic acid; glycolipids; hydrolyzed hyaluronic acid; sodium hyaluronate; ascorbyl palmitate; tocopherol; aluminum hydroxide; paeonia lactiflora (peony) root extract; vaccinium myrtillus (blueberry) fruit extract; ci 77891 (titanium dioxide) ; mica (ci 77019); ci 77491 (iron oxides); ci 77492 (iron oxides); ci 77499 (iron oxides); ci 77288 (chromium oxide greens); tin oxide

latte aloe barbadensis (aloe) leaf juice; dicaprylyl carbonate; butylene glycol; butyrospermum parkii (shea) butter; polyglyceryl-3 polyricinoleate; dodecane; oryza sativa (rice) powder; oryza sativa (rice) bran oil; vegetable oil; helianthus annuus (sunflower) seed wax; oryza sativa (rice) bran wax; rhus succedanea fruit wax; polyglyceryl-3 diisostearate; glycerin; sodium pca; sodium chloride; xanthan gum; sodium dehydroacetate; lactic acid; glycolipids; hydrolyzed hyaluronic acid; sodium hyaluronate; ascorbyl palmitate; tocopherol; aluminum hydroxide; paeonia lactiflora (peony) root extract; vaccinium myrtillus (blueberry) fruit extract; ci 77891 (titanium dioxide) ; mica (ci 77019); ci 77491 (iron oxides); ci 77492 (iron oxides); ci 77499 (iron oxides); ci 77288 (chromium oxide greens); tin oxide

honey aloe barbadensis (aloe) leaf juice; dicaprylyl carbonate; butylene glycol; butyrospermum parkii (shea) butter; polyglyceryl-3 polyricinoleate; dodecane; oryza sativa (rice) powder; oryza sativa (rice) bran oil; vegetable oil; helianthus annuus (sunflower) seed wax; oryza sativa (rice) bran wax; rhus succedanea fruit wax; polyglyceryl-3 diisostearate; glycerin; sodium pca; sodium chloride; xanthan gum; sodium dehydroacetate; lactic acid; aluminum hydroxide; glycolipids; paeonia lactiflora (peony) root extract; vaccinium myrtillus (blueberry) fruit extract; hydrolyzed hyaluronic acid; sodium hyaluronate; ci 77891 (titanium dioxide) ; ci 77491 (iron oxides); ci 77492 (iron oxides); ci 77499 (iron oxides)

almond aloe barbadensis (aloe) leaf juice; dicaprylyl carbonate; butylene glycol; butyrospermum parkii (shea) butter; polyglyceryl-3 polyricinoleate; dodecane; oryza sativa (rice) powder; oryza sativa (rice) bran oil; vegetable oil; helianthus annuus (sunflower) seed wax; oryza sativa (rice) bran wax; rhus succedanea fruit wax; polyglyceryl-3 diisostearate; glycerin; sodium pca; sodium chloride; xanthan gum; sodium dehydroacetate; lactic acid; glycolipids; hydrolyzed hyaluronic acid; sodium hyaluronate; ascorbyl palmitate; tocopherol; aluminum hydroxide; paeonia lactiflora (peony) root extract; vaccinium myrtillus (blueberry) fruit extract; ci 77891 (titanium dioxide) ; mica (ci 77019); ci 77491 (iron oxides); ci 77492 (iron oxides); ci 77499 (iron oxides); ci 77288 (chromium oxide greens); tin oxide

hazelnut aloe barbadensis (aloe) leaf juice; dicaprylyl carbonate; butylene glycol; butyrospermum parkii (shea) butter; polyglyceryl-3 polyricinoleate; dodecane; oryza sativa (rice) powder; oryza sativa (rice) bran oil; vegetable oil; helianthus annuus (sunflower) seed wax; oryza sativa (rice) bran wax; rhus succedanea fruit wax; polyglyceryl-3 diisostearate; glycerin; sodium pca; sodium chloride; xanthan gum; sodium dehydroacetate; lactic acid; glycolipids; hydrolyzed hyaluronic acid; sodium hyaluronate; ascorbyl palmitate; tocopherol; aluminum hydroxide; paeonia lactiflora (peony) root extract; vaccinium myrtillus (blueberry) fruit extract; ci 77891 (titanium dioxide) ; mica (ci 77019); ci 77491 (iron oxides); ci 77492 (iron oxides); ci 77499 (iron oxides); ci 77288 (chromium oxide greens); tin oxide

mocha aloe barbadensis (aloe) leaf juice; dicaprylyl carbonate; butylene glycol; butyrospermum parkii (shea) butter; polyglyceryl-3 polyricinoleate; dodecane; oryza sativa (rice) powder; oryza sativa (rice) bran oil; vegetable oil; helianthus annuus (sunflower) seed wax; oryza sativa (rice) bran wax; rhus succedanea fruit wax; polyglyceryl-3 diisostearate; glycerin; sodium pca; sodium chloride; xanthan gum; sodium dehydroacetate; lactic acid; glycolipids; hydrolyzed hyaluronic acid; sodium hyaluronate; ascorbyl palmitate; tocopherol; aluminum hydroxide; paeonia lactiflora (peony) root extract; vaccinium myrtillus (blueberry) fruit extract; ci 77891 (titanium dioxide) ; mica (ci 77019); ci 77491 (iron oxides); ci 77492 (iron oxides); ci 77499 (iron oxides); ci 77288 (chromium oxide greens); tin oxide

warm latte aloe barbadensis (aloe) leaf juice; dicaprylyl carbonate; butylene glycol; butyrospermum parkii (shea) butter; polyglyceryl-3 polyricinoleate; dodecane; oryza sativa (rice) powder; oryza sativa (rice) bran oil; vegetable oil; helianthus annuus (sunflower) seed wax; oryza sativa (rice) bran wax; rhus succedanea fruit wax; polyglyceryl-3 diisostearate; glycerin; sodium pca; sodium chloride; xanthan gum; sodium dehydroacetate; lactic acid; glycolipids; hydrolyzed hyaluronic acid; sodium hyaluronate; ascorbyl palmitate; tocopherol; aluminum hydroxide; paeonia lactiflora (peony) root extract; vaccinium myrtillus (blueberry) fruit extract; ci 77891 (titanium dioxide) ; mica (ci 77019); ci 77491 (iron oxides); ci 77492 (iron oxides); ci 77499 (iron oxides); ci 77288 (chromium oxide greens); tin oxide

sand aloe barbadensis (aloe) leaf juice; dicaprylyl carbonate; butylene glycol; butyrospermum parkii (shea) butter; polyglyceryl-3 polyricinoleate; dodecane; oryza sativa (rice) powder; oryza sativa (rice) bran oil; vegetable oil; helianthus annuus (sunflower) seed wax; oryza sativa (rice) bran wax; rhus succedanea fruit wax; polyglyceryl-3 diisostearate; glycerin; sodium pca; sodium chloride; xanthan gum; sodium dehydroacetate; lactic acid; glycolipids; hydrolyzed hyaluronic acid; sodium hyaluronate; ascorbyl palmitate; tocopherol; aluminum hydroxide; paeonia lactiflora (peony) root extract; vaccinium myrtillus (blueberry) fruit extract; ci 77891 (titanium dioxide) ; mica (ci 77019); ci 77491 (iron oxides); ci 77492 (iron oxides); ci 77499 (iron oxides); ci 77288 (chromium oxide greens); tin oxide

golden hour aloe barbadensis (aloe) leaf juice; dicaprylyl carbonate; butylene glycol; butyrospermum parkii (shea) butter; polyglyceryl-3 polyricinoleate; dodecane; oryza sativa (rice) powder; oryza sativa (rice) bran oil; vegetable oil; helianthus annuus (sunflower) seed wax; oryza sativa (rice) bran wax; rhus succedanea fruit wax; polyglyceryl-3 diisostearate; glycerin; sodium pca; sodium chloride; xanthan gum; sodium dehydroacetate; lactic acid; glycolipids; hydrolyzed hyaluronic acid; sodium hyaluronate; ascorbyl palmitate; tocopherol; aluminum hydroxide; paeonia lactiflora (peony) root extract; vaccinium myrtillus (blueberry) fruit extract; ci 77891 (titanium dioxide) ; mica (ci 77019); ci 77491 (iron oxides); ci 77492 (iron oxides); ci 77499 (iron oxides); ci 77288 (chromium oxide greens); tin oxide

pine aloe barbadensis (aloe) leaf juice; dicaprylyl carbonate; butylene glycol; butyrospermum parkii (shea) butter; polyglyceryl-3 polyricinoleate; dodecane; oryza sativa (rice) powder; oryza sativa (rice) bran oil; vegetable oil; helianthus annuus (sunflower) seed wax; oryza sativa (rice) bran wax; rhus succedanea fruit wax; polyglyceryl-3 diisostearate; glycerin; sodium pca; sodium chloride; xanthan gum; sodium dehydroacetate; lactic acid; aluminum hydroxide; glycolipids; paeonia lactiflora (peony) root extract; vaccinium myrtillus (blueberry) fruit extract; hydrolyzed hyaluronic acid; sodium hyaluronate; ci 77891 (titanium dioxide) ; ci 77491 (iron oxides); ci 77492 (iron oxides); ci 77499 (iron oxides)

amber aloe barbadensis (aloe) leaf juice; dicaprylyl carbonate; butylene glycol; butyrospermum parkii (shea) butter; polyglyceryl-3 polyricinoleate; dodecane; oryza sativa (rice) powder; oryza sativa (rice) bran oil; vegetable oil; helianthus annuus (sunflower) seed wax; oryza sativa (rice) bran wax; rhus succedanea fruit wax; polyglyceryl-3 diisostearate; glycerin; sodium pca; sodium chloride; xanthan gum; sodium dehydroacetate; lactic acid; aluminum hydroxide; glycolipids; paeonia lactiflora (peony) root extract; vaccinium myrtillus (blueberry) fruit extract; hydrolyzed hyaluronic acid; sodium hyaluronate; ci 77891 (titanium dioxide) ; ci 77491 (iron oxides); ci 77492 (iron oxides); ci 77499 (iron oxides)

rich soil aloe barbadensis (aloe) leaf juice; dicaprylyl carbonate; butylene glycol; butyrospermum parkii (shea) butter; polyglyceryl-3 polyricinoleate; dodecane; oryza sativa (rice) powder; oryza sativa (rice) bran oil; vegetable oil; helianthus annuus (sunflower) seed wax; oryza sativa (rice) bran wax; rhus succedanea fruit wax; polyglyceryl-3 diisostearate; glycerin; sodium pca; sodium chloride; xanthan gum; sodium dehydroacetate; lactic acid; aluminum hydroxide; glycolipids; paeonia lactiflora (peony) root extract; vaccinium myrtillus (blueberry) fruit extract; hydrolyzed hyaluronic acid; sodium hyaluronate; ci 77891 (titanium dioxide) ; ci 77491 (iron oxides); ci 77492 (iron oxides); ci 77499 (iron oxides)

this list of ingredients is subject to change; please refer to the packaging of the purchased product.",'4.7,87
Make Up,Eyes,'15160909201788,'55085848953212,Madara,The Concealer,https://ohmycream.co.uk/collections/make-up-eye/products/madara-the-concealer?variant=55085848953212,https://cdn.shopify.com/s/files/1/0555/4071/1596/files/202508_Madara_The_Concealer_Amber_packshot.jpg?v=1754906463,"Complete list of ingredients

vanilla aloe barbadensis (aloe) leaf juice; dicaprylyl carbonate; butylene glycol; butyrospermum parkii (shea) butter; polyglyceryl-3 polyricinoleate; dodecane; oryza sativa (rice) powder; oryza sativa (rice) bran oil; vegetable oil; helianthus annuus (sunflower) seed wax; oryza sativa (rice) bran wax; rhus succedanea fruit wax; polyglyceryl-3 diisostearate; glycerin; sodium pca; sodium chloride; xanthan gum; sodium dehydroacetate; lactic acid; glycolipids; hydrolyzed hyaluronic acid; sodium hyaluronate; ascorbyl palmitate; tocopherol; aluminum hydroxide; paeonia lactiflora (peony) root extract; vaccinium myrtillus (blueberry) fruit extract; ci 77891 (titanium dioxide) ; mica (ci 77019); ci 77491 (iron oxides); ci 77492 (iron oxides); ci 77499 (iron oxides); ci 77288 (chromium oxide greens); tin oxide

latte aloe barbadensis (aloe) leaf juice; dicaprylyl carbonate; butylene glycol; butyrospermum parkii (shea) butter; polyglyceryl-3 polyricinoleate; dodecane; oryza sativa (rice) powder; oryza sativa (rice) bran oil; vegetable oil; helianthus annuus (sunflower) seed wax; oryza sativa (rice) bran wax; rhus succedanea fruit wax; polyglyceryl-3 diisostearate; glycerin; sodium pca; sodium chloride; xanthan gum; sodium dehydroacetate; lactic acid; glycolipids; hydrolyzed hyaluronic acid; sodium hyaluronate; ascorbyl palmitate; tocopherol; aluminum hydroxide; paeonia lactiflora (peony) root extract; vaccinium myrtillus (blueberry) fruit extract; ci 77891 (titanium dioxide) ; mica (ci 77019); ci 77491 (iron oxides); ci 77492 (iron oxides); ci 77499 (iron oxides); ci 77288 (chromium oxide greens); tin oxide

honey aloe barbadensis (aloe) leaf juice; dicaprylyl carbonate; butylene glycol; butyrospermum parkii (shea) butter; polyglyceryl-3 polyricinoleate; dodecane; oryza sativa (rice) powder; oryza sativa (rice) bran oil; vegetable oil; helianthus annuus (sunflower) seed wax; oryza sativa (rice) bran wax; rhus succedanea fruit wax; polyglyceryl-3 diisostearate; glycerin; sodium pca; sodium chloride; xanthan gum; sodium dehydroacetate; lactic acid; aluminum hydroxide; glycolipids; paeonia lactiflora (peony) root extract; vaccinium myrtillus (blueberry) fruit extract; hydrolyzed hyaluronic acid; sodium hyaluronate; ci 77891 (titanium dioxide) ; ci 77491 (iron oxides); ci 77492 (iron oxides); ci 77499 (iron oxides)

almond aloe barbadensis (aloe) leaf juice; dicaprylyl carbonate; butylene glycol; butyrospermum parkii (shea) butter; polyglyceryl-3 polyricinoleate; dodecane; oryza sativa (rice) powder; oryza sativa (rice) bran oil; vegetable oil; helianthus annuus (sunflower) seed wax; oryza sativa (rice) bran wax; rhus succedanea fruit wax; polyglyceryl-3 diisostearate; glycerin; sodium pca; sodium chloride; xanthan gum; sodium dehydroacetate; lactic acid; glycolipids; hydrolyzed hyaluronic acid; sodium hyaluronate; ascorbyl palmitate; tocopherol; aluminum hydroxide; paeonia lactiflora (peony) root extract; vaccinium myrtillus (blueberry) fruit extract; ci 77891 (titanium dioxide) ; mica (ci 77019); ci 77491 (iron oxides); ci 77492 (iron oxides); ci 77499 (iron oxides); ci 77288 (chromium oxide greens); tin oxide

hazelnut aloe barbadensis (aloe) leaf juice; dicaprylyl carbonate; butylene glycol; butyrospermum parkii (shea) butter; polyglyceryl-3 polyricinoleate; dodecane; oryza sativa (rice) powder; oryza sativa (rice) bran oil; vegetable oil; helianthus annuus (sunflower) seed wax; oryza sativa (rice) bran wax; rhus succedanea fruit wax; polyglyceryl-3 diisostearate; glycerin; sodium pca; sodium chloride; xanthan gum; sodium dehydroacetate; lactic acid; glycolipids; hydrolyzed hyaluronic acid; sodium hyaluronate; ascorbyl palmitate; tocopherol; aluminum hydroxide; paeonia lactiflora (peony) root extract; vaccinium myrtillus (blueberry) fruit extract; ci 77891 (titanium dioxide) ; mica (ci 77019); ci 77491 (iron oxides); ci 77492 (iron oxides); ci 77499 (iron oxides); ci 77288 (chromium oxide greens); tin oxide

mocha aloe barbadensis (aloe) leaf juice; dicaprylyl carbonate; butylene glycol; butyrospermum parkii (shea) butter; polyglyceryl-3 polyricinoleate; dodecane; oryza sativa (rice) powder; oryza sativa (rice) bran oil; vegetable oil; helianthus annuus (sunflower) seed wax; oryza sativa (rice) bran wax; rhus succedanea fruit wax; polyglyceryl-3 diisostearate; glycerin; sodium pca; sodium chloride; xanthan gum; sodium dehydroacetate; lactic acid; glycolipids; hydrolyzed hyaluronic acid; sodium hyaluronate; ascorbyl palmitate; tocopherol; aluminum hydroxide; paeonia lactiflora (peony) root extract; vaccinium myrtillus (blueberry) fruit extract; ci 77891 (titanium dioxide) ; mica (ci 77019); ci 77491 (iron oxides); ci 77492 (iron oxides); ci 77499 (iron oxides); ci 77288 (chromium oxide greens); tin oxide

warm latte aloe barbadensis (aloe) leaf juice; dicaprylyl carbonate; butylene glycol; butyrospermum parkii (shea) butter; polyglyceryl-3 polyricinoleate; dodecane; oryza sativa (rice) powder; oryza sativa (rice) bran oil; vegetable oil; helianthus annuus (sunflower) seed wax; oryza sativa (rice) bran wax; rhus succedanea fruit wax; polyglyceryl-3 diisostearate; glycerin; sodium pca; sodium chloride; xanthan gum; sodium dehydroacetate; lactic acid; glycolipids; hydrolyzed hyaluronic acid; sodium hyaluronate; ascorbyl palmitate; tocopherol; aluminum hydroxide; paeonia lactiflora (peony) root extract; vaccinium myrtillus (blueberry) fruit extract; ci 77891 (titanium dioxide) ; mica (ci 77019); ci 77491 (iron oxides); ci 77492 (iron oxides); ci 77499 (iron oxides); ci 77288 (chromium oxide greens); tin oxide

sand aloe barbadensis (aloe) leaf juice; dicaprylyl carbonate; butylene glycol; butyrospermum parkii (shea) butter; polyglyceryl-3 polyricinoleate; dodecane; oryza sativa (rice) powder; oryza sativa (rice) bran oil; vegetable oil; helianthus annuus (sunflower) seed wax; oryza sativa (rice) bran wax; rhus succedanea fruit wax; polyglyceryl-3 diisostearate; glycerin; sodium pca; sodium chloride; xanthan gum; sodium dehydroacetate; lactic acid; glycolipids; hydrolyzed hyaluronic acid; sodium hyaluronate; ascorbyl palmitate; tocopherol; aluminum hydroxide; paeonia lactiflora (peony) root extract; vaccinium myrtillus (blueberry) fruit extract; ci 77891 (titanium dioxide) ; mica (ci 77019); ci 77491 (iron oxides); ci 77492 (iron oxides); ci 77499 (iron oxides); ci 77288 (chromium oxide greens); tin oxide

golden hour aloe barbadensis (aloe) leaf juice; dicaprylyl carbonate; butylene glycol; butyrospermum parkii (shea) butter; polyglyceryl-3 polyricinoleate; dodecane; oryza sativa (rice) powder; oryza sativa (rice) bran oil; vegetable oil; helianthus annuus (sunflower) seed wax; oryza sativa (rice) bran wax; rhus succedanea fruit wax; polyglyceryl-3 diisostearate; glycerin; sodium pca; sodium chloride; xanthan gum; sodium dehydroacetate; lactic acid; glycolipids; hydrolyzed hyaluronic acid; sodium hyaluronate; ascorbyl palmitate; tocopherol; aluminum hydroxide; paeonia lactiflora (peony) root extract; vaccinium myrtillus (blueberry) fruit extract; ci 77891 (titanium dioxide) ; mica (ci 77019); ci 77491 (iron oxides); ci 77492 (iron oxides); ci 77499 (iron oxides); ci 77288 (chromium oxide greens); tin oxide

pine aloe barbadensis (aloe) leaf juice; dicaprylyl carbonate; butylene glycol; butyrospermum parkii (shea) butter; polyglyceryl-3 polyricinoleate; dodecane; oryza sativa (rice) powder; oryza sativa (rice) bran oil; vegetable oil; helianthus annuus (sunflower) seed wax; oryza sativa (rice) bran wax; rhus succedanea fruit wax; polyglyceryl-3 diisostearate; glycerin; sodium pca; sodium chloride; xanthan gum; sodium dehydroacetate; lactic acid; aluminum hydroxide; glycolipids; paeonia lactiflora (peony) root extract; vaccinium myrtillus (blueberry) fruit extract; hydrolyzed hyaluronic acid; sodium hyaluronate; ci 77891 (titanium dioxide) ; ci 77491 (iron oxides); ci 77492 (iron oxides); ci 77499 (iron oxides)

amber aloe barbadensis (aloe) leaf juice; dicaprylyl carbonate; butylene glycol; butyrospermum parkii (shea) butter; polyglyceryl-3 polyricinoleate; dodecane; oryza sativa (rice) powder; oryza sativa (rice) bran oil; vegetable oil; helianthus annuus (sunflower) seed wax; oryza sativa (rice) bran wax; rhus succedanea fruit wax; polyglyceryl-3 diisostearate; glycerin; sodium pca; sodium chloride; xanthan gum; sodium dehydroacetate; lactic acid; aluminum hydroxide; glycolipids; paeonia lactiflora (peony) root extract; vaccinium myrtillus (blueberry) fruit extract; hydrolyzed hyaluronic acid; sodium hyaluronate; ci 77891 (titanium dioxide) ; ci 77491 (iron oxides); ci 77492 (iron oxides); ci 77499 (iron oxides)

rich soil aloe barbadensis (aloe) leaf juice; dicaprylyl carbonate; butylene glycol; butyrospermum parkii (shea) butter; polyglyceryl-3 polyricinoleate; dodecane; oryza sativa (rice) powder; oryza sativa (rice) bran oil; vegetable oil; helianthus annuus (sunflower) seed wax; oryza sativa (rice) bran wax; rhus succedanea fruit wax; polyglyceryl-3 diisostearate; glycerin; sodium pca; sodium chloride; xanthan gum; sodium dehydroacetate; lactic acid; aluminum hydroxide; glycolipids; paeonia lactiflora (peony) root extract; vaccinium myrtillus (blueberry) fruit extract; hydrolyzed hyaluronic acid; sodium hyaluronate; ci 77891 (titanium dioxide) ; ci 77491 (iron oxides); ci 77492 (iron oxides); ci 77499 (iron oxides)

this list of ingredients is subject to change; please refer to the packaging of the purchased product.",'4.7,87
Make Up,Eyes,'15160909201788,'55085848985980,Madara,The Concealer,https://ohmycream.co.uk/collections/make-up-eye/products/madara-the-concealer?variant=55085848985980,https://cdn.shopify.com/s/files/1/0555/4071/1596/files/202508_Madara_The_Concealer_mocha_packshot.jpg?v=1754906463,"Complete list of ingredients

vanilla aloe barbadensis (aloe) leaf juice; dicaprylyl carbonate; butylene glycol; butyrospermum parkii (shea) butter; polyglyceryl-3 polyricinoleate; dodecane; oryza sativa (rice) powder; oryza sativa (rice) bran oil; vegetable oil; helianthus annuus (sunflower) seed wax; oryza sativa (rice) bran wax; rhus succedanea fruit wax; polyglyceryl-3 diisostearate; glycerin; sodium pca; sodium chloride; xanthan gum; sodium dehydroacetate; lactic acid; glycolipids; hydrolyzed hyaluronic acid; sodium hyaluronate; ascorbyl palmitate; tocopherol; aluminum hydroxide; paeonia lactiflora (peony) root extract; vaccinium myrtillus (blueberry) fruit extract; ci 77891 (titanium dioxide) ; mica (ci 77019); ci 77491 (iron oxides); ci 77492 (iron oxides); ci 77499 (iron oxides); ci 77288 (chromium oxide greens); tin oxide

latte aloe barbadensis (aloe) leaf juice; dicaprylyl carbonate; butylene glycol; butyrospermum parkii (shea) butter; polyglyceryl-3 polyricinoleate; dodecane; oryza sativa (rice) powder; oryza sativa (rice) bran oil; vegetable oil; helianthus annuus (sunflower) seed wax; oryza sativa (rice) bran wax; rhus succedanea fruit wax; polyglyceryl-3 diisostearate; glycerin; sodium pca; sodium chloride; xanthan gum; sodium dehydroacetate; lactic acid; glycolipids; hydrolyzed hyaluronic acid; sodium hyaluronate; ascorbyl palmitate; tocopherol; aluminum hydroxide; paeonia lactiflora (peony) root extract; vaccinium myrtillus (blueberry) fruit extract; ci 77891 (titanium dioxide) ; mica (ci 77019); ci 77491 (iron oxides); ci 77492 (iron oxides); ci 77499 (iron oxides); ci 77288 (chromium oxide greens); tin oxide

honey aloe barbadensis (aloe) leaf juice; dicaprylyl carbonate; butylene glycol; butyrospermum parkii (shea) butter; polyglyceryl-3 polyricinoleate; dodecane; oryza sativa (rice) powder; oryza sativa (rice) bran oil; vegetable oil; helianthus annuus (sunflower) seed wax; oryza sativa (rice) bran wax; rhus succedanea fruit wax; polyglyceryl-3 diisostearate; glycerin; sodium pca; sodium chloride; xanthan gum; sodium dehydroacetate; lactic acid; aluminum hydroxide; glycolipids; paeonia lactiflora (peony) root extract; vaccinium myrtillus (blueberry) fruit extract; hydrolyzed hyaluronic acid; sodium hyaluronate; ci 77891 (titanium dioxide) ; ci 77491 (iron oxides); ci 77492 (iron oxides); ci 77499 (iron oxides)

almond aloe barbadensis (aloe) leaf juice; dicaprylyl carbonate; butylene glycol; butyrospermum parkii (shea) butter; polyglyceryl-3 polyricinoleate; dodecane; oryza sativa (rice) powder; oryza sativa (rice) bran oil; vegetable oil; helianthus annuus (sunflower) seed wax; oryza sativa (rice) bran wax; rhus succedanea fruit wax; polyglyceryl-3 diisostearate; glycerin; sodium pca; sodium chloride; xanthan gum; sodium dehydroacetate; lactic acid; glycolipids; hydrolyzed hyaluronic acid; sodium hyaluronate; ascorbyl palmitate; tocopherol; aluminum hydroxide; paeonia lactiflora (peony) root extract; vaccinium myrtillus (blueberry) fruit extract; ci 77891 (titanium dioxide) ; mica (ci 77019); ci 77491 (iron oxides); ci 77492 (iron oxides); ci 77499 (iron oxides); ci 77288 (chromium oxide greens); tin oxide

hazelnut aloe barbadensis (aloe) leaf juice; dicaprylyl carbonate; butylene glycol; butyrospermum parkii (shea) butter; polyglyceryl-3 polyricinoleate; dodecane; oryza sativa (rice) powder; oryza sativa (rice) bran oil; vegetable oil; helianthus annuus (sunflower) seed wax; oryza sativa (rice) bran wax; rhus succedanea fruit wax; polyglyceryl-3 diisostearate; glycerin; sodium pca; sodium chloride; xanthan gum; sodium dehydroacetate; lactic acid; glycolipids; hydrolyzed hyaluronic acid; sodium hyaluronate; ascorbyl palmitate; tocopherol; aluminum hydroxide; paeonia lactiflora (peony) root extract; vaccinium myrtillus (blueberry) fruit extract; ci 77891 (titanium dioxide) ; mica (ci 77019); ci 77491 (iron oxides); ci 77492 (iron oxides); ci 77499 (iron oxides); ci 77288 (chromium oxide greens); tin oxide

mocha aloe barbadensis (aloe) leaf juice; dicaprylyl carbonate; butylene glycol; butyrospermum parkii (shea) butter; polyglyceryl-3 polyricinoleate; dodecane; oryza sativa (rice) powder; oryza sativa (rice) bran oil; vegetable oil; helianthus annuus (sunflower) seed wax; oryza sativa (rice) bran wax; rhus succedanea fruit wax; polyglyceryl-3 diisostearate; glycerin; sodium pca; sodium chloride; xanthan gum; sodium dehydroacetate; lactic acid; glycolipids; hydrolyzed hyaluronic acid; sodium hyaluronate; ascorbyl palmitate; tocopherol; aluminum hydroxide; paeonia lactiflora (peony) root extract; vaccinium myrtillus (blueberry) fruit extract; ci 77891 (titanium dioxide) ; mica (ci 77019); ci 77491 (iron oxides); ci 77492 (iron oxides); ci 77499 (iron oxides); ci 77288 (chromium oxide greens); tin oxide

warm latte aloe barbadensis (aloe) leaf juice; dicaprylyl carbonate; butylene glycol; butyrospermum parkii (shea) butter; polyglyceryl-3 polyricinoleate; dodecane; oryza sativa (rice) powder; oryza sativa (rice) bran oil; vegetable oil; helianthus annuus (sunflower) seed wax; oryza sativa (rice) bran wax; rhus succedanea fruit wax; polyglyceryl-3 diisostearate; glycerin; sodium pca; sodium chloride; xanthan gum; sodium dehydroacetate; lactic acid; glycolipids; hydrolyzed hyaluronic acid; sodium hyaluronate; ascorbyl palmitate; tocopherol; aluminum hydroxide; paeonia lactiflora (peony) root extract; vaccinium myrtillus (blueberry) fruit extract; ci 77891 (titanium dioxide) ; mica (ci 77019); ci 77491 (iron oxides); ci 77492 (iron oxides); ci 77499 (iron oxides); ci 77288 (chromium oxide greens); tin oxide

sand aloe barbadensis (aloe) leaf juice; dicaprylyl carbonate; butylene glycol; butyrospermum parkii (shea) butter; polyglyceryl-3 polyricinoleate; dodecane; oryza sativa (rice) powder; oryza sativa (rice) bran oil; vegetable oil; helianthus annuus (sunflower) seed wax; oryza sativa (rice) bran wax; rhus succedanea fruit wax; polyglyceryl-3 diisostearate; glycerin; sodium pca; sodium chloride; xanthan gum; sodium dehydroacetate; lactic acid; glycolipids; hydrolyzed hyaluronic acid; sodium hyaluronate; ascorbyl palmitate; tocopherol; aluminum hydroxide; paeonia lactiflora (peony) root extract; vaccinium myrtillus (blueberry) fruit extract; ci 77891 (titanium dioxide) ; mica (ci 77019); ci 77491 (iron oxides); ci 77492 (iron oxides); ci 77499 (iron oxides); ci 77288 (chromium oxide greens); tin oxide

golden hour aloe barbadensis (aloe) leaf juice; dicaprylyl carbonate; butylene glycol; butyrospermum parkii (shea) butter; polyglyceryl-3 polyricinoleate; dodecane; oryza sativa (rice) powder; oryza sativa (rice) bran oil; vegetable oil; helianthus annuus (sunflower) seed wax; oryza sativa (rice) bran wax; rhus succedanea fruit wax; polyglyceryl-3 diisostearate; glycerin; sodium pca; sodium chloride; xanthan gum; sodium dehydroacetate; lactic acid; glycolipids; hydrolyzed hyaluronic acid; sodium hyaluronate; ascorbyl palmitate; tocopherol; aluminum hydroxide; paeonia lactiflora (peony) root extract; vaccinium myrtillus (blueberry) fruit extract; ci 77891 (titanium dioxide) ; mica (ci 77019); ci 77491 (iron oxides); ci 77492 (iron oxides); ci 77499 (iron oxides); ci 77288 (chromium oxide greens); tin oxide

pine aloe barbadensis (aloe) leaf juice; dicaprylyl carbonate; butylene glycol; butyrospermum parkii (shea) butter; polyglyceryl-3 polyricinoleate; dodecane; oryza sativa (rice) powder; oryza sativa (rice) bran oil; vegetable oil; helianthus annuus (sunflower) seed wax; oryza sativa (rice) bran wax; rhus succedanea fruit wax; polyglyceryl-3 diisostearate; glycerin; sodium pca; sodium chloride; xanthan gum; sodium dehydroacetate; lactic acid; aluminum hydroxide; glycolipids; paeonia lactiflora (peony) root extract; vaccinium myrtillus (blueberry) fruit extract; hydrolyzed hyaluronic acid; sodium hyaluronate; ci 77891 (titanium dioxide) ; ci 77491 (iron oxides); ci 77492 (iron oxides); ci 77499 (iron oxides)

amber aloe barbadensis (aloe) leaf juice; dicaprylyl carbonate; butylene glycol; butyrospermum parkii (shea) butter; polyglyceryl-3 polyricinoleate; dodecane; oryza sativa (rice) powder; oryza sativa (rice) bran oil; vegetable oil; helianthus annuus (sunflower) seed wax; oryza sativa (rice) bran wax; rhus succedanea fruit wax; polyglyceryl-3 diisostearate; glycerin; sodium pca; sodium chloride; xanthan gum; sodium dehydroacetate; lactic acid; aluminum hydroxide; glycolipids; paeonia lactiflora (peony) root extract; vaccinium myrtillus (blueberry) fruit extract; hydrolyzed hyaluronic acid; sodium hyaluronate; ci 77891 (titanium dioxide) ; ci 77491 (iron oxides); ci 77492 (iron oxides); ci 77499 (iron oxides)

rich soil aloe barbadensis (aloe) leaf juice; dicaprylyl carbonate; butylene glycol; butyrospermum parkii (shea) butter; polyglyceryl-3 polyricinoleate; dodecane; oryza sativa (rice) powder; oryza sativa (rice) bran oil; vegetable oil; helianthus annuus (sunflower) seed wax; oryza sativa (rice) bran wax; rhus succedanea fruit wax; polyglyceryl-3 diisostearate; glycerin; sodium pca; sodium chloride; xanthan gum; sodium dehydroacetate; lactic acid; aluminum hydroxide; glycolipids; paeonia lactiflora (peony) root extract; vaccinium myrtillus (blueberry) fruit extract; hydrolyzed hyaluronic acid; sodium hyaluronate; ci 77891 (titanium dioxide) ; ci 77491 (iron oxides); ci 77492 (iron oxides); ci 77499 (iron oxides)

this list of ingredients is subject to change; please refer to the packaging of the purchased product.",'4.7,87
Make Up,Eyes,'15160909201788,'55085849018748,Madara,The Concealer,https://ohmycream.co.uk/collections/make-up-eye/products/madara-the-concealer?variant=55085849018748,https://cdn.shopify.com/s/files/1/0555/4071/1596/files/202508_Madara_The_Concealer_rich_soil_packshot.jpg?v=1754906463,"Complete list of ingredients

vanilla aloe barbadensis (aloe) leaf juice; dicaprylyl carbonate; butylene glycol; butyrospermum parkii (shea) butter; polyglyceryl-3 polyricinoleate; dodecane; oryza sativa (rice) powder; oryza sativa (rice) bran oil; vegetable oil; helianthus annuus (sunflower) seed wax; oryza sativa (rice) bran wax; rhus succedanea fruit wax; polyglyceryl-3 diisostearate; glycerin; sodium pca; sodium chloride; xanthan gum; sodium dehydroacetate; lactic acid; glycolipids; hydrolyzed hyaluronic acid; sodium hyaluronate; ascorbyl palmitate; tocopherol; aluminum hydroxide; paeonia lactiflora (peony) root extract; vaccinium myrtillus (blueberry) fruit extract; ci 77891 (titanium dioxide) ; mica (ci 77019); ci 77491 (iron oxides); ci 77492 (iron oxides); ci 77499 (iron oxides); ci 77288 (chromium oxide greens); tin oxide

latte aloe barbadensis (aloe) leaf juice; dicaprylyl carbonate; butylene glycol; butyrospermum parkii (shea) butter; polyglyceryl-3 polyricinoleate; dodecane; oryza sativa (rice) powder; oryza sativa (rice) bran oil; vegetable oil; helianthus annuus (sunflower) seed wax; oryza sativa (rice) bran wax; rhus succedanea fruit wax; polyglyceryl-3 diisostearate; glycerin; sodium pca; sodium chloride; xanthan gum; sodium dehydroacetate; lactic acid; glycolipids; hydrolyzed hyaluronic acid; sodium hyaluronate; ascorbyl palmitate; tocopherol; aluminum hydroxide; paeonia lactiflora (peony) root extract; vaccinium myrtillus (blueberry) fruit extract; ci 77891 (titanium dioxide) ; mica (ci 77019); ci 77491 (iron oxides); ci 77492 (iron oxides); ci 77499 (iron oxides); ci 77288 (chromium oxide greens); tin oxide

honey aloe barbadensis (aloe) leaf juice; dicaprylyl carbonate; butylene glycol; butyrospermum parkii (shea) butter; polyglyceryl-3 polyricinoleate; dodecane; oryza sativa (rice) powder; oryza sativa (rice) bran oil; vegetable oil; helianthus annuus (sunflower) seed wax; oryza sativa (rice) bran wax; rhus succedanea fruit wax; polyglyceryl-3 diisostearate; glycerin; sodium pca; sodium chloride; xanthan gum; sodium dehydroacetate; lactic acid; aluminum hydroxide; glycolipids; paeonia lactiflora (peony) root extract; vaccinium myrtillus (blueberry) fruit extract; hydrolyzed hyaluronic acid; sodium hyaluronate; ci 77891 (titanium dioxide) ; ci 77491 (iron oxides); ci 77492 (iron oxides); ci 77499 (iron oxides)

almond aloe barbadensis (aloe) leaf juice; dicaprylyl carbonate; butylene glycol; butyrospermum parkii (shea) butter; polyglyceryl-3 polyricinoleate; dodecane; oryza sativa (rice) powder; oryza sativa (rice) bran oil; vegetable oil; helianthus annuus (sunflower) seed wax; oryza sativa (rice) bran wax; rhus succedanea fruit wax; polyglyceryl-3 diisostearate; glycerin; sodium pca; sodium chloride; xanthan gum; sodium dehydroacetate; lactic acid; glycolipids; hydrolyzed hyaluronic acid; sodium hyaluronate; ascorbyl palmitate; tocopherol; aluminum hydroxide; paeonia lactiflora (peony) root extract; vaccinium myrtillus (blueberry) fruit extract; ci 77891 (titanium dioxide) ; mica (ci 77019); ci 77491 (iron oxides); ci 77492 (iron oxides); ci 77499 (iron oxides); ci 77288 (chromium oxide greens); tin oxide

hazelnut aloe barbadensis (aloe) leaf juice; dicaprylyl carbonate; butylene glycol; butyrospermum parkii (shea) butter; polyglyceryl-3 polyricinoleate; dodecane; oryza sativa (rice) powder; oryza sativa (rice) bran oil; vegetable oil; helianthus annuus (sunflower) seed wax; oryza sativa (rice) bran wax; rhus succedanea fruit wax; polyglyceryl-3 diisostearate; glycerin; sodium pca; sodium chloride; xanthan gum; sodium dehydroacetate; lactic acid; glycolipids; hydrolyzed hyaluronic acid; sodium hyaluronate; ascorbyl palmitate; tocopherol; aluminum hydroxide; paeonia lactiflora (peony) root extract; vaccinium myrtillus (blueberry) fruit extract; ci 77891 (titanium dioxide) ; mica (ci 77019); ci 77491 (iron oxides); ci 77492 (iron oxides); ci 77499 (iron oxides); ci 77288 (chromium oxide greens); tin oxide

mocha aloe barbadensis (aloe) leaf juice; dicaprylyl carbonate; butylene glycol; butyrospermum parkii (shea) butter; polyglyceryl-3 polyricinoleate; dodecane; oryza sativa (rice) powder; oryza sativa (rice) bran oil; vegetable oil; helianthus annuus (sunflower) seed wax; oryza sativa (rice) bran wax; rhus succedanea fruit wax; polyglyceryl-3 diisostearate; glycerin; sodium pca; sodium chloride; xanthan gum; sodium dehydroacetate; lactic acid; glycolipids; hydrolyzed hyaluronic acid; sodium hyaluronate; ascorbyl palmitate; tocopherol; aluminum hydroxide; paeonia lactiflora (peony) root extract; vaccinium myrtillus (blueberry) fruit extract; ci 77891 (titanium dioxide) ; mica (ci 77019); ci 77491 (iron oxides); ci 77492 (iron oxides); ci 77499 (iron oxides); ci 77288 (chromium oxide greens); tin oxide

warm latte aloe barbadensis (aloe) leaf juice; dicaprylyl carbonate; butylene glycol; butyrospermum parkii (shea) butter; polyglyceryl-3 polyricinoleate; dodecane; oryza sativa (rice) powder; oryza sativa (rice) bran oil; vegetable oil; helianthus annuus (sunflower) seed wax; oryza sativa (rice) bran wax; rhus succedanea fruit wax; polyglyceryl-3 diisostearate; glycerin; sodium pca; sodium chloride; xanthan gum; sodium dehydroacetate; lactic acid; glycolipids; hydrolyzed hyaluronic acid; sodium hyaluronate; ascorbyl palmitate; tocopherol; aluminum hydroxide; paeonia lactiflora (peony) root extract; vaccinium myrtillus (blueberry) fruit extract; ci 77891 (titanium dioxide) ; mica (ci 77019); ci 77491 (iron oxides); ci 77492 (iron oxides); ci 77499 (iron oxides); ci 77288 (chromium oxide greens); tin oxide

sand aloe barbadensis (aloe) leaf juice; dicaprylyl carbonate; butylene glycol; butyrospermum parkii (shea) butter; polyglyceryl-3 polyricinoleate; dodecane; oryza sativa (rice) powder; oryza sativa (rice) bran oil; vegetable oil; helianthus annuus (sunflower) seed wax; oryza sativa (rice) bran wax; rhus succedanea fruit wax; polyglyceryl-3 diisostearate; glycerin; sodium pca; sodium chloride; xanthan gum; sodium dehydroacetate; lactic acid; glycolipids; hydrolyzed hyaluronic acid; sodium hyaluronate; ascorbyl palmitate; tocopherol; aluminum hydroxide; paeonia lactiflora (peony) root extract; vaccinium myrtillus (blueberry) fruit extract; ci 77891 (titanium dioxide) ; mica (ci 77019); ci 77491 (iron oxides); ci 77492 (iron oxides); ci 77499 (iron oxides); ci 77288 (chromium oxide greens); tin oxide

golden hour aloe barbadensis (aloe) leaf juice; dicaprylyl carbonate; butylene glycol; butyrospermum parkii (shea) butter; polyglyceryl-3 polyricinoleate; dodecane; oryza sativa (rice) powder; oryza sativa (rice) bran oil; vegetable oil; helianthus annuus (sunflower) seed wax; oryza sativa (rice) bran wax; rhus succedanea fruit wax; polyglyceryl-3 diisostearate; glycerin; sodium pca; sodium chloride; xanthan gum; sodium dehydroacetate; lactic acid; glycolipids; hydrolyzed hyaluronic acid; sodium hyaluronate; ascorbyl palmitate; tocopherol; aluminum hydroxide; paeonia lactiflora (peony) root extract; vaccinium myrtillus (blueberry) fruit extract; ci 77891 (titanium dioxide) ; mica (ci 77019); ci 77491 (iron oxides); ci 77492 (iron oxides); ci 77499 (iron oxides); ci 77288 (chromium oxide greens); tin oxide

pine aloe barbadensis (aloe) leaf juice; dicaprylyl carbonate; butylene glycol; butyrospermum parkii (shea) butter; polyglyceryl-3 polyricinoleate; dodecane; oryza sativa (rice) powder; oryza sativa (rice) bran oil; vegetable oil; helianthus annuus (sunflower) seed wax; oryza sativa (rice) bran wax; rhus succedanea fruit wax; polyglyceryl-3 diisostearate; glycerin; sodium pca; sodium chloride; xanthan gum; sodium dehydroacetate; lactic acid; aluminum hydroxide; glycolipids; paeonia lactiflora (peony) root extract; vaccinium myrtillus (blueberry) fruit extract; hydrolyzed hyaluronic acid; sodium hyaluronate; ci 77891 (titanium dioxide) ; ci 77491 (iron oxides); ci 77492 (iron oxides); ci 77499 (iron oxides)

amber aloe barbadensis (aloe) leaf juice; dicaprylyl carbonate; butylene glycol; butyrospermum parkii (shea) butter; polyglyceryl-3 polyricinoleate; dodecane; oryza sativa (rice) powder; oryza sativa (rice) bran oil; vegetable oil; helianthus annuus (sunflower) seed wax; oryza sativa (rice) bran wax; rhus succedanea fruit wax; polyglyceryl-3 diisostearate; glycerin; sodium pca; sodium chloride; xanthan gum; sodium dehydroacetate; lactic acid; aluminum hydroxide; glycolipids; paeonia lactiflora (peony) root extract; vaccinium myrtillus (blueberry) fruit extract; hydrolyzed hyaluronic acid; sodium hyaluronate; ci 77891 (titanium dioxide) ; ci 77491 (iron oxides); ci 77492 (iron oxides); ci 77499 (iron oxides)

rich soil aloe barbadensis (aloe) leaf juice; dicaprylyl carbonate; butylene glycol; butyrospermum parkii (shea) butter; polyglyceryl-3 polyricinoleate; dodecane; oryza sativa (rice) powder; oryza sativa (rice) bran oil; vegetable oil; helianthus annuus (sunflower) seed wax; oryza sativa (rice) bran wax; rhus succedanea fruit wax; polyglyceryl-3 diisostearate; glycerin; sodium pca; sodium chloride; xanthan gum; sodium dehydroacetate; lactic acid; aluminum hydroxide; glycolipids; paeonia lactiflora (peony) root extract; vaccinium myrtillus (blueberry) fruit extract; hydrolyzed hyaluronic acid; sodium hyaluronate; ci 77891 (titanium dioxide) ; ci 77491 (iron oxides); ci 77492 (iron oxides); ci 77499 (iron oxides)

this list of ingredients is subject to change; please refer to the packaging of the purchased product.",'4.7,87
Make Up,Eyes,'14825956704636,'53624596857212,Victoria Beckham Beauty,Baby Blade,https://ohmycream.co.uk/collections/make-up-eye/products/victoria-beckham-beauty-baby-blade?variant=53624596857212,https://cdn.shopify.com/s/files/1/0555/4071/1596/files/2024_12_VictoriaBeckhamBeauty_CrayonaSourcilsMicrofinLightBlonde_Packshot.jpg?v=1734985305,"Complete list of ingredients

medium brown ingredients / ingrédients : hydrogenated soybean oil, hydrogenated coco-glycerides, hydrogenated vegetable oil, zinc stearate, rhus verniciflua peel wax, hydrogenated castor oil isostearate, polyisobutene, camellia japonica seed oil, rosa canina fruit oil, iron oxides (ci 77491, ci 77492, ci 77499), titanium dioxide (ci 77891).

light brown ingredients / ingrédients : hydrogenated soybean oil, hydrogenated coco-glycerides, hydrogenated vegetable oil, zinc stearate, rhus verniciflua peel wax, mica, hydrogenated castor oil isostearate, polyisobutene, camellia japonica seed oil, rosa canina fruit oil, iron oxides (ci 77491, ci 77492, ci 77499), titanium dioxide (ci 77891). may contain / peut contenir / (+/-) : blue 1 lake (ci 42090).

taupe ingredients / ingrédients : hydrogenated soybean oil, hydrogenated coco-glycerides, hydrogenated vegetable oil, zinc stearate, rhus verniciflua peel wax, mica, hydrogenated castor oil isostearate, polyisobutene, camellia japonica seed oil, rosa canina fruit oil, iron oxides (ci 77491, ci 77492, ci 77499), titanium dioxide (ci 77891). may contain / peut contenir / (+/-) : blue 1 lake (ci 42090).

light blonde ingredients / ingrédients : hydrogenated soybean oil, hydrogenated coco-glycerides, hydrogenated vegetable oil, zinc stearate, rhus verniciflua peel wax, mica, hydrogenated castor oil isostearate, polyisobutene, camellia japonica seed oil, rosa canina fruit oil, iron oxides (ci 77491, ci 77492, ci 77499), titanium dioxide (ci 77891). may contain / peut contenir / (+/-) : blue 1 lake (ci 42090).

dark brown ingredients / ingrédients : hydrogenated soybean oil, hydrogenated coco-glycerides, hydrogenated vegetable oil, zinc stearate, rhus verniciflua peel wax, mica, hydrogenated castor oil isostearate, polyisobutene, camellia japonica seed oil, rosa canina fruit oil, iron oxides (ci 77491, ci 77492, ci 77499), titanium dioxide (ci 77891). may contain / peut contenir / (+/-) : blue 1 lake (ci 42090).",'5.0,1
Make Up,Eyes,'14825956704636,'53624596791676,Victoria Beckham Beauty,Baby Blade,https://ohmycream.co.uk/collections/make-up-eye/products/victoria-beckham-beauty-baby-blade?variant=53624596791676,https://cdn.shopify.com/s/files/1/0555/4071/1596/files/2024_12_VictoriaBeckhamBeauty_CrayonaSourcilsMicrofinTaupe_Packshot.jpg?v=1734985825,"Complete list of ingredients

medium brown ingredients / ingrédients : hydrogenated soybean oil, hydrogenated coco-glycerides, hydrogenated vegetable oil, zinc stearate, rhus verniciflua peel wax, hydrogenated castor oil isostearate, polyisobutene, camellia japonica seed oil, rosa canina fruit oil, iron oxides (ci 77491, ci 77492, ci 77499), titanium dioxide (ci 77891).

light brown ingredients / ingrédients : hydrogenated soybean oil, hydrogenated coco-glycerides, hydrogenated vegetable oil, zinc stearate, rhus verniciflua peel wax, mica, hydrogenated castor oil isostearate, polyisobutene, camellia japonica seed oil, rosa canina fruit oil, iron oxides (ci 77491, ci 77492, ci 77499), titanium dioxide (ci 77891). may contain / peut contenir / (+/-) : blue 1 lake (ci 42090).

taupe ingredients / ingrédients : hydrogenated soybean oil, hydrogenated coco-glycerides, hydrogenated vegetable oil, zinc stearate, rhus verniciflua peel wax, mica, hydrogenated castor oil isostearate, polyisobutene, camellia japonica seed oil, rosa canina fruit oil, iron oxides (ci 77491, ci 77492, ci 77499), titanium dioxide (ci 77891). may contain / peut contenir / (+/-) : blue 1 lake (ci 42090).

light blonde ingredients / ingrédients : hydrogenated soybean oil, hydrogenated coco-glycerides, hydrogenated vegetable oil, zinc stearate, rhus verniciflua peel wax, mica, hydrogenated castor oil isostearate, polyisobutene, camellia japonica seed oil, rosa canina fruit oil, iron oxides (ci 77491, ci 77492, ci 77499), titanium dioxide (ci 77891). may contain / peut contenir / (+/-) : blue 1 lake (ci 42090).

dark brown ingredients / ingrédients : hydrogenated soybean oil, hydrogenated coco-glycerides, hydrogenated vegetable oil, zinc stearate, rhus verniciflua peel wax, mica, hydrogenated castor oil isostearate, polyisobutene, camellia japonica seed oil, rosa canina fruit oil, iron oxides (ci 77491, ci 77492, ci 77499), titanium dioxide (ci 77891). may contain / peut contenir / (+/-) : blue 1 lake (ci 42090).",'5.0,1
Make Up,Eyes,'14825956704636,'53624596889980,Victoria Beckham Beauty,Baby Blade,https://ohmycream.co.uk/collections/make-up-eye/products/victoria-beckham-beauty-baby-blade?variant=53624596889980,https://cdn.shopify.com/s/files/1/0555/4071/1596/files/2024_12_VictoriaBeckhamBeauty_CrayonaSourcilsMicrofinLightBrown_Packshot.jpg?v=1734985825,"Complete list of ingredients

medium brown ingredients / ingrédients : hydrogenated soybean oil, hydrogenated coco-glycerides, hydrogenated vegetable oil, zinc stearate, rhus verniciflua peel wax, hydrogenated castor oil isostearate, polyisobutene, camellia japonica seed oil, rosa canina fruit oil, iron oxides (ci 77491, ci 77492, ci 77499), titanium dioxide (ci 77891).

light brown ingredients / ingrédients : hydrogenated soybean oil, hydrogenated coco-glycerides, hydrogenated vegetable oil, zinc stearate, rhus verniciflua peel wax, mica, hydrogenated castor oil isostearate, polyisobutene, camellia japonica seed oil, rosa canina fruit oil, iron oxides (ci 77491, ci 77492, ci 77499), titanium dioxide (ci 77891). may contain / peut contenir / (+/-) : blue 1 lake (ci 42090).

taupe ingredients / ingrédients : hydrogenated soybean oil, hydrogenated coco-glycerides, hydrogenated vegetable oil, zinc stearate, rhus verniciflua peel wax, mica, hydrogenated castor oil isostearate, polyisobutene, camellia japonica seed oil, rosa canina fruit oil, iron oxides (ci 77491, ci 77492, ci 77499), titanium dioxide (ci 77891). may contain / peut contenir / (+/-) : blue 1 lake (ci 42090).

light blonde ingredients / ingrédients : hydrogenated soybean oil, hydrogenated coco-glycerides, hydrogenated vegetable oil, zinc stearate, rhus verniciflua peel wax, mica, hydrogenated castor oil isostearate, polyisobutene, camellia japonica seed oil, rosa canina fruit oil, iron oxides (ci 77491, ci 77492, ci 77499), titanium dioxide (ci 77891). may contain / peut contenir / (+/-) : blue 1 lake (ci 42090).

dark brown ingredients / ingrédients : hydrogenated soybean oil, hydrogenated coco-glycerides, hydrogenated vegetable oil, zinc stearate, rhus verniciflua peel wax, mica, hydrogenated castor oil isostearate, polyisobutene, camellia japonica seed oil, rosa canina fruit oil, iron oxides (ci 77491, ci 77492, ci 77499), titanium dioxide (ci 77891). may contain / peut contenir / (+/-) : blue 1 lake (ci 42090).",'5.0,1
Make Up,Eyes,'14825956704636,'53624596824444,Victoria Beckham Beauty,Baby Blade,https://ohmycream.co.uk/collections/make-up-eye/products/victoria-beckham-beauty-baby-blade?variant=53624596824444,https://cdn.shopify.com/s/files/1/0555/4071/1596/files/2024_12_VictoriaBeckhamBeauty_CrayonaSourcilsMicrofinMediumBrown_Packshot.jpg?v=1734985825,"Complete list of ingredients

medium brown ingredients / ingrédients : hydrogenated soybean oil, hydrogenated coco-glycerides, hydrogenated vegetable oil, zinc stearate, rhus verniciflua peel wax, hydrogenated castor oil isostearate, polyisobutene, camellia japonica seed oil, rosa canina fruit oil, iron oxides (ci 77491, ci 77492, ci 77499), titanium dioxide (ci 77891).

light brown ingredients / ingrédients : hydrogenated soybean oil, hydrogenated coco-glycerides, hydrogenated vegetable oil, zinc stearate, rhus verniciflua peel wax, mica, hydrogenated castor oil isostearate, polyisobutene, camellia japonica seed oil, rosa canina fruit oil, iron oxides (ci 77491, ci 77492, ci 77499), titanium dioxide (ci 77891). may contain / peut contenir / (+/-) : blue 1 lake (ci 42090).

taupe ingredients / ingrédients : hydrogenated soybean oil, hydrogenated coco-glycerides, hydrogenated vegetable oil, zinc stearate, rhus verniciflua peel wax, mica, hydrogenated castor oil isostearate, polyisobutene, camellia japonica seed oil, rosa canina fruit oil, iron oxides (ci 77491, ci 77492, ci 77499), titanium dioxide (ci 77891). may contain / peut contenir / (+/-) : blue 1 lake (ci 42090).

light blonde ingredients / ingrédients : hydrogenated soybean oil, hydrogenated coco-glycerides, hydrogenated vegetable oil, zinc stearate, rhus verniciflua peel wax, mica, hydrogenated castor oil isostearate, polyisobutene, camellia japonica seed oil, rosa canina fruit oil, iron oxides (ci 77491, ci 77492, ci 77499), titanium dioxide (ci 77891). may contain / peut contenir / (+/-) : blue 1 lake (ci 42090).

dark brown ingredients / ingrédients : hydrogenated soybean oil, hydrogenated coco-glycerides, hydrogenated vegetable oil, zinc stearate, rhus verniciflua peel wax, mica, hydrogenated castor oil isostearate, polyisobutene, camellia japonica seed oil, rosa canina fruit oil, iron oxides (ci 77491, ci 77492, ci 77499), titanium dioxide (ci 77891). may contain / peut contenir / (+/-) : blue 1 lake (ci 42090).",'5.0,1
Make Up,Eyes,'14825956704636,'53624596922748,Victoria Beckham Beauty,Baby Blade,https://ohmycream.co.uk/collections/make-up-eye/products/victoria-beckham-beauty-baby-blade?variant=53624596922748,https://cdn.shopify.com/s/files/1/0555/4071/1596/files/2024_12_VictoriaBeckhamBeauty_BabyBladeCrayonasourcilsmicrofinDarkBrown_Packshot.jpg?v=1734985825,"Complete list of ingredients

medium brown ingredients / ingrédients : hydrogenated soybean oil, hydrogenated coco-glycerides, hydrogenated vegetable oil, zinc stearate, rhus verniciflua peel wax, hydrogenated castor oil isostearate, polyisobutene, camellia japonica seed oil, rosa canina fruit oil, iron oxides (ci 77491, ci 77492, ci 77499), titanium dioxide (ci 77891).

light brown ingredients / ingrédients : hydrogenated soybean oil, hydrogenated coco-glycerides, hydrogenated vegetable oil, zinc stearate, rhus verniciflua peel wax, mica, hydrogenated castor oil isostearate, polyisobutene, camellia japonica seed oil, rosa canina fruit oil, iron oxides (ci 77491, ci 77492, ci 77499), titanium dioxide (ci 77891). may contain / peut contenir / (+/-) : blue 1 lake (ci 42090).

taupe ingredients / ingrédients : hydrogenated soybean oil, hydrogenated coco-glycerides, hydrogenated vegetable oil, zinc stearate, rhus verniciflua peel wax, mica, hydrogenated castor oil isostearate, polyisobutene, camellia japonica seed oil, rosa canina fruit oil, iron oxides (ci 77491, ci 77492, ci 77499), titanium dioxide (ci 77891). may contain / peut contenir / (+/-) : blue 1 lake (ci 42090).

light blonde ingredients / ingrédients : hydrogenated soybean oil, hydrogenated coco-glycerides, hydrogenated vegetable oil, zinc stearate, rhus verniciflua peel wax, mica, hydrogenated castor oil isostearate, polyisobutene, camellia japonica seed oil, rosa canina fruit oil, iron oxides (ci 77491, ci 77492, ci 77499), titanium dioxide (ci 77891). may contain / peut contenir / (+/-) : blue 1 lake (ci 42090).

dark brown ingredients / ingrédients : hydrogenated soybean oil, hydrogenated coco-glycerides, hydrogenated vegetable oil, zinc stearate, rhus verniciflua peel wax, mica, hydrogenated castor oil isostearate, polyisobutene, camellia japonica seed oil, rosa canina fruit oil, iron oxides (ci 77491, ci 77492, ci 77499), titanium dioxide (ci 77891). may contain / peut contenir / (+/-) : blue 1 lake (ci 42090).",'5.0,1
Make Up,Eyes,'14826057499004,'53624713445756,Victoria Beckham Beauty,EyeWear,https://ohmycream.co.uk/collections/make-up-eye/products/victoria-beckham-beauty-eyewear?variant=53624713445756,https://cdn.shopify.com/s/files/1/0555/4071/1596/files/2024_12_Victoria_Beckham_Beauty_Stick_Ombre_a_paupieres_Eye_Wear_Shimmer_Oyster_Packshot.jpg?v=1734948669,"Complete list of ingredients

oyster ingredients / ingrédients : methyl trimethicone, trimethylsiloxysilicate, mica, synthetic fluorphlogopite, synthetic wax, silica, lauroyl lysine, stearoxymethicone/dimethicone copolymer, illite, diisostearyl fumarate, fucus vesiculosus extract, helianthus annuus (sunflower) seed oil, vitis vinifera (grape) fruit extract, polyethylene, disteardimonium hectorite, copernicia cerifera (carnauba) wax / cera carnauba / cire de carnauba, propylene carbonate, pentaerythrityl tetra-di-t-butyl hydroxyhydrocinnamate, polyhydroxystearic acid, caprylic/capric triglyceride, tin oxide, dicalcium phosphate, maltodextrin, calcium aluminum borosilicate, calcium sodium borosilicate, ascorbyl palmitate, aluminum powder (ci 77000), titanium dioxide (ci 77891), iron oxides (ci 77491), carmine (ci 75470), ferric ammonium ferrocyanide (ci 77510).



caramel ingredients / ingrédients : methyl trimethicone, synthetic fluorphlogopite, trimethylsiloxysilicate, synthetic wax, lauroyl lysine, stearoxymethicone/dimethicone copolymer, polyethylene, dicalcium phosphate, illite, octyldodecanol, silica, fucus vesiculosus extract, helianthus annuus (sunflower) seed oil, vitis vinifera (grape) fruit extract, copernicia cerifera (carnauba) wax / cera carnauba / cire de carnauba, polyhydroxystearic acid, pentaerythrityl tetra-di-t-butyl hydroxyhydrocinnamate, caprylic/capric triglyceride, disteardimonium hectorite, maltodextrin, propylene carbonate, mica, calcium aluminum borosilicate, calcium sodium borosilicate, tin oxide, ascorbyl palmitate, iron oxides (ci 77491), titanium dioxide (ci 77891), ferric ammonium ferrocyanide (ci 77510), carmine (ci 75470).



bottle green ingredients / ingrédients : methyl trimethicone, trimethylsiloxysilicate, synthetic wax, mica, calcium aluminum borosilicate, silica, lauroyl lysine, stearoxymethicone/dimethicone copolymer, synthetic fluorphlogopite, illite, diisostearyl fumarate, fucus vesiculosus extract, helianthus annuus (sunflower) seed oil, vitis vinifera (grape) fruit extract, polyethylene, copernicia cerifera (carnauba) wax / cera carnauba / cire de carnauba, disteardimonium hectorite, pentaerythrityl tetra-di-t-butyl hydroxyhydrocinnamate, polyhydroxystearic acid, propylene carbonate, caprylic/capric triglyceride, tin oxide, maltodextrin, dicalcium phosphate, ascorbyl palmitate, titanium dioxide (ci 77891), iron oxides (ci 77491, ci 77492, ci 77499), ferric ammonium ferrocyanide (ci 77510), carmine (ci 75470).



shroom ingredients: methyl trimethicone, mica, trimethylsiloxysilicate, synthetic wax, lauroyl lysine, silica, stearoxymethicone/dimethicone copolymer, synthetic fluorphlogopite, illite, diisostearyl fumarate, fucus vesiculosus extract, helianthus annuus (sunflower) seed oil,
vitis vinifera (grape) fruit extract, copernicia cerifera (carnauba) wax/cera carnauba/cire de carnauba, polyhydroxystearic acid, calcium sodium borosilicate, disteardimonium hectorite, polyethylene, pentaerythrityl tetra-di-t-butyl hydroxyhydrocinnamate, caprylic/capric triglyceride, maltodextrin, tin oxide, calcium aluminum borosilicate, propylene carbonate, dicalcium phosphate, ascorbyl palmitate, iron oxides (ci 77491, ci 77492, ci 77499), titanium dioxide (ci 77891), carmine (ci 75470), ferric ammonium ferrocyanide (ci 77510), aluminum powder (ci 77000), blue 1 lake (ci 42090), yellow 5 lake (ci 19140).



ballet ingredients: methyl trimethicone, mica, trimethylsiloxysilicate, synthetic wax, lauroyl lysine, synthetic fluorphlogopite, stearoxymethicone/dimethicone copolymer, polyethylene, illite, octyldodecanol, silica, fucus vesiculosus extract, helianthus annuus (sunflower) seed oil, vitis vinifera (grape) fruit extract, copernicia cerifera (carnauba) wax/cera carnauba/cire de carnauba, polyhydroxystearic acid, pentaerythrityl tetra-di-t-butyl hydroxyhydrocinnamate, caprylic/capric triglyceride, disteardimonium hectorite, tin oxide, maltodextrin, propylene carbonate, dicalcium phosphate, ascorbyl palmitate, titanium dioxide (ci 77891), carmine (ci 75470), iron oxides (ci 77491, ci 77492, ci 77499), ultramarines (ci 77007).

",'5.0,3
Make Up,Eyes,'14826057499004,'53624713347452,Victoria Beckham Beauty,EyeWear,https://ohmycream.co.uk/collections/make-up-eye/products/victoria-beckham-beauty-eyewear?variant=53624713347452,https://cdn.shopify.com/s/files/1/0555/4071/1596/files/2024_12_Victoria_Beckham_Beauty_Eyewear_Stick_Ombre_a_Paupieres_Caramel_Packshot.jpg?v=1734962829,"Complete list of ingredients

oyster ingredients / ingrédients : methyl trimethicone, trimethylsiloxysilicate, mica, synthetic fluorphlogopite, synthetic wax, silica, lauroyl lysine, stearoxymethicone/dimethicone copolymer, illite, diisostearyl fumarate, fucus vesiculosus extract, helianthus annuus (sunflower) seed oil, vitis vinifera (grape) fruit extract, polyethylene, disteardimonium hectorite, copernicia cerifera (carnauba) wax / cera carnauba / cire de carnauba, propylene carbonate, pentaerythrityl tetra-di-t-butyl hydroxyhydrocinnamate, polyhydroxystearic acid, caprylic/capric triglyceride, tin oxide, dicalcium phosphate, maltodextrin, calcium aluminum borosilicate, calcium sodium borosilicate, ascorbyl palmitate, aluminum powder (ci 77000), titanium dioxide (ci 77891), iron oxides (ci 77491), carmine (ci 75470), ferric ammonium ferrocyanide (ci 77510).



caramel ingredients / ingrédients : methyl trimethicone, synthetic fluorphlogopite, trimethylsiloxysilicate, synthetic wax, lauroyl lysine, stearoxymethicone/dimethicone copolymer, polyethylene, dicalcium phosphate, illite, octyldodecanol, silica, fucus vesiculosus extract, helianthus annuus (sunflower) seed oil, vitis vinifera (grape) fruit extract, copernicia cerifera (carnauba) wax / cera carnauba / cire de carnauba, polyhydroxystearic acid, pentaerythrityl tetra-di-t-butyl hydroxyhydrocinnamate, caprylic/capric triglyceride, disteardimonium hectorite, maltodextrin, propylene carbonate, mica, calcium aluminum borosilicate, calcium sodium borosilicate, tin oxide, ascorbyl palmitate, iron oxides (ci 77491), titanium dioxide (ci 77891), ferric ammonium ferrocyanide (ci 77510), carmine (ci 75470).



bottle green ingredients / ingrédients : methyl trimethicone, trimethylsiloxysilicate, synthetic wax, mica, calcium aluminum borosilicate, silica, lauroyl lysine, stearoxymethicone/dimethicone copolymer, synthetic fluorphlogopite, illite, diisostearyl fumarate, fucus vesiculosus extract, helianthus annuus (sunflower) seed oil, vitis vinifera (grape) fruit extract, polyethylene, copernicia cerifera (carnauba) wax / cera carnauba / cire de carnauba, disteardimonium hectorite, pentaerythrityl tetra-di-t-butyl hydroxyhydrocinnamate, polyhydroxystearic acid, propylene carbonate, caprylic/capric triglyceride, tin oxide, maltodextrin, dicalcium phosphate, ascorbyl palmitate, titanium dioxide (ci 77891), iron oxides (ci 77491, ci 77492, ci 77499), ferric ammonium ferrocyanide (ci 77510), carmine (ci 75470).



shroom ingredients: methyl trimethicone, mica, trimethylsiloxysilicate, synthetic wax, lauroyl lysine, silica, stearoxymethicone/dimethicone copolymer, synthetic fluorphlogopite, illite, diisostearyl fumarate, fucus vesiculosus extract, helianthus annuus (sunflower) seed oil,
vitis vinifera (grape) fruit extract, copernicia cerifera (carnauba) wax/cera carnauba/cire de carnauba, polyhydroxystearic acid, calcium sodium borosilicate, disteardimonium hectorite, polyethylene, pentaerythrityl tetra-di-t-butyl hydroxyhydrocinnamate, caprylic/capric triglyceride, maltodextrin, tin oxide, calcium aluminum borosilicate, propylene carbonate, dicalcium phosphate, ascorbyl palmitate, iron oxides (ci 77491, ci 77492, ci 77499), titanium dioxide (ci 77891), carmine (ci 75470), ferric ammonium ferrocyanide (ci 77510), aluminum powder (ci 77000), blue 1 lake (ci 42090), yellow 5 lake (ci 19140).



ballet ingredients: methyl trimethicone, mica, trimethylsiloxysilicate, synthetic wax, lauroyl lysine, synthetic fluorphlogopite, stearoxymethicone/dimethicone copolymer, polyethylene, illite, octyldodecanol, silica, fucus vesiculosus extract, helianthus annuus (sunflower) seed oil, vitis vinifera (grape) fruit extract, copernicia cerifera (carnauba) wax/cera carnauba/cire de carnauba, polyhydroxystearic acid, pentaerythrityl tetra-di-t-butyl hydroxyhydrocinnamate, caprylic/capric triglyceride, disteardimonium hectorite, tin oxide, maltodextrin, propylene carbonate, dicalcium phosphate, ascorbyl palmitate, titanium dioxide (ci 77891), carmine (ci 75470), iron oxides (ci 77491, ci 77492, ci 77499), ultramarines (ci 77007).

",'5.0,3
Make Up,Eyes,'14826057499004,'53624713412988,Victoria Beckham Beauty,EyeWear,https://ohmycream.co.uk/collections/make-up-eye/products/victoria-beckham-beauty-eyewear?variant=53624713412988,https://cdn.shopify.com/s/files/1/0555/4071/1596/files/2024_12_Victoria_Beckham_Beauty_Stick_Ombre_a_paupieres_Eye_Wear_Shimmer_Bottle_Green_Packshot.jpg?v=1734962829,"Complete list of ingredients

oyster ingredients / ingrédients : methyl trimethicone, trimethylsiloxysilicate, mica, synthetic fluorphlogopite, synthetic wax, silica, lauroyl lysine, stearoxymethicone/dimethicone copolymer, illite, diisostearyl fumarate, fucus vesiculosus extract, helianthus annuus (sunflower) seed oil, vitis vinifera (grape) fruit extract, polyethylene, disteardimonium hectorite, copernicia cerifera (carnauba) wax / cera carnauba / cire de carnauba, propylene carbonate, pentaerythrityl tetra-di-t-butyl hydroxyhydrocinnamate, polyhydroxystearic acid, caprylic/capric triglyceride, tin oxide, dicalcium phosphate, maltodextrin, calcium aluminum borosilicate, calcium sodium borosilicate, ascorbyl palmitate, aluminum powder (ci 77000), titanium dioxide (ci 77891), iron oxides (ci 77491), carmine (ci 75470), ferric ammonium ferrocyanide (ci 77510).



caramel ingredients / ingrédients : methyl trimethicone, synthetic fluorphlogopite, trimethylsiloxysilicate, synthetic wax, lauroyl lysine, stearoxymethicone/dimethicone copolymer, polyethylene, dicalcium phosphate, illite, octyldodecanol, silica, fucus vesiculosus extract, helianthus annuus (sunflower) seed oil, vitis vinifera (grape) fruit extract, copernicia cerifera (carnauba) wax / cera carnauba / cire de carnauba, polyhydroxystearic acid, pentaerythrityl tetra-di-t-butyl hydroxyhydrocinnamate, caprylic/capric triglyceride, disteardimonium hectorite, maltodextrin, propylene carbonate, mica, calcium aluminum borosilicate, calcium sodium borosilicate, tin oxide, ascorbyl palmitate, iron oxides (ci 77491), titanium dioxide (ci 77891), ferric ammonium ferrocyanide (ci 77510), carmine (ci 75470).



bottle green ingredients / ingrédients : methyl trimethicone, trimethylsiloxysilicate, synthetic wax, mica, calcium aluminum borosilicate, silica, lauroyl lysine, stearoxymethicone/dimethicone copolymer, synthetic fluorphlogopite, illite, diisostearyl fumarate, fucus vesiculosus extract, helianthus annuus (sunflower) seed oil, vitis vinifera (grape) fruit extract, polyethylene, copernicia cerifera (carnauba) wax / cera carnauba / cire de carnauba, disteardimonium hectorite, pentaerythrityl tetra-di-t-butyl hydroxyhydrocinnamate, polyhydroxystearic acid, propylene carbonate, caprylic/capric triglyceride, tin oxide, maltodextrin, dicalcium phosphate, ascorbyl palmitate, titanium dioxide (ci 77891), iron oxides (ci 77491, ci 77492, ci 77499), ferric ammonium ferrocyanide (ci 77510), carmine (ci 75470).



shroom ingredients: methyl trimethicone, mica, trimethylsiloxysilicate, synthetic wax, lauroyl lysine, silica, stearoxymethicone/dimethicone copolymer, synthetic fluorphlogopite, illite, diisostearyl fumarate, fucus vesiculosus extract, helianthus annuus (sunflower) seed oil,
vitis vinifera (grape) fruit extract, copernicia cerifera (carnauba) wax/cera carnauba/cire de carnauba, polyhydroxystearic acid, calcium sodium borosilicate, disteardimonium hectorite, polyethylene, pentaerythrityl tetra-di-t-butyl hydroxyhydrocinnamate, caprylic/capric triglyceride, maltodextrin, tin oxide, calcium aluminum borosilicate, propylene carbonate, dicalcium phosphate, ascorbyl palmitate, iron oxides (ci 77491, ci 77492, ci 77499), titanium dioxide (ci 77891), carmine (ci 75470), ferric ammonium ferrocyanide (ci 77510), aluminum powder (ci 77000), blue 1 lake (ci 42090), yellow 5 lake (ci 19140).



ballet ingredients: methyl trimethicone, mica, trimethylsiloxysilicate, synthetic wax, lauroyl lysine, synthetic fluorphlogopite, stearoxymethicone/dimethicone copolymer, polyethylene, illite, octyldodecanol, silica, fucus vesiculosus extract, helianthus annuus (sunflower) seed oil, vitis vinifera (grape) fruit extract, copernicia cerifera (carnauba) wax/cera carnauba/cire de carnauba, polyhydroxystearic acid, pentaerythrityl tetra-di-t-butyl hydroxyhydrocinnamate, caprylic/capric triglyceride, disteardimonium hectorite, tin oxide, maltodextrin, propylene carbonate, dicalcium phosphate, ascorbyl palmitate, titanium dioxide (ci 77891), carmine (ci 75470), iron oxides (ci 77491, ci 77492, ci 77499), ultramarines (ci 77007).

",'5.0,3
Make Up,Eyes,'14826057499004,'53624713478524,Victoria Beckham Beauty,EyeWear,https://ohmycream.co.uk/collections/make-up-eye/products/victoria-beckham-beauty-eyewear?variant=53624713478524,https://cdn.shopify.com/s/files/1/0555/4071/1596/files/2024_12_Victoria_Beckham_Beauty_Stick_Ombre_a_paupieres_Eye_Wear_Shimmer_Shroom_Packshot.jpg?v=1734962829,"Complete list of ingredients

oyster ingredients / ingrédients : methyl trimethicone, trimethylsiloxysilicate, mica, synthetic fluorphlogopite, synthetic wax, silica, lauroyl lysine, stearoxymethicone/dimethicone copolymer, illite, diisostearyl fumarate, fucus vesiculosus extract, helianthus annuus (sunflower) seed oil, vitis vinifera (grape) fruit extract, polyethylene, disteardimonium hectorite, copernicia cerifera (carnauba) wax / cera carnauba / cire de carnauba, propylene carbonate, pentaerythrityl tetra-di-t-butyl hydroxyhydrocinnamate, polyhydroxystearic acid, caprylic/capric triglyceride, tin oxide, dicalcium phosphate, maltodextrin, calcium aluminum borosilicate, calcium sodium borosilicate, ascorbyl palmitate, aluminum powder (ci 77000), titanium dioxide (ci 77891), iron oxides (ci 77491), carmine (ci 75470), ferric ammonium ferrocyanide (ci 77510).



caramel ingredients / ingrédients : methyl trimethicone, synthetic fluorphlogopite, trimethylsiloxysilicate, synthetic wax, lauroyl lysine, stearoxymethicone/dimethicone copolymer, polyethylene, dicalcium phosphate, illite, octyldodecanol, silica, fucus vesiculosus extract, helianthus annuus (sunflower) seed oil, vitis vinifera (grape) fruit extract, copernicia cerifera (carnauba) wax / cera carnauba / cire de carnauba, polyhydroxystearic acid, pentaerythrityl tetra-di-t-butyl hydroxyhydrocinnamate, caprylic/capric triglyceride, disteardimonium hectorite, maltodextrin, propylene carbonate, mica, calcium aluminum borosilicate, calcium sodium borosilicate, tin oxide, ascorbyl palmitate, iron oxides (ci 77491), titanium dioxide (ci 77891), ferric ammonium ferrocyanide (ci 77510), carmine (ci 75470).



bottle green ingredients / ingrédients : methyl trimethicone, trimethylsiloxysilicate, synthetic wax, mica, calcium aluminum borosilicate, silica, lauroyl lysine, stearoxymethicone/dimethicone copolymer, synthetic fluorphlogopite, illite, diisostearyl fumarate, fucus vesiculosus extract, helianthus annuus (sunflower) seed oil, vitis vinifera (grape) fruit extract, polyethylene, copernicia cerifera (carnauba) wax / cera carnauba / cire de carnauba, disteardimonium hectorite, pentaerythrityl tetra-di-t-butyl hydroxyhydrocinnamate, polyhydroxystearic acid, propylene carbonate, caprylic/capric triglyceride, tin oxide, maltodextrin, dicalcium phosphate, ascorbyl palmitate, titanium dioxide (ci 77891), iron oxides (ci 77491, ci 77492, ci 77499), ferric ammonium ferrocyanide (ci 77510), carmine (ci 75470).



shroom ingredients: methyl trimethicone, mica, trimethylsiloxysilicate, synthetic wax, lauroyl lysine, silica, stearoxymethicone/dimethicone copolymer, synthetic fluorphlogopite, illite, diisostearyl fumarate, fucus vesiculosus extract, helianthus annuus (sunflower) seed oil,
vitis vinifera (grape) fruit extract, copernicia cerifera (carnauba) wax/cera carnauba/cire de carnauba, polyhydroxystearic acid, calcium sodium borosilicate, disteardimonium hectorite, polyethylene, pentaerythrityl tetra-di-t-butyl hydroxyhydrocinnamate, caprylic/capric triglyceride, maltodextrin, tin oxide, calcium aluminum borosilicate, propylene carbonate, dicalcium phosphate, ascorbyl palmitate, iron oxides (ci 77491, ci 77492, ci 77499), titanium dioxide (ci 77891), carmine (ci 75470), ferric ammonium ferrocyanide (ci 77510), aluminum powder (ci 77000), blue 1 lake (ci 42090), yellow 5 lake (ci 19140).



ballet ingredients: methyl trimethicone, mica, trimethylsiloxysilicate, synthetic wax, lauroyl lysine, synthetic fluorphlogopite, stearoxymethicone/dimethicone copolymer, polyethylene, illite, octyldodecanol, silica, fucus vesiculosus extract, helianthus annuus (sunflower) seed oil, vitis vinifera (grape) fruit extract, copernicia cerifera (carnauba) wax/cera carnauba/cire de carnauba, polyhydroxystearic acid, pentaerythrityl tetra-di-t-butyl hydroxyhydrocinnamate, caprylic/capric triglyceride, disteardimonium hectorite, tin oxide, maltodextrin, propylene carbonate, dicalcium phosphate, ascorbyl palmitate, titanium dioxide (ci 77891), carmine (ci 75470), iron oxides (ci 77491, ci 77492, ci 77499), ultramarines (ci 77007).

",'5.0,3
Make Up,Eyes,'14826057499004,'53624713380220,Victoria Beckham Beauty,EyeWear,https://ohmycream.co.uk/collections/make-up-eye/products/victoria-beckham-beauty-eyewear?variant=53624713380220,https://cdn.shopify.com/s/files/1/0555/4071/1596/files/2024_12_Victoria_Beckham_Beauty_Stick_Ombre_a_paupieres_Eye_Wear_Shimmer_Ballet_Packshot.jpg?v=1734962829,"Complete list of ingredients

oyster ingredients / ingrédients : methyl trimethicone, trimethylsiloxysilicate, mica, synthetic fluorphlogopite, synthetic wax, silica, lauroyl lysine, stearoxymethicone/dimethicone copolymer, illite, diisostearyl fumarate, fucus vesiculosus extract, helianthus annuus (sunflower) seed oil, vitis vinifera (grape) fruit extract, polyethylene, disteardimonium hectorite, copernicia cerifera (carnauba) wax / cera carnauba / cire de carnauba, propylene carbonate, pentaerythrityl tetra-di-t-butyl hydroxyhydrocinnamate, polyhydroxystearic acid, caprylic/capric triglyceride, tin oxide, dicalcium phosphate, maltodextrin, calcium aluminum borosilicate, calcium sodium borosilicate, ascorbyl palmitate, aluminum powder (ci 77000), titanium dioxide (ci 77891), iron oxides (ci 77491), carmine (ci 75470), ferric ammonium ferrocyanide (ci 77510).



caramel ingredients / ingrédients : methyl trimethicone, synthetic fluorphlogopite, trimethylsiloxysilicate, synthetic wax, lauroyl lysine, stearoxymethicone/dimethicone copolymer, polyethylene, dicalcium phosphate, illite, octyldodecanol, silica, fucus vesiculosus extract, helianthus annuus (sunflower) seed oil, vitis vinifera (grape) fruit extract, copernicia cerifera (carnauba) wax / cera carnauba / cire de carnauba, polyhydroxystearic acid, pentaerythrityl tetra-di-t-butyl hydroxyhydrocinnamate, caprylic/capric triglyceride, disteardimonium hectorite, maltodextrin, propylene carbonate, mica, calcium aluminum borosilicate, calcium sodium borosilicate, tin oxide, ascorbyl palmitate, iron oxides (ci 77491), titanium dioxide (ci 77891), ferric ammonium ferrocyanide (ci 77510), carmine (ci 75470).



bottle green ingredients / ingrédients : methyl trimethicone, trimethylsiloxysilicate, synthetic wax, mica, calcium aluminum borosilicate, silica, lauroyl lysine, stearoxymethicone/dimethicone copolymer, synthetic fluorphlogopite, illite, diisostearyl fumarate, fucus vesiculosus extract, helianthus annuus (sunflower) seed oil, vitis vinifera (grape) fruit extract, polyethylene, copernicia cerifera (carnauba) wax / cera carnauba / cire de carnauba, disteardimonium hectorite, pentaerythrityl tetra-di-t-butyl hydroxyhydrocinnamate, polyhydroxystearic acid, propylene carbonate, caprylic/capric triglyceride, tin oxide, maltodextrin, dicalcium phosphate, ascorbyl palmitate, titanium dioxide (ci 77891), iron oxides (ci 77491, ci 77492, ci 77499), ferric ammonium ferrocyanide (ci 77510), carmine (ci 75470).



shroom ingredients: methyl trimethicone, mica, trimethylsiloxysilicate, synthetic wax, lauroyl lysine, silica, stearoxymethicone/dimethicone copolymer, synthetic fluorphlogopite, illite, diisostearyl fumarate, fucus vesiculosus extract, helianthus annuus (sunflower) seed oil,
vitis vinifera (grape) fruit extract, copernicia cerifera (carnauba) wax/cera carnauba/cire de carnauba, polyhydroxystearic acid, calcium sodium borosilicate, disteardimonium hectorite, polyethylene, pentaerythrityl tetra-di-t-butyl hydroxyhydrocinnamate, caprylic/capric triglyceride, maltodextrin, tin oxide, calcium aluminum borosilicate, propylene carbonate, dicalcium phosphate, ascorbyl palmitate, iron oxides (ci 77491, ci 77492, ci 77499), titanium dioxide (ci 77891), carmine (ci 75470), ferric ammonium ferrocyanide (ci 77510), aluminum powder (ci 77000), blue 1 lake (ci 42090), yellow 5 lake (ci 19140).



ballet ingredients: methyl trimethicone, mica, trimethylsiloxysilicate, synthetic wax, lauroyl lysine, synthetic fluorphlogopite, stearoxymethicone/dimethicone copolymer, polyethylene, illite, octyldodecanol, silica, fucus vesiculosus extract, helianthus annuus (sunflower) seed oil, vitis vinifera (grape) fruit extract, copernicia cerifera (carnauba) wax/cera carnauba/cire de carnauba, polyhydroxystearic acid, pentaerythrityl tetra-di-t-butyl hydroxyhydrocinnamate, caprylic/capric triglyceride, disteardimonium hectorite, tin oxide, maltodextrin, propylene carbonate, dicalcium phosphate, ascorbyl palmitate, titanium dioxide (ci 77891), carmine (ci 75470), iron oxides (ci 77491, ci 77492, ci 77499), ultramarines (ci 77007).

",'5.0,3
Make Up,Eyes,'14826057499004,'54895656206716,Victoria Beckham Beauty,EyeWear,https://ohmycream.co.uk/collections/make-up-eye/products/victoria-beckham-beauty-eyewear?variant=54895656206716,https://cdn.shopify.com/s/files/1/0555/4071/1596/files/2024_12_Victoria_Beckham_Beauty_Eyewear_Stick_Ombre_a_Paupieres_Caramel_Packshot.jpg?v=1734962829,"Complete list of ingredients

oyster ingredients / ingrédients : methyl trimethicone, trimethylsiloxysilicate, mica, synthetic fluorphlogopite, synthetic wax, silica, lauroyl lysine, stearoxymethicone/dimethicone copolymer, illite, diisostearyl fumarate, fucus vesiculosus extract, helianthus annuus (sunflower) seed oil, vitis vinifera (grape) fruit extract, polyethylene, disteardimonium hectorite, copernicia cerifera (carnauba) wax / cera carnauba / cire de carnauba, propylene carbonate, pentaerythrityl tetra-di-t-butyl hydroxyhydrocinnamate, polyhydroxystearic acid, caprylic/capric triglyceride, tin oxide, dicalcium phosphate, maltodextrin, calcium aluminum borosilicate, calcium sodium borosilicate, ascorbyl palmitate, aluminum powder (ci 77000), titanium dioxide (ci 77891), iron oxides (ci 77491), carmine (ci 75470), ferric ammonium ferrocyanide (ci 77510).



caramel ingredients / ingrédients : methyl trimethicone, synthetic fluorphlogopite, trimethylsiloxysilicate, synthetic wax, lauroyl lysine, stearoxymethicone/dimethicone copolymer, polyethylene, dicalcium phosphate, illite, octyldodecanol, silica, fucus vesiculosus extract, helianthus annuus (sunflower) seed oil, vitis vinifera (grape) fruit extract, copernicia cerifera (carnauba) wax / cera carnauba / cire de carnauba, polyhydroxystearic acid, pentaerythrityl tetra-di-t-butyl hydroxyhydrocinnamate, caprylic/capric triglyceride, disteardimonium hectorite, maltodextrin, propylene carbonate, mica, calcium aluminum borosilicate, calcium sodium borosilicate, tin oxide, ascorbyl palmitate, iron oxides (ci 77491), titanium dioxide (ci 77891), ferric ammonium ferrocyanide (ci 77510), carmine (ci 75470).



bottle green ingredients / ingrédients : methyl trimethicone, trimethylsiloxysilicate, synthetic wax, mica, calcium aluminum borosilicate, silica, lauroyl lysine, stearoxymethicone/dimethicone copolymer, synthetic fluorphlogopite, illite, diisostearyl fumarate, fucus vesiculosus extract, helianthus annuus (sunflower) seed oil, vitis vinifera (grape) fruit extract, polyethylene, copernicia cerifera (carnauba) wax / cera carnauba / cire de carnauba, disteardimonium hectorite, pentaerythrityl tetra-di-t-butyl hydroxyhydrocinnamate, polyhydroxystearic acid, propylene carbonate, caprylic/capric triglyceride, tin oxide, maltodextrin, dicalcium phosphate, ascorbyl palmitate, titanium dioxide (ci 77891), iron oxides (ci 77491, ci 77492, ci 77499), ferric ammonium ferrocyanide (ci 77510), carmine (ci 75470).



shroom ingredients: methyl trimethicone, mica, trimethylsiloxysilicate, synthetic wax, lauroyl lysine, silica, stearoxymethicone/dimethicone copolymer, synthetic fluorphlogopite, illite, diisostearyl fumarate, fucus vesiculosus extract, helianthus annuus (sunflower) seed oil,
vitis vinifera (grape) fruit extract, copernicia cerifera (carnauba) wax/cera carnauba/cire de carnauba, polyhydroxystearic acid, calcium sodium borosilicate, disteardimonium hectorite, polyethylene, pentaerythrityl tetra-di-t-butyl hydroxyhydrocinnamate, caprylic/capric triglyceride, maltodextrin, tin oxide, calcium aluminum borosilicate, propylene carbonate, dicalcium phosphate, ascorbyl palmitate, iron oxides (ci 77491, ci 77492, ci 77499), titanium dioxide (ci 77891), carmine (ci 75470), ferric ammonium ferrocyanide (ci 77510), aluminum powder (ci 77000), blue 1 lake (ci 42090), yellow 5 lake (ci 19140).



ballet ingredients: methyl trimethicone, mica, trimethylsiloxysilicate, synthetic wax, lauroyl lysine, synthetic fluorphlogopite, stearoxymethicone/dimethicone copolymer, polyethylene, illite, octyldodecanol, silica, fucus vesiculosus extract, helianthus annuus (sunflower) seed oil, vitis vinifera (grape) fruit extract, copernicia cerifera (carnauba) wax/cera carnauba/cire de carnauba, polyhydroxystearic acid, pentaerythrityl tetra-di-t-butyl hydroxyhydrocinnamate, caprylic/capric triglyceride, disteardimonium hectorite, tin oxide, maltodextrin, propylene carbonate, dicalcium phosphate, ascorbyl palmitate, titanium dioxide (ci 77891), carmine (ci 75470), iron oxides (ci 77491, ci 77492, ci 77499), ultramarines (ci 77007).

",'5.0,3
Make Up,Eyes,'14826057499004,'54895626649980,Victoria Beckham Beauty,EyeWear,https://ohmycream.co.uk/collections/make-up-eye/products/victoria-beckham-beauty-eyewear?variant=54895626649980,https://cdn.shopify.com/s/files/1/0555/4071/1596/files/2024_12_Victoria_Beckham_Beauty_Eyewear_Stick_Ombre_a_Paupieres_Pecan_Packshotjpg_51c77176-1d4e-476b-8297-caaec0e7e48d.jpg?v=1737651032,"Complete list of ingredients

oyster ingredients / ingrédients : methyl trimethicone, trimethylsiloxysilicate, mica, synthetic fluorphlogopite, synthetic wax, silica, lauroyl lysine, stearoxymethicone/dimethicone copolymer, illite, diisostearyl fumarate, fucus vesiculosus extract, helianthus annuus (sunflower) seed oil, vitis vinifera (grape) fruit extract, polyethylene, disteardimonium hectorite, copernicia cerifera (carnauba) wax / cera carnauba / cire de carnauba, propylene carbonate, pentaerythrityl tetra-di-t-butyl hydroxyhydrocinnamate, polyhydroxystearic acid, caprylic/capric triglyceride, tin oxide, dicalcium phosphate, maltodextrin, calcium aluminum borosilicate, calcium sodium borosilicate, ascorbyl palmitate, aluminum powder (ci 77000), titanium dioxide (ci 77891), iron oxides (ci 77491), carmine (ci 75470), ferric ammonium ferrocyanide (ci 77510).



caramel ingredients / ingrédients : methyl trimethicone, synthetic fluorphlogopite, trimethylsiloxysilicate, synthetic wax, lauroyl lysine, stearoxymethicone/dimethicone copolymer, polyethylene, dicalcium phosphate, illite, octyldodecanol, silica, fucus vesiculosus extract, helianthus annuus (sunflower) seed oil, vitis vinifera (grape) fruit extract, copernicia cerifera (carnauba) wax / cera carnauba / cire de carnauba, polyhydroxystearic acid, pentaerythrityl tetra-di-t-butyl hydroxyhydrocinnamate, caprylic/capric triglyceride, disteardimonium hectorite, maltodextrin, propylene carbonate, mica, calcium aluminum borosilicate, calcium sodium borosilicate, tin oxide, ascorbyl palmitate, iron oxides (ci 77491), titanium dioxide (ci 77891), ferric ammonium ferrocyanide (ci 77510), carmine (ci 75470).



bottle green ingredients / ingrédients : methyl trimethicone, trimethylsiloxysilicate, synthetic wax, mica, calcium aluminum borosilicate, silica, lauroyl lysine, stearoxymethicone/dimethicone copolymer, synthetic fluorphlogopite, illite, diisostearyl fumarate, fucus vesiculosus extract, helianthus annuus (sunflower) seed oil, vitis vinifera (grape) fruit extract, polyethylene, copernicia cerifera (carnauba) wax / cera carnauba / cire de carnauba, disteardimonium hectorite, pentaerythrityl tetra-di-t-butyl hydroxyhydrocinnamate, polyhydroxystearic acid, propylene carbonate, caprylic/capric triglyceride, tin oxide, maltodextrin, dicalcium phosphate, ascorbyl palmitate, titanium dioxide (ci 77891), iron oxides (ci 77491, ci 77492, ci 77499), ferric ammonium ferrocyanide (ci 77510), carmine (ci 75470).



shroom ingredients: methyl trimethicone, mica, trimethylsiloxysilicate, synthetic wax, lauroyl lysine, silica, stearoxymethicone/dimethicone copolymer, synthetic fluorphlogopite, illite, diisostearyl fumarate, fucus vesiculosus extract, helianthus annuus (sunflower) seed oil,
vitis vinifera (grape) fruit extract, copernicia cerifera (carnauba) wax/cera carnauba/cire de carnauba, polyhydroxystearic acid, calcium sodium borosilicate, disteardimonium hectorite, polyethylene, pentaerythrityl tetra-di-t-butyl hydroxyhydrocinnamate, caprylic/capric triglyceride, maltodextrin, tin oxide, calcium aluminum borosilicate, propylene carbonate, dicalcium phosphate, ascorbyl palmitate, iron oxides (ci 77491, ci 77492, ci 77499), titanium dioxide (ci 77891), carmine (ci 75470), ferric ammonium ferrocyanide (ci 77510), aluminum powder (ci 77000), blue 1 lake (ci 42090), yellow 5 lake (ci 19140).



ballet ingredients: methyl trimethicone, mica, trimethylsiloxysilicate, synthetic wax, lauroyl lysine, synthetic fluorphlogopite, stearoxymethicone/dimethicone copolymer, polyethylene, illite, octyldodecanol, silica, fucus vesiculosus extract, helianthus annuus (sunflower) seed oil, vitis vinifera (grape) fruit extract, copernicia cerifera (carnauba) wax/cera carnauba/cire de carnauba, polyhydroxystearic acid, pentaerythrityl tetra-di-t-butyl hydroxyhydrocinnamate, caprylic/capric triglyceride, disteardimonium hectorite, tin oxide, maltodextrin, propylene carbonate, dicalcium phosphate, ascorbyl palmitate, titanium dioxide (ci 77891), carmine (ci 75470), iron oxides (ci 77491, ci 77492, ci 77499), ultramarines (ci 77007).

",'5.0,3
Make Up,Eyes,'14825892249980,'53624533582204,Victoria Beckham Beauty,Future Lash Mascara,https://ohmycream.co.uk/collections/make-up-eye/products/victoria-beckham-beauty-future-lash-mascara?variant=53624533582204,https://cdn.shopify.com/s/files/1/0555/4071/1596/files/2024_12_Victoria_Beckham_Beauty_Future_Lash_Mascara_Noir_Packshot_2.jpg?v=1735046629,"Complete list of ingredients

black ingredients / ingrédients : water / aqua / eau, acrylates/ethylhexyl acrylate copolymer, butylene glycol, glyceryl behenate, glycerin, glyceryl stearate se, pullulan, sodium acrylate/sodium acryloyldimethyl taurate copolymer, butyrospermum parkii (shea) butter, ethylhexylglycerin, hydroxyethyl acrylate/sodium acryloyldimethyl taurate copolymer, jojoba esters, polyisobutene, polyglycerin-3, laureth-21, potassium sorbate, glyceryl caprylate, sodium dehydroacetate, caprylic/capric triglyceride, xanthan gum, sodium hydroxide, bentonite, hydroxyethylcellulose, caprylyl/capryl glucoside, sorbitan oleate, sorbitan isostearate, pistacia lentiscus (mastic) gum, acacia decurrens flower wax, helianthus annuus (sunflower) seed wax, cellulose gum, chondrus crispus extract, ceratonia siliqua (carob) gum, sucrose, niacinamide, panthenol, sodium carbonate, tocopherol, iron oxides (ci 77499).

bordeaux ingredients / ingrédients : water / aqua / eau, propanediol, glycerin, butylene glycol, c13-15 alkane, squalane, saccharomyces/xylinum/black tea ferment, tribehenin, ammonium acryloyldimethyltaurate/vp copolymer, ectoin, niacinamide, verbascum thapsus extract, hydrolyzed rice protein, sodium acetylated hyaluronate, sodium hyaluronate, tin oxide, camellia sinensis leaf extract, sodium hyaluronate crosspolymer, hydrolyzed sodium hyaluronate, arginine, oligopeptide-177, phenylalanine, sisymbrium irio seed oil, sodium chloride, tocopherol, hydrogenated polyisobutene, ethylhexylglycerin, mica, synthetic fluorphlogopite, lecithin, sodium phytate, citric acid, pentylene glycol, sodium hydroxide, maltodextrin, hydrogenated lecithin, sodium acrylates copolymer, tocopheryl acetate, potassium sorbate, xanthan gum, sodium benzoate, may contain / peut contenir (+/-) : titanium dioxide (ci 77891), iron oxides (ci 77491, ci 77499).

this list of ingredients is subject to change; please refer to the packaging of the purchased product.",'4.3,3
Make Up,Eyes,'14825892249980,'54997974286716,Victoria Beckham Beauty,Future Lash Mascara,https://ohmycream.co.uk/collections/make-up-eye/products/victoria-beckham-beauty-future-lash-mascara?variant=54997974286716,https://cdn.shopify.com/s/files/1/0555/4071/1596/files/25_VBB_810021283371_Mascara_FutureLash_Bordeaux_01_Packshot_Open.jpg?v=1744817894,"Complete list of ingredients

black ingredients / ingrédients : water / aqua / eau, acrylates/ethylhexyl acrylate copolymer, butylene glycol, glyceryl behenate, glycerin, glyceryl stearate se, pullulan, sodium acrylate/sodium acryloyldimethyl taurate copolymer, butyrospermum parkii (shea) butter, ethylhexylglycerin, hydroxyethyl acrylate/sodium acryloyldimethyl taurate copolymer, jojoba esters, polyisobutene, polyglycerin-3, laureth-21, potassium sorbate, glyceryl caprylate, sodium dehydroacetate, caprylic/capric triglyceride, xanthan gum, sodium hydroxide, bentonite, hydroxyethylcellulose, caprylyl/capryl glucoside, sorbitan oleate, sorbitan isostearate, pistacia lentiscus (mastic) gum, acacia decurrens flower wax, helianthus annuus (sunflower) seed wax, cellulose gum, chondrus crispus extract, ceratonia siliqua (carob) gum, sucrose, niacinamide, panthenol, sodium carbonate, tocopherol, iron oxides (ci 77499).

bordeaux ingredients / ingrédients : water / aqua / eau, propanediol, glycerin, butylene glycol, c13-15 alkane, squalane, saccharomyces/xylinum/black tea ferment, tribehenin, ammonium acryloyldimethyltaurate/vp copolymer, ectoin, niacinamide, verbascum thapsus extract, hydrolyzed rice protein, sodium acetylated hyaluronate, sodium hyaluronate, tin oxide, camellia sinensis leaf extract, sodium hyaluronate crosspolymer, hydrolyzed sodium hyaluronate, arginine, oligopeptide-177, phenylalanine, sisymbrium irio seed oil, sodium chloride, tocopherol, hydrogenated polyisobutene, ethylhexylglycerin, mica, synthetic fluorphlogopite, lecithin, sodium phytate, citric acid, pentylene glycol, sodium hydroxide, maltodextrin, hydrogenated lecithin, sodium acrylates copolymer, tocopheryl acetate, potassium sorbate, xanthan gum, sodium benzoate, may contain / peut contenir (+/-) : titanium dioxide (ci 77891), iron oxides (ci 77491, ci 77499).

this list of ingredients is subject to change; please refer to the packaging of the purchased product.",'4.3,3
Make Up,Eyes,'7669307277484,'42688977731756,Ilia,Eye Stylus Shadow Stick,https://ohmycream.co.uk/collections/make-up-eye/products/ilia-eye-stylus-shadow-stick?variant=42688977731756,https://cdn.shopify.com/s/files/1/0555/4071/1596/files/EyeStylus_ShadowStick_Venetian_Ilia.jpg?v=1741970683,"Complete list of ingredients

filigree, noble, nymph ingredients: trisiloxane, trimethylsiloxysilicate, calcium sodium
borosilicate, dimethicone, synthetic wax, phenylpropyldimethylsiloxysilicate, c20-24 alkyl dimethicone, silica, dicalcium phosphate, mica, caprylyl methicone, copernicia cerifera (carnauba) wax, lauroyl lysine, caprylic/capric triglyceride, stearalkonium hectorite, polyhydroxystearic acid, propylene carbonate, isostearic acid, pentaerythrityl tetra-di-t-butyl hydroxyhydrocinnamate, lecithin, polyglyceryl-3 polyricinoleate, vitis vinifera (grape) fruit extract. may contain/peut contenir (+/-): ci 77491, ci 77492, ci 77499 (iron oxides), ci 77891 (titanium dioxide), ci 42090 (blue 1 lake),
ci 77742 (manganese violet).

adorn, brocade, jubilee, regal ingredients: mica, trisiloxane, trimethylsiloxysilicate, dimethicone, phenylpropyldimethylsiloxysilicate, polyethylene, dicalcium phosphate, synthetic wax, c20-24 alkyl dimethicone, diisostearyl malate, silica,
lauroyl lysine, caprylic/capric triglyceride, polyhydroxystearic acid, stearalkonium hectorite, isostearic acid, pentaerythrityl tetra-di-t-butyl hydroxyhydrocinnamate, propylene carbonate, lecithin, polyglyceryl-3 polyricinoleate, vitis vinifera (grape) fruit extract. may contain/peut contenir (+/-): ci 77491, ci 77499 (iron oxides), ci 77891 (titanium dioxide), ci 77510 (ferric ferrocyanide).

glided, venetian ingredients: trisiloxane, trimethylsiloxysilicate, mica, dimethicone, phenylpropyldimethylsiloxysilicate, calcium aluminum borosilicate, polyethylene, synthetic wax, dicalcium phosphate, silica, c20-24 alkyl dimethicone, diisostearyl malate, lauroyl lysine, caprylic/capric triglyceride, polyhydroxystearic acid, stearalkonium hectorite, isostearic acid, pentaerythrityl tetra-di-t-butyl hydroxyhydrocinnamate, propylene carbonate, tin oxide, lecithin, polyglyceryl-3 polyricinoleate, vitis vinifera (grape) fruit extract. may contain/peut contenir (+/-): ci 77491, ci 77499 (iron oxides), ci 77891 (titanium dioxide).

patina ingredients: trisiloxane, trimethylsiloxysilicate, dimethicone, mica, phenylpropyldimethylsiloxysilicate, polyethylene, dicalcium
phosphate, synthetic wax, c20-24 alkyl dimethicone, diisostearyl malate, silica, lauroyl lysine, caprylic/capric triglyceride, synthetic fluorphlogopite, polyhydroxystearic acid, stearalkonium hectorite, isostearic acid, pentaerythrityl tetra-di-t-butyl 
hydroxyhydrocinnamate, propylene carbonate, lecithin, polyglyceryl-3 polyricinoleate, tin oxide, vitis vinifera (grape) fruit extract, ci 77491, ci 77499 (iron oxides), ci 77891 (titanium dioxide).""

this list of ingredients is subject to change; please refer to the packaging of the purchased product.",'4.0,5
Make Up,Eyes,'7669307277484,'42688977928364,Ilia,Eye Stylus Shadow Stick,https://ohmycream.co.uk/collections/make-up-eye/products/ilia-eye-stylus-shadow-stick?variant=42688977928364,https://cdn.shopify.com/s/files/1/0555/4071/1596/files/EyeStylus_ShadowStick_Jubilee_Ilia.jpg?v=1741970683,"Complete list of ingredients

filigree, noble, nymph ingredients: trisiloxane, trimethylsiloxysilicate, calcium sodium
borosilicate, dimethicone, synthetic wax, phenylpropyldimethylsiloxysilicate, c20-24 alkyl dimethicone, silica, dicalcium phosphate, mica, caprylyl methicone, copernicia cerifera (carnauba) wax, lauroyl lysine, caprylic/capric triglyceride, stearalkonium hectorite, polyhydroxystearic acid, propylene carbonate, isostearic acid, pentaerythrityl tetra-di-t-butyl hydroxyhydrocinnamate, lecithin, polyglyceryl-3 polyricinoleate, vitis vinifera (grape) fruit extract. may contain/peut contenir (+/-): ci 77491, ci 77492, ci 77499 (iron oxides), ci 77891 (titanium dioxide), ci 42090 (blue 1 lake),
ci 77742 (manganese violet).

adorn, brocade, jubilee, regal ingredients: mica, trisiloxane, trimethylsiloxysilicate, dimethicone, phenylpropyldimethylsiloxysilicate, polyethylene, dicalcium phosphate, synthetic wax, c20-24 alkyl dimethicone, diisostearyl malate, silica,
lauroyl lysine, caprylic/capric triglyceride, polyhydroxystearic acid, stearalkonium hectorite, isostearic acid, pentaerythrityl tetra-di-t-butyl hydroxyhydrocinnamate, propylene carbonate, lecithin, polyglyceryl-3 polyricinoleate, vitis vinifera (grape) fruit extract. may contain/peut contenir (+/-): ci 77491, ci 77499 (iron oxides), ci 77891 (titanium dioxide), ci 77510 (ferric ferrocyanide).

glided, venetian ingredients: trisiloxane, trimethylsiloxysilicate, mica, dimethicone, phenylpropyldimethylsiloxysilicate, calcium aluminum borosilicate, polyethylene, synthetic wax, dicalcium phosphate, silica, c20-24 alkyl dimethicone, diisostearyl malate, lauroyl lysine, caprylic/capric triglyceride, polyhydroxystearic acid, stearalkonium hectorite, isostearic acid, pentaerythrityl tetra-di-t-butyl hydroxyhydrocinnamate, propylene carbonate, tin oxide, lecithin, polyglyceryl-3 polyricinoleate, vitis vinifera (grape) fruit extract. may contain/peut contenir (+/-): ci 77491, ci 77499 (iron oxides), ci 77891 (titanium dioxide).

patina ingredients: trisiloxane, trimethylsiloxysilicate, dimethicone, mica, phenylpropyldimethylsiloxysilicate, polyethylene, dicalcium
phosphate, synthetic wax, c20-24 alkyl dimethicone, diisostearyl malate, silica, lauroyl lysine, caprylic/capric triglyceride, synthetic fluorphlogopite, polyhydroxystearic acid, stearalkonium hectorite, isostearic acid, pentaerythrityl tetra-di-t-butyl 
hydroxyhydrocinnamate, propylene carbonate, lecithin, polyglyceryl-3 polyricinoleate, tin oxide, vitis vinifera (grape) fruit extract, ci 77491, ci 77499 (iron oxides), ci 77891 (titanium dioxide).""

this list of ingredients is subject to change; please refer to the packaging of the purchased product.",'4.0,5
Make Up,Eyes,'7669307277484,'42688977830060,Ilia,Eye Stylus Shadow Stick,https://ohmycream.co.uk/collections/make-up-eye/products/ilia-eye-stylus-shadow-stick?variant=42688977830060,https://cdn.shopify.com/s/files/1/0555/4071/1596/files/EyeStylus_ShadowStick_Adorn_Ilia.jpg?v=1741970683,"Complete list of ingredients

filigree, noble, nymph ingredients: trisiloxane, trimethylsiloxysilicate, calcium sodium
borosilicate, dimethicone, synthetic wax, phenylpropyldimethylsiloxysilicate, c20-24 alkyl dimethicone, silica, dicalcium phosphate, mica, caprylyl methicone, copernicia cerifera (carnauba) wax, lauroyl lysine, caprylic/capric triglyceride, stearalkonium hectorite, polyhydroxystearic acid, propylene carbonate, isostearic acid, pentaerythrityl tetra-di-t-butyl hydroxyhydrocinnamate, lecithin, polyglyceryl-3 polyricinoleate, vitis vinifera (grape) fruit extract. may contain/peut contenir (+/-): ci 77491, ci 77492, ci 77499 (iron oxides), ci 77891 (titanium dioxide), ci 42090 (blue 1 lake),
ci 77742 (manganese violet).

adorn, brocade, jubilee, regal ingredients: mica, trisiloxane, trimethylsiloxysilicate, dimethicone, phenylpropyldimethylsiloxysilicate, polyethylene, dicalcium phosphate, synthetic wax, c20-24 alkyl dimethicone, diisostearyl malate, silica,
lauroyl lysine, caprylic/capric triglyceride, polyhydroxystearic acid, stearalkonium hectorite, isostearic acid, pentaerythrityl tetra-di-t-butyl hydroxyhydrocinnamate, propylene carbonate, lecithin, polyglyceryl-3 polyricinoleate, vitis vinifera (grape) fruit extract. may contain/peut contenir (+/-): ci 77491, ci 77499 (iron oxides), ci 77891 (titanium dioxide), ci 77510 (ferric ferrocyanide).

glided, venetian ingredients: trisiloxane, trimethylsiloxysilicate, mica, dimethicone, phenylpropyldimethylsiloxysilicate, calcium aluminum borosilicate, polyethylene, synthetic wax, dicalcium phosphate, silica, c20-24 alkyl dimethicone, diisostearyl malate, lauroyl lysine, caprylic/capric triglyceride, polyhydroxystearic acid, stearalkonium hectorite, isostearic acid, pentaerythrityl tetra-di-t-butyl hydroxyhydrocinnamate, propylene carbonate, tin oxide, lecithin, polyglyceryl-3 polyricinoleate, vitis vinifera (grape) fruit extract. may contain/peut contenir (+/-): ci 77491, ci 77499 (iron oxides), ci 77891 (titanium dioxide).

patina ingredients: trisiloxane, trimethylsiloxysilicate, dimethicone, mica, phenylpropyldimethylsiloxysilicate, polyethylene, dicalcium
phosphate, synthetic wax, c20-24 alkyl dimethicone, diisostearyl malate, silica, lauroyl lysine, caprylic/capric triglyceride, synthetic fluorphlogopite, polyhydroxystearic acid, stearalkonium hectorite, isostearic acid, pentaerythrityl tetra-di-t-butyl 
hydroxyhydrocinnamate, propylene carbonate, lecithin, polyglyceryl-3 polyricinoleate, tin oxide, vitis vinifera (grape) fruit extract, ci 77491, ci 77499 (iron oxides), ci 77891 (titanium dioxide).""

this list of ingredients is subject to change; please refer to the packaging of the purchased product.",'4.0,5
Make Up,Eyes,'7669307277484,'42688977961132,Ilia,Eye Stylus Shadow Stick,https://ohmycream.co.uk/collections/make-up-eye/products/ilia-eye-stylus-shadow-stick?variant=42688977961132,https://cdn.shopify.com/s/files/1/0555/4071/1596/files/EyeStylus_ShadowStick_Regal_Ilia.jpg?v=1741970683,"Complete list of ingredients

filigree, noble, nymph ingredients: trisiloxane, trimethylsiloxysilicate, calcium sodium
borosilicate, dimethicone, synthetic wax, phenylpropyldimethylsiloxysilicate, c20-24 alkyl dimethicone, silica, dicalcium phosphate, mica, caprylyl methicone, copernicia cerifera (carnauba) wax, lauroyl lysine, caprylic/capric triglyceride, stearalkonium hectorite, polyhydroxystearic acid, propylene carbonate, isostearic acid, pentaerythrityl tetra-di-t-butyl hydroxyhydrocinnamate, lecithin, polyglyceryl-3 polyricinoleate, vitis vinifera (grape) fruit extract. may contain/peut contenir (+/-): ci 77491, ci 77492, ci 77499 (iron oxides), ci 77891 (titanium dioxide), ci 42090 (blue 1 lake),
ci 77742 (manganese violet).

adorn, brocade, jubilee, regal ingredients: mica, trisiloxane, trimethylsiloxysilicate, dimethicone, phenylpropyldimethylsiloxysilicate, polyethylene, dicalcium phosphate, synthetic wax, c20-24 alkyl dimethicone, diisostearyl malate, silica,
lauroyl lysine, caprylic/capric triglyceride, polyhydroxystearic acid, stearalkonium hectorite, isostearic acid, pentaerythrityl tetra-di-t-butyl hydroxyhydrocinnamate, propylene carbonate, lecithin, polyglyceryl-3 polyricinoleate, vitis vinifera (grape) fruit extract. may contain/peut contenir (+/-): ci 77491, ci 77499 (iron oxides), ci 77891 (titanium dioxide), ci 77510 (ferric ferrocyanide).

glided, venetian ingredients: trisiloxane, trimethylsiloxysilicate, mica, dimethicone, phenylpropyldimethylsiloxysilicate, calcium aluminum borosilicate, polyethylene, synthetic wax, dicalcium phosphate, silica, c20-24 alkyl dimethicone, diisostearyl malate, lauroyl lysine, caprylic/capric triglyceride, polyhydroxystearic acid, stearalkonium hectorite, isostearic acid, pentaerythrityl tetra-di-t-butyl hydroxyhydrocinnamate, propylene carbonate, tin oxide, lecithin, polyglyceryl-3 polyricinoleate, vitis vinifera (grape) fruit extract. may contain/peut contenir (+/-): ci 77491, ci 77499 (iron oxides), ci 77891 (titanium dioxide).

patina ingredients: trisiloxane, trimethylsiloxysilicate, dimethicone, mica, phenylpropyldimethylsiloxysilicate, polyethylene, dicalcium
phosphate, synthetic wax, c20-24 alkyl dimethicone, diisostearyl malate, silica, lauroyl lysine, caprylic/capric triglyceride, synthetic fluorphlogopite, polyhydroxystearic acid, stearalkonium hectorite, isostearic acid, pentaerythrityl tetra-di-t-butyl 
hydroxyhydrocinnamate, propylene carbonate, lecithin, polyglyceryl-3 polyricinoleate, tin oxide, vitis vinifera (grape) fruit extract, ci 77491, ci 77499 (iron oxides), ci 77891 (titanium dioxide).""

this list of ingredients is subject to change; please refer to the packaging of the purchased product.",'4.0,5
Make Up,Eyes,'7669307277484,'42688977797292,Ilia,Eye Stylus Shadow Stick,https://ohmycream.co.uk/collections/make-up-eye/products/ilia-eye-stylus-shadow-stick?variant=42688977797292,https://cdn.shopify.com/s/files/1/0555/4071/1596/files/EyeStylus_ShadowStick_Patina_Ilia.jpg?v=1741970683,"Complete list of ingredients

filigree, noble, nymph ingredients: trisiloxane, trimethylsiloxysilicate, calcium sodium
borosilicate, dimethicone, synthetic wax, phenylpropyldimethylsiloxysilicate, c20-24 alkyl dimethicone, silica, dicalcium phosphate, mica, caprylyl methicone, copernicia cerifera (carnauba) wax, lauroyl lysine, caprylic/capric triglyceride, stearalkonium hectorite, polyhydroxystearic acid, propylene carbonate, isostearic acid, pentaerythrityl tetra-di-t-butyl hydroxyhydrocinnamate, lecithin, polyglyceryl-3 polyricinoleate, vitis vinifera (grape) fruit extract. may contain/peut contenir (+/-): ci 77491, ci 77492, ci 77499 (iron oxides), ci 77891 (titanium dioxide), ci 42090 (blue 1 lake),
ci 77742 (manganese violet).

adorn, brocade, jubilee, regal ingredients: mica, trisiloxane, trimethylsiloxysilicate, dimethicone, phenylpropyldimethylsiloxysilicate, polyethylene, dicalcium phosphate, synthetic wax, c20-24 alkyl dimethicone, diisostearyl malate, silica,
lauroyl lysine, caprylic/capric triglyceride, polyhydroxystearic acid, stearalkonium hectorite, isostearic acid, pentaerythrityl tetra-di-t-butyl hydroxyhydrocinnamate, propylene carbonate, lecithin, polyglyceryl-3 polyricinoleate, vitis vinifera (grape) fruit extract. may contain/peut contenir (+/-): ci 77491, ci 77499 (iron oxides), ci 77891 (titanium dioxide), ci 77510 (ferric ferrocyanide).

glided, venetian ingredients: trisiloxane, trimethylsiloxysilicate, mica, dimethicone, phenylpropyldimethylsiloxysilicate, calcium aluminum borosilicate, polyethylene, synthetic wax, dicalcium phosphate, silica, c20-24 alkyl dimethicone, diisostearyl malate, lauroyl lysine, caprylic/capric triglyceride, polyhydroxystearic acid, stearalkonium hectorite, isostearic acid, pentaerythrityl tetra-di-t-butyl hydroxyhydrocinnamate, propylene carbonate, tin oxide, lecithin, polyglyceryl-3 polyricinoleate, vitis vinifera (grape) fruit extract. may contain/peut contenir (+/-): ci 77491, ci 77499 (iron oxides), ci 77891 (titanium dioxide).

patina ingredients: trisiloxane, trimethylsiloxysilicate, dimethicone, mica, phenylpropyldimethylsiloxysilicate, polyethylene, dicalcium
phosphate, synthetic wax, c20-24 alkyl dimethicone, diisostearyl malate, silica, lauroyl lysine, caprylic/capric triglyceride, synthetic fluorphlogopite, polyhydroxystearic acid, stearalkonium hectorite, isostearic acid, pentaerythrityl tetra-di-t-butyl 
hydroxyhydrocinnamate, propylene carbonate, lecithin, polyglyceryl-3 polyricinoleate, tin oxide, vitis vinifera (grape) fruit extract, ci 77491, ci 77499 (iron oxides), ci 77891 (titanium dioxide).""

this list of ingredients is subject to change; please refer to the packaging of the purchased product.",'4.0,5
Make Up,Eyes,'7669307277484,'42688977698988,Ilia,Eye Stylus Shadow Stick,https://ohmycream.co.uk/collections/make-up-eye/products/ilia-eye-stylus-shadow-stick?variant=42688977698988,https://cdn.shopify.com/s/files/1/0555/4071/1596/files/EyeStylus_ShadowStick_Gilded_Ilia.jpg?v=1741970683,"Complete list of ingredients

filigree, noble, nymph ingredients: trisiloxane, trimethylsiloxysilicate, calcium sodium
borosilicate, dimethicone, synthetic wax, phenylpropyldimethylsiloxysilicate, c20-24 alkyl dimethicone, silica, dicalcium phosphate, mica, caprylyl methicone, copernicia cerifera (carnauba) wax, lauroyl lysine, caprylic/capric triglyceride, stearalkonium hectorite, polyhydroxystearic acid, propylene carbonate, isostearic acid, pentaerythrityl tetra-di-t-butyl hydroxyhydrocinnamate, lecithin, polyglyceryl-3 polyricinoleate, vitis vinifera (grape) fruit extract. may contain/peut contenir (+/-): ci 77491, ci 77492, ci 77499 (iron oxides), ci 77891 (titanium dioxide), ci 42090 (blue 1 lake),
ci 77742 (manganese violet).

adorn, brocade, jubilee, regal ingredients: mica, trisiloxane, trimethylsiloxysilicate, dimethicone, phenylpropyldimethylsiloxysilicate, polyethylene, dicalcium phosphate, synthetic wax, c20-24 alkyl dimethicone, diisostearyl malate, silica,
lauroyl lysine, caprylic/capric triglyceride, polyhydroxystearic acid, stearalkonium hectorite, isostearic acid, pentaerythrityl tetra-di-t-butyl hydroxyhydrocinnamate, propylene carbonate, lecithin, polyglyceryl-3 polyricinoleate, vitis vinifera (grape) fruit extract. may contain/peut contenir (+/-): ci 77491, ci 77499 (iron oxides), ci 77891 (titanium dioxide), ci 77510 (ferric ferrocyanide).

glided, venetian ingredients: trisiloxane, trimethylsiloxysilicate, mica, dimethicone, phenylpropyldimethylsiloxysilicate, calcium aluminum borosilicate, polyethylene, synthetic wax, dicalcium phosphate, silica, c20-24 alkyl dimethicone, diisostearyl malate, lauroyl lysine, caprylic/capric triglyceride, polyhydroxystearic acid, stearalkonium hectorite, isostearic acid, pentaerythrityl tetra-di-t-butyl hydroxyhydrocinnamate, propylene carbonate, tin oxide, lecithin, polyglyceryl-3 polyricinoleate, vitis vinifera (grape) fruit extract. may contain/peut contenir (+/-): ci 77491, ci 77499 (iron oxides), ci 77891 (titanium dioxide).

patina ingredients: trisiloxane, trimethylsiloxysilicate, dimethicone, mica, phenylpropyldimethylsiloxysilicate, polyethylene, dicalcium
phosphate, synthetic wax, c20-24 alkyl dimethicone, diisostearyl malate, silica, lauroyl lysine, caprylic/capric triglyceride, synthetic fluorphlogopite, polyhydroxystearic acid, stearalkonium hectorite, isostearic acid, pentaerythrityl tetra-di-t-butyl 
hydroxyhydrocinnamate, propylene carbonate, lecithin, polyglyceryl-3 polyricinoleate, tin oxide, vitis vinifera (grape) fruit extract, ci 77491, ci 77499 (iron oxides), ci 77891 (titanium dioxide).""

this list of ingredients is subject to change; please refer to the packaging of the purchased product.",'4.0,5
Make Up,Eyes,'7669307277484,'42688977862828,Ilia,Eye Stylus Shadow Stick,https://ohmycream.co.uk/collections/make-up-eye/products/ilia-eye-stylus-shadow-stick?variant=42688977862828,https://cdn.shopify.com/s/files/1/0555/4071/1596/files/EyeStylus_ShadowStick_Brocarde_Ilia.jpg?v=1741970683,"Complete list of ingredients

filigree, noble, nymph ingredients: trisiloxane, trimethylsiloxysilicate, calcium sodium
borosilicate, dimethicone, synthetic wax, phenylpropyldimethylsiloxysilicate, c20-24 alkyl dimethicone, silica, dicalcium phosphate, mica, caprylyl methicone, copernicia cerifera (carnauba) wax, lauroyl lysine, caprylic/capric triglyceride, stearalkonium hectorite, polyhydroxystearic acid, propylene carbonate, isostearic acid, pentaerythrityl tetra-di-t-butyl hydroxyhydrocinnamate, lecithin, polyglyceryl-3 polyricinoleate, vitis vinifera (grape) fruit extract. may contain/peut contenir (+/-): ci 77491, ci 77492, ci 77499 (iron oxides), ci 77891 (titanium dioxide), ci 42090 (blue 1 lake),
ci 77742 (manganese violet).

adorn, brocade, jubilee, regal ingredients: mica, trisiloxane, trimethylsiloxysilicate, dimethicone, phenylpropyldimethylsiloxysilicate, polyethylene, dicalcium phosphate, synthetic wax, c20-24 alkyl dimethicone, diisostearyl malate, silica,
lauroyl lysine, caprylic/capric triglyceride, polyhydroxystearic acid, stearalkonium hectorite, isostearic acid, pentaerythrityl tetra-di-t-butyl hydroxyhydrocinnamate, propylene carbonate, lecithin, polyglyceryl-3 polyricinoleate, vitis vinifera (grape) fruit extract. may contain/peut contenir (+/-): ci 77491, ci 77499 (iron oxides), ci 77891 (titanium dioxide), ci 77510 (ferric ferrocyanide).

glided, venetian ingredients: trisiloxane, trimethylsiloxysilicate, mica, dimethicone, phenylpropyldimethylsiloxysilicate, calcium aluminum borosilicate, polyethylene, synthetic wax, dicalcium phosphate, silica, c20-24 alkyl dimethicone, diisostearyl malate, lauroyl lysine, caprylic/capric triglyceride, polyhydroxystearic acid, stearalkonium hectorite, isostearic acid, pentaerythrityl tetra-di-t-butyl hydroxyhydrocinnamate, propylene carbonate, tin oxide, lecithin, polyglyceryl-3 polyricinoleate, vitis vinifera (grape) fruit extract. may contain/peut contenir (+/-): ci 77491, ci 77499 (iron oxides), ci 77891 (titanium dioxide).

patina ingredients: trisiloxane, trimethylsiloxysilicate, dimethicone, mica, phenylpropyldimethylsiloxysilicate, polyethylene, dicalcium
phosphate, synthetic wax, c20-24 alkyl dimethicone, diisostearyl malate, silica, lauroyl lysine, caprylic/capric triglyceride, synthetic fluorphlogopite, polyhydroxystearic acid, stearalkonium hectorite, isostearic acid, pentaerythrityl tetra-di-t-butyl 
hydroxyhydrocinnamate, propylene carbonate, lecithin, polyglyceryl-3 polyricinoleate, tin oxide, vitis vinifera (grape) fruit extract, ci 77491, ci 77499 (iron oxides), ci 77891 (titanium dioxide).""

this list of ingredients is subject to change; please refer to the packaging of the purchased product.",'4.0,5
Make Up,Eyes,'7669307277484,'42688978059436,Ilia,Eye Stylus Shadow Stick,https://ohmycream.co.uk/collections/make-up-eye/products/ilia-eye-stylus-shadow-stick?variant=42688978059436,https://cdn.shopify.com/s/files/1/0555/4071/1596/files/EyeStylus_ShadowStick_Filigree_Ilia.jpg?v=1741970683,"Complete list of ingredients

filigree, noble, nymph ingredients: trisiloxane, trimethylsiloxysilicate, calcium sodium
borosilicate, dimethicone, synthetic wax, phenylpropyldimethylsiloxysilicate, c20-24 alkyl dimethicone, silica, dicalcium phosphate, mica, caprylyl methicone, copernicia cerifera (carnauba) wax, lauroyl lysine, caprylic/capric triglyceride, stearalkonium hectorite, polyhydroxystearic acid, propylene carbonate, isostearic acid, pentaerythrityl tetra-di-t-butyl hydroxyhydrocinnamate, lecithin, polyglyceryl-3 polyricinoleate, vitis vinifera (grape) fruit extract. may contain/peut contenir (+/-): ci 77491, ci 77492, ci 77499 (iron oxides), ci 77891 (titanium dioxide), ci 42090 (blue 1 lake),
ci 77742 (manganese violet).

adorn, brocade, jubilee, regal ingredients: mica, trisiloxane, trimethylsiloxysilicate, dimethicone, phenylpropyldimethylsiloxysilicate, polyethylene, dicalcium phosphate, synthetic wax, c20-24 alkyl dimethicone, diisostearyl malate, silica,
lauroyl lysine, caprylic/capric triglyceride, polyhydroxystearic acid, stearalkonium hectorite, isostearic acid, pentaerythrityl tetra-di-t-butyl hydroxyhydrocinnamate, propylene carbonate, lecithin, polyglyceryl-3 polyricinoleate, vitis vinifera (grape) fruit extract. may contain/peut contenir (+/-): ci 77491, ci 77499 (iron oxides), ci 77891 (titanium dioxide), ci 77510 (ferric ferrocyanide).

glided, venetian ingredients: trisiloxane, trimethylsiloxysilicate, mica, dimethicone, phenylpropyldimethylsiloxysilicate, calcium aluminum borosilicate, polyethylene, synthetic wax, dicalcium phosphate, silica, c20-24 alkyl dimethicone, diisostearyl malate, lauroyl lysine, caprylic/capric triglyceride, polyhydroxystearic acid, stearalkonium hectorite, isostearic acid, pentaerythrityl tetra-di-t-butyl hydroxyhydrocinnamate, propylene carbonate, tin oxide, lecithin, polyglyceryl-3 polyricinoleate, vitis vinifera (grape) fruit extract. may contain/peut contenir (+/-): ci 77491, ci 77499 (iron oxides), ci 77891 (titanium dioxide).

patina ingredients: trisiloxane, trimethylsiloxysilicate, dimethicone, mica, phenylpropyldimethylsiloxysilicate, polyethylene, dicalcium
phosphate, synthetic wax, c20-24 alkyl dimethicone, diisostearyl malate, silica, lauroyl lysine, caprylic/capric triglyceride, synthetic fluorphlogopite, polyhydroxystearic acid, stearalkonium hectorite, isostearic acid, pentaerythrityl tetra-di-t-butyl 
hydroxyhydrocinnamate, propylene carbonate, lecithin, polyglyceryl-3 polyricinoleate, tin oxide, vitis vinifera (grape) fruit extract, ci 77491, ci 77499 (iron oxides), ci 77891 (titanium dioxide).""

this list of ingredients is subject to change; please refer to the packaging of the purchased product.",'4.0,5
Make Up,Eyes,'7669307277484,'42688978092204,Ilia,Eye Stylus Shadow Stick,https://ohmycream.co.uk/collections/make-up-eye/products/ilia-eye-stylus-shadow-stick?variant=42688978092204,https://cdn.shopify.com/s/files/1/0555/4071/1596/files/EyeStylus_ShadowStick_Nymph_Ilia.jpg?v=1741970683,"Complete list of ingredients

filigree, noble, nymph ingredients: trisiloxane, trimethylsiloxysilicate, calcium sodium
borosilicate, dimethicone, synthetic wax, phenylpropyldimethylsiloxysilicate, c20-24 alkyl dimethicone, silica, dicalcium phosphate, mica, caprylyl methicone, copernicia cerifera (carnauba) wax, lauroyl lysine, caprylic/capric triglyceride, stearalkonium hectorite, polyhydroxystearic acid, propylene carbonate, isostearic acid, pentaerythrityl tetra-di-t-butyl hydroxyhydrocinnamate, lecithin, polyglyceryl-3 polyricinoleate, vitis vinifera (grape) fruit extract. may contain/peut contenir (+/-): ci 77491, ci 77492, ci 77499 (iron oxides), ci 77891 (titanium dioxide), ci 42090 (blue 1 lake),
ci 77742 (manganese violet).

adorn, brocade, jubilee, regal ingredients: mica, trisiloxane, trimethylsiloxysilicate, dimethicone, phenylpropyldimethylsiloxysilicate, polyethylene, dicalcium phosphate, synthetic wax, c20-24 alkyl dimethicone, diisostearyl malate, silica,
lauroyl lysine, caprylic/capric triglyceride, polyhydroxystearic acid, stearalkonium hectorite, isostearic acid, pentaerythrityl tetra-di-t-butyl hydroxyhydrocinnamate, propylene carbonate, lecithin, polyglyceryl-3 polyricinoleate, vitis vinifera (grape) fruit extract. may contain/peut contenir (+/-): ci 77491, ci 77499 (iron oxides), ci 77891 (titanium dioxide), ci 77510 (ferric ferrocyanide).

glided, venetian ingredients: trisiloxane, trimethylsiloxysilicate, mica, dimethicone, phenylpropyldimethylsiloxysilicate, calcium aluminum borosilicate, polyethylene, synthetic wax, dicalcium phosphate, silica, c20-24 alkyl dimethicone, diisostearyl malate, lauroyl lysine, caprylic/capric triglyceride, polyhydroxystearic acid, stearalkonium hectorite, isostearic acid, pentaerythrityl tetra-di-t-butyl hydroxyhydrocinnamate, propylene carbonate, tin oxide, lecithin, polyglyceryl-3 polyricinoleate, vitis vinifera (grape) fruit extract. may contain/peut contenir (+/-): ci 77491, ci 77499 (iron oxides), ci 77891 (titanium dioxide).

patina ingredients: trisiloxane, trimethylsiloxysilicate, dimethicone, mica, phenylpropyldimethylsiloxysilicate, polyethylene, dicalcium
phosphate, synthetic wax, c20-24 alkyl dimethicone, diisostearyl malate, silica, lauroyl lysine, caprylic/capric triglyceride, synthetic fluorphlogopite, polyhydroxystearic acid, stearalkonium hectorite, isostearic acid, pentaerythrityl tetra-di-t-butyl 
hydroxyhydrocinnamate, propylene carbonate, lecithin, polyglyceryl-3 polyricinoleate, tin oxide, vitis vinifera (grape) fruit extract, ci 77491, ci 77499 (iron oxides), ci 77891 (titanium dioxide).""

this list of ingredients is subject to change; please refer to the packaging of the purchased product.",'4.0,5
Make Up,Eyes,'7669307277484,'42688978026668,Ilia,Eye Stylus Shadow Stick,https://ohmycream.co.uk/collections/make-up-eye/products/ilia-eye-stylus-shadow-stick?variant=42688978026668,https://cdn.shopify.com/s/files/1/0555/4071/1596/files/EyeStylus_ShadowStick_Noble_Ilia.jpg?v=1741970683,"Complete list of ingredients

filigree, noble, nymph ingredients: trisiloxane, trimethylsiloxysilicate, calcium sodium
borosilicate, dimethicone, synthetic wax, phenylpropyldimethylsiloxysilicate, c20-24 alkyl dimethicone, silica, dicalcium phosphate, mica, caprylyl methicone, copernicia cerifera (carnauba) wax, lauroyl lysine, caprylic/capric triglyceride, stearalkonium hectorite, polyhydroxystearic acid, propylene carbonate, isostearic acid, pentaerythrityl tetra-di-t-butyl hydroxyhydrocinnamate, lecithin, polyglyceryl-3 polyricinoleate, vitis vinifera (grape) fruit extract. may contain/peut contenir (+/-): ci 77491, ci 77492, ci 77499 (iron oxides), ci 77891 (titanium dioxide), ci 42090 (blue 1 lake),
ci 77742 (manganese violet).

adorn, brocade, jubilee, regal ingredients: mica, trisiloxane, trimethylsiloxysilicate, dimethicone, phenylpropyldimethylsiloxysilicate, polyethylene, dicalcium phosphate, synthetic wax, c20-24 alkyl dimethicone, diisostearyl malate, silica,
lauroyl lysine, caprylic/capric triglyceride, polyhydroxystearic acid, stearalkonium hectorite, isostearic acid, pentaerythrityl tetra-di-t-butyl hydroxyhydrocinnamate, propylene carbonate, lecithin, polyglyceryl-3 polyricinoleate, vitis vinifera (grape) fruit extract. may contain/peut contenir (+/-): ci 77491, ci 77499 (iron oxides), ci 77891 (titanium dioxide), ci 77510 (ferric ferrocyanide).

glided, venetian ingredients: trisiloxane, trimethylsiloxysilicate, mica, dimethicone, phenylpropyldimethylsiloxysilicate, calcium aluminum borosilicate, polyethylene, synthetic wax, dicalcium phosphate, silica, c20-24 alkyl dimethicone, diisostearyl malate, lauroyl lysine, caprylic/capric triglyceride, polyhydroxystearic acid, stearalkonium hectorite, isostearic acid, pentaerythrityl tetra-di-t-butyl hydroxyhydrocinnamate, propylene carbonate, tin oxide, lecithin, polyglyceryl-3 polyricinoleate, vitis vinifera (grape) fruit extract. may contain/peut contenir (+/-): ci 77491, ci 77499 (iron oxides), ci 77891 (titanium dioxide).

patina ingredients: trisiloxane, trimethylsiloxysilicate, dimethicone, mica, phenylpropyldimethylsiloxysilicate, polyethylene, dicalcium
phosphate, synthetic wax, c20-24 alkyl dimethicone, diisostearyl malate, silica, lauroyl lysine, caprylic/capric triglyceride, synthetic fluorphlogopite, polyhydroxystearic acid, stearalkonium hectorite, isostearic acid, pentaerythrityl tetra-di-t-butyl 
hydroxyhydrocinnamate, propylene carbonate, lecithin, polyglyceryl-3 polyricinoleate, tin oxide, vitis vinifera (grape) fruit extract, ci 77491, ci 77499 (iron oxides), ci 77891 (titanium dioxide).""

this list of ingredients is subject to change; please refer to the packaging of the purchased product.",'4.0,5
Make Up,Eyes,'7669307277484,'42688977666220,Ilia,Eye Stylus Shadow Stick,https://ohmycream.co.uk/collections/make-up-eye/products/ilia-eye-stylus-shadow-stick?variant=42688977666220,https://cdn.shopify.com/s/files/1/0555/4071/1596/files/202501_Ilia_2000x2000_Eye_Stylus_Swatch_Filigree_1.jpg?v=1741611262,"Complete list of ingredients

filigree, noble, nymph ingredients: trisiloxane, trimethylsiloxysilicate, calcium sodium
borosilicate, dimethicone, synthetic wax, phenylpropyldimethylsiloxysilicate, c20-24 alkyl dimethicone, silica, dicalcium phosphate, mica, caprylyl methicone, copernicia cerifera (carnauba) wax, lauroyl lysine, caprylic/capric triglyceride, stearalkonium hectorite, polyhydroxystearic acid, propylene carbonate, isostearic acid, pentaerythrityl tetra-di-t-butyl hydroxyhydrocinnamate, lecithin, polyglyceryl-3 polyricinoleate, vitis vinifera (grape) fruit extract. may contain/peut contenir (+/-): ci 77491, ci 77492, ci 77499 (iron oxides), ci 77891 (titanium dioxide), ci 42090 (blue 1 lake),
ci 77742 (manganese violet).

adorn, brocade, jubilee, regal ingredients: mica, trisiloxane, trimethylsiloxysilicate, dimethicone, phenylpropyldimethylsiloxysilicate, polyethylene, dicalcium phosphate, synthetic wax, c20-24 alkyl dimethicone, diisostearyl malate, silica,
lauroyl lysine, caprylic/capric triglyceride, polyhydroxystearic acid, stearalkonium hectorite, isostearic acid, pentaerythrityl tetra-di-t-butyl hydroxyhydrocinnamate, propylene carbonate, lecithin, polyglyceryl-3 polyricinoleate, vitis vinifera (grape) fruit extract. may contain/peut contenir (+/-): ci 77491, ci 77499 (iron oxides), ci 77891 (titanium dioxide), ci 77510 (ferric ferrocyanide).

glided, venetian ingredients: trisiloxane, trimethylsiloxysilicate, mica, dimethicone, phenylpropyldimethylsiloxysilicate, calcium aluminum borosilicate, polyethylene, synthetic wax, dicalcium phosphate, silica, c20-24 alkyl dimethicone, diisostearyl malate, lauroyl lysine, caprylic/capric triglyceride, polyhydroxystearic acid, stearalkonium hectorite, isostearic acid, pentaerythrityl tetra-di-t-butyl hydroxyhydrocinnamate, propylene carbonate, tin oxide, lecithin, polyglyceryl-3 polyricinoleate, vitis vinifera (grape) fruit extract. may contain/peut contenir (+/-): ci 77491, ci 77499 (iron oxides), ci 77891 (titanium dioxide).

patina ingredients: trisiloxane, trimethylsiloxysilicate, dimethicone, mica, phenylpropyldimethylsiloxysilicate, polyethylene, dicalcium
phosphate, synthetic wax, c20-24 alkyl dimethicone, diisostearyl malate, silica, lauroyl lysine, caprylic/capric triglyceride, synthetic fluorphlogopite, polyhydroxystearic acid, stearalkonium hectorite, isostearic acid, pentaerythrityl tetra-di-t-butyl 
hydroxyhydrocinnamate, propylene carbonate, lecithin, polyglyceryl-3 polyricinoleate, tin oxide, vitis vinifera (grape) fruit extract, ci 77491, ci 77499 (iron oxides), ci 77891 (titanium dioxide).""

this list of ingredients is subject to change; please refer to the packaging of the purchased product.",'4.0,5
Make Up,Eyes,'7669307277484,'42688977895596,Ilia,Eye Stylus Shadow Stick,https://ohmycream.co.uk/collections/make-up-eye/products/ilia-eye-stylus-shadow-stick?variant=42688977895596,https://cdn.shopify.com/s/files/1/0555/4071/1596/files/EyeStylus_Model_FILIGREE_1.jpg?v=1741622220,"Complete list of ingredients

filigree, noble, nymph ingredients: trisiloxane, trimethylsiloxysilicate, calcium sodium
borosilicate, dimethicone, synthetic wax, phenylpropyldimethylsiloxysilicate, c20-24 alkyl dimethicone, silica, dicalcium phosphate, mica, caprylyl methicone, copernicia cerifera (carnauba) wax, lauroyl lysine, caprylic/capric triglyceride, stearalkonium hectorite, polyhydroxystearic acid, propylene carbonate, isostearic acid, pentaerythrityl tetra-di-t-butyl hydroxyhydrocinnamate, lecithin, polyglyceryl-3 polyricinoleate, vitis vinifera (grape) fruit extract. may contain/peut contenir (+/-): ci 77491, ci 77492, ci 77499 (iron oxides), ci 77891 (titanium dioxide), ci 42090 (blue 1 lake),
ci 77742 (manganese violet).

adorn, brocade, jubilee, regal ingredients: mica, trisiloxane, trimethylsiloxysilicate, dimethicone, phenylpropyldimethylsiloxysilicate, polyethylene, dicalcium phosphate, synthetic wax, c20-24 alkyl dimethicone, diisostearyl malate, silica,
lauroyl lysine, caprylic/capric triglyceride, polyhydroxystearic acid, stearalkonium hectorite, isostearic acid, pentaerythrityl tetra-di-t-butyl hydroxyhydrocinnamate, propylene carbonate, lecithin, polyglyceryl-3 polyricinoleate, vitis vinifera (grape) fruit extract. may contain/peut contenir (+/-): ci 77491, ci 77499 (iron oxides), ci 77891 (titanium dioxide), ci 77510 (ferric ferrocyanide).

glided, venetian ingredients: trisiloxane, trimethylsiloxysilicate, mica, dimethicone, phenylpropyldimethylsiloxysilicate, calcium aluminum borosilicate, polyethylene, synthetic wax, dicalcium phosphate, silica, c20-24 alkyl dimethicone, diisostearyl malate, lauroyl lysine, caprylic/capric triglyceride, polyhydroxystearic acid, stearalkonium hectorite, isostearic acid, pentaerythrityl tetra-di-t-butyl hydroxyhydrocinnamate, propylene carbonate, tin oxide, lecithin, polyglyceryl-3 polyricinoleate, vitis vinifera (grape) fruit extract. may contain/peut contenir (+/-): ci 77491, ci 77499 (iron oxides), ci 77891 (titanium dioxide).

patina ingredients: trisiloxane, trimethylsiloxysilicate, dimethicone, mica, phenylpropyldimethylsiloxysilicate, polyethylene, dicalcium
phosphate, synthetic wax, c20-24 alkyl dimethicone, diisostearyl malate, silica, lauroyl lysine, caprylic/capric triglyceride, synthetic fluorphlogopite, polyhydroxystearic acid, stearalkonium hectorite, isostearic acid, pentaerythrityl tetra-di-t-butyl 
hydroxyhydrocinnamate, propylene carbonate, lecithin, polyglyceryl-3 polyricinoleate, tin oxide, vitis vinifera (grape) fruit extract, ci 77491, ci 77499 (iron oxides), ci 77891 (titanium dioxide).""

this list of ingredients is subject to change; please refer to the packaging of the purchased product.",'4.0,5
Make Up,Eyes,'7669307277484,'42688977993900,Ilia,Eye Stylus Shadow Stick,https://ohmycream.co.uk/collections/make-up-eye/products/ilia-eye-stylus-shadow-stick?variant=42688977993900,https://cdn.shopify.com/s/files/1/0555/4071/1596/files/Eye-Stylus-FILIGREE_1.jpg?v=1741622220,"Complete list of ingredients

filigree, noble, nymph ingredients: trisiloxane, trimethylsiloxysilicate, calcium sodium
borosilicate, dimethicone, synthetic wax, phenylpropyldimethylsiloxysilicate, c20-24 alkyl dimethicone, silica, dicalcium phosphate, mica, caprylyl methicone, copernicia cerifera (carnauba) wax, lauroyl lysine, caprylic/capric triglyceride, stearalkonium hectorite, polyhydroxystearic acid, propylene carbonate, isostearic acid, pentaerythrityl tetra-di-t-butyl hydroxyhydrocinnamate, lecithin, polyglyceryl-3 polyricinoleate, vitis vinifera (grape) fruit extract. may contain/peut contenir (+/-): ci 77491, ci 77492, ci 77499 (iron oxides), ci 77891 (titanium dioxide), ci 42090 (blue 1 lake),
ci 77742 (manganese violet).

adorn, brocade, jubilee, regal ingredients: mica, trisiloxane, trimethylsiloxysilicate, dimethicone, phenylpropyldimethylsiloxysilicate, polyethylene, dicalcium phosphate, synthetic wax, c20-24 alkyl dimethicone, diisostearyl malate, silica,
lauroyl lysine, caprylic/capric triglyceride, polyhydroxystearic acid, stearalkonium hectorite, isostearic acid, pentaerythrityl tetra-di-t-butyl hydroxyhydrocinnamate, propylene carbonate, lecithin, polyglyceryl-3 polyricinoleate, vitis vinifera (grape) fruit extract. may contain/peut contenir (+/-): ci 77491, ci 77499 (iron oxides), ci 77891 (titanium dioxide), ci 77510 (ferric ferrocyanide).

glided, venetian ingredients: trisiloxane, trimethylsiloxysilicate, mica, dimethicone, phenylpropyldimethylsiloxysilicate, calcium aluminum borosilicate, polyethylene, synthetic wax, dicalcium phosphate, silica, c20-24 alkyl dimethicone, diisostearyl malate, lauroyl lysine, caprylic/capric triglyceride, polyhydroxystearic acid, stearalkonium hectorite, isostearic acid, pentaerythrityl tetra-di-t-butyl hydroxyhydrocinnamate, propylene carbonate, tin oxide, lecithin, polyglyceryl-3 polyricinoleate, vitis vinifera (grape) fruit extract. may contain/peut contenir (+/-): ci 77491, ci 77499 (iron oxides), ci 77891 (titanium dioxide).

patina ingredients: trisiloxane, trimethylsiloxysilicate, dimethicone, mica, phenylpropyldimethylsiloxysilicate, polyethylene, dicalcium
phosphate, synthetic wax, c20-24 alkyl dimethicone, diisostearyl malate, silica, lauroyl lysine, caprylic/capric triglyceride, synthetic fluorphlogopite, polyhydroxystearic acid, stearalkonium hectorite, isostearic acid, pentaerythrityl tetra-di-t-butyl 
hydroxyhydrocinnamate, propylene carbonate, lecithin, polyglyceryl-3 polyricinoleate, tin oxide, vitis vinifera (grape) fruit extract, ci 77491, ci 77499 (iron oxides), ci 77891 (titanium dioxide).""

this list of ingredients is subject to change; please refer to the packaging of the purchased product.",'4.0,5
Make Up,Eyes,'7669307277484,'42688977764524,Ilia,Eye Stylus Shadow Stick,https://ohmycream.co.uk/collections/make-up-eye/products/ilia-eye-stylus-shadow-stick?variant=42688977764524,https://cdn.shopify.com/s/files/1/0555/4071/1596/files/202501_Ilia_Eye_Stylus_Shade_Comparison_Grids_2000x2000_V1_07_Filigree_1.jpg?v=1741622220,"Complete list of ingredients

filigree, noble, nymph ingredients: trisiloxane, trimethylsiloxysilicate, calcium sodium
borosilicate, dimethicone, synthetic wax, phenylpropyldimethylsiloxysilicate, c20-24 alkyl dimethicone, silica, dicalcium phosphate, mica, caprylyl methicone, copernicia cerifera (carnauba) wax, lauroyl lysine, caprylic/capric triglyceride, stearalkonium hectorite, polyhydroxystearic acid, propylene carbonate, isostearic acid, pentaerythrityl tetra-di-t-butyl hydroxyhydrocinnamate, lecithin, polyglyceryl-3 polyricinoleate, vitis vinifera (grape) fruit extract. may contain/peut contenir (+/-): ci 77491, ci 77492, ci 77499 (iron oxides), ci 77891 (titanium dioxide), ci 42090 (blue 1 lake),
ci 77742 (manganese violet).

adorn, brocade, jubilee, regal ingredients: mica, trisiloxane, trimethylsiloxysilicate, dimethicone, phenylpropyldimethylsiloxysilicate, polyethylene, dicalcium phosphate, synthetic wax, c20-24 alkyl dimethicone, diisostearyl malate, silica,
lauroyl lysine, caprylic/capric triglyceride, polyhydroxystearic acid, stearalkonium hectorite, isostearic acid, pentaerythrityl tetra-di-t-butyl hydroxyhydrocinnamate, propylene carbonate, lecithin, polyglyceryl-3 polyricinoleate, vitis vinifera (grape) fruit extract. may contain/peut contenir (+/-): ci 77491, ci 77499 (iron oxides), ci 77891 (titanium dioxide), ci 77510 (ferric ferrocyanide).

glided, venetian ingredients: trisiloxane, trimethylsiloxysilicate, mica, dimethicone, phenylpropyldimethylsiloxysilicate, calcium aluminum borosilicate, polyethylene, synthetic wax, dicalcium phosphate, silica, c20-24 alkyl dimethicone, diisostearyl malate, lauroyl lysine, caprylic/capric triglyceride, polyhydroxystearic acid, stearalkonium hectorite, isostearic acid, pentaerythrityl tetra-di-t-butyl hydroxyhydrocinnamate, propylene carbonate, tin oxide, lecithin, polyglyceryl-3 polyricinoleate, vitis vinifera (grape) fruit extract. may contain/peut contenir (+/-): ci 77491, ci 77499 (iron oxides), ci 77891 (titanium dioxide).

patina ingredients: trisiloxane, trimethylsiloxysilicate, dimethicone, mica, phenylpropyldimethylsiloxysilicate, polyethylene, dicalcium
phosphate, synthetic wax, c20-24 alkyl dimethicone, diisostearyl malate, silica, lauroyl lysine, caprylic/capric triglyceride, synthetic fluorphlogopite, polyhydroxystearic acid, stearalkonium hectorite, isostearic acid, pentaerythrityl tetra-di-t-butyl 
hydroxyhydrocinnamate, propylene carbonate, lecithin, polyglyceryl-3 polyricinoleate, tin oxide, vitis vinifera (grape) fruit extract, ci 77491, ci 77499 (iron oxides), ci 77891 (titanium dioxide).""

this list of ingredients is subject to change; please refer to the packaging of the purchased product.",'4.0,5
Make Up,Eyes,'7631317827756,'42609826922668,Ilia,In Frame Clear Brow Gel,https://ohmycream.co.uk/collections/make-up-eye/products/ilia-in-frame-clear-brow-gel?variant=42609826922668,https://cdn.shopify.com/s/files/1/0555/4071/1596/files/InFrameBrowGel_Ilia.jpg?v=1686211882,"Complete list of ingredients

aqua/water/eau, alcohol denat., vinyl caprolactam/vp/dimethylaminoethyl methacrylate copolymer, pvp, glycerin, pvm/ma decadiene crosspolymer, 1,2-hexanediol, caprylyl glycol, ethylhexylglycerin, hydrolyzed quinoa, sodium hydroxide, glycine, larix europaea wood extract, sodium metabisulfite, sodium benzoate, camellia sinensis leaf extract, zinc chloride.

this list of ingredients is subject to change; please refer to the packaging of the purchased product.",'4.8,12
Make Up,Eyes,'14826490724732,'53624999641468,Victoria Beckham Beauty,Lid Lustre,https://ohmycream.co.uk/collections/make-up-eye/products/victoria-beckham-beauty-lid-lustre?variant=53624999641468,https://cdn.shopify.com/s/files/1/0555/4071/1596/files/2024_12_VictoriaBeckhamBeauty_LidLustreEyeshadowTeaRose_Packshot.jpg?v=1742304140,"Complete list of ingredients

mink ica, water / aqua / eau, synthetic fluorphlogopite, calcium sodium borosilicate, diisostearyl malate, cetearyl ethylhexanoate, trimethylsiloxysilicate, isopentyldiol, hydrogenated vegetable oil, squalane, caprylyl glycol, octyldodecyl stearoyl stearate, glycerin, glyceryl caprylate, propanediol, potassium sorbate, magnolia officinalis bark extract, tin oxide, psidium guajava leaf extract, quartz, titanium dioxide (ci 77891), iron oxides (ci 77491, ci 77499)

honey ingredients / ingrédients : synthetic fluorphlogopite, mica, water /aqua / eau, calcium aluminum borosilicate, diisostearyl malate,calcium sodium borosilicate, trimethylsiloxysilicate,
isopentyldiol, hydrogenated vegetable oil, cetearyl
ethylhexanoate, squalane, caprylyl glycol, glycerin,
octyldodecyl stearoyl stearate, glyceryl caprylate, propanediol,
potassium sorbate, silica, tin oxide, magnolia officinalis bark
extract, psidium guajava leaf extract, quartz, titanium dioxide (ci 77891), iron oxides (ci 77491, ci 77499).

tea rose mica, water / aqua / eau, synthetic fluorphlogopite, diisostearyl malate, calcium sodium borosilicate, calcium aluminum borosilicate, trimethylsiloxysilicate, isopentyldiol, hydrogenated vegetable oil, cetearyl ethylhexanoate, squalane, caprylyl glycol, glycerin, octyldodecyl stearoyl stearate, glyceryl caprylate, propanediol, potassium sorbate, tin oxide, magnolia officinalis bark extract, psidium guajava leaf extract, quartz, titanium dioxide (ci 77891), iron oxides (ci 77491, ci 77499).

chiffon ingredients / ingrédients : synthetic fluorphlogopite, mica, water /aqua / eau, calcium aluminum borosilicate, diisostearyl malate, calcium sodium borosilicate, trimethylsiloxysilicate,
isopentyldiol, hydrogenated vegetable oil, cetearyl
ethylhexanoate, squalane, caprylyl glycol, glycerin,
octyldodecyl stearoyl stearate, glyceryl caprylate, propanediol,
potassium sorbate, silica, tin oxide, magnolia officinalis bark
extract, psidium guajava leaf extract, quartz, titanium dioxide (ci 77891), iron oxides (ci 77491, ci 77499).

velvet ingredients / ingrédients : calcium sodium borosilicate, mica, synthetic fluorphlogopite, water / aqua / eau, calcium aluminum borosilicate, diisostearyl malate, trimethylsiloxysilicate, isopentyldiol, cetearyl ethylhexanoate, hydrogenated vegetable oil, squalane, caprylyl glycol, glycerin, octyldodecyl stearoyl stearate, tin oxide, glyceryl caprylate, propanediol, potassium sorbate, magnolia officinalis bark extract, psidium guajava leaf extract, malachite extract, titanium dioxide (ci 77891), iron oxides (ci 77491, ci 77499).

emerald ingredients / ingrédients : calcium sodium borosilicate, mica, synthetic fluorphlogopite, water / aqua / eau, calcium aluminum borosilicate, diisostearyl malate, trimethylsiloxysilicate, isopentyldiol, cetearyl ethylhexanoate, hydrogenated vegetable oil, squalane, caprylyl glycol, glycerin, octyldodecyl stearoyl stearate, tin oxide, glyceryl caprylate, propanediol, potassium sorbate, magnolia officinalis bark extract, psidium guajava leaf extract, malachite extract, titanium dioxide (ci 77891), iron oxides (ci 77491, ci 77499).

mirror ingredients / ingrédients : synthetic fluorphlogopite, mica, water / aqua / eau, calcium aluminum borosilicate, diisostearyl malate, trimethylsiloxysilicate, isopentyldiol, hydrogenated vegetable oil, cetearyl ethylhexanoate, squalane, caprylyl glycol, calcium sodium borosilicate, glycerin, octyldodecyl stearoyl stearate, glyceryl caprylate, propanediol, potassium sorbate, tin oxide, magnolia officinalis bark extract, psidium guajava leaf extract, moonstone extract, titanium dioxide (ci 77891), iron oxides (ci 77491, ci 77499)

midnight synthetic fluorphlogopite, mica, water / aqua / eau, diisostearyl malate, trimethylsiloxysilicate, isopentyldiol, cetearyl ethylhexanoate, hydrogenated vegetable oil, squalane, caprylyl glycol, calcium sodium borosilicate, octyldodecyl stearoyl stearate, glycerin, glyceryl caprylate, propanediol, potassium sorbate, tin oxide, magnolia officinalis bark extract, psidium guajava leaf extract, amethyst extract, titanium dioxide (ci 77891), iron oxides (ci 77499), ferric ferrocyanide (ci 77510)

starlight synthetic fluorphlogopite, calcium sodium borosilicate, water / aqua / eau, mica, diisostearyl malate, trimethylsiloxysilicate, isopentyldiol, cetearyl ethylhexanoate, hydrogenated vegetable oil, squalane, caprylyl glycol, octyldodecyl stearoyl stearate, glycerin, glyceryl caprylate, propanediol, potassium sorbate, tin oxide, magnolia officinalis bark extract, psidium guajava leaf extract, citrine extract, titanium dioxide (ci 77891)",'4.0,2
Make Up,Eyes,'14826490724732,'53624999608700,Victoria Beckham Beauty,Lid Lustre,https://ohmycream.co.uk/collections/make-up-eye/products/victoria-beckham-beauty-lid-lustre?variant=53624999608700,https://cdn.shopify.com/s/files/1/0555/4071/1596/files/2024_12_VictoriaBeckhamBeauty_LidLustreEyeshadowVelvet_Packshot.jpg?v=1742304140,"Complete list of ingredients

mink ica, water / aqua / eau, synthetic fluorphlogopite, calcium sodium borosilicate, diisostearyl malate, cetearyl ethylhexanoate, trimethylsiloxysilicate, isopentyldiol, hydrogenated vegetable oil, squalane, caprylyl glycol, octyldodecyl stearoyl stearate, glycerin, glyceryl caprylate, propanediol, potassium sorbate, magnolia officinalis bark extract, tin oxide, psidium guajava leaf extract, quartz, titanium dioxide (ci 77891), iron oxides (ci 77491, ci 77499)

honey ingredients / ingrédients : synthetic fluorphlogopite, mica, water /aqua / eau, calcium aluminum borosilicate, diisostearyl malate,calcium sodium borosilicate, trimethylsiloxysilicate,
isopentyldiol, hydrogenated vegetable oil, cetearyl
ethylhexanoate, squalane, caprylyl glycol, glycerin,
octyldodecyl stearoyl stearate, glyceryl caprylate, propanediol,
potassium sorbate, silica, tin oxide, magnolia officinalis bark
extract, psidium guajava leaf extract, quartz, titanium dioxide (ci 77891), iron oxides (ci 77491, ci 77499).

tea rose mica, water / aqua / eau, synthetic fluorphlogopite, diisostearyl malate, calcium sodium borosilicate, calcium aluminum borosilicate, trimethylsiloxysilicate, isopentyldiol, hydrogenated vegetable oil, cetearyl ethylhexanoate, squalane, caprylyl glycol, glycerin, octyldodecyl stearoyl stearate, glyceryl caprylate, propanediol, potassium sorbate, tin oxide, magnolia officinalis bark extract, psidium guajava leaf extract, quartz, titanium dioxide (ci 77891), iron oxides (ci 77491, ci 77499).

chiffon ingredients / ingrédients : synthetic fluorphlogopite, mica, water /aqua / eau, calcium aluminum borosilicate, diisostearyl malate, calcium sodium borosilicate, trimethylsiloxysilicate,
isopentyldiol, hydrogenated vegetable oil, cetearyl
ethylhexanoate, squalane, caprylyl glycol, glycerin,
octyldodecyl stearoyl stearate, glyceryl caprylate, propanediol,
potassium sorbate, silica, tin oxide, magnolia officinalis bark
extract, psidium guajava leaf extract, quartz, titanium dioxide (ci 77891), iron oxides (ci 77491, ci 77499).

velvet ingredients / ingrédients : calcium sodium borosilicate, mica, synthetic fluorphlogopite, water / aqua / eau, calcium aluminum borosilicate, diisostearyl malate, trimethylsiloxysilicate, isopentyldiol, cetearyl ethylhexanoate, hydrogenated vegetable oil, squalane, caprylyl glycol, glycerin, octyldodecyl stearoyl stearate, tin oxide, glyceryl caprylate, propanediol, potassium sorbate, magnolia officinalis bark extract, psidium guajava leaf extract, malachite extract, titanium dioxide (ci 77891), iron oxides (ci 77491, ci 77499).

emerald ingredients / ingrédients : calcium sodium borosilicate, mica, synthetic fluorphlogopite, water / aqua / eau, calcium aluminum borosilicate, diisostearyl malate, trimethylsiloxysilicate, isopentyldiol, cetearyl ethylhexanoate, hydrogenated vegetable oil, squalane, caprylyl glycol, glycerin, octyldodecyl stearoyl stearate, tin oxide, glyceryl caprylate, propanediol, potassium sorbate, magnolia officinalis bark extract, psidium guajava leaf extract, malachite extract, titanium dioxide (ci 77891), iron oxides (ci 77491, ci 77499).

mirror ingredients / ingrédients : synthetic fluorphlogopite, mica, water / aqua / eau, calcium aluminum borosilicate, diisostearyl malate, trimethylsiloxysilicate, isopentyldiol, hydrogenated vegetable oil, cetearyl ethylhexanoate, squalane, caprylyl glycol, calcium sodium borosilicate, glycerin, octyldodecyl stearoyl stearate, glyceryl caprylate, propanediol, potassium sorbate, tin oxide, magnolia officinalis bark extract, psidium guajava leaf extract, moonstone extract, titanium dioxide (ci 77891), iron oxides (ci 77491, ci 77499)

midnight synthetic fluorphlogopite, mica, water / aqua / eau, diisostearyl malate, trimethylsiloxysilicate, isopentyldiol, cetearyl ethylhexanoate, hydrogenated vegetable oil, squalane, caprylyl glycol, calcium sodium borosilicate, octyldodecyl stearoyl stearate, glycerin, glyceryl caprylate, propanediol, potassium sorbate, tin oxide, magnolia officinalis bark extract, psidium guajava leaf extract, amethyst extract, titanium dioxide (ci 77891), iron oxides (ci 77499), ferric ferrocyanide (ci 77510)

starlight synthetic fluorphlogopite, calcium sodium borosilicate, water / aqua / eau, mica, diisostearyl malate, trimethylsiloxysilicate, isopentyldiol, cetearyl ethylhexanoate, hydrogenated vegetable oil, squalane, caprylyl glycol, octyldodecyl stearoyl stearate, glycerin, glyceryl caprylate, propanediol, potassium sorbate, tin oxide, magnolia officinalis bark extract, psidium guajava leaf extract, citrine extract, titanium dioxide (ci 77891)",'4.0,2
Make Up,Eyes,'14826490724732,'53624999575932,Victoria Beckham Beauty,Lid Lustre,https://ohmycream.co.uk/collections/make-up-eye/products/victoria-beckham-beauty-lid-lustre?variant=53624999575932,https://cdn.shopify.com/s/files/1/0555/4071/1596/files/2024_12_VictoriaBeckhamBeauty_LidLustreEyeshadowHoney_Packshot.jpg?v=1742304140,"Complete list of ingredients

mink ica, water / aqua / eau, synthetic fluorphlogopite, calcium sodium borosilicate, diisostearyl malate, cetearyl ethylhexanoate, trimethylsiloxysilicate, isopentyldiol, hydrogenated vegetable oil, squalane, caprylyl glycol, octyldodecyl stearoyl stearate, glycerin, glyceryl caprylate, propanediol, potassium sorbate, magnolia officinalis bark extract, tin oxide, psidium guajava leaf extract, quartz, titanium dioxide (ci 77891), iron oxides (ci 77491, ci 77499)

honey ingredients / ingrédients : synthetic fluorphlogopite, mica, water /aqua / eau, calcium aluminum borosilicate, diisostearyl malate,calcium sodium borosilicate, trimethylsiloxysilicate,
isopentyldiol, hydrogenated vegetable oil, cetearyl
ethylhexanoate, squalane, caprylyl glycol, glycerin,
octyldodecyl stearoyl stearate, glyceryl caprylate, propanediol,
potassium sorbate, silica, tin oxide, magnolia officinalis bark
extract, psidium guajava leaf extract, quartz, titanium dioxide (ci 77891), iron oxides (ci 77491, ci 77499).

tea rose mica, water / aqua / eau, synthetic fluorphlogopite, diisostearyl malate, calcium sodium borosilicate, calcium aluminum borosilicate, trimethylsiloxysilicate, isopentyldiol, hydrogenated vegetable oil, cetearyl ethylhexanoate, squalane, caprylyl glycol, glycerin, octyldodecyl stearoyl stearate, glyceryl caprylate, propanediol, potassium sorbate, tin oxide, magnolia officinalis bark extract, psidium guajava leaf extract, quartz, titanium dioxide (ci 77891), iron oxides (ci 77491, ci 77499).

chiffon ingredients / ingrédients : synthetic fluorphlogopite, mica, water /aqua / eau, calcium aluminum borosilicate, diisostearyl malate, calcium sodium borosilicate, trimethylsiloxysilicate,
isopentyldiol, hydrogenated vegetable oil, cetearyl
ethylhexanoate, squalane, caprylyl glycol, glycerin,
octyldodecyl stearoyl stearate, glyceryl caprylate, propanediol,
potassium sorbate, silica, tin oxide, magnolia officinalis bark
extract, psidium guajava leaf extract, quartz, titanium dioxide (ci 77891), iron oxides (ci 77491, ci 77499).

velvet ingredients / ingrédients : calcium sodium borosilicate, mica, synthetic fluorphlogopite, water / aqua / eau, calcium aluminum borosilicate, diisostearyl malate, trimethylsiloxysilicate, isopentyldiol, cetearyl ethylhexanoate, hydrogenated vegetable oil, squalane, caprylyl glycol, glycerin, octyldodecyl stearoyl stearate, tin oxide, glyceryl caprylate, propanediol, potassium sorbate, magnolia officinalis bark extract, psidium guajava leaf extract, malachite extract, titanium dioxide (ci 77891), iron oxides (ci 77491, ci 77499).

emerald ingredients / ingrédients : calcium sodium borosilicate, mica, synthetic fluorphlogopite, water / aqua / eau, calcium aluminum borosilicate, diisostearyl malate, trimethylsiloxysilicate, isopentyldiol, cetearyl ethylhexanoate, hydrogenated vegetable oil, squalane, caprylyl glycol, glycerin, octyldodecyl stearoyl stearate, tin oxide, glyceryl caprylate, propanediol, potassium sorbate, magnolia officinalis bark extract, psidium guajava leaf extract, malachite extract, titanium dioxide (ci 77891), iron oxides (ci 77491, ci 77499).

mirror ingredients / ingrédients : synthetic fluorphlogopite, mica, water / aqua / eau, calcium aluminum borosilicate, diisostearyl malate, trimethylsiloxysilicate, isopentyldiol, hydrogenated vegetable oil, cetearyl ethylhexanoate, squalane, caprylyl glycol, calcium sodium borosilicate, glycerin, octyldodecyl stearoyl stearate, glyceryl caprylate, propanediol, potassium sorbate, tin oxide, magnolia officinalis bark extract, psidium guajava leaf extract, moonstone extract, titanium dioxide (ci 77891), iron oxides (ci 77491, ci 77499)

midnight synthetic fluorphlogopite, mica, water / aqua / eau, diisostearyl malate, trimethylsiloxysilicate, isopentyldiol, cetearyl ethylhexanoate, hydrogenated vegetable oil, squalane, caprylyl glycol, calcium sodium borosilicate, octyldodecyl stearoyl stearate, glycerin, glyceryl caprylate, propanediol, potassium sorbate, tin oxide, magnolia officinalis bark extract, psidium guajava leaf extract, amethyst extract, titanium dioxide (ci 77891), iron oxides (ci 77499), ferric ferrocyanide (ci 77510)

starlight synthetic fluorphlogopite, calcium sodium borosilicate, water / aqua / eau, mica, diisostearyl malate, trimethylsiloxysilicate, isopentyldiol, cetearyl ethylhexanoate, hydrogenated vegetable oil, squalane, caprylyl glycol, octyldodecyl stearoyl stearate, glycerin, glyceryl caprylate, propanediol, potassium sorbate, tin oxide, magnolia officinalis bark extract, psidium guajava leaf extract, citrine extract, titanium dioxide (ci 77891)",'4.0,2
Make Up,Eyes,'14826490724732,'53624999543164,Victoria Beckham Beauty,Lid Lustre,https://ohmycream.co.uk/collections/make-up-eye/products/victoria-beckham-beauty-lid-lustre?variant=53624999543164,https://cdn.shopify.com/s/files/1/0555/4071/1596/files/2024_12_VictoriaBeckhamBeauty_LidLustreEyeshadowChiffon_Packshot.jpg?v=1742304140,"Complete list of ingredients

mink ica, water / aqua / eau, synthetic fluorphlogopite, calcium sodium borosilicate, diisostearyl malate, cetearyl ethylhexanoate, trimethylsiloxysilicate, isopentyldiol, hydrogenated vegetable oil, squalane, caprylyl glycol, octyldodecyl stearoyl stearate, glycerin, glyceryl caprylate, propanediol, potassium sorbate, magnolia officinalis bark extract, tin oxide, psidium guajava leaf extract, quartz, titanium dioxide (ci 77891), iron oxides (ci 77491, ci 77499)

honey ingredients / ingrédients : synthetic fluorphlogopite, mica, water /aqua / eau, calcium aluminum borosilicate, diisostearyl malate,calcium sodium borosilicate, trimethylsiloxysilicate,
isopentyldiol, hydrogenated vegetable oil, cetearyl
ethylhexanoate, squalane, caprylyl glycol, glycerin,
octyldodecyl stearoyl stearate, glyceryl caprylate, propanediol,
potassium sorbate, silica, tin oxide, magnolia officinalis bark
extract, psidium guajava leaf extract, quartz, titanium dioxide (ci 77891), iron oxides (ci 77491, ci 77499).

tea rose mica, water / aqua / eau, synthetic fluorphlogopite, diisostearyl malate, calcium sodium borosilicate, calcium aluminum borosilicate, trimethylsiloxysilicate, isopentyldiol, hydrogenated vegetable oil, cetearyl ethylhexanoate, squalane, caprylyl glycol, glycerin, octyldodecyl stearoyl stearate, glyceryl caprylate, propanediol, potassium sorbate, tin oxide, magnolia officinalis bark extract, psidium guajava leaf extract, quartz, titanium dioxide (ci 77891), iron oxides (ci 77491, ci 77499).

chiffon ingredients / ingrédients : synthetic fluorphlogopite, mica, water /aqua / eau, calcium aluminum borosilicate, diisostearyl malate, calcium sodium borosilicate, trimethylsiloxysilicate,
isopentyldiol, hydrogenated vegetable oil, cetearyl
ethylhexanoate, squalane, caprylyl glycol, glycerin,
octyldodecyl stearoyl stearate, glyceryl caprylate, propanediol,
potassium sorbate, silica, tin oxide, magnolia officinalis bark
extract, psidium guajava leaf extract, quartz, titanium dioxide (ci 77891), iron oxides (ci 77491, ci 77499).

velvet ingredients / ingrédients : calcium sodium borosilicate, mica, synthetic fluorphlogopite, water / aqua / eau, calcium aluminum borosilicate, diisostearyl malate, trimethylsiloxysilicate, isopentyldiol, cetearyl ethylhexanoate, hydrogenated vegetable oil, squalane, caprylyl glycol, glycerin, octyldodecyl stearoyl stearate, tin oxide, glyceryl caprylate, propanediol, potassium sorbate, magnolia officinalis bark extract, psidium guajava leaf extract, malachite extract, titanium dioxide (ci 77891), iron oxides (ci 77491, ci 77499).

emerald ingredients / ingrédients : calcium sodium borosilicate, mica, synthetic fluorphlogopite, water / aqua / eau, calcium aluminum borosilicate, diisostearyl malate, trimethylsiloxysilicate, isopentyldiol, cetearyl ethylhexanoate, hydrogenated vegetable oil, squalane, caprylyl glycol, glycerin, octyldodecyl stearoyl stearate, tin oxide, glyceryl caprylate, propanediol, potassium sorbate, magnolia officinalis bark extract, psidium guajava leaf extract, malachite extract, titanium dioxide (ci 77891), iron oxides (ci 77491, ci 77499).

mirror ingredients / ingrédients : synthetic fluorphlogopite, mica, water / aqua / eau, calcium aluminum borosilicate, diisostearyl malate, trimethylsiloxysilicate, isopentyldiol, hydrogenated vegetable oil, cetearyl ethylhexanoate, squalane, caprylyl glycol, calcium sodium borosilicate, glycerin, octyldodecyl stearoyl stearate, glyceryl caprylate, propanediol, potassium sorbate, tin oxide, magnolia officinalis bark extract, psidium guajava leaf extract, moonstone extract, titanium dioxide (ci 77891), iron oxides (ci 77491, ci 77499)

midnight synthetic fluorphlogopite, mica, water / aqua / eau, diisostearyl malate, trimethylsiloxysilicate, isopentyldiol, cetearyl ethylhexanoate, hydrogenated vegetable oil, squalane, caprylyl glycol, calcium sodium borosilicate, octyldodecyl stearoyl stearate, glycerin, glyceryl caprylate, propanediol, potassium sorbate, tin oxide, magnolia officinalis bark extract, psidium guajava leaf extract, amethyst extract, titanium dioxide (ci 77891), iron oxides (ci 77499), ferric ferrocyanide (ci 77510)

starlight synthetic fluorphlogopite, calcium sodium borosilicate, water / aqua / eau, mica, diisostearyl malate, trimethylsiloxysilicate, isopentyldiol, cetearyl ethylhexanoate, hydrogenated vegetable oil, squalane, caprylyl glycol, octyldodecyl stearoyl stearate, glycerin, glyceryl caprylate, propanediol, potassium sorbate, tin oxide, magnolia officinalis bark extract, psidium guajava leaf extract, citrine extract, titanium dioxide (ci 77891)",'4.0,2
Make Up,Eyes,'14826490724732,'53624999674236,Victoria Beckham Beauty,Lid Lustre,https://ohmycream.co.uk/collections/make-up-eye/products/victoria-beckham-beauty-lid-lustre?variant=53624999674236,https://cdn.shopify.com/s/files/1/0555/4071/1596/files/2024_12_VictoriaBeckhamBeauty_LidLustreEyeshadowMink_Packshot.jpg?v=1742304140,"Complete list of ingredients

mink ica, water / aqua / eau, synthetic fluorphlogopite, calcium sodium borosilicate, diisostearyl malate, cetearyl ethylhexanoate, trimethylsiloxysilicate, isopentyldiol, hydrogenated vegetable oil, squalane, caprylyl glycol, octyldodecyl stearoyl stearate, glycerin, glyceryl caprylate, propanediol, potassium sorbate, magnolia officinalis bark extract, tin oxide, psidium guajava leaf extract, quartz, titanium dioxide (ci 77891), iron oxides (ci 77491, ci 77499)

honey ingredients / ingrédients : synthetic fluorphlogopite, mica, water /aqua / eau, calcium aluminum borosilicate, diisostearyl malate,calcium sodium borosilicate, trimethylsiloxysilicate,
isopentyldiol, hydrogenated vegetable oil, cetearyl
ethylhexanoate, squalane, caprylyl glycol, glycerin,
octyldodecyl stearoyl stearate, glyceryl caprylate, propanediol,
potassium sorbate, silica, tin oxide, magnolia officinalis bark
extract, psidium guajava leaf extract, quartz, titanium dioxide (ci 77891), iron oxides (ci 77491, ci 77499).

tea rose mica, water / aqua / eau, synthetic fluorphlogopite, diisostearyl malate, calcium sodium borosilicate, calcium aluminum borosilicate, trimethylsiloxysilicate, isopentyldiol, hydrogenated vegetable oil, cetearyl ethylhexanoate, squalane, caprylyl glycol, glycerin, octyldodecyl stearoyl stearate, glyceryl caprylate, propanediol, potassium sorbate, tin oxide, magnolia officinalis bark extract, psidium guajava leaf extract, quartz, titanium dioxide (ci 77891), iron oxides (ci 77491, ci 77499).

chiffon ingredients / ingrédients : synthetic fluorphlogopite, mica, water /aqua / eau, calcium aluminum borosilicate, diisostearyl malate, calcium sodium borosilicate, trimethylsiloxysilicate,
isopentyldiol, hydrogenated vegetable oil, cetearyl
ethylhexanoate, squalane, caprylyl glycol, glycerin,
octyldodecyl stearoyl stearate, glyceryl caprylate, propanediol,
potassium sorbate, silica, tin oxide, magnolia officinalis bark
extract, psidium guajava leaf extract, quartz, titanium dioxide (ci 77891), iron oxides (ci 77491, ci 77499).

velvet ingredients / ingrédients : calcium sodium borosilicate, mica, synthetic fluorphlogopite, water / aqua / eau, calcium aluminum borosilicate, diisostearyl malate, trimethylsiloxysilicate, isopentyldiol, cetearyl ethylhexanoate, hydrogenated vegetable oil, squalane, caprylyl glycol, glycerin, octyldodecyl stearoyl stearate, tin oxide, glyceryl caprylate, propanediol, potassium sorbate, magnolia officinalis bark extract, psidium guajava leaf extract, malachite extract, titanium dioxide (ci 77891), iron oxides (ci 77491, ci 77499).

emerald ingredients / ingrédients : calcium sodium borosilicate, mica, synthetic fluorphlogopite, water / aqua / eau, calcium aluminum borosilicate, diisostearyl malate, trimethylsiloxysilicate, isopentyldiol, cetearyl ethylhexanoate, hydrogenated vegetable oil, squalane, caprylyl glycol, glycerin, octyldodecyl stearoyl stearate, tin oxide, glyceryl caprylate, propanediol, potassium sorbate, magnolia officinalis bark extract, psidium guajava leaf extract, malachite extract, titanium dioxide (ci 77891), iron oxides (ci 77491, ci 77499).

mirror ingredients / ingrédients : synthetic fluorphlogopite, mica, water / aqua / eau, calcium aluminum borosilicate, diisostearyl malate, trimethylsiloxysilicate, isopentyldiol, hydrogenated vegetable oil, cetearyl ethylhexanoate, squalane, caprylyl glycol, calcium sodium borosilicate, glycerin, octyldodecyl stearoyl stearate, glyceryl caprylate, propanediol, potassium sorbate, tin oxide, magnolia officinalis bark extract, psidium guajava leaf extract, moonstone extract, titanium dioxide (ci 77891), iron oxides (ci 77491, ci 77499)

midnight synthetic fluorphlogopite, mica, water / aqua / eau, diisostearyl malate, trimethylsiloxysilicate, isopentyldiol, cetearyl ethylhexanoate, hydrogenated vegetable oil, squalane, caprylyl glycol, calcium sodium borosilicate, octyldodecyl stearoyl stearate, glycerin, glyceryl caprylate, propanediol, potassium sorbate, tin oxide, magnolia officinalis bark extract, psidium guajava leaf extract, amethyst extract, titanium dioxide (ci 77891), iron oxides (ci 77499), ferric ferrocyanide (ci 77510)

starlight synthetic fluorphlogopite, calcium sodium borosilicate, water / aqua / eau, mica, diisostearyl malate, trimethylsiloxysilicate, isopentyldiol, cetearyl ethylhexanoate, hydrogenated vegetable oil, squalane, caprylyl glycol, octyldodecyl stearoyl stearate, glycerin, glyceryl caprylate, propanediol, potassium sorbate, tin oxide, magnolia officinalis bark extract, psidium guajava leaf extract, citrine extract, titanium dioxide (ci 77891)",'4.0,2
Make Up,Eyes,'14826490724732,'53624999707004,Victoria Beckham Beauty,Lid Lustre,https://ohmycream.co.uk/collections/make-up-eye/products/victoria-beckham-beauty-lid-lustre?variant=53624999707004,https://cdn.shopify.com/s/files/1/0555/4071/1596/files/2024_12_VictoriaBeckhamBeauty_LidLustreEyeshadowEmerald_Packshot.jpg?v=1742304140,"Complete list of ingredients

mink ica, water / aqua / eau, synthetic fluorphlogopite, calcium sodium borosilicate, diisostearyl malate, cetearyl ethylhexanoate, trimethylsiloxysilicate, isopentyldiol, hydrogenated vegetable oil, squalane, caprylyl glycol, octyldodecyl stearoyl stearate, glycerin, glyceryl caprylate, propanediol, potassium sorbate, magnolia officinalis bark extract, tin oxide, psidium guajava leaf extract, quartz, titanium dioxide (ci 77891), iron oxides (ci 77491, ci 77499)

honey ingredients / ingrédients : synthetic fluorphlogopite, mica, water /aqua / eau, calcium aluminum borosilicate, diisostearyl malate,calcium sodium borosilicate, trimethylsiloxysilicate,
isopentyldiol, hydrogenated vegetable oil, cetearyl
ethylhexanoate, squalane, caprylyl glycol, glycerin,
octyldodecyl stearoyl stearate, glyceryl caprylate, propanediol,
potassium sorbate, silica, tin oxide, magnolia officinalis bark
extract, psidium guajava leaf extract, quartz, titanium dioxide (ci 77891), iron oxides (ci 77491, ci 77499).

tea rose mica, water / aqua / eau, synthetic fluorphlogopite, diisostearyl malate, calcium sodium borosilicate, calcium aluminum borosilicate, trimethylsiloxysilicate, isopentyldiol, hydrogenated vegetable oil, cetearyl ethylhexanoate, squalane, caprylyl glycol, glycerin, octyldodecyl stearoyl stearate, glyceryl caprylate, propanediol, potassium sorbate, tin oxide, magnolia officinalis bark extract, psidium guajava leaf extract, quartz, titanium dioxide (ci 77891), iron oxides (ci 77491, ci 77499).

chiffon ingredients / ingrédients : synthetic fluorphlogopite, mica, water /aqua / eau, calcium aluminum borosilicate, diisostearyl malate, calcium sodium borosilicate, trimethylsiloxysilicate,
isopentyldiol, hydrogenated vegetable oil, cetearyl
ethylhexanoate, squalane, caprylyl glycol, glycerin,
octyldodecyl stearoyl stearate, glyceryl caprylate, propanediol,
potassium sorbate, silica, tin oxide, magnolia officinalis bark
extract, psidium guajava leaf extract, quartz, titanium dioxide (ci 77891), iron oxides (ci 77491, ci 77499).

velvet ingredients / ingrédients : calcium sodium borosilicate, mica, synthetic fluorphlogopite, water / aqua / eau, calcium aluminum borosilicate, diisostearyl malate, trimethylsiloxysilicate, isopentyldiol, cetearyl ethylhexanoate, hydrogenated vegetable oil, squalane, caprylyl glycol, glycerin, octyldodecyl stearoyl stearate, tin oxide, glyceryl caprylate, propanediol, potassium sorbate, magnolia officinalis bark extract, psidium guajava leaf extract, malachite extract, titanium dioxide (ci 77891), iron oxides (ci 77491, ci 77499).

emerald ingredients / ingrédients : calcium sodium borosilicate, mica, synthetic fluorphlogopite, water / aqua / eau, calcium aluminum borosilicate, diisostearyl malate, trimethylsiloxysilicate, isopentyldiol, cetearyl ethylhexanoate, hydrogenated vegetable oil, squalane, caprylyl glycol, glycerin, octyldodecyl stearoyl stearate, tin oxide, glyceryl caprylate, propanediol, potassium sorbate, magnolia officinalis bark extract, psidium guajava leaf extract, malachite extract, titanium dioxide (ci 77891), iron oxides (ci 77491, ci 77499).

mirror ingredients / ingrédients : synthetic fluorphlogopite, mica, water / aqua / eau, calcium aluminum borosilicate, diisostearyl malate, trimethylsiloxysilicate, isopentyldiol, hydrogenated vegetable oil, cetearyl ethylhexanoate, squalane, caprylyl glycol, calcium sodium borosilicate, glycerin, octyldodecyl stearoyl stearate, glyceryl caprylate, propanediol, potassium sorbate, tin oxide, magnolia officinalis bark extract, psidium guajava leaf extract, moonstone extract, titanium dioxide (ci 77891), iron oxides (ci 77491, ci 77499)

midnight synthetic fluorphlogopite, mica, water / aqua / eau, diisostearyl malate, trimethylsiloxysilicate, isopentyldiol, cetearyl ethylhexanoate, hydrogenated vegetable oil, squalane, caprylyl glycol, calcium sodium borosilicate, octyldodecyl stearoyl stearate, glycerin, glyceryl caprylate, propanediol, potassium sorbate, tin oxide, magnolia officinalis bark extract, psidium guajava leaf extract, amethyst extract, titanium dioxide (ci 77891), iron oxides (ci 77499), ferric ferrocyanide (ci 77510)

starlight synthetic fluorphlogopite, calcium sodium borosilicate, water / aqua / eau, mica, diisostearyl malate, trimethylsiloxysilicate, isopentyldiol, cetearyl ethylhexanoate, hydrogenated vegetable oil, squalane, caprylyl glycol, octyldodecyl stearoyl stearate, glycerin, glyceryl caprylate, propanediol, potassium sorbate, tin oxide, magnolia officinalis bark extract, psidium guajava leaf extract, citrine extract, titanium dioxide (ci 77891)",'4.0,2
Make Up,Eyes,'14826490724732,'55032090395004,Victoria Beckham Beauty,Lid Lustre,https://ohmycream.co.uk/collections/make-up-eye/products/victoria-beckham-beauty-lid-lustre?variant=55032090395004,https://cdn.shopify.com/s/files/1/0555/4071/1596/files/202502_Victoria_Beckham_Beauty_Lid_Lustre_Starlight_Nature_morte_1.jpg?v=1742304140,"Complete list of ingredients

mink ica, water / aqua / eau, synthetic fluorphlogopite, calcium sodium borosilicate, diisostearyl malate, cetearyl ethylhexanoate, trimethylsiloxysilicate, isopentyldiol, hydrogenated vegetable oil, squalane, caprylyl glycol, octyldodecyl stearoyl stearate, glycerin, glyceryl caprylate, propanediol, potassium sorbate, magnolia officinalis bark extract, tin oxide, psidium guajava leaf extract, quartz, titanium dioxide (ci 77891), iron oxides (ci 77491, ci 77499)

honey ingredients / ingrédients : synthetic fluorphlogopite, mica, water /aqua / eau, calcium aluminum borosilicate, diisostearyl malate,calcium sodium borosilicate, trimethylsiloxysilicate,
isopentyldiol, hydrogenated vegetable oil, cetearyl
ethylhexanoate, squalane, caprylyl glycol, glycerin,
octyldodecyl stearoyl stearate, glyceryl caprylate, propanediol,
potassium sorbate, silica, tin oxide, magnolia officinalis bark
extract, psidium guajava leaf extract, quartz, titanium dioxide (ci 77891), iron oxides (ci 77491, ci 77499).

tea rose mica, water / aqua / eau, synthetic fluorphlogopite, diisostearyl malate, calcium sodium borosilicate, calcium aluminum borosilicate, trimethylsiloxysilicate, isopentyldiol, hydrogenated vegetable oil, cetearyl ethylhexanoate, squalane, caprylyl glycol, glycerin, octyldodecyl stearoyl stearate, glyceryl caprylate, propanediol, potassium sorbate, tin oxide, magnolia officinalis bark extract, psidium guajava leaf extract, quartz, titanium dioxide (ci 77891), iron oxides (ci 77491, ci 77499).

chiffon ingredients / ingrédients : synthetic fluorphlogopite, mica, water /aqua / eau, calcium aluminum borosilicate, diisostearyl malate, calcium sodium borosilicate, trimethylsiloxysilicate,
isopentyldiol, hydrogenated vegetable oil, cetearyl
ethylhexanoate, squalane, caprylyl glycol, glycerin,
octyldodecyl stearoyl stearate, glyceryl caprylate, propanediol,
potassium sorbate, silica, tin oxide, magnolia officinalis bark
extract, psidium guajava leaf extract, quartz, titanium dioxide (ci 77891), iron oxides (ci 77491, ci 77499).

velvet ingredients / ingrédients : calcium sodium borosilicate, mica, synthetic fluorphlogopite, water / aqua / eau, calcium aluminum borosilicate, diisostearyl malate, trimethylsiloxysilicate, isopentyldiol, cetearyl ethylhexanoate, hydrogenated vegetable oil, squalane, caprylyl glycol, glycerin, octyldodecyl stearoyl stearate, tin oxide, glyceryl caprylate, propanediol, potassium sorbate, magnolia officinalis bark extract, psidium guajava leaf extract, malachite extract, titanium dioxide (ci 77891), iron oxides (ci 77491, ci 77499).

emerald ingredients / ingrédients : calcium sodium borosilicate, mica, synthetic fluorphlogopite, water / aqua / eau, calcium aluminum borosilicate, diisostearyl malate, trimethylsiloxysilicate, isopentyldiol, cetearyl ethylhexanoate, hydrogenated vegetable oil, squalane, caprylyl glycol, glycerin, octyldodecyl stearoyl stearate, tin oxide, glyceryl caprylate, propanediol, potassium sorbate, magnolia officinalis bark extract, psidium guajava leaf extract, malachite extract, titanium dioxide (ci 77891), iron oxides (ci 77491, ci 77499).

mirror ingredients / ingrédients : synthetic fluorphlogopite, mica, water / aqua / eau, calcium aluminum borosilicate, diisostearyl malate, trimethylsiloxysilicate, isopentyldiol, hydrogenated vegetable oil, cetearyl ethylhexanoate, squalane, caprylyl glycol, calcium sodium borosilicate, glycerin, octyldodecyl stearoyl stearate, glyceryl caprylate, propanediol, potassium sorbate, tin oxide, magnolia officinalis bark extract, psidium guajava leaf extract, moonstone extract, titanium dioxide (ci 77891), iron oxides (ci 77491, ci 77499)

midnight synthetic fluorphlogopite, mica, water / aqua / eau, diisostearyl malate, trimethylsiloxysilicate, isopentyldiol, cetearyl ethylhexanoate, hydrogenated vegetable oil, squalane, caprylyl glycol, calcium sodium borosilicate, octyldodecyl stearoyl stearate, glycerin, glyceryl caprylate, propanediol, potassium sorbate, tin oxide, magnolia officinalis bark extract, psidium guajava leaf extract, amethyst extract, titanium dioxide (ci 77891), iron oxides (ci 77499), ferric ferrocyanide (ci 77510)

starlight synthetic fluorphlogopite, calcium sodium borosilicate, water / aqua / eau, mica, diisostearyl malate, trimethylsiloxysilicate, isopentyldiol, cetearyl ethylhexanoate, hydrogenated vegetable oil, squalane, caprylyl glycol, octyldodecyl stearoyl stearate, glycerin, glyceryl caprylate, propanediol, potassium sorbate, tin oxide, magnolia officinalis bark extract, psidium guajava leaf extract, citrine extract, titanium dioxide (ci 77891)",'4.0,2
Make Up,Eyes,'14826490724732,'55032090329468,Victoria Beckham Beauty,Lid Lustre,https://ohmycream.co.uk/collections/make-up-eye/products/victoria-beckham-beauty-lid-lustre?variant=55032090329468,https://cdn.shopify.com/s/files/1/0555/4071/1596/files/202502_Victoria_Beckham_Beauty_Lid_Lustre_Mirror_Nature_morte.jpg?v=1742304140,"Complete list of ingredients

mink ica, water / aqua / eau, synthetic fluorphlogopite, calcium sodium borosilicate, diisostearyl malate, cetearyl ethylhexanoate, trimethylsiloxysilicate, isopentyldiol, hydrogenated vegetable oil, squalane, caprylyl glycol, octyldodecyl stearoyl stearate, glycerin, glyceryl caprylate, propanediol, potassium sorbate, magnolia officinalis bark extract, tin oxide, psidium guajava leaf extract, quartz, titanium dioxide (ci 77891), iron oxides (ci 77491, ci 77499)

honey ingredients / ingrédients : synthetic fluorphlogopite, mica, water /aqua / eau, calcium aluminum borosilicate, diisostearyl malate,calcium sodium borosilicate, trimethylsiloxysilicate,
isopentyldiol, hydrogenated vegetable oil, cetearyl
ethylhexanoate, squalane, caprylyl glycol, glycerin,
octyldodecyl stearoyl stearate, glyceryl caprylate, propanediol,
potassium sorbate, silica, tin oxide, magnolia officinalis bark
extract, psidium guajava leaf extract, quartz, titanium dioxide (ci 77891), iron oxides (ci 77491, ci 77499).

tea rose mica, water / aqua / eau, synthetic fluorphlogopite, diisostearyl malate, calcium sodium borosilicate, calcium aluminum borosilicate, trimethylsiloxysilicate, isopentyldiol, hydrogenated vegetable oil, cetearyl ethylhexanoate, squalane, caprylyl glycol, glycerin, octyldodecyl stearoyl stearate, glyceryl caprylate, propanediol, potassium sorbate, tin oxide, magnolia officinalis bark extract, psidium guajava leaf extract, quartz, titanium dioxide (ci 77891), iron oxides (ci 77491, ci 77499).

chiffon ingredients / ingrédients : synthetic fluorphlogopite, mica, water /aqua / eau, calcium aluminum borosilicate, diisostearyl malate, calcium sodium borosilicate, trimethylsiloxysilicate,
isopentyldiol, hydrogenated vegetable oil, cetearyl
ethylhexanoate, squalane, caprylyl glycol, glycerin,
octyldodecyl stearoyl stearate, glyceryl caprylate, propanediol,
potassium sorbate, silica, tin oxide, magnolia officinalis bark
extract, psidium guajava leaf extract, quartz, titanium dioxide (ci 77891), iron oxides (ci 77491, ci 77499).

velvet ingredients / ingrédients : calcium sodium borosilicate, mica, synthetic fluorphlogopite, water / aqua / eau, calcium aluminum borosilicate, diisostearyl malate, trimethylsiloxysilicate, isopentyldiol, cetearyl ethylhexanoate, hydrogenated vegetable oil, squalane, caprylyl glycol, glycerin, octyldodecyl stearoyl stearate, tin oxide, glyceryl caprylate, propanediol, potassium sorbate, magnolia officinalis bark extract, psidium guajava leaf extract, malachite extract, titanium dioxide (ci 77891), iron oxides (ci 77491, ci 77499).

emerald ingredients / ingrédients : calcium sodium borosilicate, mica, synthetic fluorphlogopite, water / aqua / eau, calcium aluminum borosilicate, diisostearyl malate, trimethylsiloxysilicate, isopentyldiol, cetearyl ethylhexanoate, hydrogenated vegetable oil, squalane, caprylyl glycol, glycerin, octyldodecyl stearoyl stearate, tin oxide, glyceryl caprylate, propanediol, potassium sorbate, magnolia officinalis bark extract, psidium guajava leaf extract, malachite extract, titanium dioxide (ci 77891), iron oxides (ci 77491, ci 77499).

mirror ingredients / ingrédients : synthetic fluorphlogopite, mica, water / aqua / eau, calcium aluminum borosilicate, diisostearyl malate, trimethylsiloxysilicate, isopentyldiol, hydrogenated vegetable oil, cetearyl ethylhexanoate, squalane, caprylyl glycol, calcium sodium borosilicate, glycerin, octyldodecyl stearoyl stearate, glyceryl caprylate, propanediol, potassium sorbate, tin oxide, magnolia officinalis bark extract, psidium guajava leaf extract, moonstone extract, titanium dioxide (ci 77891), iron oxides (ci 77491, ci 77499)

midnight synthetic fluorphlogopite, mica, water / aqua / eau, diisostearyl malate, trimethylsiloxysilicate, isopentyldiol, cetearyl ethylhexanoate, hydrogenated vegetable oil, squalane, caprylyl glycol, calcium sodium borosilicate, octyldodecyl stearoyl stearate, glycerin, glyceryl caprylate, propanediol, potassium sorbate, tin oxide, magnolia officinalis bark extract, psidium guajava leaf extract, amethyst extract, titanium dioxide (ci 77891), iron oxides (ci 77499), ferric ferrocyanide (ci 77510)

starlight synthetic fluorphlogopite, calcium sodium borosilicate, water / aqua / eau, mica, diisostearyl malate, trimethylsiloxysilicate, isopentyldiol, cetearyl ethylhexanoate, hydrogenated vegetable oil, squalane, caprylyl glycol, octyldodecyl stearoyl stearate, glycerin, glyceryl caprylate, propanediol, potassium sorbate, tin oxide, magnolia officinalis bark extract, psidium guajava leaf extract, citrine extract, titanium dioxide (ci 77891)",'4.0,2
Make Up,Eyes,'14826490724732,'55032090362236,Victoria Beckham Beauty,Lid Lustre,https://ohmycream.co.uk/collections/make-up-eye/products/victoria-beckham-beauty-lid-lustre?variant=55032090362236,https://cdn.shopify.com/s/files/1/0555/4071/1596/files/2024_12_Victoria_Beckham_Beauty_Lid_Lustre_Eyeshadow_Chiffon_Packshot.jpg?v=1742304140,"Complete list of ingredients

mink ica, water / aqua / eau, synthetic fluorphlogopite, calcium sodium borosilicate, diisostearyl malate, cetearyl ethylhexanoate, trimethylsiloxysilicate, isopentyldiol, hydrogenated vegetable oil, squalane, caprylyl glycol, octyldodecyl stearoyl stearate, glycerin, glyceryl caprylate, propanediol, potassium sorbate, magnolia officinalis bark extract, tin oxide, psidium guajava leaf extract, quartz, titanium dioxide (ci 77891), iron oxides (ci 77491, ci 77499)

honey ingredients / ingrédients : synthetic fluorphlogopite, mica, water /aqua / eau, calcium aluminum borosilicate, diisostearyl malate,calcium sodium borosilicate, trimethylsiloxysilicate,
isopentyldiol, hydrogenated vegetable oil, cetearyl
ethylhexanoate, squalane, caprylyl glycol, glycerin,
octyldodecyl stearoyl stearate, glyceryl caprylate, propanediol,
potassium sorbate, silica, tin oxide, magnolia officinalis bark
extract, psidium guajava leaf extract, quartz, titanium dioxide (ci 77891), iron oxides (ci 77491, ci 77499).

tea rose mica, water / aqua / eau, synthetic fluorphlogopite, diisostearyl malate, calcium sodium borosilicate, calcium aluminum borosilicate, trimethylsiloxysilicate, isopentyldiol, hydrogenated vegetable oil, cetearyl ethylhexanoate, squalane, caprylyl glycol, glycerin, octyldodecyl stearoyl stearate, glyceryl caprylate, propanediol, potassium sorbate, tin oxide, magnolia officinalis bark extract, psidium guajava leaf extract, quartz, titanium dioxide (ci 77891), iron oxides (ci 77491, ci 77499).

chiffon ingredients / ingrédients : synthetic fluorphlogopite, mica, water /aqua / eau, calcium aluminum borosilicate, diisostearyl malate, calcium sodium borosilicate, trimethylsiloxysilicate,
isopentyldiol, hydrogenated vegetable oil, cetearyl
ethylhexanoate, squalane, caprylyl glycol, glycerin,
octyldodecyl stearoyl stearate, glyceryl caprylate, propanediol,
potassium sorbate, silica, tin oxide, magnolia officinalis bark
extract, psidium guajava leaf extract, quartz, titanium dioxide (ci 77891), iron oxides (ci 77491, ci 77499).

velvet ingredients / ingrédients : calcium sodium borosilicate, mica, synthetic fluorphlogopite, water / aqua / eau, calcium aluminum borosilicate, diisostearyl malate, trimethylsiloxysilicate, isopentyldiol, cetearyl ethylhexanoate, hydrogenated vegetable oil, squalane, caprylyl glycol, glycerin, octyldodecyl stearoyl stearate, tin oxide, glyceryl caprylate, propanediol, potassium sorbate, magnolia officinalis bark extract, psidium guajava leaf extract, malachite extract, titanium dioxide (ci 77891), iron oxides (ci 77491, ci 77499).

emerald ingredients / ingrédients : calcium sodium borosilicate, mica, synthetic fluorphlogopite, water / aqua / eau, calcium aluminum borosilicate, diisostearyl malate, trimethylsiloxysilicate, isopentyldiol, cetearyl ethylhexanoate, hydrogenated vegetable oil, squalane, caprylyl glycol, glycerin, octyldodecyl stearoyl stearate, tin oxide, glyceryl caprylate, propanediol, potassium sorbate, magnolia officinalis bark extract, psidium guajava leaf extract, malachite extract, titanium dioxide (ci 77891), iron oxides (ci 77491, ci 77499).

mirror ingredients / ingrédients : synthetic fluorphlogopite, mica, water / aqua / eau, calcium aluminum borosilicate, diisostearyl malate, trimethylsiloxysilicate, isopentyldiol, hydrogenated vegetable oil, cetearyl ethylhexanoate, squalane, caprylyl glycol, calcium sodium borosilicate, glycerin, octyldodecyl stearoyl stearate, glyceryl caprylate, propanediol, potassium sorbate, tin oxide, magnolia officinalis bark extract, psidium guajava leaf extract, moonstone extract, titanium dioxide (ci 77891), iron oxides (ci 77491, ci 77499)

midnight synthetic fluorphlogopite, mica, water / aqua / eau, diisostearyl malate, trimethylsiloxysilicate, isopentyldiol, cetearyl ethylhexanoate, hydrogenated vegetable oil, squalane, caprylyl glycol, calcium sodium borosilicate, octyldodecyl stearoyl stearate, glycerin, glyceryl caprylate, propanediol, potassium sorbate, tin oxide, magnolia officinalis bark extract, psidium guajava leaf extract, amethyst extract, titanium dioxide (ci 77891), iron oxides (ci 77499), ferric ferrocyanide (ci 77510)

starlight synthetic fluorphlogopite, calcium sodium borosilicate, water / aqua / eau, mica, diisostearyl malate, trimethylsiloxysilicate, isopentyldiol, cetearyl ethylhexanoate, hydrogenated vegetable oil, squalane, caprylyl glycol, octyldodecyl stearoyl stearate, glycerin, glyceryl caprylate, propanediol, potassium sorbate, tin oxide, magnolia officinalis bark extract, psidium guajava leaf extract, citrine extract, titanium dioxide (ci 77891)",'4.0,2
Make Up,Eyes,'7608735695020,'42503657160876,Les Filles En Rouje,Blush Highlighter Palette,https://ohmycream.co.uk/collections/make-up-eye/products/les-filles-en-rouje-blush-highlighter-palette?variant=42503657160876,https://cdn.shopify.com/s/files/1/0555/4071/1596/products/LaPaletteVisage_LesFillesenRouje.jpg?v=1681905290,"Complete list of ingredients

blush : caprylic/capric triglyceride, ricinus communis seed oil/ricinus communis (castor) seed oil, bis-diglyceryl polyacyladipate-2, nylon-12, cera alba/beeswax, c18-36 acid glycol ester, dicalcium phosphate, silica dimethyl silylate, polyhydroxystearic acid, tocopherol,glycine soja oil/glycine soja (soybean) oil.[+/-] / may contain:ci 15850/red 7 lake, ci 15850/red 6, ci 42090/blue 1 lake, ci 45380/red 22 lake, ci 45410/red 28 lake, ci 77491/iron oxides, ci 77492/iron oxides, ci 77499/iron oxides, ci 77891/titanium dioxide.

highlighter : ricinus communis seed oil/ricinus communis (castor) seed oil, cocos nucifera oil/cocos nucifera (coconut) oil, cera alba/beeswax, mica, simmondsia chinensis seed oil/simmondsia chinensis (jojoba) seed oil, theobroma cacao seed butter/theobroma cacao (cocoa) seed butter, tocopherol, tin oxide.[+/-] / may contain:ci 77491/iron oxides, ci 77499/iron oxides, ci 77891/titanium dioxide.

these lists of ingredients are subject to change; please refer to the packagings of the purchased products.",'4.8,5
Make Up,Eyes,'14826638279036,'53625033720188,Victoria Beckham Beauty,Vast Lash Mascara,https://ohmycream.co.uk/collections/make-up-eye/products/victoria-beckham-beauty-vast-lash-mascara?variant=53625033720188,https://cdn.shopify.com/s/files/1/0555/4071/1596/files/2024_12_VictoriaBeckhamBeauty_VastLashMascaraNoir_Packshot.jpg?v=1735045225,"Complete list of ingredients

water / aqua/ eau, acrylates/ethylhexyl acrylatecopolymer, mica, glyceryl stearate, copernicia cerifera (carnauba) wax / cera carnauba / cire de carnauba, glycerin, hydrogenated polyisobutene, synthetic beeswax, vp/eicosene copolymer, glyceryl stearate se, stearic acid, cetaryl alcohol, synthetic wax, pentylene glycol, niacinamide, isochrysis galbana extract, panthenol, 1,2-hexanediol, tocopheryl acetate, magnesium aluminum silicate, methylglucamine, tromethamine, laureth-21, glyceryl caprylate, sodium dehydroacetate, sodium benzoate, potassium sorbate, iron oxides (ci 77499)",'4.5,2
Make Up,Eyes,'7998483005612,'43640025120940,Oh My Cream Skincare,Eye Pencil,https://ohmycream.co.uk/collections/make-up-eye/products/oh-my-cream-skincare-eye-pencil?variant=43640025120940,https://cdn.shopify.com/s/files/1/0555/4071/1596/files/CrayonyeuxBrunmat_OMC.jpg?v=1728565570,"Complete list of ingredients

noir mat : ingredients: octyldodecyl stearoyl stearate, cocos nucifera oil, c10-18 triglycerides, copernicia cerifera cera, hydrogenated vegetable oil, silica, polyglyceryl-3 diisostearate, tocopherol, oryzanol, glyceryl caprylate, ci 77499

brun mat : ingredients: octyldodecyl stearoyl stearate, cocos nucifera oil, c10-18 triglycerides, copernicia cerifera cera, hydrogenated vegetable oil, silica, polyglyceryl-3 diisostearate, tocopherol, oryzanol, glyceryl caprylate, ci 77499, ci 77491, ci 77492

marron lumineux : ingredients: octyldodecyl stearoyl stearate, cocos nucifera oil, mica, c10-18 triglycerides, copernicia cerifera cera, hydrogenated vegetable oil, silica, polyglyceryl-3 diisostearate, tocopherol, oryzanol, glyceryl caprylate, tin oxide, ci 77491, ci 77499, ci 77492, ci 77400, ci 77891

bleu lumineux : ingredients: octyldodecyl stearoyl stearate, cocos nucifera oil, c10-18 triglycerides, synthetic fluorphlogopite, copernicia cerifera cera, hydrogenated vegetable oil, polyglyceryl-3 diisostearate, mica, silica, tin oxide, tocopherol, oryzanol, glyceryl caprylate, ci 77891, ci 77499, ci 77510

kaki lumineux : ingredients: octyldodecyl stearoyl stearate, cocos nucifera oil, c10-18 triglycerides, mica, copernicia cerifera cera, hydrogenated vegetable oil, silica, polyglyceryl-3 diisostearate, tocopherol, oryzanol, kaolin, glyceryl caprylate, ci 77499, ci 77891, ci 77492, ci 77007, ci 77491

this list of ingredients is subject to change; please refer to the packaging of the purchased product.",'4.0,2
Make Up,Eyes,'7998483005612,'43640025153708,Oh My Cream Skincare,Eye Pencil,https://ohmycream.co.uk/collections/make-up-eye/products/oh-my-cream-skincare-eye-pencil?variant=43640025153708,https://cdn.shopify.com/s/files/1/0555/4071/1596/files/CrayonyeuxBleulumineux_OMC.jpg?v=1728565570,"Complete list of ingredients

noir mat : ingredients: octyldodecyl stearoyl stearate, cocos nucifera oil, c10-18 triglycerides, copernicia cerifera cera, hydrogenated vegetable oil, silica, polyglyceryl-3 diisostearate, tocopherol, oryzanol, glyceryl caprylate, ci 77499

brun mat : ingredients: octyldodecyl stearoyl stearate, cocos nucifera oil, c10-18 triglycerides, copernicia cerifera cera, hydrogenated vegetable oil, silica, polyglyceryl-3 diisostearate, tocopherol, oryzanol, glyceryl caprylate, ci 77499, ci 77491, ci 77492

marron lumineux : ingredients: octyldodecyl stearoyl stearate, cocos nucifera oil, mica, c10-18 triglycerides, copernicia cerifera cera, hydrogenated vegetable oil, silica, polyglyceryl-3 diisostearate, tocopherol, oryzanol, glyceryl caprylate, tin oxide, ci 77491, ci 77499, ci 77492, ci 77400, ci 77891

bleu lumineux : ingredients: octyldodecyl stearoyl stearate, cocos nucifera oil, c10-18 triglycerides, synthetic fluorphlogopite, copernicia cerifera cera, hydrogenated vegetable oil, polyglyceryl-3 diisostearate, mica, silica, tin oxide, tocopherol, oryzanol, glyceryl caprylate, ci 77891, ci 77499, ci 77510

kaki lumineux : ingredients: octyldodecyl stearoyl stearate, cocos nucifera oil, c10-18 triglycerides, mica, copernicia cerifera cera, hydrogenated vegetable oil, silica, polyglyceryl-3 diisostearate, tocopherol, oryzanol, kaolin, glyceryl caprylate, ci 77499, ci 77891, ci 77492, ci 77007, ci 77491

this list of ingredients is subject to change; please refer to the packaging of the purchased product.",'4.0,2
Make Up,Eyes,'7998483005612,'43640025088172,Oh My Cream Skincare,Eye Pencil,https://ohmycream.co.uk/collections/make-up-eye/products/oh-my-cream-skincare-eye-pencil?variant=43640025088172,https://cdn.shopify.com/s/files/1/0555/4071/1596/files/CrayonyeuxMarronlumineux_OMC.jpg?v=1728565570,"Complete list of ingredients

noir mat : ingredients: octyldodecyl stearoyl stearate, cocos nucifera oil, c10-18 triglycerides, copernicia cerifera cera, hydrogenated vegetable oil, silica, polyglyceryl-3 diisostearate, tocopherol, oryzanol, glyceryl caprylate, ci 77499

brun mat : ingredients: octyldodecyl stearoyl stearate, cocos nucifera oil, c10-18 triglycerides, copernicia cerifera cera, hydrogenated vegetable oil, silica, polyglyceryl-3 diisostearate, tocopherol, oryzanol, glyceryl caprylate, ci 77499, ci 77491, ci 77492

marron lumineux : ingredients: octyldodecyl stearoyl stearate, cocos nucifera oil, mica, c10-18 triglycerides, copernicia cerifera cera, hydrogenated vegetable oil, silica, polyglyceryl-3 diisostearate, tocopherol, oryzanol, glyceryl caprylate, tin oxide, ci 77491, ci 77499, ci 77492, ci 77400, ci 77891

bleu lumineux : ingredients: octyldodecyl stearoyl stearate, cocos nucifera oil, c10-18 triglycerides, synthetic fluorphlogopite, copernicia cerifera cera, hydrogenated vegetable oil, polyglyceryl-3 diisostearate, mica, silica, tin oxide, tocopherol, oryzanol, glyceryl caprylate, ci 77891, ci 77499, ci 77510

kaki lumineux : ingredients: octyldodecyl stearoyl stearate, cocos nucifera oil, c10-18 triglycerides, mica, copernicia cerifera cera, hydrogenated vegetable oil, silica, polyglyceryl-3 diisostearate, tocopherol, oryzanol, kaolin, glyceryl caprylate, ci 77499, ci 77891, ci 77492, ci 77007, ci 77491

this list of ingredients is subject to change; please refer to the packaging of the purchased product.",'4.0,2
Make Up,Eyes,'7998483005612,'43640025186476,Oh My Cream Skincare,Eye Pencil,https://ohmycream.co.uk/collections/make-up-eye/products/oh-my-cream-skincare-eye-pencil?variant=43640025186476,https://cdn.shopify.com/s/files/1/0555/4071/1596/files/CrayonyeuxNoirmat_OMC_14.13.26.jpg?v=1728565570,"Complete list of ingredients

noir mat : ingredients: octyldodecyl stearoyl stearate, cocos nucifera oil, c10-18 triglycerides, copernicia cerifera cera, hydrogenated vegetable oil, silica, polyglyceryl-3 diisostearate, tocopherol, oryzanol, glyceryl caprylate, ci 77499

brun mat : ingredients: octyldodecyl stearoyl stearate, cocos nucifera oil, c10-18 triglycerides, copernicia cerifera cera, hydrogenated vegetable oil, silica, polyglyceryl-3 diisostearate, tocopherol, oryzanol, glyceryl caprylate, ci 77499, ci 77491, ci 77492

marron lumineux : ingredients: octyldodecyl stearoyl stearate, cocos nucifera oil, mica, c10-18 triglycerides, copernicia cerifera cera, hydrogenated vegetable oil, silica, polyglyceryl-3 diisostearate, tocopherol, oryzanol, glyceryl caprylate, tin oxide, ci 77491, ci 77499, ci 77492, ci 77400, ci 77891

bleu lumineux : ingredients: octyldodecyl stearoyl stearate, cocos nucifera oil, c10-18 triglycerides, synthetic fluorphlogopite, copernicia cerifera cera, hydrogenated vegetable oil, polyglyceryl-3 diisostearate, mica, silica, tin oxide, tocopherol, oryzanol, glyceryl caprylate, ci 77891, ci 77499, ci 77510

kaki lumineux : ingredients: octyldodecyl stearoyl stearate, cocos nucifera oil, c10-18 triglycerides, mica, copernicia cerifera cera, hydrogenated vegetable oil, silica, polyglyceryl-3 diisostearate, tocopherol, oryzanol, kaolin, glyceryl caprylate, ci 77499, ci 77891, ci 77492, ci 77007, ci 77491

this list of ingredients is subject to change; please refer to the packaging of the purchased product.",'4.0,2
Make Up,Eyes,'7998483005612,'43640025055404,Oh My Cream Skincare,Eye Pencil,https://ohmycream.co.uk/collections/make-up-eye/products/oh-my-cream-skincare-eye-pencil?variant=43640025055404,https://cdn.shopify.com/s/files/1/0555/4071/1596/files/CrayonyeuxKakilumineux_OMC.jpg?v=1728565570,"Complete list of ingredients

noir mat : ingredients: octyldodecyl stearoyl stearate, cocos nucifera oil, c10-18 triglycerides, copernicia cerifera cera, hydrogenated vegetable oil, silica, polyglyceryl-3 diisostearate, tocopherol, oryzanol, glyceryl caprylate, ci 77499

brun mat : ingredients: octyldodecyl stearoyl stearate, cocos nucifera oil, c10-18 triglycerides, copernicia cerifera cera, hydrogenated vegetable oil, silica, polyglyceryl-3 diisostearate, tocopherol, oryzanol, glyceryl caprylate, ci 77499, ci 77491, ci 77492

marron lumineux : ingredients: octyldodecyl stearoyl stearate, cocos nucifera oil, mica, c10-18 triglycerides, copernicia cerifera cera, hydrogenated vegetable oil, silica, polyglyceryl-3 diisostearate, tocopherol, oryzanol, glyceryl caprylate, tin oxide, ci 77491, ci 77499, ci 77492, ci 77400, ci 77891

bleu lumineux : ingredients: octyldodecyl stearoyl stearate, cocos nucifera oil, c10-18 triglycerides, synthetic fluorphlogopite, copernicia cerifera cera, hydrogenated vegetable oil, polyglyceryl-3 diisostearate, mica, silica, tin oxide, tocopherol, oryzanol, glyceryl caprylate, ci 77891, ci 77499, ci 77510

kaki lumineux : ingredients: octyldodecyl stearoyl stearate, cocos nucifera oil, c10-18 triglycerides, mica, copernicia cerifera cera, hydrogenated vegetable oil, silica, polyglyceryl-3 diisostearate, tocopherol, oryzanol, kaolin, glyceryl caprylate, ci 77499, ci 77891, ci 77492, ci 77007, ci 77491

this list of ingredients is subject to change; please refer to the packaging of the purchased product.",'4.0,2
Make Up,Eyes,'7383285104812,'41811533201580,Ilia,Fullest Volumizing,https://ohmycream.co.uk/collections/make-up-eye/products/ilia-fullest-volumizing?variant=41811533201580,https://cdn.shopify.com/s/files/1/0555/4071/1596/products/Ilia_Volumizing_Mascara__TINY.jpg?v=1658165536,"Complete list of ingredients

aqua/water/eau, cera alba/beeswax/cire d'abeille, synthetic beeswax, glyceryl stearate, glycerin, cera carnauba/copernicia cerifera (carnauba) wax/cire de carnauba, dimer dilinoleyl dimer dilinoleate, stearic acid, palmitic acid, ethylhexyl polyhydroxystearate, polyglyceryl-6 polyricinoleate, jojoba esters, acacia senegal gum, panthenol, benzyl alcohol, caprylyl glycol, sodium hydroxide, xanthan gum, caprylhydroxamic acid, arginine, lauric acid, myristic acid, arachidic acid, oleic acid, tocopherol. may contain/peut contenir (±): ci 77499 (iron oxide).

this list of ingredients is subject to change; please refer to the packaging of the purchased product.",'3.5,20
Make Up,Eyes,'15152511484284,'55074666643836,Les Filles En Rouje,Charme Palette,https://ohmycream.co.uk/collections/make-up-eye/products/les-filles-en-rouje-charme-palette?variant=55074666643836,https://cdn.shopify.com/s/files/1/0555/4071/1596/files/202503_LesFillesEnRouje_Palettecharme_Packshot.jpg?v=1745400940,"Complete list of ingredients

octyldodecanol, oleic/linoleic/linolenic polyglycerides, ricinus communis (castor) seed oil, dipentaerythrityl tetrahydroxystearate/tetraisostearate, butyrospermum parkii butter (butyrospermum parkii (shea) butter), silica, synthetic wax, calcium sodium borosilicate, copernicia cerifera cera (copernicia cerifera (carnauba) wax), synthetic fluorphlogopite, tocopheryl acetate, tin oxide +/- (may contain):ci 77891 (titanium dioxide), ci 15850 (red 7 lake), ci 77492 (iron oxides), ci 42090 (blue 1 lake)

this list of ingredients is subject to change; please refer to the packaging of the purchased product.",',0
Make Up,Eyes,'14826490626428,'53624999412092,Victoria Beckham Beauty,FeatherFix,https://ohmycream.co.uk/collections/make-up-eye/products/victoria-beckham-beauty-featherfix?variant=53624999412092,https://cdn.shopify.com/s/files/1/0555/4071/1596/files/2024_12_VictoriaBeckhamBeauty_FeatherFixGelaSourcilsLiquideCrystalClear_Packshot.jpg?v=1735034129,"Complete list of ingredients

crystal clear water/aqua/eau, alcohol denat., pvp, vinyl caprolactam/vp/dimethylaminoethyl methacrylate copolymer, glycerin, propanediol, myrothamnus flabellifolia leaf/stem extract, panthenol, biotin, 1,2-hexanediol, acrylates/c10-30 alkyl acrylate crosspolymer, caprylyl glycol, sodium hydroxide, citric acid.

blonde water/aqua/eau, alcohol denat., pvp, vinyl caprolactam/vp/dimethylaminoethyl methacrylate copolymer, glycerin, propanediol, myrothamnus flabellifolia leaf/stem extract, panthenol, biotin, 1,2-hexanediol, acrylates/c10-30 alkyl acrylate crosspolymer, caprylyl glycol, sodium hydroxide, citric acid.

light brunette water/aqua/eau, alcohol denat., pvp, vinyl caprolactam/vp/dimethylaminoethyl methacrylate copolymer, glycerin, propanediol, myrothamnus flabellifolia leaf/stem extract, panthenol, biotin, 1,2-hexanediol, acrylates/c10-30 alkyl acrylate crosspolymer, caprylyl glycol, sodium hydroxide, citric acid.

medium brunette water/aqua/eau, alcohol denat., pvp, vinyl caprolactam/vp/dimethylaminoethyl methacrylate copolymer, glycerin, propanediol, myrothamnus flabellifolia leaf/stem extract, panthenol, biotin, 1,2-hexanediol, acrylates/c10-30 alkyl acrylate crosspolymer, caprylyl glycol, sodium hydroxide, citric acid.",'4.8,5
Make Up,Eyes,'14826490626428,'53624999477628,Victoria Beckham Beauty,FeatherFix,https://ohmycream.co.uk/collections/make-up-eye/products/victoria-beckham-beauty-featherfix?variant=53624999477628,https://cdn.shopify.com/s/files/1/0555/4071/1596/files/2024_12_VictoriaBeckhamBeauty_FeatherFixGelaSourcilsLiquideBlonde_Packshot.jpg?v=1735034129,"Complete list of ingredients

crystal clear water/aqua/eau, alcohol denat., pvp, vinyl caprolactam/vp/dimethylaminoethyl methacrylate copolymer, glycerin, propanediol, myrothamnus flabellifolia leaf/stem extract, panthenol, biotin, 1,2-hexanediol, acrylates/c10-30 alkyl acrylate crosspolymer, caprylyl glycol, sodium hydroxide, citric acid.

blonde water/aqua/eau, alcohol denat., pvp, vinyl caprolactam/vp/dimethylaminoethyl methacrylate copolymer, glycerin, propanediol, myrothamnus flabellifolia leaf/stem extract, panthenol, biotin, 1,2-hexanediol, acrylates/c10-30 alkyl acrylate crosspolymer, caprylyl glycol, sodium hydroxide, citric acid.

light brunette water/aqua/eau, alcohol denat., pvp, vinyl caprolactam/vp/dimethylaminoethyl methacrylate copolymer, glycerin, propanediol, myrothamnus flabellifolia leaf/stem extract, panthenol, biotin, 1,2-hexanediol, acrylates/c10-30 alkyl acrylate crosspolymer, caprylyl glycol, sodium hydroxide, citric acid.

medium brunette water/aqua/eau, alcohol denat., pvp, vinyl caprolactam/vp/dimethylaminoethyl methacrylate copolymer, glycerin, propanediol, myrothamnus flabellifolia leaf/stem extract, panthenol, biotin, 1,2-hexanediol, acrylates/c10-30 alkyl acrylate crosspolymer, caprylyl glycol, sodium hydroxide, citric acid.",'4.8,5
Make Up,Eyes,'14826490626428,'53624999510396,Victoria Beckham Beauty,FeatherFix,https://ohmycream.co.uk/collections/make-up-eye/products/victoria-beckham-beauty-featherfix?variant=53624999510396,https://cdn.shopify.com/s/files/1/0555/4071/1596/files/2024_12_VictoriaBeckhamBeauty_FeatherFixGelaSourcilsLiquideLightBrunette_Packshot.jpg?v=1735034129,"Complete list of ingredients

crystal clear water/aqua/eau, alcohol denat., pvp, vinyl caprolactam/vp/dimethylaminoethyl methacrylate copolymer, glycerin, propanediol, myrothamnus flabellifolia leaf/stem extract, panthenol, biotin, 1,2-hexanediol, acrylates/c10-30 alkyl acrylate crosspolymer, caprylyl glycol, sodium hydroxide, citric acid.

blonde water/aqua/eau, alcohol denat., pvp, vinyl caprolactam/vp/dimethylaminoethyl methacrylate copolymer, glycerin, propanediol, myrothamnus flabellifolia leaf/stem extract, panthenol, biotin, 1,2-hexanediol, acrylates/c10-30 alkyl acrylate crosspolymer, caprylyl glycol, sodium hydroxide, citric acid.

light brunette water/aqua/eau, alcohol denat., pvp, vinyl caprolactam/vp/dimethylaminoethyl methacrylate copolymer, glycerin, propanediol, myrothamnus flabellifolia leaf/stem extract, panthenol, biotin, 1,2-hexanediol, acrylates/c10-30 alkyl acrylate crosspolymer, caprylyl glycol, sodium hydroxide, citric acid.

medium brunette water/aqua/eau, alcohol denat., pvp, vinyl caprolactam/vp/dimethylaminoethyl methacrylate copolymer, glycerin, propanediol, myrothamnus flabellifolia leaf/stem extract, panthenol, biotin, 1,2-hexanediol, acrylates/c10-30 alkyl acrylate crosspolymer, caprylyl glycol, sodium hydroxide, citric acid.",'4.8,5
Make Up,Eyes,'14826490626428,'53624999444860,Victoria Beckham Beauty,FeatherFix,https://ohmycream.co.uk/collections/make-up-eye/products/victoria-beckham-beauty-featherfix?variant=53624999444860,https://cdn.shopify.com/s/files/1/0555/4071/1596/files/2024_12_VictoriaBeckhamBeauty_FeatherFixGelaSourcilsLiquideMediumBrunette_Packshot.jpg?v=1735034129,"Complete list of ingredients

crystal clear water/aqua/eau, alcohol denat., pvp, vinyl caprolactam/vp/dimethylaminoethyl methacrylate copolymer, glycerin, propanediol, myrothamnus flabellifolia leaf/stem extract, panthenol, biotin, 1,2-hexanediol, acrylates/c10-30 alkyl acrylate crosspolymer, caprylyl glycol, sodium hydroxide, citric acid.

blonde water/aqua/eau, alcohol denat., pvp, vinyl caprolactam/vp/dimethylaminoethyl methacrylate copolymer, glycerin, propanediol, myrothamnus flabellifolia leaf/stem extract, panthenol, biotin, 1,2-hexanediol, acrylates/c10-30 alkyl acrylate crosspolymer, caprylyl glycol, sodium hydroxide, citric acid.

light brunette water/aqua/eau, alcohol denat., pvp, vinyl caprolactam/vp/dimethylaminoethyl methacrylate copolymer, glycerin, propanediol, myrothamnus flabellifolia leaf/stem extract, panthenol, biotin, 1,2-hexanediol, acrylates/c10-30 alkyl acrylate crosspolymer, caprylyl glycol, sodium hydroxide, citric acid.

medium brunette water/aqua/eau, alcohol denat., pvp, vinyl caprolactam/vp/dimethylaminoethyl methacrylate copolymer, glycerin, propanediol, myrothamnus flabellifolia leaf/stem extract, panthenol, biotin, 1,2-hexanediol, acrylates/c10-30 alkyl acrylate crosspolymer, caprylyl glycol, sodium hydroxide, citric acid.",'4.8,5
Make Up,Eyes,'7383239688364,'41811442368684,RMS Beauty,Straight Up Volumizing Peptide Mascara,https://ohmycream.co.uk/collections/make-up-eye/products/rms-straight-up-volumizing-peptide-mascara?variant=41811442368684,https://cdn.shopify.com/s/files/1/0555/4071/1596/products/RMB_Beauty_Straight_Up_Volumizing_Peptide_Mascara_TINY.jpg?v=1658162541,"Complete list of ingredients

water/aqua/eau, euphorbia cerifera (candelilla) wax/candelilla cera/cire de candelilla, *butyrospermum parkii (shea) butter, polyglyceryl-6 distearate, glycerin, dimer dilinoleyl dimer dilinoleate, copernicia cerifera (carnauba) wax/cera carnauba/cire de carnauba, polyglyceryl-10 myristate, cetyl alcohol, glyceryl caprylate, leuconostoc/radish root ferment filtrate, *zea mays (corn) starch (non-gmo), butylene glycol, xanthan gum, arginine, phenethyl alcohol, portulaca grandiflora extract, camellia sinensis (white tea) leaf extract, glycoproteins, oligopeptide-2, iron oxides (ci 77499). * organic

this list of ingredients is subject to change; please refer to the packaging of the purchased product.",'4.6,75
Make Up,Eyes,'15174957957500,'55102367826300,RMS Beauty,Straight Up Volumizing Peptide Mascara Travel Size,https://ohmycream.co.uk/collections/make-up-eye/products/rms-beauty-straight-up-volumizing-peptide-mascara-travel?variant=55102367826300,https://cdn.shopify.com/s/files/1/0555/4071/1596/files/202504_RMS_Beauty_Straight_Up_Mascara_Travel_Size_Packshot_1.png?v=1744897520,"Complete list of ingredients

water/aqua/eau, euphorbia cerifera (candelilla) wax/candelilla cera/cire de candelilla, *butyrospermum parkii (shea) butter, polyglyceryl-6 distearate, glycerin, dimer dilinoleyl dimer dilinoleate, copernicia cerifera (carnauba) wax/cera carnauba/cire de carnauba, polyglyceryl-10 myristate, cetyl alcohol, glyceryl caprylate, leuconostoc/radish root ferment filtrate, *zea mays (corn) starch (non-gmo), butylene glycol, xanthan gum, arginine, phenethyl alcohol, portulaca grandiflora extract, camellia sinensis (white tea) leaf extract, glycoproteins, oligopeptide-2, iron oxides (ci 77499). * organic

this list of ingredients is subject to change; please refer to the packaging of the purchased product.",'5.0,1
Make Up,Eyes,'7792686792876,'43066984792236,Goop Beauty,Featherlash Lifting Serum Mascara,https://ohmycream.co.uk/collections/make-up-eye/products/goop-beauty-featherlash-lifting-serum-mascara?variant=43066984792236,https://cdn.shopify.com/s/files/1/0555/4071/1596/files/2024_07_Goop_Mascara_serum_Packshot.jpg?v=1721730136,"Complete list of ingredients

water/aqua/eau, glyceryl stearate, hydrogenated jojoba oil, stearic acid, copernicia cerifera (carnauba) cera, glycerin, pentylene glycol, acacia senegal (gum arabic) gum, oryza sativa (rice) bran wax, shorea robusta (shala) resin, oleic/linoleic/linolenic polyglycerides, octyldodecanol, aminomethyl propanol, tocopherol, biotinoyl tripeptide-1, isochrysis galbana extract, panthenol, biotin, hyaluronic acid, leuconostoc/radish root ferment filtrate, lactobacillus, xanthan gum, cocos nucifera (coconut) fruit extract, [iron oxides (ci 77499)].

this list of ingredients is subject to change; please refer to the packaging of the purchased product.",'3.7,3
Make Up,Eyes,'14826490823036,'53624999739772,Victoria Beckham Beauty,Instant Brightening Waterline Pencil,https://ohmycream.co.uk/collections/make-up-eye/products/victoria-beckham-beauty-instant-brightening-waterline-pencil?variant=53624999739772,https://cdn.shopify.com/s/files/1/0555/4071/1596/files/VictoriaBeckhamBeauty_InstantBrighteningWaterlinePencilNeutral_Packshot.jpg?v=1736520148,"Complete list of ingredients

ethylhexyl palmitate, synthetic wax, zeolite, mica, stearyl dimethicone, bis-diglyceryl polyacyladipate-2, hydrogenated polydicyclopentadiene, polyethylene, diisostearyl malate, octadecene, pentaerythrityl tetra-di-t-butyl hydroxyhydrocinnamate, aloe barbadensis leaf juice, propanediol, panax ginseng root extract, titanium dioxide (ci 77891), iron oxides (ci 77491, ci 77492, ci 77499), yellow 5 lake (ci 19140).

this list of ingredients is subject to change; please refer to the packaging of the purchased product.",'5.0,3
Make Up,Eyes,'7383231987884,'41811432767660,Ilia,Clean Line Liquid Liner,https://ohmycream.co.uk/collections/make-up-eye/products/ilia-clean-line-liquid-liner?variant=41811432767660,https://cdn.shopify.com/s/files/1/0555/4071/1596/products/818107022111_ILIA_CLEAN-LINE-EYE-LINER-LIQUID_TINY.jpg?v=1658162458,"Complete list of ingredients

aqua/water/eau, charcoal powder, styrene/acrylates copolymer, butylene glycol, 1,2-hexanediol, diglycerin, polyglyceryl-10isostearate, polyglyceryl-10laurate, pentylene glycol, phenoxyethanol, citric acid, caprylyl glycol, ethylhexylglycerin.

this list of ingredients is subject to change; please refer to the packaging of the purchased product.",'4.0,40
Make Up,Eyes,'7938055307436,'43483098808492,Ilia,Fullest Volumizing Mascara Travel Size,https://ohmycream.co.uk/collections/make-up-eye/products/ilia-fullest-volumizing-mascara-travel-size?variant=43483098808492,https://cdn.shopify.com/s/files/1/0555/4071/1596/files/MiniFullestMascara_Ilia.jpg?v=1717154354,"Complete list of ingredients

aqua/water/eau, cera alba/beeswax/cire d'abeille, synthetic beeswax, glyceryl stearate, glycerin, cera carnauba/copernicia cerifera (carnauba) wax/cire de carnauba, dimer dilinoleyl dimer dilinoleate, stearic acid, palmitic acid, ethylhexyl polyhydroxystearate, polyglyceryl-6 polyricinoleate, jojoba esters, acacia senegal gum, panthenol, benzyl alcohol, caprylyl glycol, sodium hydroxide, xanthan gum, caprylhydroxamic acid, arginine, lauric acid, myristic acid, arachidic acid, oleic acid, tocopherol. may contain/peut contenir (±): ci 77499 (iron oxide).

this list of ingredients is subject to change; please refer to the packaging of the purchased product.",'3.7,3
Make Up,Eyes,'7713196769452,'43635700564140,Oh My Cream Skincare,Eyeshadow Stick,https://ohmycream.co.uk/collections/make-up-eye/products/oh-my-cream-skincare-eyeshadow-stick?variant=43635700564140,https://cdn.shopify.com/s/files/1/0555/4071/1596/files/2024_07_OMCS_Ombre_a_paupieres_stick_Rose_Packshot.jpg?v=1721727904,"Complete list of ingredients

champagne ingredients: octyldodecanol, triheptanoin, isodecyl neopentanoate, aluminum calcium sodium silicate, oryza sativa bran wax (oryza sativa (rice) bran wax ), mica, vp/hexadecene copolymer, helianthus annuus seed cera (helianthus annuus (sunflower) seed wax), candelilla cera (euphorbia cerifera (candelilla) wax), silica, dicalcium phosphate, calcium sodium borosilicate, oryza sativa bran oil (oryza sativa (rice) bran oil), vegetable oil, hydrogenated castor oil, rhus succedanea fruit cera (rhus succedanea fruit wax), synthetic fluorphlogopite, hydrogenated olive oil, disteardimonium hectorite, carthamus tinctorius seed oil (carthamus tinctorius (safflower) seed oil), olea europaea fruit oil (olea europaea (olive) fruit oil), tocopheryl acetate, aloe barbadensis leaf extract, pentaerythrityl tetra-di-t-butyl hydroxyhydrocinnamate, olea europaea oil unsaponifiables (olea europaea (olive) oil unsaponifiables), tin oxide. +/- (may contain): ci 77891 (titanium dioxide), ci 77491 (iron oxides)

bronze ngredients: octyldodecanol, triheptanoin, isodecyl neopentanoate, mica, oryza sativa bran wax (oryza sativa (rice) bran wax ), vp/hexadecene copolymer, helianthus annuus seed cera (helianthus annuus (sunflower) seed wax), candelilla cera (euphorbia cerifera (candelilla) wax), dicalcium phosphate, silica, oryza sativa bran oil (oryza sativa (rice) bran oil), vegetable oil, hydrogenated castor oil, rhus succedanea fruit cera (rhus succedanea fruit wax), hydrogenated olive oil, disteardimonium hectorite, carthamus tinctorius seed oil (carthamus tinctorius (safflower) seed oil), olea europaea fruit oil (olea europaea (olive) fruit oil), tocopheryl acetate, aloe barbadensis leaf extract, pentaerythrityl tetra-di-t-butyl hydroxyhydrocinnamate, olea europaea oil unsaponifiables (olea europaea (olive) oil unsaponifiables), tin oxide. +/- may contain: ci 77491 (iron oxides), ci 77891 (titanium dioxide), ci 77499 (iron oxides

rose ngredients: octyldodecanol, triheptanoin, isodecyl neopentanoate, mica, oryza sativa bran wax (oryza sativa (rice) bran wax ), vp/hexadecene copolymer, helianthus annuus seed cera (helianthus annuus (sunflower) seed wax), candelilla cera (euphorbia cerifera (candelilla) wax), silica, dicalcium phosphate, oryza sativa bran oil (oryza sativa (rice) bran oil), vegetable oil, hydrogenated castor oil, rhus succedanea fruit cera (rhus succedanea fruit wax), synthetic fluorphlogopite, hydrogenated olive oil, disteardimonium hectorite, carthamus tinctorius seed oil (carthamus tinctorius (safflower) seed oil), olea europaea fruit oil (olea europaea (olive) fruit oil), tocopheryl acetate, aloe barbadensis leaf extract, pentaerythrityl tetra-di-t-butyl hydroxyhydrocinnamate, olea europaea oil unsaponifiables (olea europaea (olive) oil unsaponifiables), tin oxide. +/- may contain: ci 77491 (iron oxides), ci 77891 (titanium dioxide), ci 77499 (iron oxides)

kaki ingredients: octyldodecanol, triheptanoin, mica, isodecyl neopentanoate, oryza sativa bran wax (oryza sativa (rice) bran wax ), vp/hexadecene copolymer, helianthus annuus seed cera (helianthus annuus (sunflower) seed wax), candelilla cera (euphorbia cerifera (candelilla) wax), dicalcium phosphate, silica, oryza sativa bran oil (oryza sativa (rice) bran oil), vegetable oil, hydrogenated castor oil, rhus succedanea fruit cera (rhus succedanea fruit wax), hydrogenated olive oil, disteardimonium hectorite, carthamus tinctorius seed oil (carthamus tinctorius (safflower) seed oil), olea europaea fruit oil (olea europaea (olive) fruit oil), tocopheryl acetate, aloe barbadensis leaf extract, pentaerythrityl tetra-di-t-butyl hydroxyhydrocinnamate, olea europaea oil unsaponifiables (olea europaea (olive) oil unsaponifiables). +/- may contain: ci 77891 (titanium dioxide), ci 77491 (iron oxides), ci 77499 (iron oxides), ci 77510 (ferric ferrocyanide)

this list of ingredients is subject to change; please refer to the packaging of the purchased product.",'5.0,18
Make Up,Eyes,'7713196769452,'43635700531372,Oh My Cream Skincare,Eyeshadow Stick,https://ohmycream.co.uk/collections/make-up-eye/products/oh-my-cream-skincare-eyeshadow-stick?variant=43635700531372,https://cdn.shopify.com/s/files/1/0555/4071/1596/files/2024_07_OMCS_Ombre_a_paupieres_stick_Kaki_Packshot.jpg?v=1721727904,"Complete list of ingredients

champagne ingredients: octyldodecanol, triheptanoin, isodecyl neopentanoate, aluminum calcium sodium silicate, oryza sativa bran wax (oryza sativa (rice) bran wax ), mica, vp/hexadecene copolymer, helianthus annuus seed cera (helianthus annuus (sunflower) seed wax), candelilla cera (euphorbia cerifera (candelilla) wax), silica, dicalcium phosphate, calcium sodium borosilicate, oryza sativa bran oil (oryza sativa (rice) bran oil), vegetable oil, hydrogenated castor oil, rhus succedanea fruit cera (rhus succedanea fruit wax), synthetic fluorphlogopite, hydrogenated olive oil, disteardimonium hectorite, carthamus tinctorius seed oil (carthamus tinctorius (safflower) seed oil), olea europaea fruit oil (olea europaea (olive) fruit oil), tocopheryl acetate, aloe barbadensis leaf extract, pentaerythrityl tetra-di-t-butyl hydroxyhydrocinnamate, olea europaea oil unsaponifiables (olea europaea (olive) oil unsaponifiables), tin oxide. +/- (may contain): ci 77891 (titanium dioxide), ci 77491 (iron oxides)

bronze ngredients: octyldodecanol, triheptanoin, isodecyl neopentanoate, mica, oryza sativa bran wax (oryza sativa (rice) bran wax ), vp/hexadecene copolymer, helianthus annuus seed cera (helianthus annuus (sunflower) seed wax), candelilla cera (euphorbia cerifera (candelilla) wax), dicalcium phosphate, silica, oryza sativa bran oil (oryza sativa (rice) bran oil), vegetable oil, hydrogenated castor oil, rhus succedanea fruit cera (rhus succedanea fruit wax), hydrogenated olive oil, disteardimonium hectorite, carthamus tinctorius seed oil (carthamus tinctorius (safflower) seed oil), olea europaea fruit oil (olea europaea (olive) fruit oil), tocopheryl acetate, aloe barbadensis leaf extract, pentaerythrityl tetra-di-t-butyl hydroxyhydrocinnamate, olea europaea oil unsaponifiables (olea europaea (olive) oil unsaponifiables), tin oxide. +/- may contain: ci 77491 (iron oxides), ci 77891 (titanium dioxide), ci 77499 (iron oxides

rose ngredients: octyldodecanol, triheptanoin, isodecyl neopentanoate, mica, oryza sativa bran wax (oryza sativa (rice) bran wax ), vp/hexadecene copolymer, helianthus annuus seed cera (helianthus annuus (sunflower) seed wax), candelilla cera (euphorbia cerifera (candelilla) wax), silica, dicalcium phosphate, oryza sativa bran oil (oryza sativa (rice) bran oil), vegetable oil, hydrogenated castor oil, rhus succedanea fruit cera (rhus succedanea fruit wax), synthetic fluorphlogopite, hydrogenated olive oil, disteardimonium hectorite, carthamus tinctorius seed oil (carthamus tinctorius (safflower) seed oil), olea europaea fruit oil (olea europaea (olive) fruit oil), tocopheryl acetate, aloe barbadensis leaf extract, pentaerythrityl tetra-di-t-butyl hydroxyhydrocinnamate, olea europaea oil unsaponifiables (olea europaea (olive) oil unsaponifiables), tin oxide. +/- may contain: ci 77491 (iron oxides), ci 77891 (titanium dioxide), ci 77499 (iron oxides)

kaki ingredients: octyldodecanol, triheptanoin, mica, isodecyl neopentanoate, oryza sativa bran wax (oryza sativa (rice) bran wax ), vp/hexadecene copolymer, helianthus annuus seed cera (helianthus annuus (sunflower) seed wax), candelilla cera (euphorbia cerifera (candelilla) wax), dicalcium phosphate, silica, oryza sativa bran oil (oryza sativa (rice) bran oil), vegetable oil, hydrogenated castor oil, rhus succedanea fruit cera (rhus succedanea fruit wax), hydrogenated olive oil, disteardimonium hectorite, carthamus tinctorius seed oil (carthamus tinctorius (safflower) seed oil), olea europaea fruit oil (olea europaea (olive) fruit oil), tocopheryl acetate, aloe barbadensis leaf extract, pentaerythrityl tetra-di-t-butyl hydroxyhydrocinnamate, olea europaea oil unsaponifiables (olea europaea (olive) oil unsaponifiables). +/- may contain: ci 77891 (titanium dioxide), ci 77491 (iron oxides), ci 77499 (iron oxides), ci 77510 (ferric ferrocyanide)

this list of ingredients is subject to change; please refer to the packaging of the purchased product.",'5.0,18
Make Up,Eyes,'7713196769452,'43635700498604,Oh My Cream Skincare,Eyeshadow Stick,https://ohmycream.co.uk/collections/make-up-eye/products/oh-my-cream-skincare-eyeshadow-stick?variant=43635700498604,https://cdn.shopify.com/s/files/1/0555/4071/1596/files/2024_07_OMCS_Ombre_a_paupieres_stick_Bronze_Packshot.jpg?v=1721727904,"Complete list of ingredients

champagne ingredients: octyldodecanol, triheptanoin, isodecyl neopentanoate, aluminum calcium sodium silicate, oryza sativa bran wax (oryza sativa (rice) bran wax ), mica, vp/hexadecene copolymer, helianthus annuus seed cera (helianthus annuus (sunflower) seed wax), candelilla cera (euphorbia cerifera (candelilla) wax), silica, dicalcium phosphate, calcium sodium borosilicate, oryza sativa bran oil (oryza sativa (rice) bran oil), vegetable oil, hydrogenated castor oil, rhus succedanea fruit cera (rhus succedanea fruit wax), synthetic fluorphlogopite, hydrogenated olive oil, disteardimonium hectorite, carthamus tinctorius seed oil (carthamus tinctorius (safflower) seed oil), olea europaea fruit oil (olea europaea (olive) fruit oil), tocopheryl acetate, aloe barbadensis leaf extract, pentaerythrityl tetra-di-t-butyl hydroxyhydrocinnamate, olea europaea oil unsaponifiables (olea europaea (olive) oil unsaponifiables), tin oxide. +/- (may contain): ci 77891 (titanium dioxide), ci 77491 (iron oxides)

bronze ngredients: octyldodecanol, triheptanoin, isodecyl neopentanoate, mica, oryza sativa bran wax (oryza sativa (rice) bran wax ), vp/hexadecene copolymer, helianthus annuus seed cera (helianthus annuus (sunflower) seed wax), candelilla cera (euphorbia cerifera (candelilla) wax), dicalcium phosphate, silica, oryza sativa bran oil (oryza sativa (rice) bran oil), vegetable oil, hydrogenated castor oil, rhus succedanea fruit cera (rhus succedanea fruit wax), hydrogenated olive oil, disteardimonium hectorite, carthamus tinctorius seed oil (carthamus tinctorius (safflower) seed oil), olea europaea fruit oil (olea europaea (olive) fruit oil), tocopheryl acetate, aloe barbadensis leaf extract, pentaerythrityl tetra-di-t-butyl hydroxyhydrocinnamate, olea europaea oil unsaponifiables (olea europaea (olive) oil unsaponifiables), tin oxide. +/- may contain: ci 77491 (iron oxides), ci 77891 (titanium dioxide), ci 77499 (iron oxides

rose ngredients: octyldodecanol, triheptanoin, isodecyl neopentanoate, mica, oryza sativa bran wax (oryza sativa (rice) bran wax ), vp/hexadecene copolymer, helianthus annuus seed cera (helianthus annuus (sunflower) seed wax), candelilla cera (euphorbia cerifera (candelilla) wax), silica, dicalcium phosphate, oryza sativa bran oil (oryza sativa (rice) bran oil), vegetable oil, hydrogenated castor oil, rhus succedanea fruit cera (rhus succedanea fruit wax), synthetic fluorphlogopite, hydrogenated olive oil, disteardimonium hectorite, carthamus tinctorius seed oil (carthamus tinctorius (safflower) seed oil), olea europaea fruit oil (olea europaea (olive) fruit oil), tocopheryl acetate, aloe barbadensis leaf extract, pentaerythrityl tetra-di-t-butyl hydroxyhydrocinnamate, olea europaea oil unsaponifiables (olea europaea (olive) oil unsaponifiables), tin oxide. +/- may contain: ci 77491 (iron oxides), ci 77891 (titanium dioxide), ci 77499 (iron oxides)

kaki ingredients: octyldodecanol, triheptanoin, mica, isodecyl neopentanoate, oryza sativa bran wax (oryza sativa (rice) bran wax ), vp/hexadecene copolymer, helianthus annuus seed cera (helianthus annuus (sunflower) seed wax), candelilla cera (euphorbia cerifera (candelilla) wax), dicalcium phosphate, silica, oryza sativa bran oil (oryza sativa (rice) bran oil), vegetable oil, hydrogenated castor oil, rhus succedanea fruit cera (rhus succedanea fruit wax), hydrogenated olive oil, disteardimonium hectorite, carthamus tinctorius seed oil (carthamus tinctorius (safflower) seed oil), olea europaea fruit oil (olea europaea (olive) fruit oil), tocopheryl acetate, aloe barbadensis leaf extract, pentaerythrityl tetra-di-t-butyl hydroxyhydrocinnamate, olea europaea oil unsaponifiables (olea europaea (olive) oil unsaponifiables). +/- may contain: ci 77891 (titanium dioxide), ci 77491 (iron oxides), ci 77499 (iron oxides), ci 77510 (ferric ferrocyanide)

this list of ingredients is subject to change; please refer to the packaging of the purchased product.",'5.0,18
Make Up,Eyes,'7713196769452,'42801436655788,Oh My Cream Skincare,Eyeshadow Stick,https://ohmycream.co.uk/collections/make-up-eye/products/oh-my-cream-skincare-eyeshadow-stick?variant=42801436655788,https://cdn.shopify.com/s/files/1/0555/4071/1596/files/Ombre-a-paupieres-OMCS-_1.jpg?v=1721727916,"Complete list of ingredients

champagne ingredients: octyldodecanol, triheptanoin, isodecyl neopentanoate, aluminum calcium sodium silicate, oryza sativa bran wax (oryza sativa (rice) bran wax ), mica, vp/hexadecene copolymer, helianthus annuus seed cera (helianthus annuus (sunflower) seed wax), candelilla cera (euphorbia cerifera (candelilla) wax), silica, dicalcium phosphate, calcium sodium borosilicate, oryza sativa bran oil (oryza sativa (rice) bran oil), vegetable oil, hydrogenated castor oil, rhus succedanea fruit cera (rhus succedanea fruit wax), synthetic fluorphlogopite, hydrogenated olive oil, disteardimonium hectorite, carthamus tinctorius seed oil (carthamus tinctorius (safflower) seed oil), olea europaea fruit oil (olea europaea (olive) fruit oil), tocopheryl acetate, aloe barbadensis leaf extract, pentaerythrityl tetra-di-t-butyl hydroxyhydrocinnamate, olea europaea oil unsaponifiables (olea europaea (olive) oil unsaponifiables), tin oxide. +/- (may contain): ci 77891 (titanium dioxide), ci 77491 (iron oxides)

bronze ngredients: octyldodecanol, triheptanoin, isodecyl neopentanoate, mica, oryza sativa bran wax (oryza sativa (rice) bran wax ), vp/hexadecene copolymer, helianthus annuus seed cera (helianthus annuus (sunflower) seed wax), candelilla cera (euphorbia cerifera (candelilla) wax), dicalcium phosphate, silica, oryza sativa bran oil (oryza sativa (rice) bran oil), vegetable oil, hydrogenated castor oil, rhus succedanea fruit cera (rhus succedanea fruit wax), hydrogenated olive oil, disteardimonium hectorite, carthamus tinctorius seed oil (carthamus tinctorius (safflower) seed oil), olea europaea fruit oil (olea europaea (olive) fruit oil), tocopheryl acetate, aloe barbadensis leaf extract, pentaerythrityl tetra-di-t-butyl hydroxyhydrocinnamate, olea europaea oil unsaponifiables (olea europaea (olive) oil unsaponifiables), tin oxide. +/- may contain: ci 77491 (iron oxides), ci 77891 (titanium dioxide), ci 77499 (iron oxides

rose ngredients: octyldodecanol, triheptanoin, isodecyl neopentanoate, mica, oryza sativa bran wax (oryza sativa (rice) bran wax ), vp/hexadecene copolymer, helianthus annuus seed cera (helianthus annuus (sunflower) seed wax), candelilla cera (euphorbia cerifera (candelilla) wax), silica, dicalcium phosphate, oryza sativa bran oil (oryza sativa (rice) bran oil), vegetable oil, hydrogenated castor oil, rhus succedanea fruit cera (rhus succedanea fruit wax), synthetic fluorphlogopite, hydrogenated olive oil, disteardimonium hectorite, carthamus tinctorius seed oil (carthamus tinctorius (safflower) seed oil), olea europaea fruit oil (olea europaea (olive) fruit oil), tocopheryl acetate, aloe barbadensis leaf extract, pentaerythrityl tetra-di-t-butyl hydroxyhydrocinnamate, olea europaea oil unsaponifiables (olea europaea (olive) oil unsaponifiables), tin oxide. +/- may contain: ci 77491 (iron oxides), ci 77891 (titanium dioxide), ci 77499 (iron oxides)

kaki ingredients: octyldodecanol, triheptanoin, mica, isodecyl neopentanoate, oryza sativa bran wax (oryza sativa (rice) bran wax ), vp/hexadecene copolymer, helianthus annuus seed cera (helianthus annuus (sunflower) seed wax), candelilla cera (euphorbia cerifera (candelilla) wax), dicalcium phosphate, silica, oryza sativa bran oil (oryza sativa (rice) bran oil), vegetable oil, hydrogenated castor oil, rhus succedanea fruit cera (rhus succedanea fruit wax), hydrogenated olive oil, disteardimonium hectorite, carthamus tinctorius seed oil (carthamus tinctorius (safflower) seed oil), olea europaea fruit oil (olea europaea (olive) fruit oil), tocopheryl acetate, aloe barbadensis leaf extract, pentaerythrityl tetra-di-t-butyl hydroxyhydrocinnamate, olea europaea oil unsaponifiables (olea europaea (olive) oil unsaponifiables). +/- may contain: ci 77891 (titanium dioxide), ci 77491 (iron oxides), ci 77499 (iron oxides), ci 77510 (ferric ferrocyanide)

this list of ingredients is subject to change; please refer to the packaging of the purchased product.",'5.0,18
Make Up,Eyes,'7713196769452,'55480047174012,Oh My Cream Skincare,Eyeshadow Stick,https://ohmycream.co.uk/collections/make-up-eye/products/oh-my-cream-skincare-eyeshadow-stick?variant=55480047174012,https://cdn.shopify.com/s/files/1/0555/4071/1596/files/2024_09_OMCS_OPS_Rose_Mannequin_Carre.jpg?v=1725460036,"Complete list of ingredients

champagne ingredients: octyldodecanol, triheptanoin, isodecyl neopentanoate, aluminum calcium sodium silicate, oryza sativa bran wax (oryza sativa (rice) bran wax ), mica, vp/hexadecene copolymer, helianthus annuus seed cera (helianthus annuus (sunflower) seed wax), candelilla cera (euphorbia cerifera (candelilla) wax), silica, dicalcium phosphate, calcium sodium borosilicate, oryza sativa bran oil (oryza sativa (rice) bran oil), vegetable oil, hydrogenated castor oil, rhus succedanea fruit cera (rhus succedanea fruit wax), synthetic fluorphlogopite, hydrogenated olive oil, disteardimonium hectorite, carthamus tinctorius seed oil (carthamus tinctorius (safflower) seed oil), olea europaea fruit oil (olea europaea (olive) fruit oil), tocopheryl acetate, aloe barbadensis leaf extract, pentaerythrityl tetra-di-t-butyl hydroxyhydrocinnamate, olea europaea oil unsaponifiables (olea europaea (olive) oil unsaponifiables), tin oxide. +/- (may contain): ci 77891 (titanium dioxide), ci 77491 (iron oxides)

bronze ngredients: octyldodecanol, triheptanoin, isodecyl neopentanoate, mica, oryza sativa bran wax (oryza sativa (rice) bran wax ), vp/hexadecene copolymer, helianthus annuus seed cera (helianthus annuus (sunflower) seed wax), candelilla cera (euphorbia cerifera (candelilla) wax), dicalcium phosphate, silica, oryza sativa bran oil (oryza sativa (rice) bran oil), vegetable oil, hydrogenated castor oil, rhus succedanea fruit cera (rhus succedanea fruit wax), hydrogenated olive oil, disteardimonium hectorite, carthamus tinctorius seed oil (carthamus tinctorius (safflower) seed oil), olea europaea fruit oil (olea europaea (olive) fruit oil), tocopheryl acetate, aloe barbadensis leaf extract, pentaerythrityl tetra-di-t-butyl hydroxyhydrocinnamate, olea europaea oil unsaponifiables (olea europaea (olive) oil unsaponifiables), tin oxide. +/- may contain: ci 77491 (iron oxides), ci 77891 (titanium dioxide), ci 77499 (iron oxides

rose ngredients: octyldodecanol, triheptanoin, isodecyl neopentanoate, mica, oryza sativa bran wax (oryza sativa (rice) bran wax ), vp/hexadecene copolymer, helianthus annuus seed cera (helianthus annuus (sunflower) seed wax), candelilla cera (euphorbia cerifera (candelilla) wax), silica, dicalcium phosphate, oryza sativa bran oil (oryza sativa (rice) bran oil), vegetable oil, hydrogenated castor oil, rhus succedanea fruit cera (rhus succedanea fruit wax), synthetic fluorphlogopite, hydrogenated olive oil, disteardimonium hectorite, carthamus tinctorius seed oil (carthamus tinctorius (safflower) seed oil), olea europaea fruit oil (olea europaea (olive) fruit oil), tocopheryl acetate, aloe barbadensis leaf extract, pentaerythrityl tetra-di-t-butyl hydroxyhydrocinnamate, olea europaea oil unsaponifiables (olea europaea (olive) oil unsaponifiables), tin oxide. +/- may contain: ci 77491 (iron oxides), ci 77891 (titanium dioxide), ci 77499 (iron oxides)

kaki ingredients: octyldodecanol, triheptanoin, mica, isodecyl neopentanoate, oryza sativa bran wax (oryza sativa (rice) bran wax ), vp/hexadecene copolymer, helianthus annuus seed cera (helianthus annuus (sunflower) seed wax), candelilla cera (euphorbia cerifera (candelilla) wax), dicalcium phosphate, silica, oryza sativa bran oil (oryza sativa (rice) bran oil), vegetable oil, hydrogenated castor oil, rhus succedanea fruit cera (rhus succedanea fruit wax), hydrogenated olive oil, disteardimonium hectorite, carthamus tinctorius seed oil (carthamus tinctorius (safflower) seed oil), olea europaea fruit oil (olea europaea (olive) fruit oil), tocopheryl acetate, aloe barbadensis leaf extract, pentaerythrityl tetra-di-t-butyl hydroxyhydrocinnamate, olea europaea oil unsaponifiables (olea europaea (olive) oil unsaponifiables). +/- may contain: ci 77891 (titanium dioxide), ci 77491 (iron oxides), ci 77499 (iron oxides), ci 77510 (ferric ferrocyanide)

this list of ingredients is subject to change; please refer to the packaging of the purchased product.",'5.0,18
Make Up,Eyes,'7713196769452,'55480905433468,Oh My Cream Skincare,Eyeshadow Stick,https://ohmycream.co.uk/collections/make-up-eye/products/oh-my-cream-skincare-eyeshadow-stick?variant=55480905433468,https://cdn.shopify.com/s/files/1/0555/4071/1596/files/2024_09_OMCS_Ombre_a_Paupieres_Stick_Rose_Mannequin_6_Carre.jpg?v=1727185918,"Complete list of ingredients

champagne ingredients: octyldodecanol, triheptanoin, isodecyl neopentanoate, aluminum calcium sodium silicate, oryza sativa bran wax (oryza sativa (rice) bran wax ), mica, vp/hexadecene copolymer, helianthus annuus seed cera (helianthus annuus (sunflower) seed wax), candelilla cera (euphorbia cerifera (candelilla) wax), silica, dicalcium phosphate, calcium sodium borosilicate, oryza sativa bran oil (oryza sativa (rice) bran oil), vegetable oil, hydrogenated castor oil, rhus succedanea fruit cera (rhus succedanea fruit wax), synthetic fluorphlogopite, hydrogenated olive oil, disteardimonium hectorite, carthamus tinctorius seed oil (carthamus tinctorius (safflower) seed oil), olea europaea fruit oil (olea europaea (olive) fruit oil), tocopheryl acetate, aloe barbadensis leaf extract, pentaerythrityl tetra-di-t-butyl hydroxyhydrocinnamate, olea europaea oil unsaponifiables (olea europaea (olive) oil unsaponifiables), tin oxide. +/- (may contain): ci 77891 (titanium dioxide), ci 77491 (iron oxides)

bronze ngredients: octyldodecanol, triheptanoin, isodecyl neopentanoate, mica, oryza sativa bran wax (oryza sativa (rice) bran wax ), vp/hexadecene copolymer, helianthus annuus seed cera (helianthus annuus (sunflower) seed wax), candelilla cera (euphorbia cerifera (candelilla) wax), dicalcium phosphate, silica, oryza sativa bran oil (oryza sativa (rice) bran oil), vegetable oil, hydrogenated castor oil, rhus succedanea fruit cera (rhus succedanea fruit wax), hydrogenated olive oil, disteardimonium hectorite, carthamus tinctorius seed oil (carthamus tinctorius (safflower) seed oil), olea europaea fruit oil (olea europaea (olive) fruit oil), tocopheryl acetate, aloe barbadensis leaf extract, pentaerythrityl tetra-di-t-butyl hydroxyhydrocinnamate, olea europaea oil unsaponifiables (olea europaea (olive) oil unsaponifiables), tin oxide. +/- may contain: ci 77491 (iron oxides), ci 77891 (titanium dioxide), ci 77499 (iron oxides

rose ngredients: octyldodecanol, triheptanoin, isodecyl neopentanoate, mica, oryza sativa bran wax (oryza sativa (rice) bran wax ), vp/hexadecene copolymer, helianthus annuus seed cera (helianthus annuus (sunflower) seed wax), candelilla cera (euphorbia cerifera (candelilla) wax), silica, dicalcium phosphate, oryza sativa bran oil (oryza sativa (rice) bran oil), vegetable oil, hydrogenated castor oil, rhus succedanea fruit cera (rhus succedanea fruit wax), synthetic fluorphlogopite, hydrogenated olive oil, disteardimonium hectorite, carthamus tinctorius seed oil (carthamus tinctorius (safflower) seed oil), olea europaea fruit oil (olea europaea (olive) fruit oil), tocopheryl acetate, aloe barbadensis leaf extract, pentaerythrityl tetra-di-t-butyl hydroxyhydrocinnamate, olea europaea oil unsaponifiables (olea europaea (olive) oil unsaponifiables), tin oxide. +/- may contain: ci 77491 (iron oxides), ci 77891 (titanium dioxide), ci 77499 (iron oxides)

kaki ingredients: octyldodecanol, triheptanoin, mica, isodecyl neopentanoate, oryza sativa bran wax (oryza sativa (rice) bran wax ), vp/hexadecene copolymer, helianthus annuus seed cera (helianthus annuus (sunflower) seed wax), candelilla cera (euphorbia cerifera (candelilla) wax), dicalcium phosphate, silica, oryza sativa bran oil (oryza sativa (rice) bran oil), vegetable oil, hydrogenated castor oil, rhus succedanea fruit cera (rhus succedanea fruit wax), hydrogenated olive oil, disteardimonium hectorite, carthamus tinctorius seed oil (carthamus tinctorius (safflower) seed oil), olea europaea fruit oil (olea europaea (olive) fruit oil), tocopheryl acetate, aloe barbadensis leaf extract, pentaerythrityl tetra-di-t-butyl hydroxyhydrocinnamate, olea europaea oil unsaponifiables (olea europaea (olive) oil unsaponifiables). +/- may contain: ci 77891 (titanium dioxide), ci 77491 (iron oxides), ci 77499 (iron oxides), ci 77510 (ferric ferrocyanide)

this list of ingredients is subject to change; please refer to the packaging of the purchased product.",'5.0,18
Make Up,Eyes,'7713196769452,'55674721632636,Oh My Cream Skincare,Eyeshadow Stick,https://ohmycream.co.uk/collections/make-up-eye/products/oh-my-cream-skincare-eyeshadow-stick?variant=55674721632636,https://cdn.shopify.com/s/files/1/0555/4071/1596/files/2024_09_OMCS_Ombre_a_Paupieres_Stick_Kaki_Mannequin_Carre_607767db-2430-43d0-b3d1-72a885a65958.jpg?v=1725619143,"Complete list of ingredients

champagne ingredients: octyldodecanol, triheptanoin, isodecyl neopentanoate, aluminum calcium sodium silicate, oryza sativa bran wax (oryza sativa (rice) bran wax ), mica, vp/hexadecene copolymer, helianthus annuus seed cera (helianthus annuus (sunflower) seed wax), candelilla cera (euphorbia cerifera (candelilla) wax), silica, dicalcium phosphate, calcium sodium borosilicate, oryza sativa bran oil (oryza sativa (rice) bran oil), vegetable oil, hydrogenated castor oil, rhus succedanea fruit cera (rhus succedanea fruit wax), synthetic fluorphlogopite, hydrogenated olive oil, disteardimonium hectorite, carthamus tinctorius seed oil (carthamus tinctorius (safflower) seed oil), olea europaea fruit oil (olea europaea (olive) fruit oil), tocopheryl acetate, aloe barbadensis leaf extract, pentaerythrityl tetra-di-t-butyl hydroxyhydrocinnamate, olea europaea oil unsaponifiables (olea europaea (olive) oil unsaponifiables), tin oxide. +/- (may contain): ci 77891 (titanium dioxide), ci 77491 (iron oxides)

bronze ngredients: octyldodecanol, triheptanoin, isodecyl neopentanoate, mica, oryza sativa bran wax (oryza sativa (rice) bran wax ), vp/hexadecene copolymer, helianthus annuus seed cera (helianthus annuus (sunflower) seed wax), candelilla cera (euphorbia cerifera (candelilla) wax), dicalcium phosphate, silica, oryza sativa bran oil (oryza sativa (rice) bran oil), vegetable oil, hydrogenated castor oil, rhus succedanea fruit cera (rhus succedanea fruit wax), hydrogenated olive oil, disteardimonium hectorite, carthamus tinctorius seed oil (carthamus tinctorius (safflower) seed oil), olea europaea fruit oil (olea europaea (olive) fruit oil), tocopheryl acetate, aloe barbadensis leaf extract, pentaerythrityl tetra-di-t-butyl hydroxyhydrocinnamate, olea europaea oil unsaponifiables (olea europaea (olive) oil unsaponifiables), tin oxide. +/- may contain: ci 77491 (iron oxides), ci 77891 (titanium dioxide), ci 77499 (iron oxides

rose ngredients: octyldodecanol, triheptanoin, isodecyl neopentanoate, mica, oryza sativa bran wax (oryza sativa (rice) bran wax ), vp/hexadecene copolymer, helianthus annuus seed cera (helianthus annuus (sunflower) seed wax), candelilla cera (euphorbia cerifera (candelilla) wax), silica, dicalcium phosphate, oryza sativa bran oil (oryza sativa (rice) bran oil), vegetable oil, hydrogenated castor oil, rhus succedanea fruit cera (rhus succedanea fruit wax), synthetic fluorphlogopite, hydrogenated olive oil, disteardimonium hectorite, carthamus tinctorius seed oil (carthamus tinctorius (safflower) seed oil), olea europaea fruit oil (olea europaea (olive) fruit oil), tocopheryl acetate, aloe barbadensis leaf extract, pentaerythrityl tetra-di-t-butyl hydroxyhydrocinnamate, olea europaea oil unsaponifiables (olea europaea (olive) oil unsaponifiables), tin oxide. +/- may contain: ci 77491 (iron oxides), ci 77891 (titanium dioxide), ci 77499 (iron oxides)

kaki ingredients: octyldodecanol, triheptanoin, mica, isodecyl neopentanoate, oryza sativa bran wax (oryza sativa (rice) bran wax ), vp/hexadecene copolymer, helianthus annuus seed cera (helianthus annuus (sunflower) seed wax), candelilla cera (euphorbia cerifera (candelilla) wax), dicalcium phosphate, silica, oryza sativa bran oil (oryza sativa (rice) bran oil), vegetable oil, hydrogenated castor oil, rhus succedanea fruit cera (rhus succedanea fruit wax), hydrogenated olive oil, disteardimonium hectorite, carthamus tinctorius seed oil (carthamus tinctorius (safflower) seed oil), olea europaea fruit oil (olea europaea (olive) fruit oil), tocopheryl acetate, aloe barbadensis leaf extract, pentaerythrityl tetra-di-t-butyl hydroxyhydrocinnamate, olea europaea oil unsaponifiables (olea europaea (olive) oil unsaponifiables). +/- may contain: ci 77891 (titanium dioxide), ci 77491 (iron oxides), ci 77499 (iron oxides), ci 77510 (ferric ferrocyanide)

this list of ingredients is subject to change; please refer to the packaging of the purchased product.",'5.0,18
Make Up,Eyes,'15169833304444,'55095911809404,Madara,Grow & Fix Brow & Lash Booster,https://ohmycream.co.uk/collections/make-up-eye/products/madara-grow-fix-brow-lash-booster?variant=55095911809404,https://cdn.shopify.com/s/files/1/0555/4071/1596/files/202508_Madara_Grow_Fix_packshot_94079703-07f0-4c70-aaa8-563fbde59c30.jpg?v=1754983422,"Complete list of ingredients

aqua; cantharellus cibarius (chanterelle) extract; pullulan; glycerin; pisum sativum peptide; sorbitol; urtica dioica (nettle) leaf extract; zinc pca; sclerotium gum; caffeine; sodium levulinate; acacia senegal gum; sodium benzoate; potassium hydroxide; hexapeptide-11; trehalose; leuconostoc/radish root ferment filtrate; sodium phytate; potassium sorbate; sodium hyaluronate

this list of ingredients is subject to change; please refer to the packaging of the purchased product.",'4.0,1
Make Up,Eyes,'7953114235052,'43516602417324,Les Filles En Rouje,The Eye Palette,https://ohmycream.co.uk/collections/make-up-eye/products/les-filles-en-rouje-eye-palette?variant=43516602417324,https://cdn.shopify.com/s/files/1/0555/4071/1596/files/PaletteYeux_LesFillesenRouje.jpg?v=1718198904,"Complete list of ingredients

ingredients: octyldodecanol, squalane, mica, coco-caprylate/caprate, cellulose, lauroyl lysine, calcium sodium borosilicate, calcium aluminum borosilicate, synthetic fluorphlogopite, tribehenin, hydrogenated ethylhexyl olivate, synthetic wax, silica, jojoba esters, caprylic/capric triglyceride, bis-behenyl/isostearyl/phytosteryl dimer dilinoleyl dimer dilinoleate, hydrogenated castor oil, butyrospermum parkii (shea) butter, dipalmitoyl hydroxyproline, polyhydroxystearic acid, tocopherol, limnanthes alba (meadowfoam) seed oil, stearalkonium hectorite, sodium hyaluronate, propylene carbonate, tin oxide, indigofera tinctoria extract [+/-]: ci 77891 (titanium dioxide), ci 77491 (iron oxides), ci 77499 (iron oxides), ci 15850 (red 7), ci 42090 (blue 1 lake).

this list of ingredients is subject to change; please refer to the packaging of the purchased product.",'3.5,2
Make Up,Eyes,'7383236870316,'41811439616172,Ilia,Shadow Brush,https://ohmycream.co.uk/collections/make-up-eye/products/ilia-shadow-brush?variant=41811439616172,https://cdn.shopify.com/s/files/1/0555/4071/1596/products/818107026720_Ilia_Shadow_Brush_TINY.jpg?v=1658162510,"Complete list of ingredients

aluminum handle and fsc (forest stewardship council) cerfied wood. pbt bristles (synthetic fibers).",',0
Make Up,Eyes,'7632969498796,'42585542820012,Oh My Cream Skincare,Brow Fixing Gel,https://ohmycream.co.uk/collections/make-up-eye/products/oh-my-cream-skincare-brow-fixing-gel?variant=42585542820012,https://cdn.shopify.com/s/files/1/0555/4071/1596/files/GelFixateurSourcils_OMCS.jpg?v=1689674965,"Complete list of ingredients

ingredients: aqua (water), propanediol, pvp, glycerin, ammonium acryloyldimethyltaurate/vp copolymer, ricinus communis seed oil (ricinus communis (castor) seed oil), sclerocarya birrea seed oil, biotinoyl tripeptide-1, biotin, panthenol, tocopherol, ethylhexylglycerin, caprylyl glycol, sodium hydroxide, hydroxyacetophenone, 1,2-hexanediol

this list of ingredients is subject to change; please refer to the packaging of the purchased product.",',0
Make Up,Eyes,'7604608041132,'42490089373868,Les Filles En Rouje,Natural Effect Mascara,https://ohmycream.co.uk/collections/make-up-eye/products/les-filles-en-rouje-natural-effect-mascara?variant=42490089373868,https://cdn.shopify.com/s/files/1/0555/4071/1596/products/LeMascara-Noir_LesFillesenRouje.jpg?v=1681896172,"Complete list of ingredients

aqua (water), glyceryl stearate, copernicia cerifera cera (copernicia cerifera (carnauba) wax), hydrogenated olive oil stearyl esters, ricinus communis seed oil (ricinus communis (castor) seed oil), butylene glycol, polyvinyl alcohol, pentylene glycol, stearic acid, palmitic acid, aminomethyl propanol, hydrogenated coconut oil, glycerin, 1,2-hexanediol, caprylyl glycol, hydroxyacetophenone, lecithin, cellulose, gardenia taitensis flower, eriobotrya japonica leaf extract, trifolium pratense extract (trifolium pratense (clover) extract), vigna radiata seed extract, tocopherol, potassium sorbate, sodium benzoate, ascorbyl palmitate, silica, citric acid, ci 77499 (iron oxides).

this list of ingredients is subject to change; please refer to the packaging of the purchased product.",',0
Make Up,Eyes,'7608735662252,'42503657128108,Les Filles En Rouje,Eyelash Curler,https://ohmycream.co.uk/collections/make-up-eye/products/les-filles-en-rouje-eyelash-curler?variant=42503657128108,https://cdn.shopify.com/s/files/1/0555/4071/1596/products/LeRecourbe-Cils_LesFillesenRouje.jpg?v=1681895633,"Complete list of ingredients

stainless steel",'5.0,1
Make Up,Eyes,'7383244374188,'41811446071468,Tata Harper,Cream Blush,https://ohmycream.co.uk/collections/make-up-eye/products/tata-harper-cream-blush?variant=41811446071468,https://cdn.shopify.com/s/files/1/0555/4071/1596/files/2024_09_Tata_Harper_Blush_Creme_Flashy_Packshot.jpg?v=1727705549,"Complete list of ingredients

flashy cream blush : cocos nucifera (coconut) fruit extract, helianthus annuus (sunflower) seed oil*, ricinus communis (castor) seed oil, cera alba/beeswax/cire d’abeille*, caprylic/capric triglyceride, mica, ci 77891, helianthus annuus (sunflower) seed wax, camellia sinensis (green tea) seed oil*, palmitoyl isoleucine, euterpe oleracea fruit oil*, plukenetia volubilis seed oil*, lavandula stoechas extract, olea europaea (olive) oil*, arnica montana (arnica) extract*, borago officinalis (borage) leaf extract*, calendula officinalis (calendula) flower extract*, medicago sativa (alfalfa) extract*, spiraea ulmaria (meadowsweet) extract*, sambucus nigra fruit extract, tocopherol, ci 77491, ci 75470 *ingredients from organic farming

flirty cream blush : cocos nucifera (coconut) fruit extract, helianthus annuus (sunflower) seed oil*, ricinus communis (castor) seed oil, cera alba/beeswax/cire d’abeille*, caprylic/capric triglyceride, mica, ci 77891, helianthus annuus (sunflower) seed wax, camellia sinensis (green tea) seed oil*, palmitoyl isoleucine, euterpe oleracea fruit oil*, plukenetia volubilis seed oil*, lavandula stoechas extract, olea europaea (olive) oil*, arnica montana (arnica) extract*, borago officinalis (borage) leaf extract*, calendula officinalis (calendula) flower extract*, medicago sativa (alfalfa) extract*, spiraea ulmaria (meadowsweet) extract*, sambucus nigra fruit extract, tocopherol, ci 77491, ci 75470 *ingredients from organic farming

lovely cream blush : cocos nucifera (coconut) fruit extract, helianthus annuus (sunflower) seed oil*, ricinus communis (castor) seed oil, caprylic/capric triglyceride, cera alba/beeswax/cire d’abeille*, mica, olus/vegetable oil/huile végétale*, helianthus annuus (sunflower) seed wax, titanium dioxide, camellia sinensis (green tea) seed oil*, palmitoyl isoleucine, euterpe oleracea (acai) fruit oil*, plukenetia volubilis seed oil*, lavandula stoechas (spanish lavender) extract, olea europaea (olive) oil*, arnica montana (arnica) extract*, borago officinalis (borage) leaf extract*, medicago sativa (alfalfa) extract*, spiraea ulmaria (meadowsweet) extract*, calendula officinalis (calendula) flower extract*, sambucus nigra fruit extract, jojoba esters, tocopherol, carmine, octyldodecanol, natural and organic flavors, iron oxide (c.i. 77891, c.i. 77492, c.i. 77491), alumina, silica, trihydroxystearin

lucky cream blush : helianthus annuus (sunflower) seed oil*, cocos nucifera (coconut) fruit extract, caprylic/capric triglyceride, ricinus communis (castor) seed oil, cera alba/beeswax/cire d’abeille*, olus/vegetable oil/huile végétale*, helianthus annuus (sunflower) seed wax, camellia sinensis (green tea) seed oil*, palmitoyl isoleucine, euterpe oleracea (acai) fruit oil*, plukenetia volubilis seed oil*, titanium dioxide, lavandula stoechas (spanish lavender) extract, arnica montana (arnica) extract*, borago officinalis (borage) leaf extract*, medicago sativa (alfalfa) extract*, spiraea ulmaria (meadowsweet) extract*, calendula officinalis (calendula) flower extract*, sambucus nigra fruit extract, tocopherol, olea europaea (olive) oil*, jojoba esters, natural and organic flavors, octyldodecanol, alumina, silica, carmine, trihydroxystearin, iron oxides (c.i. 77499, c.i. 77491)



naughty cream blush : cocos nucifera (coconut) fruit extract, caprylic/capric triglyceride, helianthus annuus (sunflower) seed oil*, ricinus communis (castor) seed oil, cera alba/beeswax/cire d’abeille*, titanium dioxide, olus/vegetable oil/huile végétale*, mica, helianthus annuus (sunflower) seed wax, camellia sinensis (green tea) seed oil*, palmitoyl isoleucine, euterpe oleracea (acai) fruit oil*, plukenetia volubilis seed oil*, carmine, octyldodecanol, lavandula stoechas (spanish lavender) extract, arnica montana (arnica) extract*, borago officinalis (borage) leaf extract*, medicago sativa (alfalfa) extract*, spiraea ulmaria (meadowsweet) extract*, calendula officinalis (calendula) flower extract*, olea europaea (olive) oil*, sambucus nigra fruit extract, tocopherol, jojoba esters, alumina, silica, trihydroxystearin, iron oxides (c.i. 77492, c.i. 77491), natural and organic flavors

peachy cream blush : cocos nucifera (coconut) fruit extract, helianthus annuus (sunflower) seed oil*, ricinus communis (castor) seed oil, cera alba/beeswax/cire d’abeille*, caprylic/capric triglyceride, mica, helianthus annuus (sunflower) seed wax, camellia sinensis (green tea) seed oil*, palmitoyl isoleucine, euterpe oleracea (acai) fruit oil*, plukenetia volubilis seed oil*, lavandula stoechas (spanish lavender) extract, arnica montana (arnica) extract*, borago officinalis (borage) leaf extract*, medicago sativa (alfalfa) extract*, spiraea ulmaria (meadowsweet) extract*, olea europaea (olive) oil*, calendula officinalis (calendula) flower extract*, sambucus nigra fruit extract, tocopherol, iron oxides (c.i. 77891), titanium dioxide (ci. 77891)

spicy cream blush : helianthus annuus (sunflower) seed oil*, cocos nucifera (coconut) fruit extract, caprylic/capric triglyceride, ricinus communis (castor) seed oil, cera alba/beeswax/cire d’abeille*, olus/vegetable oil/huile végétale*, helianthus annuus (sunflower) seed wax, camellia sinensis (green tea) seed oil*, palmitoyl isoleucine, euterpe oleracea (acai) fruit oil*, plukenetia volubilis seed oil*, titanium dioxide, lavandula stoechas (spanish lavender) extract, arnica montana (arnica) extract*, borago officinalis (borage) leaf extract*, medicago sativa (alfalfa) extract*, spiraea ulmaria (meadowsweet) extract*, calendula officinalis (calendula) flower extract*, sambucus nigra fruit extract, tocopherol, olea europaea (olive) oil*, jojoba esters, natural and organic flavors, octyldodecanol, alumina, silica, carmine, trihydroxystearin, iron oxides (c.i. 77499, c.i. 77491)

this list of ingredients is subject to change; please refer to the packaging of the purchased product.",'4.6,21
Make Up,Eyes,'7383244374188,'41811446235308,Tata Harper,Cream Blush,https://ohmycream.co.uk/collections/make-up-eye/products/tata-harper-cream-blush?variant=41811446235308,https://cdn.shopify.com/s/files/1/0555/4071/1596/files/2024_09_Tata_Harper_Blush_Creme_Peachy_Packshot.jpg?v=1727705548,"Complete list of ingredients

flashy cream blush : cocos nucifera (coconut) fruit extract, helianthus annuus (sunflower) seed oil*, ricinus communis (castor) seed oil, cera alba/beeswax/cire d’abeille*, caprylic/capric triglyceride, mica, ci 77891, helianthus annuus (sunflower) seed wax, camellia sinensis (green tea) seed oil*, palmitoyl isoleucine, euterpe oleracea fruit oil*, plukenetia volubilis seed oil*, lavandula stoechas extract, olea europaea (olive) oil*, arnica montana (arnica) extract*, borago officinalis (borage) leaf extract*, calendula officinalis (calendula) flower extract*, medicago sativa (alfalfa) extract*, spiraea ulmaria (meadowsweet) extract*, sambucus nigra fruit extract, tocopherol, ci 77491, ci 75470 *ingredients from organic farming

flirty cream blush : cocos nucifera (coconut) fruit extract, helianthus annuus (sunflower) seed oil*, ricinus communis (castor) seed oil, cera alba/beeswax/cire d’abeille*, caprylic/capric triglyceride, mica, ci 77891, helianthus annuus (sunflower) seed wax, camellia sinensis (green tea) seed oil*, palmitoyl isoleucine, euterpe oleracea fruit oil*, plukenetia volubilis seed oil*, lavandula stoechas extract, olea europaea (olive) oil*, arnica montana (arnica) extract*, borago officinalis (borage) leaf extract*, calendula officinalis (calendula) flower extract*, medicago sativa (alfalfa) extract*, spiraea ulmaria (meadowsweet) extract*, sambucus nigra fruit extract, tocopherol, ci 77491, ci 75470 *ingredients from organic farming

lovely cream blush : cocos nucifera (coconut) fruit extract, helianthus annuus (sunflower) seed oil*, ricinus communis (castor) seed oil, caprylic/capric triglyceride, cera alba/beeswax/cire d’abeille*, mica, olus/vegetable oil/huile végétale*, helianthus annuus (sunflower) seed wax, titanium dioxide, camellia sinensis (green tea) seed oil*, palmitoyl isoleucine, euterpe oleracea (acai) fruit oil*, plukenetia volubilis seed oil*, lavandula stoechas (spanish lavender) extract, olea europaea (olive) oil*, arnica montana (arnica) extract*, borago officinalis (borage) leaf extract*, medicago sativa (alfalfa) extract*, spiraea ulmaria (meadowsweet) extract*, calendula officinalis (calendula) flower extract*, sambucus nigra fruit extract, jojoba esters, tocopherol, carmine, octyldodecanol, natural and organic flavors, iron oxide (c.i. 77891, c.i. 77492, c.i. 77491), alumina, silica, trihydroxystearin

lucky cream blush : helianthus annuus (sunflower) seed oil*, cocos nucifera (coconut) fruit extract, caprylic/capric triglyceride, ricinus communis (castor) seed oil, cera alba/beeswax/cire d’abeille*, olus/vegetable oil/huile végétale*, helianthus annuus (sunflower) seed wax, camellia sinensis (green tea) seed oil*, palmitoyl isoleucine, euterpe oleracea (acai) fruit oil*, plukenetia volubilis seed oil*, titanium dioxide, lavandula stoechas (spanish lavender) extract, arnica montana (arnica) extract*, borago officinalis (borage) leaf extract*, medicago sativa (alfalfa) extract*, spiraea ulmaria (meadowsweet) extract*, calendula officinalis (calendula) flower extract*, sambucus nigra fruit extract, tocopherol, olea europaea (olive) oil*, jojoba esters, natural and organic flavors, octyldodecanol, alumina, silica, carmine, trihydroxystearin, iron oxides (c.i. 77499, c.i. 77491)



naughty cream blush : cocos nucifera (coconut) fruit extract, caprylic/capric triglyceride, helianthus annuus (sunflower) seed oil*, ricinus communis (castor) seed oil, cera alba/beeswax/cire d’abeille*, titanium dioxide, olus/vegetable oil/huile végétale*, mica, helianthus annuus (sunflower) seed wax, camellia sinensis (green tea) seed oil*, palmitoyl isoleucine, euterpe oleracea (acai) fruit oil*, plukenetia volubilis seed oil*, carmine, octyldodecanol, lavandula stoechas (spanish lavender) extract, arnica montana (arnica) extract*, borago officinalis (borage) leaf extract*, medicago sativa (alfalfa) extract*, spiraea ulmaria (meadowsweet) extract*, calendula officinalis (calendula) flower extract*, olea europaea (olive) oil*, sambucus nigra fruit extract, tocopherol, jojoba esters, alumina, silica, trihydroxystearin, iron oxides (c.i. 77492, c.i. 77491), natural and organic flavors

peachy cream blush : cocos nucifera (coconut) fruit extract, helianthus annuus (sunflower) seed oil*, ricinus communis (castor) seed oil, cera alba/beeswax/cire d’abeille*, caprylic/capric triglyceride, mica, helianthus annuus (sunflower) seed wax, camellia sinensis (green tea) seed oil*, palmitoyl isoleucine, euterpe oleracea (acai) fruit oil*, plukenetia volubilis seed oil*, lavandula stoechas (spanish lavender) extract, arnica montana (arnica) extract*, borago officinalis (borage) leaf extract*, medicago sativa (alfalfa) extract*, spiraea ulmaria (meadowsweet) extract*, olea europaea (olive) oil*, calendula officinalis (calendula) flower extract*, sambucus nigra fruit extract, tocopherol, iron oxides (c.i. 77891), titanium dioxide (ci. 77891)

spicy cream blush : helianthus annuus (sunflower) seed oil*, cocos nucifera (coconut) fruit extract, caprylic/capric triglyceride, ricinus communis (castor) seed oil, cera alba/beeswax/cire d’abeille*, olus/vegetable oil/huile végétale*, helianthus annuus (sunflower) seed wax, camellia sinensis (green tea) seed oil*, palmitoyl isoleucine, euterpe oleracea (acai) fruit oil*, plukenetia volubilis seed oil*, titanium dioxide, lavandula stoechas (spanish lavender) extract, arnica montana (arnica) extract*, borago officinalis (borage) leaf extract*, medicago sativa (alfalfa) extract*, spiraea ulmaria (meadowsweet) extract*, calendula officinalis (calendula) flower extract*, sambucus nigra fruit extract, tocopherol, olea europaea (olive) oil*, jojoba esters, natural and organic flavors, octyldodecanol, alumina, silica, carmine, trihydroxystearin, iron oxides (c.i. 77499, c.i. 77491)

this list of ingredients is subject to change; please refer to the packaging of the purchased product.",'4.6,21
Make Up,Eyes,'7383244374188,'41811446300844,Tata Harper,Cream Blush,https://ohmycream.co.uk/collections/make-up-eye/products/tata-harper-cream-blush?variant=41811446300844,https://cdn.shopify.com/s/files/1/0555/4071/1596/files/2024_09_Tata_Harper_Blush_Creme_Spicy_Packshot.jpg?v=1727705548,"Complete list of ingredients

flashy cream blush : cocos nucifera (coconut) fruit extract, helianthus annuus (sunflower) seed oil*, ricinus communis (castor) seed oil, cera alba/beeswax/cire d’abeille*, caprylic/capric triglyceride, mica, ci 77891, helianthus annuus (sunflower) seed wax, camellia sinensis (green tea) seed oil*, palmitoyl isoleucine, euterpe oleracea fruit oil*, plukenetia volubilis seed oil*, lavandula stoechas extract, olea europaea (olive) oil*, arnica montana (arnica) extract*, borago officinalis (borage) leaf extract*, calendula officinalis (calendula) flower extract*, medicago sativa (alfalfa) extract*, spiraea ulmaria (meadowsweet) extract*, sambucus nigra fruit extract, tocopherol, ci 77491, ci 75470 *ingredients from organic farming

flirty cream blush : cocos nucifera (coconut) fruit extract, helianthus annuus (sunflower) seed oil*, ricinus communis (castor) seed oil, cera alba/beeswax/cire d’abeille*, caprylic/capric triglyceride, mica, ci 77891, helianthus annuus (sunflower) seed wax, camellia sinensis (green tea) seed oil*, palmitoyl isoleucine, euterpe oleracea fruit oil*, plukenetia volubilis seed oil*, lavandula stoechas extract, olea europaea (olive) oil*, arnica montana (arnica) extract*, borago officinalis (borage) leaf extract*, calendula officinalis (calendula) flower extract*, medicago sativa (alfalfa) extract*, spiraea ulmaria (meadowsweet) extract*, sambucus nigra fruit extract, tocopherol, ci 77491, ci 75470 *ingredients from organic farming

lovely cream blush : cocos nucifera (coconut) fruit extract, helianthus annuus (sunflower) seed oil*, ricinus communis (castor) seed oil, caprylic/capric triglyceride, cera alba/beeswax/cire d’abeille*, mica, olus/vegetable oil/huile végétale*, helianthus annuus (sunflower) seed wax, titanium dioxide, camellia sinensis (green tea) seed oil*, palmitoyl isoleucine, euterpe oleracea (acai) fruit oil*, plukenetia volubilis seed oil*, lavandula stoechas (spanish lavender) extract, olea europaea (olive) oil*, arnica montana (arnica) extract*, borago officinalis (borage) leaf extract*, medicago sativa (alfalfa) extract*, spiraea ulmaria (meadowsweet) extract*, calendula officinalis (calendula) flower extract*, sambucus nigra fruit extract, jojoba esters, tocopherol, carmine, octyldodecanol, natural and organic flavors, iron oxide (c.i. 77891, c.i. 77492, c.i. 77491), alumina, silica, trihydroxystearin

lucky cream blush : helianthus annuus (sunflower) seed oil*, cocos nucifera (coconut) fruit extract, caprylic/capric triglyceride, ricinus communis (castor) seed oil, cera alba/beeswax/cire d’abeille*, olus/vegetable oil/huile végétale*, helianthus annuus (sunflower) seed wax, camellia sinensis (green tea) seed oil*, palmitoyl isoleucine, euterpe oleracea (acai) fruit oil*, plukenetia volubilis seed oil*, titanium dioxide, lavandula stoechas (spanish lavender) extract, arnica montana (arnica) extract*, borago officinalis (borage) leaf extract*, medicago sativa (alfalfa) extract*, spiraea ulmaria (meadowsweet) extract*, calendula officinalis (calendula) flower extract*, sambucus nigra fruit extract, tocopherol, olea europaea (olive) oil*, jojoba esters, natural and organic flavors, octyldodecanol, alumina, silica, carmine, trihydroxystearin, iron oxides (c.i. 77499, c.i. 77491)



naughty cream blush : cocos nucifera (coconut) fruit extract, caprylic/capric triglyceride, helianthus annuus (sunflower) seed oil*, ricinus communis (castor) seed oil, cera alba/beeswax/cire d’abeille*, titanium dioxide, olus/vegetable oil/huile végétale*, mica, helianthus annuus (sunflower) seed wax, camellia sinensis (green tea) seed oil*, palmitoyl isoleucine, euterpe oleracea (acai) fruit oil*, plukenetia volubilis seed oil*, carmine, octyldodecanol, lavandula stoechas (spanish lavender) extract, arnica montana (arnica) extract*, borago officinalis (borage) leaf extract*, medicago sativa (alfalfa) extract*, spiraea ulmaria (meadowsweet) extract*, calendula officinalis (calendula) flower extract*, olea europaea (olive) oil*, sambucus nigra fruit extract, tocopherol, jojoba esters, alumina, silica, trihydroxystearin, iron oxides (c.i. 77492, c.i. 77491), natural and organic flavors

peachy cream blush : cocos nucifera (coconut) fruit extract, helianthus annuus (sunflower) seed oil*, ricinus communis (castor) seed oil, cera alba/beeswax/cire d’abeille*, caprylic/capric triglyceride, mica, helianthus annuus (sunflower) seed wax, camellia sinensis (green tea) seed oil*, palmitoyl isoleucine, euterpe oleracea (acai) fruit oil*, plukenetia volubilis seed oil*, lavandula stoechas (spanish lavender) extract, arnica montana (arnica) extract*, borago officinalis (borage) leaf extract*, medicago sativa (alfalfa) extract*, spiraea ulmaria (meadowsweet) extract*, olea europaea (olive) oil*, calendula officinalis (calendula) flower extract*, sambucus nigra fruit extract, tocopherol, iron oxides (c.i. 77891), titanium dioxide (ci. 77891)

spicy cream blush : helianthus annuus (sunflower) seed oil*, cocos nucifera (coconut) fruit extract, caprylic/capric triglyceride, ricinus communis (castor) seed oil, cera alba/beeswax/cire d’abeille*, olus/vegetable oil/huile végétale*, helianthus annuus (sunflower) seed wax, camellia sinensis (green tea) seed oil*, palmitoyl isoleucine, euterpe oleracea (acai) fruit oil*, plukenetia volubilis seed oil*, titanium dioxide, lavandula stoechas (spanish lavender) extract, arnica montana (arnica) extract*, borago officinalis (borage) leaf extract*, medicago sativa (alfalfa) extract*, spiraea ulmaria (meadowsweet) extract*, calendula officinalis (calendula) flower extract*, sambucus nigra fruit extract, tocopherol, olea europaea (olive) oil*, jojoba esters, natural and organic flavors, octyldodecanol, alumina, silica, carmine, trihydroxystearin, iron oxides (c.i. 77499, c.i. 77491)

this list of ingredients is subject to change; please refer to the packaging of the purchased product.",'4.6,21
Make Up,Eyes,'7383244374188,'41811446137004,Tata Harper,Cream Blush,https://ohmycream.co.uk/collections/make-up-eye/products/tata-harper-cream-blush?variant=41811446137004,https://cdn.shopify.com/s/files/1/0555/4071/1596/files/2024_09_Tata_Harper_Blush_Creme_Lucky_Packshot.jpg?v=1727705548,"Complete list of ingredients

flashy cream blush : cocos nucifera (coconut) fruit extract, helianthus annuus (sunflower) seed oil*, ricinus communis (castor) seed oil, cera alba/beeswax/cire d’abeille*, caprylic/capric triglyceride, mica, ci 77891, helianthus annuus (sunflower) seed wax, camellia sinensis (green tea) seed oil*, palmitoyl isoleucine, euterpe oleracea fruit oil*, plukenetia volubilis seed oil*, lavandula stoechas extract, olea europaea (olive) oil*, arnica montana (arnica) extract*, borago officinalis (borage) leaf extract*, calendula officinalis (calendula) flower extract*, medicago sativa (alfalfa) extract*, spiraea ulmaria (meadowsweet) extract*, sambucus nigra fruit extract, tocopherol, ci 77491, ci 75470 *ingredients from organic farming

flirty cream blush : cocos nucifera (coconut) fruit extract, helianthus annuus (sunflower) seed oil*, ricinus communis (castor) seed oil, cera alba/beeswax/cire d’abeille*, caprylic/capric triglyceride, mica, ci 77891, helianthus annuus (sunflower) seed wax, camellia sinensis (green tea) seed oil*, palmitoyl isoleucine, euterpe oleracea fruit oil*, plukenetia volubilis seed oil*, lavandula stoechas extract, olea europaea (olive) oil*, arnica montana (arnica) extract*, borago officinalis (borage) leaf extract*, calendula officinalis (calendula) flower extract*, medicago sativa (alfalfa) extract*, spiraea ulmaria (meadowsweet) extract*, sambucus nigra fruit extract, tocopherol, ci 77491, ci 75470 *ingredients from organic farming

lovely cream blush : cocos nucifera (coconut) fruit extract, helianthus annuus (sunflower) seed oil*, ricinus communis (castor) seed oil, caprylic/capric triglyceride, cera alba/beeswax/cire d’abeille*, mica, olus/vegetable oil/huile végétale*, helianthus annuus (sunflower) seed wax, titanium dioxide, camellia sinensis (green tea) seed oil*, palmitoyl isoleucine, euterpe oleracea (acai) fruit oil*, plukenetia volubilis seed oil*, lavandula stoechas (spanish lavender) extract, olea europaea (olive) oil*, arnica montana (arnica) extract*, borago officinalis (borage) leaf extract*, medicago sativa (alfalfa) extract*, spiraea ulmaria (meadowsweet) extract*, calendula officinalis (calendula) flower extract*, sambucus nigra fruit extract, jojoba esters, tocopherol, carmine, octyldodecanol, natural and organic flavors, iron oxide (c.i. 77891, c.i. 77492, c.i. 77491), alumina, silica, trihydroxystearin

lucky cream blush : helianthus annuus (sunflower) seed oil*, cocos nucifera (coconut) fruit extract, caprylic/capric triglyceride, ricinus communis (castor) seed oil, cera alba/beeswax/cire d’abeille*, olus/vegetable oil/huile végétale*, helianthus annuus (sunflower) seed wax, camellia sinensis (green tea) seed oil*, palmitoyl isoleucine, euterpe oleracea (acai) fruit oil*, plukenetia volubilis seed oil*, titanium dioxide, lavandula stoechas (spanish lavender) extract, arnica montana (arnica) extract*, borago officinalis (borage) leaf extract*, medicago sativa (alfalfa) extract*, spiraea ulmaria (meadowsweet) extract*, calendula officinalis (calendula) flower extract*, sambucus nigra fruit extract, tocopherol, olea europaea (olive) oil*, jojoba esters, natural and organic flavors, octyldodecanol, alumina, silica, carmine, trihydroxystearin, iron oxides (c.i. 77499, c.i. 77491)



naughty cream blush : cocos nucifera (coconut) fruit extract, caprylic/capric triglyceride, helianthus annuus (sunflower) seed oil*, ricinus communis (castor) seed oil, cera alba/beeswax/cire d’abeille*, titanium dioxide, olus/vegetable oil/huile végétale*, mica, helianthus annuus (sunflower) seed wax, camellia sinensis (green tea) seed oil*, palmitoyl isoleucine, euterpe oleracea (acai) fruit oil*, plukenetia volubilis seed oil*, carmine, octyldodecanol, lavandula stoechas (spanish lavender) extract, arnica montana (arnica) extract*, borago officinalis (borage) leaf extract*, medicago sativa (alfalfa) extract*, spiraea ulmaria (meadowsweet) extract*, calendula officinalis (calendula) flower extract*, olea europaea (olive) oil*, sambucus nigra fruit extract, tocopherol, jojoba esters, alumina, silica, trihydroxystearin, iron oxides (c.i. 77492, c.i. 77491), natural and organic flavors

peachy cream blush : cocos nucifera (coconut) fruit extract, helianthus annuus (sunflower) seed oil*, ricinus communis (castor) seed oil, cera alba/beeswax/cire d’abeille*, caprylic/capric triglyceride, mica, helianthus annuus (sunflower) seed wax, camellia sinensis (green tea) seed oil*, palmitoyl isoleucine, euterpe oleracea (acai) fruit oil*, plukenetia volubilis seed oil*, lavandula stoechas (spanish lavender) extract, arnica montana (arnica) extract*, borago officinalis (borage) leaf extract*, medicago sativa (alfalfa) extract*, spiraea ulmaria (meadowsweet) extract*, olea europaea (olive) oil*, calendula officinalis (calendula) flower extract*, sambucus nigra fruit extract, tocopherol, iron oxides (c.i. 77891), titanium dioxide (ci. 77891)

spicy cream blush : helianthus annuus (sunflower) seed oil*, cocos nucifera (coconut) fruit extract, caprylic/capric triglyceride, ricinus communis (castor) seed oil, cera alba/beeswax/cire d’abeille*, olus/vegetable oil/huile végétale*, helianthus annuus (sunflower) seed wax, camellia sinensis (green tea) seed oil*, palmitoyl isoleucine, euterpe oleracea (acai) fruit oil*, plukenetia volubilis seed oil*, titanium dioxide, lavandula stoechas (spanish lavender) extract, arnica montana (arnica) extract*, borago officinalis (borage) leaf extract*, medicago sativa (alfalfa) extract*, spiraea ulmaria (meadowsweet) extract*, calendula officinalis (calendula) flower extract*, sambucus nigra fruit extract, tocopherol, olea europaea (olive) oil*, jojoba esters, natural and organic flavors, octyldodecanol, alumina, silica, carmine, trihydroxystearin, iron oxides (c.i. 77499, c.i. 77491)

this list of ingredients is subject to change; please refer to the packaging of the purchased product.",'4.6,21
Make Up,Eyes,'7383244374188,'41811446104236,Tata Harper,Cream Blush,https://ohmycream.co.uk/collections/make-up-eye/products/tata-harper-cream-blush?variant=41811446104236,https://cdn.shopify.com/s/files/1/0555/4071/1596/files/2024_09_Tata_Harper_Blush_Creme_Lovely_Packshot.jpg?v=1727705548,"Complete list of ingredients

flashy cream blush : cocos nucifera (coconut) fruit extract, helianthus annuus (sunflower) seed oil*, ricinus communis (castor) seed oil, cera alba/beeswax/cire d’abeille*, caprylic/capric triglyceride, mica, ci 77891, helianthus annuus (sunflower) seed wax, camellia sinensis (green tea) seed oil*, palmitoyl isoleucine, euterpe oleracea fruit oil*, plukenetia volubilis seed oil*, lavandula stoechas extract, olea europaea (olive) oil*, arnica montana (arnica) extract*, borago officinalis (borage) leaf extract*, calendula officinalis (calendula) flower extract*, medicago sativa (alfalfa) extract*, spiraea ulmaria (meadowsweet) extract*, sambucus nigra fruit extract, tocopherol, ci 77491, ci 75470 *ingredients from organic farming

flirty cream blush : cocos nucifera (coconut) fruit extract, helianthus annuus (sunflower) seed oil*, ricinus communis (castor) seed oil, cera alba/beeswax/cire d’abeille*, caprylic/capric triglyceride, mica, ci 77891, helianthus annuus (sunflower) seed wax, camellia sinensis (green tea) seed oil*, palmitoyl isoleucine, euterpe oleracea fruit oil*, plukenetia volubilis seed oil*, lavandula stoechas extract, olea europaea (olive) oil*, arnica montana (arnica) extract*, borago officinalis (borage) leaf extract*, calendula officinalis (calendula) flower extract*, medicago sativa (alfalfa) extract*, spiraea ulmaria (meadowsweet) extract*, sambucus nigra fruit extract, tocopherol, ci 77491, ci 75470 *ingredients from organic farming

lovely cream blush : cocos nucifera (coconut) fruit extract, helianthus annuus (sunflower) seed oil*, ricinus communis (castor) seed oil, caprylic/capric triglyceride, cera alba/beeswax/cire d’abeille*, mica, olus/vegetable oil/huile végétale*, helianthus annuus (sunflower) seed wax, titanium dioxide, camellia sinensis (green tea) seed oil*, palmitoyl isoleucine, euterpe oleracea (acai) fruit oil*, plukenetia volubilis seed oil*, lavandula stoechas (spanish lavender) extract, olea europaea (olive) oil*, arnica montana (arnica) extract*, borago officinalis (borage) leaf extract*, medicago sativa (alfalfa) extract*, spiraea ulmaria (meadowsweet) extract*, calendula officinalis (calendula) flower extract*, sambucus nigra fruit extract, jojoba esters, tocopherol, carmine, octyldodecanol, natural and organic flavors, iron oxide (c.i. 77891, c.i. 77492, c.i. 77491), alumina, silica, trihydroxystearin

lucky cream blush : helianthus annuus (sunflower) seed oil*, cocos nucifera (coconut) fruit extract, caprylic/capric triglyceride, ricinus communis (castor) seed oil, cera alba/beeswax/cire d’abeille*, olus/vegetable oil/huile végétale*, helianthus annuus (sunflower) seed wax, camellia sinensis (green tea) seed oil*, palmitoyl isoleucine, euterpe oleracea (acai) fruit oil*, plukenetia volubilis seed oil*, titanium dioxide, lavandula stoechas (spanish lavender) extract, arnica montana (arnica) extract*, borago officinalis (borage) leaf extract*, medicago sativa (alfalfa) extract*, spiraea ulmaria (meadowsweet) extract*, calendula officinalis (calendula) flower extract*, sambucus nigra fruit extract, tocopherol, olea europaea (olive) oil*, jojoba esters, natural and organic flavors, octyldodecanol, alumina, silica, carmine, trihydroxystearin, iron oxides (c.i. 77499, c.i. 77491)



naughty cream blush : cocos nucifera (coconut) fruit extract, caprylic/capric triglyceride, helianthus annuus (sunflower) seed oil*, ricinus communis (castor) seed oil, cera alba/beeswax/cire d’abeille*, titanium dioxide, olus/vegetable oil/huile végétale*, mica, helianthus annuus (sunflower) seed wax, camellia sinensis (green tea) seed oil*, palmitoyl isoleucine, euterpe oleracea (acai) fruit oil*, plukenetia volubilis seed oil*, carmine, octyldodecanol, lavandula stoechas (spanish lavender) extract, arnica montana (arnica) extract*, borago officinalis (borage) leaf extract*, medicago sativa (alfalfa) extract*, spiraea ulmaria (meadowsweet) extract*, calendula officinalis (calendula) flower extract*, olea europaea (olive) oil*, sambucus nigra fruit extract, tocopherol, jojoba esters, alumina, silica, trihydroxystearin, iron oxides (c.i. 77492, c.i. 77491), natural and organic flavors

peachy cream blush : cocos nucifera (coconut) fruit extract, helianthus annuus (sunflower) seed oil*, ricinus communis (castor) seed oil, cera alba/beeswax/cire d’abeille*, caprylic/capric triglyceride, mica, helianthus annuus (sunflower) seed wax, camellia sinensis (green tea) seed oil*, palmitoyl isoleucine, euterpe oleracea (acai) fruit oil*, plukenetia volubilis seed oil*, lavandula stoechas (spanish lavender) extract, arnica montana (arnica) extract*, borago officinalis (borage) leaf extract*, medicago sativa (alfalfa) extract*, spiraea ulmaria (meadowsweet) extract*, olea europaea (olive) oil*, calendula officinalis (calendula) flower extract*, sambucus nigra fruit extract, tocopherol, iron oxides (c.i. 77891), titanium dioxide (ci. 77891)

spicy cream blush : helianthus annuus (sunflower) seed oil*, cocos nucifera (coconut) fruit extract, caprylic/capric triglyceride, ricinus communis (castor) seed oil, cera alba/beeswax/cire d’abeille*, olus/vegetable oil/huile végétale*, helianthus annuus (sunflower) seed wax, camellia sinensis (green tea) seed oil*, palmitoyl isoleucine, euterpe oleracea (acai) fruit oil*, plukenetia volubilis seed oil*, titanium dioxide, lavandula stoechas (spanish lavender) extract, arnica montana (arnica) extract*, borago officinalis (borage) leaf extract*, medicago sativa (alfalfa) extract*, spiraea ulmaria (meadowsweet) extract*, calendula officinalis (calendula) flower extract*, sambucus nigra fruit extract, tocopherol, olea europaea (olive) oil*, jojoba esters, natural and organic flavors, octyldodecanol, alumina, silica, carmine, trihydroxystearin, iron oxides (c.i. 77499, c.i. 77491)

this list of ingredients is subject to change; please refer to the packaging of the purchased product.",'4.6,21
Make Up,Eyes,'7383244374188,'41811446169772,Tata Harper,Cream Blush,https://ohmycream.co.uk/collections/make-up-eye/products/tata-harper-cream-blush?variant=41811446169772,https://cdn.shopify.com/s/files/1/0555/4071/1596/files/2024_09_Tata_Harper_Blush_Creme_Naughty_Packshot.jpg?v=1727705549,"Complete list of ingredients

flashy cream blush : cocos nucifera (coconut) fruit extract, helianthus annuus (sunflower) seed oil*, ricinus communis (castor) seed oil, cera alba/beeswax/cire d’abeille*, caprylic/capric triglyceride, mica, ci 77891, helianthus annuus (sunflower) seed wax, camellia sinensis (green tea) seed oil*, palmitoyl isoleucine, euterpe oleracea fruit oil*, plukenetia volubilis seed oil*, lavandula stoechas extract, olea europaea (olive) oil*, arnica montana (arnica) extract*, borago officinalis (borage) leaf extract*, calendula officinalis (calendula) flower extract*, medicago sativa (alfalfa) extract*, spiraea ulmaria (meadowsweet) extract*, sambucus nigra fruit extract, tocopherol, ci 77491, ci 75470 *ingredients from organic farming

flirty cream blush : cocos nucifera (coconut) fruit extract, helianthus annuus (sunflower) seed oil*, ricinus communis (castor) seed oil, cera alba/beeswax/cire d’abeille*, caprylic/capric triglyceride, mica, ci 77891, helianthus annuus (sunflower) seed wax, camellia sinensis (green tea) seed oil*, palmitoyl isoleucine, euterpe oleracea fruit oil*, plukenetia volubilis seed oil*, lavandula stoechas extract, olea europaea (olive) oil*, arnica montana (arnica) extract*, borago officinalis (borage) leaf extract*, calendula officinalis (calendula) flower extract*, medicago sativa (alfalfa) extract*, spiraea ulmaria (meadowsweet) extract*, sambucus nigra fruit extract, tocopherol, ci 77491, ci 75470 *ingredients from organic farming

lovely cream blush : cocos nucifera (coconut) fruit extract, helianthus annuus (sunflower) seed oil*, ricinus communis (castor) seed oil, caprylic/capric triglyceride, cera alba/beeswax/cire d’abeille*, mica, olus/vegetable oil/huile végétale*, helianthus annuus (sunflower) seed wax, titanium dioxide, camellia sinensis (green tea) seed oil*, palmitoyl isoleucine, euterpe oleracea (acai) fruit oil*, plukenetia volubilis seed oil*, lavandula stoechas (spanish lavender) extract, olea europaea (olive) oil*, arnica montana (arnica) extract*, borago officinalis (borage) leaf extract*, medicago sativa (alfalfa) extract*, spiraea ulmaria (meadowsweet) extract*, calendula officinalis (calendula) flower extract*, sambucus nigra fruit extract, jojoba esters, tocopherol, carmine, octyldodecanol, natural and organic flavors, iron oxide (c.i. 77891, c.i. 77492, c.i. 77491), alumina, silica, trihydroxystearin

lucky cream blush : helianthus annuus (sunflower) seed oil*, cocos nucifera (coconut) fruit extract, caprylic/capric triglyceride, ricinus communis (castor) seed oil, cera alba/beeswax/cire d’abeille*, olus/vegetable oil/huile végétale*, helianthus annuus (sunflower) seed wax, camellia sinensis (green tea) seed oil*, palmitoyl isoleucine, euterpe oleracea (acai) fruit oil*, plukenetia volubilis seed oil*, titanium dioxide, lavandula stoechas (spanish lavender) extract, arnica montana (arnica) extract*, borago officinalis (borage) leaf extract*, medicago sativa (alfalfa) extract*, spiraea ulmaria (meadowsweet) extract*, calendula officinalis (calendula) flower extract*, sambucus nigra fruit extract, tocopherol, olea europaea (olive) oil*, jojoba esters, natural and organic flavors, octyldodecanol, alumina, silica, carmine, trihydroxystearin, iron oxides (c.i. 77499, c.i. 77491)



naughty cream blush : cocos nucifera (coconut) fruit extract, caprylic/capric triglyceride, helianthus annuus (sunflower) seed oil*, ricinus communis (castor) seed oil, cera alba/beeswax/cire d’abeille*, titanium dioxide, olus/vegetable oil/huile végétale*, mica, helianthus annuus (sunflower) seed wax, camellia sinensis (green tea) seed oil*, palmitoyl isoleucine, euterpe oleracea (acai) fruit oil*, plukenetia volubilis seed oil*, carmine, octyldodecanol, lavandula stoechas (spanish lavender) extract, arnica montana (arnica) extract*, borago officinalis (borage) leaf extract*, medicago sativa (alfalfa) extract*, spiraea ulmaria (meadowsweet) extract*, calendula officinalis (calendula) flower extract*, olea europaea (olive) oil*, sambucus nigra fruit extract, tocopherol, jojoba esters, alumina, silica, trihydroxystearin, iron oxides (c.i. 77492, c.i. 77491), natural and organic flavors

peachy cream blush : cocos nucifera (coconut) fruit extract, helianthus annuus (sunflower) seed oil*, ricinus communis (castor) seed oil, cera alba/beeswax/cire d’abeille*, caprylic/capric triglyceride, mica, helianthus annuus (sunflower) seed wax, camellia sinensis (green tea) seed oil*, palmitoyl isoleucine, euterpe oleracea (acai) fruit oil*, plukenetia volubilis seed oil*, lavandula stoechas (spanish lavender) extract, arnica montana (arnica) extract*, borago officinalis (borage) leaf extract*, medicago sativa (alfalfa) extract*, spiraea ulmaria (meadowsweet) extract*, olea europaea (olive) oil*, calendula officinalis (calendula) flower extract*, sambucus nigra fruit extract, tocopherol, iron oxides (c.i. 77891), titanium dioxide (ci. 77891)

spicy cream blush : helianthus annuus (sunflower) seed oil*, cocos nucifera (coconut) fruit extract, caprylic/capric triglyceride, ricinus communis (castor) seed oil, cera alba/beeswax/cire d’abeille*, olus/vegetable oil/huile végétale*, helianthus annuus (sunflower) seed wax, camellia sinensis (green tea) seed oil*, palmitoyl isoleucine, euterpe oleracea (acai) fruit oil*, plukenetia volubilis seed oil*, titanium dioxide, lavandula stoechas (spanish lavender) extract, arnica montana (arnica) extract*, borago officinalis (borage) leaf extract*, medicago sativa (alfalfa) extract*, spiraea ulmaria (meadowsweet) extract*, calendula officinalis (calendula) flower extract*, sambucus nigra fruit extract, tocopherol, olea europaea (olive) oil*, jojoba esters, natural and organic flavors, octyldodecanol, alumina, silica, carmine, trihydroxystearin, iron oxides (c.i. 77499, c.i. 77491)

this list of ingredients is subject to change; please refer to the packaging of the purchased product.",'4.6,21
Make Up,Eyes,'7383244374188,'41811446268076,Tata Harper,Cream Blush,https://ohmycream.co.uk/collections/make-up-eye/products/tata-harper-cream-blush?variant=41811446268076,https://cdn.shopify.com/s/files/1/0555/4071/1596/files/2024_09_Tata_Harper_Blush_Creme_Flirty_Packshot.jpg?v=1727705548,"Complete list of ingredients

flashy cream blush : cocos nucifera (coconut) fruit extract, helianthus annuus (sunflower) seed oil*, ricinus communis (castor) seed oil, cera alba/beeswax/cire d’abeille*, caprylic/capric triglyceride, mica, ci 77891, helianthus annuus (sunflower) seed wax, camellia sinensis (green tea) seed oil*, palmitoyl isoleucine, euterpe oleracea fruit oil*, plukenetia volubilis seed oil*, lavandula stoechas extract, olea europaea (olive) oil*, arnica montana (arnica) extract*, borago officinalis (borage) leaf extract*, calendula officinalis (calendula) flower extract*, medicago sativa (alfalfa) extract*, spiraea ulmaria (meadowsweet) extract*, sambucus nigra fruit extract, tocopherol, ci 77491, ci 75470 *ingredients from organic farming

flirty cream blush : cocos nucifera (coconut) fruit extract, helianthus annuus (sunflower) seed oil*, ricinus communis (castor) seed oil, cera alba/beeswax/cire d’abeille*, caprylic/capric triglyceride, mica, ci 77891, helianthus annuus (sunflower) seed wax, camellia sinensis (green tea) seed oil*, palmitoyl isoleucine, euterpe oleracea fruit oil*, plukenetia volubilis seed oil*, lavandula stoechas extract, olea europaea (olive) oil*, arnica montana (arnica) extract*, borago officinalis (borage) leaf extract*, calendula officinalis (calendula) flower extract*, medicago sativa (alfalfa) extract*, spiraea ulmaria (meadowsweet) extract*, sambucus nigra fruit extract, tocopherol, ci 77491, ci 75470 *ingredients from organic farming

lovely cream blush : cocos nucifera (coconut) fruit extract, helianthus annuus (sunflower) seed oil*, ricinus communis (castor) seed oil, caprylic/capric triglyceride, cera alba/beeswax/cire d’abeille*, mica, olus/vegetable oil/huile végétale*, helianthus annuus (sunflower) seed wax, titanium dioxide, camellia sinensis (green tea) seed oil*, palmitoyl isoleucine, euterpe oleracea (acai) fruit oil*, plukenetia volubilis seed oil*, lavandula stoechas (spanish lavender) extract, olea europaea (olive) oil*, arnica montana (arnica) extract*, borago officinalis (borage) leaf extract*, medicago sativa (alfalfa) extract*, spiraea ulmaria (meadowsweet) extract*, calendula officinalis (calendula) flower extract*, sambucus nigra fruit extract, jojoba esters, tocopherol, carmine, octyldodecanol, natural and organic flavors, iron oxide (c.i. 77891, c.i. 77492, c.i. 77491), alumina, silica, trihydroxystearin

lucky cream blush : helianthus annuus (sunflower) seed oil*, cocos nucifera (coconut) fruit extract, caprylic/capric triglyceride, ricinus communis (castor) seed oil, cera alba/beeswax/cire d’abeille*, olus/vegetable oil/huile végétale*, helianthus annuus (sunflower) seed wax, camellia sinensis (green tea) seed oil*, palmitoyl isoleucine, euterpe oleracea (acai) fruit oil*, plukenetia volubilis seed oil*, titanium dioxide, lavandula stoechas (spanish lavender) extract, arnica montana (arnica) extract*, borago officinalis (borage) leaf extract*, medicago sativa (alfalfa) extract*, spiraea ulmaria (meadowsweet) extract*, calendula officinalis (calendula) flower extract*, sambucus nigra fruit extract, tocopherol, olea europaea (olive) oil*, jojoba esters, natural and organic flavors, octyldodecanol, alumina, silica, carmine, trihydroxystearin, iron oxides (c.i. 77499, c.i. 77491)



naughty cream blush : cocos nucifera (coconut) fruit extract, caprylic/capric triglyceride, helianthus annuus (sunflower) seed oil*, ricinus communis (castor) seed oil, cera alba/beeswax/cire d’abeille*, titanium dioxide, olus/vegetable oil/huile végétale*, mica, helianthus annuus (sunflower) seed wax, camellia sinensis (green tea) seed oil*, palmitoyl isoleucine, euterpe oleracea (acai) fruit oil*, plukenetia volubilis seed oil*, carmine, octyldodecanol, lavandula stoechas (spanish lavender) extract, arnica montana (arnica) extract*, borago officinalis (borage) leaf extract*, medicago sativa (alfalfa) extract*, spiraea ulmaria (meadowsweet) extract*, calendula officinalis (calendula) flower extract*, olea europaea (olive) oil*, sambucus nigra fruit extract, tocopherol, jojoba esters, alumina, silica, trihydroxystearin, iron oxides (c.i. 77492, c.i. 77491), natural and organic flavors

peachy cream blush : cocos nucifera (coconut) fruit extract, helianthus annuus (sunflower) seed oil*, ricinus communis (castor) seed oil, cera alba/beeswax/cire d’abeille*, caprylic/capric triglyceride, mica, helianthus annuus (sunflower) seed wax, camellia sinensis (green tea) seed oil*, palmitoyl isoleucine, euterpe oleracea (acai) fruit oil*, plukenetia volubilis seed oil*, lavandula stoechas (spanish lavender) extract, arnica montana (arnica) extract*, borago officinalis (borage) leaf extract*, medicago sativa (alfalfa) extract*, spiraea ulmaria (meadowsweet) extract*, olea europaea (olive) oil*, calendula officinalis (calendula) flower extract*, sambucus nigra fruit extract, tocopherol, iron oxides (c.i. 77891), titanium dioxide (ci. 77891)

spicy cream blush : helianthus annuus (sunflower) seed oil*, cocos nucifera (coconut) fruit extract, caprylic/capric triglyceride, ricinus communis (castor) seed oil, cera alba/beeswax/cire d’abeille*, olus/vegetable oil/huile végétale*, helianthus annuus (sunflower) seed wax, camellia sinensis (green tea) seed oil*, palmitoyl isoleucine, euterpe oleracea (acai) fruit oil*, plukenetia volubilis seed oil*, titanium dioxide, lavandula stoechas (spanish lavender) extract, arnica montana (arnica) extract*, borago officinalis (borage) leaf extract*, medicago sativa (alfalfa) extract*, spiraea ulmaria (meadowsweet) extract*, calendula officinalis (calendula) flower extract*, sambucus nigra fruit extract, tocopherol, olea europaea (olive) oil*, jojoba esters, natural and organic flavors, octyldodecanol, alumina, silica, carmine, trihydroxystearin, iron oxides (c.i. 77499, c.i. 77491)

this list of ingredients is subject to change; please refer to the packaging of the purchased product.",'4.6,21
Make Up,Eyes,'7643391623340,'42614385639596,Ilia,In Full Micro-Tip Brow Pencil,https://ohmycream.co.uk/collections/make-up-eye/products/ilia-in-full-micro-tip-brow-pencil?variant=42614385639596,https://cdn.shopify.com/s/files/1/0555/4071/1596/files/InFullMicro-TipBrowPencil-SoftBrown_Ilia.jpg?v=1746513572,"Complete list of ingredients

diisostearyl malate, triethylhexanoin, c20-40 acid, synthetic wax, c20-40 alcohols, polyethylene, mica, glyceryl behenate/eicosadioate, ethylene/propylene copolymer, ethylcellulose, boron nitride, vp/eicosene copolymer, tocopherol, panthenol, ascorbyl palmitate. may contain/peut contenir (±): ci 77891 (titanium dioxide), ci 77491, ci 77492, ci 77499 (iron oxides), ci 77163 (bismuth oxychloride).

this list of ingredients is subject to change; please refer to the packaging of the purchased product.",'4.7,23
Make Up,Eyes,'7643391623340,'42879556518060,Ilia,In Full Micro-Tip Brow Pencil,https://ohmycream.co.uk/collections/make-up-eye/products/ilia-in-full-micro-tip-brow-pencil?variant=42879556518060,https://cdn.shopify.com/s/files/1/0555/4071/1596/files/InFullMicroTipIlia-DarkBlonde_1.jpg?v=1746513572,"Complete list of ingredients

diisostearyl malate, triethylhexanoin, c20-40 acid, synthetic wax, c20-40 alcohols, polyethylene, mica, glyceryl behenate/eicosadioate, ethylene/propylene copolymer, ethylcellulose, boron nitride, vp/eicosene copolymer, tocopherol, panthenol, ascorbyl palmitate. may contain/peut contenir (±): ci 77891 (titanium dioxide), ci 77491, ci 77492, ci 77499 (iron oxides), ci 77163 (bismuth oxychloride).

this list of ingredients is subject to change; please refer to the packaging of the purchased product.",'4.7,23
Make Up,Eyes,'7643391623340,'42614385606828,Ilia,In Full Micro-Tip Brow Pencil,https://ohmycream.co.uk/collections/make-up-eye/products/ilia-in-full-micro-tip-brow-pencil?variant=42614385606828,https://cdn.shopify.com/s/files/1/0555/4071/1596/files/InFullMicro-TipBrowPencil-Taupe_Ilia.jpg?v=1746513572,"Complete list of ingredients

diisostearyl malate, triethylhexanoin, c20-40 acid, synthetic wax, c20-40 alcohols, polyethylene, mica, glyceryl behenate/eicosadioate, ethylene/propylene copolymer, ethylcellulose, boron nitride, vp/eicosene copolymer, tocopherol, panthenol, ascorbyl palmitate. may contain/peut contenir (±): ci 77891 (titanium dioxide), ci 77491, ci 77492, ci 77499 (iron oxides), ci 77163 (bismuth oxychloride).

this list of ingredients is subject to change; please refer to the packaging of the purchased product.",'4.7,23
Make Up,Eyes,'7643391623340,'42614385672364,Ilia,In Full Micro-Tip Brow Pencil,https://ohmycream.co.uk/collections/make-up-eye/products/ilia-in-full-micro-tip-brow-pencil?variant=42614385672364,https://cdn.shopify.com/s/files/1/0555/4071/1596/files/InFullMicro-TipBrowPencil-DarkBrown_Ilia.jpg?v=1701782087,"Complete list of ingredients

diisostearyl malate, triethylhexanoin, c20-40 acid, synthetic wax, c20-40 alcohols, polyethylene, mica, glyceryl behenate/eicosadioate, ethylene/propylene copolymer, ethylcellulose, boron nitride, vp/eicosene copolymer, tocopherol, panthenol, ascorbyl palmitate. may contain/peut contenir (±): ci 77891 (titanium dioxide), ci 77491, ci 77492, ci 77499 (iron oxides), ci 77163 (bismuth oxychloride).

this list of ingredients is subject to change; please refer to the packaging of the purchased product.",'4.7,23
Make Up,Eyes,'7383282483372,'41811526975660,Ilia,True Skin Serum Concealer,https://ohmycream.co.uk/collections/make-up-eye/products/ilia-true-skin-serum-concealer?variant=41811526975660,https://cdn.shopify.com/s/files/1/0555/4071/1596/products/818107026911_Ilia_True-Skin-Serum-Concealer_Mallow.jpg?v=1710458622,"Complete list of ingredients

aloe barbadensis leaf juice*, tetradecane*, hydrogenated polydecene, glycerin, disteardimonium hectorite*, polyglyceryl-3 diisostearate*, decyl isostearate*, isostearyl isostearate*, isostearic acid*, methyl methacrylate crosspolymer, propanediol*, sorbitan sesquiisostearate*, polyglyceryl-6 polyricinoleate*, gluconolactone*, lauroyl lysine*, albizia julibrissin bark extract*, magnesium sulfate*, sodium chloride*, zinc stearate*, hydrogenated lecithin*, tetrahexyldecyl ascorbate, sodium benzoate*, dodecane, caprylic/capric triglyceride*, hexadecane, pistacia lentiscus (mastic) gum*, calcium gluconate, ethylhexylglycerin, darutoside, phenethyl alcohol. may contain/peut contenir (±): ci 77891 (titanium dioxide), ci 77491, ci 77492, ci 77499 (iron oxides). *organic ingredients.

this list of ingredients is subject to change; please refer to the packaging of the purchased product.",'4.9,19
Make Up,Eyes,'7383282483372,'41811526844588,Ilia,True Skin Serum Concealer,https://ohmycream.co.uk/collections/make-up-eye/products/ilia-true-skin-serum-concealer?variant=41811526844588,https://cdn.shopify.com/s/files/1/0555/4071/1596/products/818107022074_ILIA_TRUE_SKIN_CONCEALER_ARROWROOT_TINY.jpg?v=1710458622,"Complete list of ingredients

aloe barbadensis leaf juice*, tetradecane*, hydrogenated polydecene, glycerin, disteardimonium hectorite*, polyglyceryl-3 diisostearate*, decyl isostearate*, isostearyl isostearate*, isostearic acid*, methyl methacrylate crosspolymer, propanediol*, sorbitan sesquiisostearate*, polyglyceryl-6 polyricinoleate*, gluconolactone*, lauroyl lysine*, albizia julibrissin bark extract*, magnesium sulfate*, sodium chloride*, zinc stearate*, hydrogenated lecithin*, tetrahexyldecyl ascorbate, sodium benzoate*, dodecane, caprylic/capric triglyceride*, hexadecane, pistacia lentiscus (mastic) gum*, calcium gluconate, ethylhexylglycerin, darutoside, phenethyl alcohol. may contain/peut contenir (±): ci 77891 (titanium dioxide), ci 77491, ci 77492, ci 77499 (iron oxides). *organic ingredients.

this list of ingredients is subject to change; please refer to the packaging of the purchased product.",'4.9,19
Make Up,Eyes,'7383282483372,'41811527139500,Ilia,True Skin Serum Concealer,https://ohmycream.co.uk/collections/make-up-eye/products/ilia-true-skin-serum-concealer?variant=41811527139500,https://cdn.shopify.com/s/files/1/0555/4071/1596/products/818107021824_ILIA_TRUE_SKIN_CONCEALER_CHICORY_TINY.jpg?v=1710458622,"Complete list of ingredients

aloe barbadensis leaf juice*, tetradecane*, hydrogenated polydecene, glycerin, disteardimonium hectorite*, polyglyceryl-3 diisostearate*, decyl isostearate*, isostearyl isostearate*, isostearic acid*, methyl methacrylate crosspolymer, propanediol*, sorbitan sesquiisostearate*, polyglyceryl-6 polyricinoleate*, gluconolactone*, lauroyl lysine*, albizia julibrissin bark extract*, magnesium sulfate*, sodium chloride*, zinc stearate*, hydrogenated lecithin*, tetrahexyldecyl ascorbate, sodium benzoate*, dodecane, caprylic/capric triglyceride*, hexadecane, pistacia lentiscus (mastic) gum*, calcium gluconate, ethylhexylglycerin, darutoside, phenethyl alcohol. may contain/peut contenir (±): ci 77891 (titanium dioxide), ci 77491, ci 77492, ci 77499 (iron oxides). *organic ingredients.

this list of ingredients is subject to change; please refer to the packaging of the purchased product.",'4.9,19
Make Up,Eyes,'7383282483372,'41811527270572,Ilia,True Skin Serum Concealer,https://ohmycream.co.uk/collections/make-up-eye/products/ilia-true-skin-serum-concealer?variant=41811527270572,https://cdn.shopify.com/s/files/1/0555/4071/1596/products/818107022098_Ilia_True_skin_concealer_Lotus_TINY.jpg?v=1710458622,"Complete list of ingredients

aloe barbadensis leaf juice*, tetradecane*, hydrogenated polydecene, glycerin, disteardimonium hectorite*, polyglyceryl-3 diisostearate*, decyl isostearate*, isostearyl isostearate*, isostearic acid*, methyl methacrylate crosspolymer, propanediol*, sorbitan sesquiisostearate*, polyglyceryl-6 polyricinoleate*, gluconolactone*, lauroyl lysine*, albizia julibrissin bark extract*, magnesium sulfate*, sodium chloride*, zinc stearate*, hydrogenated lecithin*, tetrahexyldecyl ascorbate, sodium benzoate*, dodecane, caprylic/capric triglyceride*, hexadecane, pistacia lentiscus (mastic) gum*, calcium gluconate, ethylhexylglycerin, darutoside, phenethyl alcohol. may contain/peut contenir (±): ci 77891 (titanium dioxide), ci 77491, ci 77492, ci 77499 (iron oxides). *organic ingredients.

this list of ingredients is subject to change; please refer to the packaging of the purchased product.",'4.9,19
Make Up,Eyes,'7383282483372,'41811527336108,Ilia,True Skin Serum Concealer,https://ohmycream.co.uk/collections/make-up-eye/products/ilia-true-skin-serum-concealer?variant=41811527336108,https://cdn.shopify.com/s/files/1/0555/4071/1596/products/818107022081_ILIA_TRUE-SKIN-SERUM-CONCEALER_SUMA_TINY.jpg?v=1710458622,"Complete list of ingredients

aloe barbadensis leaf juice*, tetradecane*, hydrogenated polydecene, glycerin, disteardimonium hectorite*, polyglyceryl-3 diisostearate*, decyl isostearate*, isostearyl isostearate*, isostearic acid*, methyl methacrylate crosspolymer, propanediol*, sorbitan sesquiisostearate*, polyglyceryl-6 polyricinoleate*, gluconolactone*, lauroyl lysine*, albizia julibrissin bark extract*, magnesium sulfate*, sodium chloride*, zinc stearate*, hydrogenated lecithin*, tetrahexyldecyl ascorbate, sodium benzoate*, dodecane, caprylic/capric triglyceride*, hexadecane, pistacia lentiscus (mastic) gum*, calcium gluconate, ethylhexylglycerin, darutoside, phenethyl alcohol. may contain/peut contenir (±): ci 77891 (titanium dioxide), ci 77491, ci 77492, ci 77499 (iron oxides). *organic ingredients.

this list of ingredients is subject to change; please refer to the packaging of the purchased product.",'4.9,19
Make Up,Eyes,'7383282483372,'41811527467180,Ilia,True Skin Serum Concealer,https://ohmycream.co.uk/collections/make-up-eye/products/ilia-true-skin-serum-concealer?variant=41811527467180,https://cdn.shopify.com/s/files/1/0555/4071/1596/products/818107026928_Ilia_True-Skin-Serum-Concealer_Burdock.jpg?v=1658165514,"Complete list of ingredients

aloe barbadensis leaf juice*, tetradecane*, hydrogenated polydecene, glycerin, disteardimonium hectorite*, polyglyceryl-3 diisostearate*, decyl isostearate*, isostearyl isostearate*, isostearic acid*, methyl methacrylate crosspolymer, propanediol*, sorbitan sesquiisostearate*, polyglyceryl-6 polyricinoleate*, gluconolactone*, lauroyl lysine*, albizia julibrissin bark extract*, magnesium sulfate*, sodium chloride*, zinc stearate*, hydrogenated lecithin*, tetrahexyldecyl ascorbate, sodium benzoate*, dodecane, caprylic/capric triglyceride*, hexadecane, pistacia lentiscus (mastic) gum*, calcium gluconate, ethylhexylglycerin, darutoside, phenethyl alcohol. may contain/peut contenir (±): ci 77891 (titanium dioxide), ci 77491, ci 77492, ci 77499 (iron oxides). *organic ingredients.

this list of ingredients is subject to change; please refer to the packaging of the purchased product.",'4.9,19
Make Up,Eyes,'7383282483372,'41811527631020,Ilia,True Skin Serum Concealer,https://ohmycream.co.uk/collections/make-up-eye/products/ilia-true-skin-serum-concealer?variant=41811527631020,https://cdn.shopify.com/s/files/1/0555/4071/1596/products/818107021831_ILIA_TRUE-SKIN-SERUM-CONCEALER_YUCCA_TINY.jpg?v=1658165514,"Complete list of ingredients

aloe barbadensis leaf juice*, tetradecane*, hydrogenated polydecene, glycerin, disteardimonium hectorite*, polyglyceryl-3 diisostearate*, decyl isostearate*, isostearyl isostearate*, isostearic acid*, methyl methacrylate crosspolymer, propanediol*, sorbitan sesquiisostearate*, polyglyceryl-6 polyricinoleate*, gluconolactone*, lauroyl lysine*, albizia julibrissin bark extract*, magnesium sulfate*, sodium chloride*, zinc stearate*, hydrogenated lecithin*, tetrahexyldecyl ascorbate, sodium benzoate*, dodecane, caprylic/capric triglyceride*, hexadecane, pistacia lentiscus (mastic) gum*, calcium gluconate, ethylhexylglycerin, darutoside, phenethyl alcohol. may contain/peut contenir (±): ci 77891 (titanium dioxide), ci 77491, ci 77492, ci 77499 (iron oxides). *organic ingredients.

this list of ingredients is subject to change; please refer to the packaging of the purchased product.",'4.9,19
Make Up,Eyes,'7383282483372,'41811527893164,Ilia,True Skin Serum Concealer,https://ohmycream.co.uk/collections/make-up-eye/products/ilia-true-skin-serum-concealer?variant=41811527893164,https://cdn.shopify.com/s/files/1/0555/4071/1596/products/818107021848_ILIA_TRUE_SKIN_CONCEALER_KAVA_TINY.jpg?v=1658165514,"Complete list of ingredients

aloe barbadensis leaf juice*, tetradecane*, hydrogenated polydecene, glycerin, disteardimonium hectorite*, polyglyceryl-3 diisostearate*, decyl isostearate*, isostearyl isostearate*, isostearic acid*, methyl methacrylate crosspolymer, propanediol*, sorbitan sesquiisostearate*, polyglyceryl-6 polyricinoleate*, gluconolactone*, lauroyl lysine*, albizia julibrissin bark extract*, magnesium sulfate*, sodium chloride*, zinc stearate*, hydrogenated lecithin*, tetrahexyldecyl ascorbate, sodium benzoate*, dodecane, caprylic/capric triglyceride*, hexadecane, pistacia lentiscus (mastic) gum*, calcium gluconate, ethylhexylglycerin, darutoside, phenethyl alcohol. may contain/peut contenir (±): ci 77891 (titanium dioxide), ci 77491, ci 77492, ci 77499 (iron oxides). *organic ingredients.

this list of ingredients is subject to change; please refer to the packaging of the purchased product.",'4.9,19
Make Up,Eyes,'7383282483372,'41811527991468,Ilia,True Skin Serum Concealer,https://ohmycream.co.uk/collections/make-up-eye/products/ilia-true-skin-serum-concealer?variant=41811527991468,https://cdn.shopify.com/s/files/1/0555/4071/1596/products/818107026935_Ilia_True-Skin-Serum-Concealer_Wasabi.jpg?v=1658165514,"Complete list of ingredients

aloe barbadensis leaf juice*, tetradecane*, hydrogenated polydecene, glycerin, disteardimonium hectorite*, polyglyceryl-3 diisostearate*, decyl isostearate*, isostearyl isostearate*, isostearic acid*, methyl methacrylate crosspolymer, propanediol*, sorbitan sesquiisostearate*, polyglyceryl-6 polyricinoleate*, gluconolactone*, lauroyl lysine*, albizia julibrissin bark extract*, magnesium sulfate*, sodium chloride*, zinc stearate*, hydrogenated lecithin*, tetrahexyldecyl ascorbate, sodium benzoate*, dodecane, caprylic/capric triglyceride*, hexadecane, pistacia lentiscus (mastic) gum*, calcium gluconate, ethylhexylglycerin, darutoside, phenethyl alcohol. may contain/peut contenir (±): ci 77891 (titanium dioxide), ci 77491, ci 77492, ci 77499 (iron oxides). *organic ingredients.

this list of ingredients is subject to change; please refer to the packaging of the purchased product.",'4.9,19
Make Up,Eyes,'7383282483372,'41811527762092,Ilia,True Skin Serum Concealer,https://ohmycream.co.uk/collections/make-up-eye/products/ilia-true-skin-serum-concealer?variant=41811527762092,https://cdn.shopify.com/s/files/1/0555/4071/1596/products/818107026942_Ilia_True-Skin-Serum-Concealer_Chia.jpg?v=1658165514,"Complete list of ingredients

aloe barbadensis leaf juice*, tetradecane*, hydrogenated polydecene, glycerin, disteardimonium hectorite*, polyglyceryl-3 diisostearate*, decyl isostearate*, isostearyl isostearate*, isostearic acid*, methyl methacrylate crosspolymer, propanediol*, sorbitan sesquiisostearate*, polyglyceryl-6 polyricinoleate*, gluconolactone*, lauroyl lysine*, albizia julibrissin bark extract*, magnesium sulfate*, sodium chloride*, zinc stearate*, hydrogenated lecithin*, tetrahexyldecyl ascorbate, sodium benzoate*, dodecane, caprylic/capric triglyceride*, hexadecane, pistacia lentiscus (mastic) gum*, calcium gluconate, ethylhexylglycerin, darutoside, phenethyl alcohol. may contain/peut contenir (±): ci 77891 (titanium dioxide), ci 77491, ci 77492, ci 77499 (iron oxides). *organic ingredients.

this list of ingredients is subject to change; please refer to the packaging of the purchased product.",'4.9,19
Make Up,Eyes,'7383282483372,'41811528122540,Ilia,True Skin Serum Concealer,https://ohmycream.co.uk/collections/make-up-eye/products/ilia-true-skin-serum-concealer?variant=41811528122540,https://cdn.shopify.com/s/files/1/0555/4071/1596/products/818107026959_Ilia_True-Skin-Serum-Concealer_Turmeric.jpg?v=1658165527,"Complete list of ingredients

aloe barbadensis leaf juice*, tetradecane*, hydrogenated polydecene, glycerin, disteardimonium hectorite*, polyglyceryl-3 diisostearate*, decyl isostearate*, isostearyl isostearate*, isostearic acid*, methyl methacrylate crosspolymer, propanediol*, sorbitan sesquiisostearate*, polyglyceryl-6 polyricinoleate*, gluconolactone*, lauroyl lysine*, albizia julibrissin bark extract*, magnesium sulfate*, sodium chloride*, zinc stearate*, hydrogenated lecithin*, tetrahexyldecyl ascorbate, sodium benzoate*, dodecane, caprylic/capric triglyceride*, hexadecane, pistacia lentiscus (mastic) gum*, calcium gluconate, ethylhexylglycerin, darutoside, phenethyl alcohol. may contain/peut contenir (±): ci 77891 (titanium dioxide), ci 77491, ci 77492, ci 77499 (iron oxides). *organic ingredients.

this list of ingredients is subject to change; please refer to the packaging of the purchased product.",'4.9,19
Make Up,Eyes,'7383282483372,'41811528253612,Ilia,True Skin Serum Concealer,https://ohmycream.co.uk/collections/make-up-eye/products/ilia-true-skin-serum-concealer?variant=41811528253612,https://cdn.shopify.com/s/files/1/0555/4071/1596/products/818107021879_Ilia_True_skin_concealer_Mesquite_TINY.jpg?v=1658165528,"Complete list of ingredients

aloe barbadensis leaf juice*, tetradecane*, hydrogenated polydecene, glycerin, disteardimonium hectorite*, polyglyceryl-3 diisostearate*, decyl isostearate*, isostearyl isostearate*, isostearic acid*, methyl methacrylate crosspolymer, propanediol*, sorbitan sesquiisostearate*, polyglyceryl-6 polyricinoleate*, gluconolactone*, lauroyl lysine*, albizia julibrissin bark extract*, magnesium sulfate*, sodium chloride*, zinc stearate*, hydrogenated lecithin*, tetrahexyldecyl ascorbate, sodium benzoate*, dodecane, caprylic/capric triglyceride*, hexadecane, pistacia lentiscus (mastic) gum*, calcium gluconate, ethylhexylglycerin, darutoside, phenethyl alcohol. may contain/peut contenir (±): ci 77891 (titanium dioxide), ci 77491, ci 77492, ci 77499 (iron oxides). *organic ingredients.

this list of ingredients is subject to change; please refer to the packaging of the purchased product.",'4.9,19
Make Up,Eyes,'7383282483372,'41811528351916,Ilia,True Skin Serum Concealer,https://ohmycream.co.uk/collections/make-up-eye/products/ilia-true-skin-serum-concealer?variant=41811528351916,https://cdn.shopify.com/s/files/1/0555/4071/1596/products/818107021862_Ilia_True_skin_concealer_Bayberry_TINY.jpg?v=1658165528,"Complete list of ingredients

aloe barbadensis leaf juice*, tetradecane*, hydrogenated polydecene, glycerin, disteardimonium hectorite*, polyglyceryl-3 diisostearate*, decyl isostearate*, isostearyl isostearate*, isostearic acid*, methyl methacrylate crosspolymer, propanediol*, sorbitan sesquiisostearate*, polyglyceryl-6 polyricinoleate*, gluconolactone*, lauroyl lysine*, albizia julibrissin bark extract*, magnesium sulfate*, sodium chloride*, zinc stearate*, hydrogenated lecithin*, tetrahexyldecyl ascorbate, sodium benzoate*, dodecane, caprylic/capric triglyceride*, hexadecane, pistacia lentiscus (mastic) gum*, calcium gluconate, ethylhexylglycerin, darutoside, phenethyl alcohol. may contain/peut contenir (±): ci 77891 (titanium dioxide), ci 77491, ci 77492, ci 77499 (iron oxides). *organic ingredients.

this list of ingredients is subject to change; please refer to the packaging of the purchased product.",'4.9,19
Make Up,Eyes,'7383282483372,'41811528482988,Ilia,True Skin Serum Concealer,https://ohmycream.co.uk/collections/make-up-eye/products/ilia-true-skin-serum-concealer?variant=41811528482988,https://cdn.shopify.com/s/files/1/0555/4071/1596/products/818107021855_Ilia_True_skin_concealer_Nutmeg_TINY.jpg?v=1658165528,"Complete list of ingredients

aloe barbadensis leaf juice*, tetradecane*, hydrogenated polydecene, glycerin, disteardimonium hectorite*, polyglyceryl-3 diisostearate*, decyl isostearate*, isostearyl isostearate*, isostearic acid*, methyl methacrylate crosspolymer, propanediol*, sorbitan sesquiisostearate*, polyglyceryl-6 polyricinoleate*, gluconolactone*, lauroyl lysine*, albizia julibrissin bark extract*, magnesium sulfate*, sodium chloride*, zinc stearate*, hydrogenated lecithin*, tetrahexyldecyl ascorbate, sodium benzoate*, dodecane, caprylic/capric triglyceride*, hexadecane, pistacia lentiscus (mastic) gum*, calcium gluconate, ethylhexylglycerin, darutoside, phenethyl alcohol. may contain/peut contenir (±): ci 77891 (titanium dioxide), ci 77491, ci 77492, ci 77499 (iron oxides). *organic ingredients.

this list of ingredients is subject to change; please refer to the packaging of the purchased product.",'4.9,19
Make Up,Eyes,'7383282483372,'41811528548524,Ilia,True Skin Serum Concealer,https://ohmycream.co.uk/collections/make-up-eye/products/ilia-true-skin-serum-concealer?variant=41811528548524,https://cdn.shopify.com/s/files/1/0555/4071/1596/products/818107021886_Ilia_True_skin_concealer_Birch_TINY.jpg?v=1658165528,"Complete list of ingredients

aloe barbadensis leaf juice*, tetradecane*, hydrogenated polydecene, glycerin, disteardimonium hectorite*, polyglyceryl-3 diisostearate*, decyl isostearate*, isostearyl isostearate*, isostearic acid*, methyl methacrylate crosspolymer, propanediol*, sorbitan sesquiisostearate*, polyglyceryl-6 polyricinoleate*, gluconolactone*, lauroyl lysine*, albizia julibrissin bark extract*, magnesium sulfate*, sodium chloride*, zinc stearate*, hydrogenated lecithin*, tetrahexyldecyl ascorbate, sodium benzoate*, dodecane, caprylic/capric triglyceride*, hexadecane, pistacia lentiscus (mastic) gum*, calcium gluconate, ethylhexylglycerin, darutoside, phenethyl alcohol. may contain/peut contenir (±): ci 77891 (titanium dioxide), ci 77491, ci 77492, ci 77499 (iron oxides). *organic ingredients.

this list of ingredients is subject to change; please refer to the packaging of the purchased product.",'4.9,19
Make Up,Eyes,'7383282483372,'41811528614060,Ilia,True Skin Serum Concealer,https://ohmycream.co.uk/collections/make-up-eye/products/ilia-true-skin-serum-concealer?variant=41811528614060,https://cdn.shopify.com/s/files/1/0555/4071/1596/products/818107026966_Ilia_True-Skin-Serum-Concealer_Cayenne.jpg?v=1658165528,"Complete list of ingredients

aloe barbadensis leaf juice*, tetradecane*, hydrogenated polydecene, glycerin, disteardimonium hectorite*, polyglyceryl-3 diisostearate*, decyl isostearate*, isostearyl isostearate*, isostearic acid*, methyl methacrylate crosspolymer, propanediol*, sorbitan sesquiisostearate*, polyglyceryl-6 polyricinoleate*, gluconolactone*, lauroyl lysine*, albizia julibrissin bark extract*, magnesium sulfate*, sodium chloride*, zinc stearate*, hydrogenated lecithin*, tetrahexyldecyl ascorbate, sodium benzoate*, dodecane, caprylic/capric triglyceride*, hexadecane, pistacia lentiscus (mastic) gum*, calcium gluconate, ethylhexylglycerin, darutoside, phenethyl alcohol. may contain/peut contenir (±): ci 77891 (titanium dioxide), ci 77491, ci 77492, ci 77499 (iron oxides). *organic ingredients.

this list of ingredients is subject to change; please refer to the packaging of the purchased product.",'4.9,19
Make Up,Eyes,'7383282483372,'41811528679596,Ilia,True Skin Serum Concealer,https://ohmycream.co.uk/collections/make-up-eye/products/ilia-true-skin-serum-concealer?variant=41811528679596,https://cdn.shopify.com/s/files/1/0555/4071/1596/products/818107026973_Ilia_True-Skin-Serum-Concealer_Harissa.jpg?v=1658165528,"Complete list of ingredients

aloe barbadensis leaf juice*, tetradecane*, hydrogenated polydecene, glycerin, disteardimonium hectorite*, polyglyceryl-3 diisostearate*, decyl isostearate*, isostearyl isostearate*, isostearic acid*, methyl methacrylate crosspolymer, propanediol*, sorbitan sesquiisostearate*, polyglyceryl-6 polyricinoleate*, gluconolactone*, lauroyl lysine*, albizia julibrissin bark extract*, magnesium sulfate*, sodium chloride*, zinc stearate*, hydrogenated lecithin*, tetrahexyldecyl ascorbate, sodium benzoate*, dodecane, caprylic/capric triglyceride*, hexadecane, pistacia lentiscus (mastic) gum*, calcium gluconate, ethylhexylglycerin, darutoside, phenethyl alcohol. may contain/peut contenir (±): ci 77891 (titanium dioxide), ci 77491, ci 77492, ci 77499 (iron oxides). *organic ingredients.

this list of ingredients is subject to change; please refer to the packaging of the purchased product.",'4.9,19
Make Up,Eyes,'7383282483372,'41811528745132,Ilia,True Skin Serum Concealer,https://ohmycream.co.uk/collections/make-up-eye/products/ilia-true-skin-serum-concealer?variant=41811528745132,https://cdn.shopify.com/s/files/1/0555/4071/1596/products/818107021893_Ilia_True_skin_concealer_Cassia_TINY.jpg?v=1658165528,"Complete list of ingredients

aloe barbadensis leaf juice*, tetradecane*, hydrogenated polydecene, glycerin, disteardimonium hectorite*, polyglyceryl-3 diisostearate*, decyl isostearate*, isostearyl isostearate*, isostearic acid*, methyl methacrylate crosspolymer, propanediol*, sorbitan sesquiisostearate*, polyglyceryl-6 polyricinoleate*, gluconolactone*, lauroyl lysine*, albizia julibrissin bark extract*, magnesium sulfate*, sodium chloride*, zinc stearate*, hydrogenated lecithin*, tetrahexyldecyl ascorbate, sodium benzoate*, dodecane, caprylic/capric triglyceride*, hexadecane, pistacia lentiscus (mastic) gum*, calcium gluconate, ethylhexylglycerin, darutoside, phenethyl alcohol. may contain/peut contenir (±): ci 77891 (titanium dioxide), ci 77491, ci 77492, ci 77499 (iron oxides). *organic ingredients.

this list of ingredients is subject to change; please refer to the packaging of the purchased product.",'4.9,19
Make Up,Eyes,'7383282483372,'41811528810668,Ilia,True Skin Serum Concealer,https://ohmycream.co.uk/collections/make-up-eye/products/ilia-true-skin-serum-concealer?variant=41811528810668,https://cdn.shopify.com/s/files/1/0555/4071/1596/products/818107021909_Ilia_True_skin_concealer_Cacao_TINY.jpg?v=1658165528,"Complete list of ingredients

aloe barbadensis leaf juice*, tetradecane*, hydrogenated polydecene, glycerin, disteardimonium hectorite*, polyglyceryl-3 diisostearate*, decyl isostearate*, isostearyl isostearate*, isostearic acid*, methyl methacrylate crosspolymer, propanediol*, sorbitan sesquiisostearate*, polyglyceryl-6 polyricinoleate*, gluconolactone*, lauroyl lysine*, albizia julibrissin bark extract*, magnesium sulfate*, sodium chloride*, zinc stearate*, hydrogenated lecithin*, tetrahexyldecyl ascorbate, sodium benzoate*, dodecane, caprylic/capric triglyceride*, hexadecane, pistacia lentiscus (mastic) gum*, calcium gluconate, ethylhexylglycerin, darutoside, phenethyl alcohol. may contain/peut contenir (±): ci 77891 (titanium dioxide), ci 77491, ci 77492, ci 77499 (iron oxides). *organic ingredients.

this list of ingredients is subject to change; please refer to the packaging of the purchased product.",'4.9,19
Make Up,Eyes,'7383282483372,'41811528843436,Ilia,True Skin Serum Concealer,https://ohmycream.co.uk/collections/make-up-eye/products/ilia-true-skin-serum-concealer?variant=41811528843436,https://cdn.shopify.com/s/files/1/0555/4071/1596/products/818107026980_Ilia_True-Skin-Serum-Concealer_Licorice.jpg?v=1658165528,"Complete list of ingredients

aloe barbadensis leaf juice*, tetradecane*, hydrogenated polydecene, glycerin, disteardimonium hectorite*, polyglyceryl-3 diisostearate*, decyl isostearate*, isostearyl isostearate*, isostearic acid*, methyl methacrylate crosspolymer, propanediol*, sorbitan sesquiisostearate*, polyglyceryl-6 polyricinoleate*, gluconolactone*, lauroyl lysine*, albizia julibrissin bark extract*, magnesium sulfate*, sodium chloride*, zinc stearate*, hydrogenated lecithin*, tetrahexyldecyl ascorbate, sodium benzoate*, dodecane, caprylic/capric triglyceride*, hexadecane, pistacia lentiscus (mastic) gum*, calcium gluconate, ethylhexylglycerin, darutoside, phenethyl alcohol. may contain/peut contenir (±): ci 77891 (titanium dioxide), ci 77491, ci 77492, ci 77499 (iron oxides). *organic ingredients.

this list of ingredients is subject to change; please refer to the packaging of the purchased product.",'4.9,19
Make Up,Eyes,'15174958252412,'55102367990140,RMS Beauty,Straight Line Kohl Eye Pencil,https://ohmycream.co.uk/collections/make-up-eye/products/rms-beauty-straight-line-kohl-eye-pencil?variant=55102367990140,https://cdn.shopify.com/s/files/1/0555/4071/1596/files/202504_RMS_BEAUTY_Straight_Line_Khol_Pencil_Black_Packshot.png?v=1744807379,"Complete list of ingredients

hd black : hydrogenated jojoba oil, limnanthes alba (meadowfoam) seed oil, caprylic/capric triglyceride, mica, mangifera indica (mango) seed oil, euphorbia cerifera (candelilla) wax/candelilla cera/cire de candelilla, silica, glyceryl caprylate, copernicia cerifera (carnauba) wax/cera carnauba/cire de carnauba, *simmondsia chinensis (jojoba) seed oil, tocopherol (non-gmo), helianthus annuus (sunflower) seed oil, ascorbyl palmitate, iron oxides (ci 77491, ci 77492, ci 77499). *organic

bronze : hydrogenated jojoba oil, mica, limnanthes alba (meadowfoam) seed oil, caprylic/capric triglyceride, mangifera indica (mango) seed oil, euphorbia cerifera (candelilla) wax/candelilla cera/cire de candelilla, silica, glyceryl caprylate, copernicia cerifera (carnauba) wax/cera carnauba/cire de carnauba, *simmondsia chinensis (jojoba) seed oil, tocopherol (non-gmo), helianthus annuus (sunflower) seed oil, ascorbyl palmitate, iron oxides (ci 77491, ci 77492, ci 77499), titanium dioxide (ci 77891).
* certified organic/certifié biologique

plum definition : hydrogenated jojoba oil, mica, limnanthes alba (meadowfoam) seed oil, caprylic/capric triglyceride, mangifera indica (mango) seed oil, euphorbia cerifera (candelilla) wax/candelilla cera/cire de candelilla, silica, copernicia cerifera (carnauba) wax/cera carnauba/cire de carnauba, *simmondsia chinensis (jojoba) seed oil, tocopherol (non-gmo), helianthus annuus (sunflower) seed oil, ascorbyl palmitate, manganese violet (ci 77742), titanium dioxide (ci 77891), iron oxides (ci 77491, ci 77492, ci 77499). * certified organic/certifié biologique

this list of ingredients is subject to change; please refer to the packaging of the purchased product.",'4.7,23
Make Up,Eyes,'15174958252412,'55102368022908,RMS Beauty,Straight Line Kohl Eye Pencil,https://ohmycream.co.uk/collections/make-up-eye/products/rms-beauty-straight-line-kohl-eye-pencil?variant=55102368022908,https://cdn.shopify.com/s/files/1/0555/4071/1596/files/Straight_Line_Kohl_Eye_Pencil_Bronze_RMS.jpg?v=1744807011,"Complete list of ingredients

hd black : hydrogenated jojoba oil, limnanthes alba (meadowfoam) seed oil, caprylic/capric triglyceride, mica, mangifera indica (mango) seed oil, euphorbia cerifera (candelilla) wax/candelilla cera/cire de candelilla, silica, glyceryl caprylate, copernicia cerifera (carnauba) wax/cera carnauba/cire de carnauba, *simmondsia chinensis (jojoba) seed oil, tocopherol (non-gmo), helianthus annuus (sunflower) seed oil, ascorbyl palmitate, iron oxides (ci 77491, ci 77492, ci 77499). *organic

bronze : hydrogenated jojoba oil, mica, limnanthes alba (meadowfoam) seed oil, caprylic/capric triglyceride, mangifera indica (mango) seed oil, euphorbia cerifera (candelilla) wax/candelilla cera/cire de candelilla, silica, glyceryl caprylate, copernicia cerifera (carnauba) wax/cera carnauba/cire de carnauba, *simmondsia chinensis (jojoba) seed oil, tocopherol (non-gmo), helianthus annuus (sunflower) seed oil, ascorbyl palmitate, iron oxides (ci 77491, ci 77492, ci 77499), titanium dioxide (ci 77891).
* certified organic/certifié biologique

plum definition : hydrogenated jojoba oil, mica, limnanthes alba (meadowfoam) seed oil, caprylic/capric triglyceride, mangifera indica (mango) seed oil, euphorbia cerifera (candelilla) wax/candelilla cera/cire de candelilla, silica, copernicia cerifera (carnauba) wax/cera carnauba/cire de carnauba, *simmondsia chinensis (jojoba) seed oil, tocopherol (non-gmo), helianthus annuus (sunflower) seed oil, ascorbyl palmitate, manganese violet (ci 77742), titanium dioxide (ci 77891), iron oxides (ci 77491, ci 77492, ci 77499). * certified organic/certifié biologique

this list of ingredients is subject to change; please refer to the packaging of the purchased product.",'4.7,23
Make Up,Eyes,'15174958252412,'55102368055676,RMS Beauty,Straight Line Kohl Eye Pencil,https://ohmycream.co.uk/collections/make-up-eye/products/rms-beauty-straight-line-kohl-eye-pencil?variant=55102368055676,https://cdn.shopify.com/s/files/1/0555/4071/1596/files/Straight_Line_Kohl_Eye_Pencil_Plum_RMS.jpg?v=1744806937,"Complete list of ingredients

hd black : hydrogenated jojoba oil, limnanthes alba (meadowfoam) seed oil, caprylic/capric triglyceride, mica, mangifera indica (mango) seed oil, euphorbia cerifera (candelilla) wax/candelilla cera/cire de candelilla, silica, glyceryl caprylate, copernicia cerifera (carnauba) wax/cera carnauba/cire de carnauba, *simmondsia chinensis (jojoba) seed oil, tocopherol (non-gmo), helianthus annuus (sunflower) seed oil, ascorbyl palmitate, iron oxides (ci 77491, ci 77492, ci 77499). *organic

bronze : hydrogenated jojoba oil, mica, limnanthes alba (meadowfoam) seed oil, caprylic/capric triglyceride, mangifera indica (mango) seed oil, euphorbia cerifera (candelilla) wax/candelilla cera/cire de candelilla, silica, glyceryl caprylate, copernicia cerifera (carnauba) wax/cera carnauba/cire de carnauba, *simmondsia chinensis (jojoba) seed oil, tocopherol (non-gmo), helianthus annuus (sunflower) seed oil, ascorbyl palmitate, iron oxides (ci 77491, ci 77492, ci 77499), titanium dioxide (ci 77891).
* certified organic/certifié biologique

plum definition : hydrogenated jojoba oil, mica, limnanthes alba (meadowfoam) seed oil, caprylic/capric triglyceride, mangifera indica (mango) seed oil, euphorbia cerifera (candelilla) wax/candelilla cera/cire de candelilla, silica, copernicia cerifera (carnauba) wax/cera carnauba/cire de carnauba, *simmondsia chinensis (jojoba) seed oil, tocopherol (non-gmo), helianthus annuus (sunflower) seed oil, ascorbyl palmitate, manganese violet (ci 77742), titanium dioxide (ci 77891), iron oxides (ci 77491, ci 77492, ci 77499). * certified organic/certifié biologique

this list of ingredients is subject to change; please refer to the packaging of the purchased product.",'4.7,23
Make Up,Eyes,'7443835551916,'42003145851052,RMS Beauty,Eyelights Cream Eye Shadow,https://ohmycream.co.uk/collections/make-up-eye/products/rms-beauty-eyelights-cream-eye-shadow?variant=42003145851052,https://cdn.shopify.com/s/files/1/0555/4071/1596/products/eyelights-flare_RMS.jpg?v=1749632852,"Complete list of ingredients

spark: water/aqua/eau, mica, propanediol, caprylic/capric triglyceride, polyglyceryl-4 caprate, silica, glycerin, sodium dehydroacetate, aminomethyl propanediol, caprylyl glycol, ethylhexylglycerin, tin oxide, chenopodium quinoa seed extract, *camellia sinensis (green tea) leaf extract, sodium benzoate, potassium sorbate, iron oxides (ci 77491, ci 77499), titanium dioxide (ci 77891).

sunbeam: water/aqua/eau, mica, propanediol, caprylic/capric triglyceride, polyglyceryl-4 caprate, silica, glycerin, sodium dehydroacetate, aminomethyl propanediol, caprylyl glycol, ethylhexylglycerin, tin oxide, chenopodium quinoa seed extract, *camellia sinensis (green tea) leaf extract, sodium benzoate, potassium sorbate, iron oxide (ci 77491), titanium dioxide (ci 77891).

blaze: water/aqua/eau, mica, propanediol, caprylic/capric triglyceride, polyglyceryl-4 caprate, silica, glycerin, sodium dehydroacetate, aminomethyl propanediol, caprylyl glycol, ethylhexylglycerin, tin oxide, chenopodium quinoa seed extract, *camellia sinensis (green tea) leaf extract, sodium benzoate, potassium sorbate, iron oxides (ci 77491, ci 77499), titanium dioxide (ci 77891).

flare: water/aqua/eau, mica, propanediol, caprylic/capric triglyceride, polyglyceryl-4 caprate, silica, glycerin, sodium dehydroacetate, aminomethyl propanediol, caprylyl glycol, ethylhexylglycerin, tin oxide, chenopodium quinoa seed extract, *camellia sinensis (green tea) leaf extract, sodium benzoate, potassium sorbate, iron oxides (ci 77491, ci 77499), titanium dioxide (ci 77891).

strobe: water/aqua/eau, mica, propanediol, caprylic/capric triglyceride, polyglyceryl-4 caprate, silica, glycerin, sodium dehydroacetate, aminomethyl propanediol, caprylyl glycol, ethylhexylglycerin, tin oxide, chenopodium quinoa seed extract, *camellia sinensis (green tea) leaf extract, sodium benzoate, potassium sorbate, iron oxides (ci 77491, ci 77499), titanium dioxide (ci 77891).

halo: water/aqua/eau, mica, propanediol, caprylic/capric triglyceride, polyglyceryl-4 caprate, silica, glycerin, sodium dehydroacetate, aminomethyl propanediol, caprylyl glycol, ethylhexylglycerin, tin oxide, chenopodium quinoa seed extract, *camellia sinensis (green tea) leaf extract, sodium benzoate, potassium sorbate, iron oxides (ci 77491, ci 77499), titanium dioxide (ci 77891).

*organic

this list of ingredients is subject to change; please refer to the packaging of the purchased product.",'4.4,62
Make Up,Eyes,'7443835551916,'42003145654444,RMS Beauty,Eyelights Cream Eye Shadow,https://ohmycream.co.uk/collections/make-up-eye/products/rms-beauty-eyelights-cream-eye-shadow?variant=42003145654444,https://cdn.shopify.com/s/files/1/0555/4071/1596/products/Packshot_Eyelight_Sunbeam_Rms_Beauty.jpg?v=1749632852,"Complete list of ingredients

spark: water/aqua/eau, mica, propanediol, caprylic/capric triglyceride, polyglyceryl-4 caprate, silica, glycerin, sodium dehydroacetate, aminomethyl propanediol, caprylyl glycol, ethylhexylglycerin, tin oxide, chenopodium quinoa seed extract, *camellia sinensis (green tea) leaf extract, sodium benzoate, potassium sorbate, iron oxides (ci 77491, ci 77499), titanium dioxide (ci 77891).

sunbeam: water/aqua/eau, mica, propanediol, caprylic/capric triglyceride, polyglyceryl-4 caprate, silica, glycerin, sodium dehydroacetate, aminomethyl propanediol, caprylyl glycol, ethylhexylglycerin, tin oxide, chenopodium quinoa seed extract, *camellia sinensis (green tea) leaf extract, sodium benzoate, potassium sorbate, iron oxide (ci 77491), titanium dioxide (ci 77891).

blaze: water/aqua/eau, mica, propanediol, caprylic/capric triglyceride, polyglyceryl-4 caprate, silica, glycerin, sodium dehydroacetate, aminomethyl propanediol, caprylyl glycol, ethylhexylglycerin, tin oxide, chenopodium quinoa seed extract, *camellia sinensis (green tea) leaf extract, sodium benzoate, potassium sorbate, iron oxides (ci 77491, ci 77499), titanium dioxide (ci 77891).

flare: water/aqua/eau, mica, propanediol, caprylic/capric triglyceride, polyglyceryl-4 caprate, silica, glycerin, sodium dehydroacetate, aminomethyl propanediol, caprylyl glycol, ethylhexylglycerin, tin oxide, chenopodium quinoa seed extract, *camellia sinensis (green tea) leaf extract, sodium benzoate, potassium sorbate, iron oxides (ci 77491, ci 77499), titanium dioxide (ci 77891).

strobe: water/aqua/eau, mica, propanediol, caprylic/capric triglyceride, polyglyceryl-4 caprate, silica, glycerin, sodium dehydroacetate, aminomethyl propanediol, caprylyl glycol, ethylhexylglycerin, tin oxide, chenopodium quinoa seed extract, *camellia sinensis (green tea) leaf extract, sodium benzoate, potassium sorbate, iron oxides (ci 77491, ci 77499), titanium dioxide (ci 77891).

halo: water/aqua/eau, mica, propanediol, caprylic/capric triglyceride, polyglyceryl-4 caprate, silica, glycerin, sodium dehydroacetate, aminomethyl propanediol, caprylyl glycol, ethylhexylglycerin, tin oxide, chenopodium quinoa seed extract, *camellia sinensis (green tea) leaf extract, sodium benzoate, potassium sorbate, iron oxides (ci 77491, ci 77499), titanium dioxide (ci 77891).

*organic

this list of ingredients is subject to change; please refer to the packaging of the purchased product.",'4.4,62
Make Up,Eyes,'7443835551916,'42003145916588,RMS Beauty,Eyelights Cream Eye Shadow,https://ohmycream.co.uk/collections/make-up-eye/products/rms-beauty-eyelights-cream-eye-shadow?variant=42003145916588,https://cdn.shopify.com/s/files/1/0555/4071/1596/products/eyelights-halo_RMS.jpg?v=1749632852,"Complete list of ingredients

spark: water/aqua/eau, mica, propanediol, caprylic/capric triglyceride, polyglyceryl-4 caprate, silica, glycerin, sodium dehydroacetate, aminomethyl propanediol, caprylyl glycol, ethylhexylglycerin, tin oxide, chenopodium quinoa seed extract, *camellia sinensis (green tea) leaf extract, sodium benzoate, potassium sorbate, iron oxides (ci 77491, ci 77499), titanium dioxide (ci 77891).

sunbeam: water/aqua/eau, mica, propanediol, caprylic/capric triglyceride, polyglyceryl-4 caprate, silica, glycerin, sodium dehydroacetate, aminomethyl propanediol, caprylyl glycol, ethylhexylglycerin, tin oxide, chenopodium quinoa seed extract, *camellia sinensis (green tea) leaf extract, sodium benzoate, potassium sorbate, iron oxide (ci 77491), titanium dioxide (ci 77891).

blaze: water/aqua/eau, mica, propanediol, caprylic/capric triglyceride, polyglyceryl-4 caprate, silica, glycerin, sodium dehydroacetate, aminomethyl propanediol, caprylyl glycol, ethylhexylglycerin, tin oxide, chenopodium quinoa seed extract, *camellia sinensis (green tea) leaf extract, sodium benzoate, potassium sorbate, iron oxides (ci 77491, ci 77499), titanium dioxide (ci 77891).

flare: water/aqua/eau, mica, propanediol, caprylic/capric triglyceride, polyglyceryl-4 caprate, silica, glycerin, sodium dehydroacetate, aminomethyl propanediol, caprylyl glycol, ethylhexylglycerin, tin oxide, chenopodium quinoa seed extract, *camellia sinensis (green tea) leaf extract, sodium benzoate, potassium sorbate, iron oxides (ci 77491, ci 77499), titanium dioxide (ci 77891).

strobe: water/aqua/eau, mica, propanediol, caprylic/capric triglyceride, polyglyceryl-4 caprate, silica, glycerin, sodium dehydroacetate, aminomethyl propanediol, caprylyl glycol, ethylhexylglycerin, tin oxide, chenopodium quinoa seed extract, *camellia sinensis (green tea) leaf extract, sodium benzoate, potassium sorbate, iron oxides (ci 77491, ci 77499), titanium dioxide (ci 77891).

halo: water/aqua/eau, mica, propanediol, caprylic/capric triglyceride, polyglyceryl-4 caprate, silica, glycerin, sodium dehydroacetate, aminomethyl propanediol, caprylyl glycol, ethylhexylglycerin, tin oxide, chenopodium quinoa seed extract, *camellia sinensis (green tea) leaf extract, sodium benzoate, potassium sorbate, iron oxides (ci 77491, ci 77499), titanium dioxide (ci 77891).

*organic

this list of ingredients is subject to change; please refer to the packaging of the purchased product.",'4.4,62
Make Up,Eyes,'7443835551916,'42003145719980,RMS Beauty,Eyelights Cream Eye Shadow,https://ohmycream.co.uk/collections/make-up-eye/products/rms-beauty-eyelights-cream-eye-shadow?variant=42003145719980,https://cdn.shopify.com/s/files/1/0555/4071/1596/products/eyelights-spark_RMS.jpg?v=1749632852,"Complete list of ingredients

spark: water/aqua/eau, mica, propanediol, caprylic/capric triglyceride, polyglyceryl-4 caprate, silica, glycerin, sodium dehydroacetate, aminomethyl propanediol, caprylyl glycol, ethylhexylglycerin, tin oxide, chenopodium quinoa seed extract, *camellia sinensis (green tea) leaf extract, sodium benzoate, potassium sorbate, iron oxides (ci 77491, ci 77499), titanium dioxide (ci 77891).

sunbeam: water/aqua/eau, mica, propanediol, caprylic/capric triglyceride, polyglyceryl-4 caprate, silica, glycerin, sodium dehydroacetate, aminomethyl propanediol, caprylyl glycol, ethylhexylglycerin, tin oxide, chenopodium quinoa seed extract, *camellia sinensis (green tea) leaf extract, sodium benzoate, potassium sorbate, iron oxide (ci 77491), titanium dioxide (ci 77891).

blaze: water/aqua/eau, mica, propanediol, caprylic/capric triglyceride, polyglyceryl-4 caprate, silica, glycerin, sodium dehydroacetate, aminomethyl propanediol, caprylyl glycol, ethylhexylglycerin, tin oxide, chenopodium quinoa seed extract, *camellia sinensis (green tea) leaf extract, sodium benzoate, potassium sorbate, iron oxides (ci 77491, ci 77499), titanium dioxide (ci 77891).

flare: water/aqua/eau, mica, propanediol, caprylic/capric triglyceride, polyglyceryl-4 caprate, silica, glycerin, sodium dehydroacetate, aminomethyl propanediol, caprylyl glycol, ethylhexylglycerin, tin oxide, chenopodium quinoa seed extract, *camellia sinensis (green tea) leaf extract, sodium benzoate, potassium sorbate, iron oxides (ci 77491, ci 77499), titanium dioxide (ci 77891).

strobe: water/aqua/eau, mica, propanediol, caprylic/capric triglyceride, polyglyceryl-4 caprate, silica, glycerin, sodium dehydroacetate, aminomethyl propanediol, caprylyl glycol, ethylhexylglycerin, tin oxide, chenopodium quinoa seed extract, *camellia sinensis (green tea) leaf extract, sodium benzoate, potassium sorbate, iron oxides (ci 77491, ci 77499), titanium dioxide (ci 77891).

halo: water/aqua/eau, mica, propanediol, caprylic/capric triglyceride, polyglyceryl-4 caprate, silica, glycerin, sodium dehydroacetate, aminomethyl propanediol, caprylyl glycol, ethylhexylglycerin, tin oxide, chenopodium quinoa seed extract, *camellia sinensis (green tea) leaf extract, sodium benzoate, potassium sorbate, iron oxides (ci 77491, ci 77499), titanium dioxide (ci 77891).

*organic

this list of ingredients is subject to change; please refer to the packaging of the purchased product.",'4.4,62
Make Up,Eyes,'7443835551916,'42003145818284,RMS Beauty,Eyelights Cream Eye Shadow,https://ohmycream.co.uk/collections/make-up-eye/products/rms-beauty-eyelights-cream-eye-shadow?variant=42003145818284,https://cdn.shopify.com/s/files/1/0555/4071/1596/products/eyelights-blaze_RMS.jpg?v=1749632852,"Complete list of ingredients

spark: water/aqua/eau, mica, propanediol, caprylic/capric triglyceride, polyglyceryl-4 caprate, silica, glycerin, sodium dehydroacetate, aminomethyl propanediol, caprylyl glycol, ethylhexylglycerin, tin oxide, chenopodium quinoa seed extract, *camellia sinensis (green tea) leaf extract, sodium benzoate, potassium sorbate, iron oxides (ci 77491, ci 77499), titanium dioxide (ci 77891).

sunbeam: water/aqua/eau, mica, propanediol, caprylic/capric triglyceride, polyglyceryl-4 caprate, silica, glycerin, sodium dehydroacetate, aminomethyl propanediol, caprylyl glycol, ethylhexylglycerin, tin oxide, chenopodium quinoa seed extract, *camellia sinensis (green tea) leaf extract, sodium benzoate, potassium sorbate, iron oxide (ci 77491), titanium dioxide (ci 77891).

blaze: water/aqua/eau, mica, propanediol, caprylic/capric triglyceride, polyglyceryl-4 caprate, silica, glycerin, sodium dehydroacetate, aminomethyl propanediol, caprylyl glycol, ethylhexylglycerin, tin oxide, chenopodium quinoa seed extract, *camellia sinensis (green tea) leaf extract, sodium benzoate, potassium sorbate, iron oxides (ci 77491, ci 77499), titanium dioxide (ci 77891).

flare: water/aqua/eau, mica, propanediol, caprylic/capric triglyceride, polyglyceryl-4 caprate, silica, glycerin, sodium dehydroacetate, aminomethyl propanediol, caprylyl glycol, ethylhexylglycerin, tin oxide, chenopodium quinoa seed extract, *camellia sinensis (green tea) leaf extract, sodium benzoate, potassium sorbate, iron oxides (ci 77491, ci 77499), titanium dioxide (ci 77891).

strobe: water/aqua/eau, mica, propanediol, caprylic/capric triglyceride, polyglyceryl-4 caprate, silica, glycerin, sodium dehydroacetate, aminomethyl propanediol, caprylyl glycol, ethylhexylglycerin, tin oxide, chenopodium quinoa seed extract, *camellia sinensis (green tea) leaf extract, sodium benzoate, potassium sorbate, iron oxides (ci 77491, ci 77499), titanium dioxide (ci 77891).

halo: water/aqua/eau, mica, propanediol, caprylic/capric triglyceride, polyglyceryl-4 caprate, silica, glycerin, sodium dehydroacetate, aminomethyl propanediol, caprylyl glycol, ethylhexylglycerin, tin oxide, chenopodium quinoa seed extract, *camellia sinensis (green tea) leaf extract, sodium benzoate, potassium sorbate, iron oxides (ci 77491, ci 77499), titanium dioxide (ci 77891).

*organic

this list of ingredients is subject to change; please refer to the packaging of the purchased product.",'4.4,62
Make Up,Eyes,'7443835551916,'42003145883820,RMS Beauty,Eyelights Cream Eye Shadow,https://ohmycream.co.uk/collections/make-up-eye/products/rms-beauty-eyelights-cream-eye-shadow?variant=42003145883820,https://cdn.shopify.com/s/files/1/0555/4071/1596/products/eyelights----strobe_RMS.jpg?v=1749632852,"Complete list of ingredients

spark: water/aqua/eau, mica, propanediol, caprylic/capric triglyceride, polyglyceryl-4 caprate, silica, glycerin, sodium dehydroacetate, aminomethyl propanediol, caprylyl glycol, ethylhexylglycerin, tin oxide, chenopodium quinoa seed extract, *camellia sinensis (green tea) leaf extract, sodium benzoate, potassium sorbate, iron oxides (ci 77491, ci 77499), titanium dioxide (ci 77891).

sunbeam: water/aqua/eau, mica, propanediol, caprylic/capric triglyceride, polyglyceryl-4 caprate, silica, glycerin, sodium dehydroacetate, aminomethyl propanediol, caprylyl glycol, ethylhexylglycerin, tin oxide, chenopodium quinoa seed extract, *camellia sinensis (green tea) leaf extract, sodium benzoate, potassium sorbate, iron oxide (ci 77491), titanium dioxide (ci 77891).

blaze: water/aqua/eau, mica, propanediol, caprylic/capric triglyceride, polyglyceryl-4 caprate, silica, glycerin, sodium dehydroacetate, aminomethyl propanediol, caprylyl glycol, ethylhexylglycerin, tin oxide, chenopodium quinoa seed extract, *camellia sinensis (green tea) leaf extract, sodium benzoate, potassium sorbate, iron oxides (ci 77491, ci 77499), titanium dioxide (ci 77891).

flare: water/aqua/eau, mica, propanediol, caprylic/capric triglyceride, polyglyceryl-4 caprate, silica, glycerin, sodium dehydroacetate, aminomethyl propanediol, caprylyl glycol, ethylhexylglycerin, tin oxide, chenopodium quinoa seed extract, *camellia sinensis (green tea) leaf extract, sodium benzoate, potassium sorbate, iron oxides (ci 77491, ci 77499), titanium dioxide (ci 77891).

strobe: water/aqua/eau, mica, propanediol, caprylic/capric triglyceride, polyglyceryl-4 caprate, silica, glycerin, sodium dehydroacetate, aminomethyl propanediol, caprylyl glycol, ethylhexylglycerin, tin oxide, chenopodium quinoa seed extract, *camellia sinensis (green tea) leaf extract, sodium benzoate, potassium sorbate, iron oxides (ci 77491, ci 77499), titanium dioxide (ci 77891).

halo: water/aqua/eau, mica, propanediol, caprylic/capric triglyceride, polyglyceryl-4 caprate, silica, glycerin, sodium dehydroacetate, aminomethyl propanediol, caprylyl glycol, ethylhexylglycerin, tin oxide, chenopodium quinoa seed extract, *camellia sinensis (green tea) leaf extract, sodium benzoate, potassium sorbate, iron oxides (ci 77491, ci 77499), titanium dioxide (ci 77891).

*organic

this list of ingredients is subject to change; please refer to the packaging of the purchased product.",'4.4,62
Make Up,Eyes,'7383232118956,'41811432898732,Ilia,The Necessary Eyeshadow Palette,https://ohmycream.co.uk/collections/make-up-eye/products/ilia-necessary-eyeshadow-palette?variant=41811432898732,https://cdn.shopify.com/s/files/1/0555/4071/1596/products/818107022197_ILIA_THE-NECESSARY-EYESHADOW-PALETTE_WARM-NUDE_TINY.jpg?v=1658162467,"Complete list of ingredients

mica, alumina, synthetic fluorphlogopite, zinc stearate, nylon-12, butyloctyl salicylate, caprylic/capric triglyceride, ethyl macadamiate, lonicera caprifolium (honeysuckle) flower extract, lonicera japonica (honeysuckle) flower extract, tin oxide, simmondsia chinensis (jojoba) seed oil, tocopherol, malic acid. may contain/peut contenir (±): ci 77891 (titanium dioxide), ci 77491, ci 77492, ci 77499 (iron oxides), ci 16035 (red 40 lake), ci 19140 (yellow 5 lake).

this list of ingredients is subject to change; please refer to the packaging of the purchased product.",'4.7,68
Make Up,Eyes,'7383232118956,'41811432931500,Ilia,The Necessary Eyeshadow Palette,https://ohmycream.co.uk/collections/make-up-eye/products/ilia-necessary-eyeshadow-palette?variant=41811432931500,https://cdn.shopify.com/s/files/1/0555/4071/1596/products/818107022180_ILIA_THE-NECESSARY-EYESHADOW-PALETTE_COOL-NUDE_TINY.jpg?v=1681746601,"Complete list of ingredients

mica, alumina, synthetic fluorphlogopite, zinc stearate, nylon-12, butyloctyl salicylate, caprylic/capric triglyceride, ethyl macadamiate, lonicera caprifolium (honeysuckle) flower extract, lonicera japonica (honeysuckle) flower extract, tin oxide, simmondsia chinensis (jojoba) seed oil, tocopherol, malic acid. may contain/peut contenir (±): ci 77891 (titanium dioxide), ci 77491, ci 77492, ci 77499 (iron oxides), ci 16035 (red 40 lake), ci 19140 (yellow 5 lake).

this list of ingredients is subject to change; please refer to the packaging of the purchased product.",'4.7,68
